state,crop,crop_category,suitability_score,priority,primary_season,agro_climatic_zone,area_under_cultivation_hectares,average_yield_kg_per_hectare,production_tons,productivity_kg_per_hectare_per_day,water_requirement_mm,temperature_min_celsius,temperature_max_celsius,soil_ph_min,soil_ph_max,rainfall_requirement_mm
Andhra Pradesh,rice,cereals,89.9,high,kharif,southern_india,214970,5190,367686,12,275,22,37,6.2,7,1172
Andhra Pradesh,wheat,cereals,67.5,low,rabi,southern_india,7717,2283,99141,28.6,761,14,37,5.6,7.4,629
Andhra Pradesh,maize,cereals,61.8,low,kharif,southern_india,14383,4599,328521,7.1,989,12,26,6.4,8.4,1027
Andhra Pradesh,barley,cereals,44.6,very_low,rabi,southern_india,8216,4081,11775,27.3,244,23,30,6.2,7.5,768
Andhra Pradesh,jowar_sorghum,cereals,92.1,high,kharif,southern_india,172376,6425,1335910,45.3,977,23,26,5.7,7.1,592
Andhra Pradesh,bajra_pearl_millet,cereals,90.1,high,kharif,southern_india,158368,3497,429970,29.4,383,22,26,6.5,8.2,478
Andhra Pradesh,ragi_finger_millet,cereals,85.1,high,kharif,southern_india,193289,6103,1680876,8.3,666,11,42,6.1,7.5,357
Andhra Pradesh,foxtail_millet,cereals,44.7,very_low,kharif,southern_india,12085,5462,117156,26.2,355,20,40,6.1,8.2,744
Andhra Pradesh,proso_millet,cereals,47.8,very_low,kharif,southern_india,652,1755,4843,33.6,608,17,43,5.7,7.6,979
Andhra Pradesh,barnyard_millet,cereals,43.4,very_low,kharif,southern_india,3425,2128,85834,41.4,1023,23,41,5.7,8.3,785
Andhra Pradesh,little_millet,cereals,52.1,very_low,kharif,southern_india,9069,1770,51130,24.2,1263,22,25,6,7.6,499
Andhra Pradesh,kodo_millet,cereals,41.8,very_low,kharif,southern_india,15805,3262,69608,36.6,672,24,44,5.8,7.7,570
Andhra Pradesh,oats,cereals,44.3,very_low,kharif,southern_india,6587,4518,4523,17.5,1380,13,27,6,8.5,517
Andhra Pradesh,gram_chickpea,pulses,50.1,very_low,rabi,southern_india,6188,6097,74399,33.5,1023,18,26,6.3,7.5,467
Andhra Pradesh,tur_arhar,pulses,40.6,very_low,kharif,southern_india,14853,1116,89488,15.2,1038,12,38,5.9,8.4,423
Andhra Pradesh,moong_green_gram,pulses,45.1,very_low,kharif,southern_india,11354,7141,25409,34.7,1262,18,35,5.7,7.1,1107
Andhra Pradesh,urad_black_gram,pulses,53.5,very_low,kharif,southern_india,7832,3444,131675,45.4,1353,21,37,5.6,7.2,1108
Andhra Pradesh,masur_lentil,pulses,49.1,very_low,kharif,southern_india,1124,5644,513,12.2,913,20,38,5.7,8.1,513
Andhra Pradesh,rajma_kidney_bean,pulses,44.9,very_low,kharif,southern_india,16282,6944,131238,30.6,321,15,30,5.7,8.5,653
Andhra Pradesh,cowpea_lobhia,pulses,53.4,very_low,kharif,southern_india,18027,4518,104505,27.2,453,20,30,5.5,8,459
Andhra Pradesh,field_pea,pulses,54.1,very_low,kharif,southern_india,26627,3591,3881,46.8,756,24,44,6.4,7.4,646
Andhra Pradesh,black_eyed_pea,pulses,52.8,very_low,kharif,southern_india,2904,4897,122372,36.3,941,11,37,6.5,7.2,766
Andhra Pradesh,horse_gram,pulses,53.2,very_low,kharif,southern_india,17371,5917,71526,18.2,1252,22,42,6.4,7.8,751
Andhra Pradesh,moth_bean,pulses,52,very_low,kharif,southern_india,16213,6570,163781,20.2,688,11,36,5.5,7.7,788
Andhra Pradesh,cluster_bean_guar,pulses,44.3,very_low,kharif,southern_india,876,1261,143609,21.2,365,17,40,5.7,7.9,376
Andhra Pradesh,groundnut_peanut,oilseeds,85.7,high,kharif,southern_india,125240,5462,1334913,48.9,871,14,40,5.8,7.7,370
Andhra Pradesh,mustard,oilseeds,40.4,very_low,rabi,southern_india,24502,5871,95877,12.8,403,13,35,6.2,8,551
Andhra Pradesh,rapeseed,oilseeds,54.3,very_low,rabi,southern_india,13834,5282,83251,16.1,662,21,25,5.6,7.1,336
Andhra Pradesh,sesame_til,oilseeds,52.8,very_low,kharif,southern_india,11541,1684,94800,26.3,425,16,32,6.1,8,340
Andhra Pradesh,sunflower,oilseeds,60.6,low,kharif,southern_india,31143,6995,323195,12.3,291,19,25,6.1,8.4,817
Andhra Pradesh,safflower,oilseeds,45.8,very_low,kharif,southern_india,10602,4819,172231,22.4,1449,23,28,5.6,7.2,316
Andhra Pradesh,niger,oilseeds,41.4,very_low,kharif,southern_india,1904,3232,159955,6,1258,14,27,6.2,7.9,1089
Andhra Pradesh,linseed_flax,oilseeds,51,very_low,kharif,southern_india,7539,2242,156610,41.3,1487,16,32,6.3,7.5,1137
Andhra Pradesh,castor,oilseeds,67.9,low,kharif,southern_india,38760,6281,42906,45.6,856,22,31,6.4,7.6,309
Andhra Pradesh,coconut,oilseeds,96.8,high,perennial,southern_india,53383,7650,1244942,30.8,1021,16,30,5.8,8,977
Andhra Pradesh,palm_oil,oilseeds,51.9,very_low,kharif,southern_india,2586,4460,12119,29.7,773,23,32,5.6,7.2,985
Andhra Pradesh,olive,oilseeds,49.3,very_low,kharif,southern_india,1121,5906,7109,42,1118,11,26,6.5,7.6,633
Andhra Pradesh,walnut,oilseeds,52.2,very_low,kharif,southern_india,28543,6273,87307,8.8,1210,18,33,6.4,7.2,743
Andhra Pradesh,almond,oilseeds,40.2,very_low,kharif,southern_india,1273,1831,18385,34.2,1169,18,44,5.9,7.4,1081
Andhra Pradesh,cotton,fiber,73.4,medium,kharif,southern_india,3248,7789,52313,45.1,886,24,26,6.1,8.5,770
Andhra Pradesh,jute,fiber,49.4,very_low,kharif,southern_india,11000,5392,111890,45.6,259,14,44,6.4,7.7,858
Andhra Pradesh,mesta,fiber,44.2,very_low,kharif,southern_india,6455,3473,64317,8.5,1466,24,38,6,7.5,1032
Andhra Pradesh,flax,fiber,50.3,very_low,kharif,southern_india,12083,6757,100703,37.7,997,16,43,6.4,7.1,323
Andhra Pradesh,hemp,fiber,45.6,very_low,kharif,southern_india,25880,2052,124688,22.1,1460,22,41,6,7.6,546
Andhra Pradesh,sisal,fiber,40.8,very_low,kharif,southern_india,22238,7998,217622,30,1199,24,41,5.7,7.7,416
Andhra Pradesh,coir,fiber,54.3,very_low,kharif,southern_india,5229,5701,109485,21.1,347,20,35,6.3,7.8,1066
Andhra Pradesh,sugarcane,sugar,78.3,medium,perennial,southern_india,104701,3824,128900,6.3,1181,19,39,5.7,7.2,313
Andhra Pradesh,sugar_beet,sugar,45.3,very_low,kharif,southern_india,8682,4062,157694,20.7,868,21,32,6.1,8.3,1154
Andhra Pradesh,turmeric,spices,72.2,medium,kharif,southern_india,72024,2807,532870,49.1,840,14,37,5.7,7.1,415
Andhra Pradesh,coriander,spices,41.9,very_low,kharif,southern_india,1922,5486,19077,20.6,1365,17,38,5.7,7.3,336
Andhra Pradesh,cumin,spices,42.5,very_low,kharif,southern_india,2884,1620,15165,25.7,468,15,35,6.2,7.1,1019
Andhra Pradesh,fennel,spices,49.4,very_low,kharif,southern_india,10178,7446,5794,17.5,1248,21,28,5.7,7.6,736
Andhra Pradesh,fenugreek,spices,49.3,very_low,kharif,southern_india,8131,6232,5267,16.4,1127,23,35,6,7.2,702
Andhra Pradesh,ajwain,spices,48,very_low,kharif,southern_india,4106,3640,2529,19.5,474,14,27,6.4,7.9,911
Andhra Pradesh,black_pepper,spices,81.8,medium,kharif,southern_india,11035,4759,539856,38.5,761,11,30,5.9,8,813
Andhra Pradesh,cardamom_small,spices,75.3,medium,kharif,southern_india,90882,2660,122709,11.9,519,12,28,5.8,7.3,1107
Andhra Pradesh,cardamom_large,spices,41.2,very_low,kharif,southern_india,8529,7876,18547,22.9,1460,22,41,5.8,7.3,901
Andhra Pradesh,cinnamon,spices,53.9,very_low,kharif,southern_india,12171,2959,130156,13.4,620,16,35,5.7,7.2,849
Andhra Pradesh,clove,spices,44.3,very_low,kharif,southern_india,3520,4367,92238,7.3,637,12,26,6.5,7.5,1028
Andhra Pradesh,nutmeg,spices,43.8,very_low,kharif,southern_india,18020,5169,89271,23.5,653,23,41,6.5,7.2,957
Andhra Pradesh,ginger,spices,54.1,very_low,kharif,southern_india,1033,6187,62673,42.9,381,21,29,5.7,7.2,1033
Andhra Pradesh,garlic,spices,50,very_low,kharif,southern_india,7473,7140,64363,41.7,770,15,34,5.8,8.1,752
Andhra Pradesh,onion,spices,43.5,very_low,rabi,southern_india,10918,4804,203014,33.1,351,24,37,5.8,7.2,1014
Andhra Pradesh,chilli,spices,49.3,very_low,kharif,southern_india,18497,6520,25255,19,523,21,25,6.1,8.1,1089
Andhra Pradesh,tamarind,spices,45.1,very_low,kharif,southern_india,3158,6925,27181,22.9,1236,12,29,6.2,8.1,877
Andhra Pradesh,vanilla,spices,50.4,very_low,kharif,southern_india,5407,3419,30467,45.9,958,16,34,6.4,7.2,827
Andhra Pradesh,saffron,spices,47.6,very_low,kharif,southern_india,620,7104,165776,30.4,1105,23,39,5.7,7.9,846
Andhra Pradesh,mint,spices,46.4,very_low,kharif,southern_india,23122,7478,89325,10.1,1480,22,27,6.4,8.3,766
Andhra Pradesh,basil,spices,48.9,very_low,kharif,southern_india,1154,3346,115518,5.2,633,15,35,6.4,7.5,612
Andhra Pradesh,oregano,spices,51.1,very_low,kharif,southern_india,4425,4167,21623,12.9,847,16,43,5.9,7.9,869
Andhra Pradesh,thyme,spices,40.2,very_low,kharif,southern_india,4334,7727,27874,23.7,310,24,35,6.1,7.1,974
Andhra Pradesh,tea,plantation,43.1,very_low,perennial,southern_india,5958,2334,8445,26.2,934,10,40,6,7.8,696
Andhra Pradesh,coffee_arabica,plantation,76,medium,perennial,southern_india,19507,2273,821789,47.6,685,14,37,5.9,7,440
Andhra Pradesh,coffee_robusta,plantation,50.7,very_low,perennial,southern_india,853,2553,43025,35.2,225,11,40,5.7,8,514
Andhra Pradesh,rubber,plantation,56.5,low,perennial,southern_india,30566,6989,280078,22.9,1068,13,30,6.4,7,376
Andhra Pradesh,cocoa,plantation,43.1,very_low,kharif,southern_india,1996,5081,35563,45.2,1262,15,30,5.9,7.9,541
Andhra Pradesh,cashew,plantation,79.4,medium,kharif,southern_india,60471,4052,256737,47.7,1192,12,42,6,8.3,1019
Andhra Pradesh,areca_nut,plantation,46.4,very_low,kharif,southern_india,2883,4791,52993,16.6,381,22,44,6,7.3,545
Andhra Pradesh,betelvine,plantation,40.3,very_low,kharif,southern_india,3580,5035,62220,29.9,1046,22,29,5.5,7.2,1110
Andhra Pradesh,black_pepper_plantation,plantation,53.1,very_low,kharif,southern_india,13267,5655,30973,46.1,744,15,35,5.5,7.2,964
Andhra Pradesh,mango,fruits_tropical,41.2,very_low,kharif,southern_india,5579,3725,51112,21,1134,14,36,6,8,1143
Andhra Pradesh,banana,fruits_tropical,51,very_low,perennial,southern_india,584,2835,68129,7.3,845,18,31,6.3,7.2,367
Andhra Pradesh,papaya,fruits_tropical,50.9,very_low,kharif,southern_india,13768,4043,39396,41.9,1239,20,30,6.1,7.5,382
Andhra Pradesh,pineapple,fruits_tropical,53.8,very_low,kharif,southern_india,12108,4122,18967,29.4,1334,20,41,6.2,8,1064
Andhra Pradesh,jackfruit,fruits_tropical,43.7,very_low,kharif,southern_india,4531,7913,149463,6.8,1117,23,28,6.1,8.4,330
Andhra Pradesh,guava,fruits_tropical,50.5,very_low,kharif,southern_india,14753,7797,120474,26.3,1320,22,31,6.3,7.1,836
Andhra Pradesh,coconut_fruit,fruits_tropical,43.5,very_low,kharif,southern_india,1069,5874,33828,37.6,284,14,35,6.3,7.5,863
Andhra Pradesh,passion_fruit,fruits_tropical,53.3,very_low,kharif,southern_india,5370,1170,155374,6,1337,17,43,6.3,8.5,615
Andhra Pradesh,dragon_fruit,fruits_tropical,51.5,very_low,kharif,southern_india,8750,5392,126102,49.3,1198,16,33,6.2,7.4,399
Andhra Pradesh,rambutan,fruits_tropical,45.3,very_low,kharif,southern_india,4776,2635,5452,5.8,1484,16,32,6.2,7.3,1154
Andhra Pradesh,sapota,fruits_tropical,51.8,very_low,kharif,southern_india,4991,7153,89100,26,997,12,44,5.7,8.4,884
Andhra Pradesh,custard_apple,fruits_tropical,49.1,very_low,kharif,southern_india,4827,2235,35883,13.4,1213,15,26,6.5,8.3,1134
Andhra Pradesh,wood_apple,fruits_tropical,54.9,very_low,kharif,southern_india,5421,6307,75088,11.9,1260,13,29,6,7.9,822
Andhra Pradesh,apple,fruits_temperate,41.4,very_low,kharif,southern_india,7519,1906,195905,48,1320,22,38,6.1,7.1,667
Andhra Pradesh,pear,fruits_temperate,45.6,very_low,kharif,southern_india,11034,4471,9991,14.9,1088,11,42,6,7.7,833
Andhra Pradesh,peach,fruits_temperate,52.4,very_low,kharif,southern_india,11551,4960,36346,44.5,1236,19,42,6.4,8.1,1053
Andhra Pradesh,plum,fruits_temperate,50.5,very_low,kharif,southern_india,14690,6269,30146,44.6,1333,10,41,5.6,7.5,969
Andhra Pradesh,apricot,fruits_temperate,42.4,very_low,kharif,southern_india,21978,4552,1608,17.9,1002,24,37,5.8,8,785
Andhra Pradesh,cherry,fruits_temperate,51.7,very_low,kharif,southern_india,9267,4788,93527,20.4,1022,23,27,6.4,8,361
Andhra Pradesh,strawberry,fruits_temperate,44.5,very_low,kharif,southern_india,1852,5075,67019,32.9,259,23,44,6.5,8.1,417
Andhra Pradesh,kiwi,fruits_temperate,51.4,very_low,kharif,southern_india,334,3265,41067,39.7,1088,16,30,6.5,7.6,706
Andhra Pradesh,grape,fruits_temperate,42.5,very_low,kharif,southern_india,18043,2545,17304,35.6,1050,14,44,5.7,7.6,1149
Andhra Pradesh,pomegranate,fruits_temperate,46.3,very_low,kharif,southern_india,9190,2919,179249,23.4,1362,13,29,5.5,8,631
Andhra Pradesh,fig,fruits_temperate,53,very_low,kharif,southern_india,18851,2298,135281,39.9,1202,22,40,6.1,7.2,329
Andhra Pradesh,persimmon,fruits_temperate,53.8,very_low,kharif,southern_india,17834,4370,21155,10.6,1091,16,29,6,7.1,823
Andhra Pradesh,orange,fruits_citrus,44,very_low,kharif,southern_india,8233,4186,2669,8.3,710,17,37,5.8,8,1074
Andhra Pradesh,lime,fruits_citrus,51.7,very_low,kharif,southern_india,5241,1734,20979,49.4,385,17,37,6.2,7.8,308
Andhra Pradesh,lemon,fruits_citrus,44.9,very_low,kharif,southern_india,1974,3454,5603,8.5,716,11,36,6.2,8.2,480
Andhra Pradesh,grapefruit,fruits_citrus,42.5,very_low,kharif,southern_india,7739,5945,3172,47.1,267,18,39,6.4,8.1,1021
Andhra Pradesh,mandarin,fruits_citrus,45.1,very_low,kharif,southern_india,2348,7263,115317,41.8,788,19,35,6.2,7.1,354
Andhra Pradesh,sweet_lime,fruits_citrus,43.7,very_low,kharif,southern_india,11516,2534,102983,20.2,436,21,38,6,7.8,947
Andhra Pradesh,kinnow,fruits_citrus,43.4,very_low,kharif,southern_india,29179,5552,48012,35.6,293,10,30,6,8.3,954
Andhra Pradesh,spinach,vegetables_leafy,51.1,very_low,kharif,southern_india,6524,3597,146252,6.8,1327,18,33,6.2,7.7,1086
Andhra Pradesh,fenugreek_leaves,vegetables_leafy,53.5,very_low,kharif,southern_india,5236,5146,134567,14.5,1009,19,39,5.6,8.1,1118
Andhra Pradesh,amaranth,vegetables_leafy,42.7,very_low,kharif,southern_india,14333,2266,100844,27.2,521,23,33,6,7.5,833
Andhra Pradesh,cabbage,vegetables_leafy,42.5,very_low,kharif,southern_india,17281,2806,93694,19.6,1205,11,44,6,7.4,366
Andhra Pradesh,cauliflower,vegetables_leafy,42.5,very_low,kharif,southern_india,7008,6802,70421,16.2,1002,20,28,5.7,7.1,962
Andhra Pradesh,lettuce,vegetables_leafy,50,very_low,kharif,southern_india,16485,6639,91361,44.1,467,11,30,5.6,7.8,1142
Andhra Pradesh,kale,vegetables_leafy,40.6,very_low,kharif,southern_india,5694,7537,31554,27.8,254,12,44,6.5,7,1156
Andhra Pradesh,mustard_leaves,vegetables_leafy,49.6,very_low,kharif,southern_india,12590,4609,107132,35,381,10,31,6.2,7.3,906
Andhra Pradesh,curry_leaves,vegetables_leafy,54.5,very_low,kharif,southern_india,8028,4106,82510,13,1100,22,43,6.2,7.7,856
Andhra Pradesh,coriander_leaves,vegetables_leafy,53,very_low,kharif,southern_india,858,7516,118180,35.4,480,19,32,6.2,7.2,892
Andhra Pradesh,potato,vegetables_root,55,very_low,rabi,southern_india,10716,3848,76391,40.2,937,21,42,5.9,7.5,900
Andhra Pradesh,sweet_potato,vegetables_root,52.1,very_low,kharif,southern_india,20192,4049,165220,10.4,907,10,31,5.9,7.6,925
Andhra Pradesh,carrot,vegetables_root,45.8,very_low,kharif,southern_india,4651,3612,34644,8.3,984,20,37,6,7.6,1077
Andhra Pradesh,radish,vegetables_root,47.8,very_low,kharif,southern_india,692,3388,59686,22.9,954,18,37,6.3,8.2,946
Andhra Pradesh,turnip,vegetables_root,54.3,very_low,kharif,southern_india,2112,1052,53723,45.4,516,23,26,6.4,7.5,391
Andhra Pradesh,beetroot,vegetables_root,47.3,very_low,kharif,southern_india,4419,3151,97263,29.3,604,19,39,5.8,7.6,409
Andhra Pradesh,onion_vegetable,vegetables_root,42.7,very_low,kharif,southern_india,4479,4676,134063,9.8,937,13,44,6,8.2,795
Andhra Pradesh,garlic_vegetable,vegetables_root,40.7,very_low,kharif,southern_india,21572,5211,148563,44.8,496,13,37,5.9,8.3,1110
Andhra Pradesh,ginger_vegetable,vegetables_root,45.3,very_low,kharif,southern_india,11535,2923,97011,24.1,1067,11,37,6,7.9,451
Andhra Pradesh,turmeric_vegetable,vegetables_root,51.1,very_low,kharif,southern_india,6120,1670,5420,33.9,989,18,29,5.9,7.9,747
Andhra Pradesh,yam,vegetables_root,54.8,very_low,kharif,southern_india,8887,3830,43676,37.3,1100,24,27,5.6,8.1,820
Andhra Pradesh,taro,vegetables_root,44.1,very_low,kharif,southern_india,1098,7259,17881,19.6,494,15,26,6,7.1,1020
Andhra Pradesh,cassava,vegetables_root,43.5,very_low,kharif,southern_india,18330,5556,88782,19.6,632,20,44,6.2,7.8,957
Andhra Pradesh,tomato,vegetables_fruit,47,very_low,kharif,southern_india,6348,7703,15803,36.1,461,18,26,6,8.1,612
Andhra Pradesh,brinjal_eggplant,vegetables_fruit,50,very_low,kharif,southern_india,24041,2642,82922,11.9,1490,23,35,6.3,7.8,861
Andhra Pradesh,okra_ladyfinger,vegetables_fruit,41.3,very_low,kharif,southern_india,3425,6782,157119,36.9,247,14,30,5.9,7.1,1143
Andhra Pradesh,bottle_gourd,vegetables_fruit,48.3,very_low,kharif,southern_india,6492,4130,77471,28.2,1395,17,44,6.4,7.3,1137
Andhra Pradesh,bitter_gourd,vegetables_fruit,41.7,very_low,kharif,southern_india,10192,7145,183014,41.3,1227,14,26,5.9,7.3,925
Andhra Pradesh,ridge_gourd,vegetables_fruit,45.2,very_low,kharif,southern_india,19022,6757,31544,43.8,1399,17,37,6.3,7.3,752
Andhra Pradesh,snake_gourd,vegetables_fruit,46,very_low,kharif,southern_india,4833,1477,2795,11.1,1452,18,44,5.9,7.5,755
Andhra Pradesh,ash_gourd,vegetables_fruit,46.6,very_low,kharif,southern_india,7806,2512,60088,34.3,397,10,40,6,7.1,1195
Andhra Pradesh,pumpkin,vegetables_fruit,40.9,very_low,kharif,southern_india,23514,2674,27403,10.5,594,11,38,5.6,7.8,1197
Andhra Pradesh,cucumber,vegetables_fruit,52.2,very_low,zaid,southern_india,6985,5367,94148,24.2,369,23,33,5.7,7.6,672
Andhra Pradesh,watermelon,vegetables_fruit,52.4,very_low,zaid,southern_india,19037,1077,82283,26.7,224,13,40,5.6,7.8,493
Andhra Pradesh,muskmelon,vegetables_fruit,40.2,very_low,zaid,southern_india,14469,6610,113804,27,342,18,34,6.3,7.1,739
Andhra Pradesh,capsicum,vegetables_fruit,42.3,very_low,kharif,southern_india,12204,4332,49700,22.8,797,21,42,6.5,8.2,583
Andhra Pradesh,chilli_vegetable,vegetables_fruit,50.3,very_low,kharif,southern_india,4915,6886,5944,45.6,799,19,38,6.4,8,852
Andhra Pradesh,drumstick,vegetables_fruit,41,very_low,kharif,southern_india,3231,6162,83563,35.6,254,11,39,5.6,7.1,310
Andhra Pradesh,green_peas,vegetables_legume,54.3,very_low,kharif,southern_india,8903,3075,69402,39.9,1059,12,28,5.6,8,987
Andhra Pradesh,french_bean,vegetables_legume,44,very_low,kharif,southern_india,951,7775,24699,39.6,1012,15,29,5.6,7.9,997
Andhra Pradesh,cluster_bean_vegetable,vegetables_legume,49.7,very_low,kharif,southern_india,1061,7779,131708,18.2,1473,19,36,6.2,8.2,890
Andhra Pradesh,broad_bean,vegetables_legume,41.9,very_low,kharif,southern_india,15571,2572,50021,24.4,771,19,43,5.7,7.2,477
Andhra Pradesh,berseem,fodder,53.3,very_low,kharif,southern_india,6715,6711,157946,43.1,1394,13,40,6,8.3,955
Andhra Pradesh,lucerne_alfalfa,fodder,51.6,very_low,kharif,southern_india,4292,4815,182153,47.2,256,12,27,6.2,8.2,492
Andhra Pradesh,oats_fodder,fodder,47.6,very_low,kharif,southern_india,19721,4795,126746,27.9,586,18,38,6.4,8,985
Andhra Pradesh,sorghum_fodder,fodder,42.4,very_low,kharif,southern_india,369,2726,111818,49.6,328,16,41,5.7,7.8,959
Andhra Pradesh,maize_fodder,fodder,49.2,very_low,kharif,southern_india,4978,6486,61072,5.2,1189,10,39,5.7,8.4,631
Andhra Pradesh,bajra_fodder,fodder,44.9,very_low,kharif,southern_india,4056,7136,103441,21.6,783,20,42,6.1,7.6,671
Andhra Pradesh,cowpea_fodder,fodder,50.4,very_low,kharif,southern_india,6274,3488,63965,9.2,964,17,37,5.6,7.9,805
Andhra Pradesh,stylo,fodder,48.4,very_low,kharif,southern_india,15000,6634,47800,42.1,847,11,26,5.8,8.2,936
Andhra Pradesh,para_grass,fodder,51.8,very_low,kharif,southern_india,9069,2032,53554,24.5,315,13,36,6.2,8.5,1139
Andhra Pradesh,guinea_grass,fodder,49.6,very_low,kharif,southern_india,11788,6499,17605,23.4,1291,15,36,6.1,7.3,626
Andhra Pradesh,napier_grass,fodder,45,very_low,kharif,southern_india,357,6821,23066,28.3,588,24,30,5.9,8.3,1057
Andhra Pradesh,tulsi,medicinal,42.8,very_low,kharif,southern_india,12078,4380,28046,8.6,1146,17,33,6.2,8.1,443
Andhra Pradesh,neem,medicinal,49.2,very_low,kharif,southern_india,9579,5598,97251,8.1,274,14,30,5.7,8.4,524
Andhra Pradesh,aloe_vera,medicinal,44.1,very_low,kharif,southern_india,11466,6436,13406,26.9,243,10,43,5.6,7.8,669
Andhra Pradesh,ashwagandha,medicinal,45.2,very_low,kharif,southern_india,884,5646,215784,30.2,1417,10,33,5.8,8.1,1183
Andhra Pradesh,brahmi,medicinal,43.8,very_low,kharif,southern_india,4757,4957,85797,48.7,991,15,27,5.7,7.3,525
Andhra Pradesh,kalmegh,medicinal,52.8,very_low,kharif,southern_india,11209,1803,146077,37.5,287,20,35,5.6,7.7,736
Andhra Pradesh,giloy,medicinal,42.5,very_low,kharif,southern_india,24619,5683,107089,23.5,1046,18,26,6,8.2,713
Andhra Pradesh,stevia,medicinal,40.8,very_low,kharif,southern_india,5385,2810,34112,19.9,1183,17,29,6.4,8.3,1083
Andhra Pradesh,mentha_mint,medicinal,43.6,very_low,kharif,southern_india,18742,6404,4319,7.9,803,23,35,6,7.2,891
Andhra Pradesh,lemongrass,medicinal,52.3,very_low,kharif,southern_india,13696,7751,28844,28.5,573,21,36,6.1,8.2,656
Andhra Pradesh,citronella,medicinal,53.7,very_low,kharif,southern_india,3437,5871,131156,19.3,1314,23,30,6.5,7.2,481
Andhra Pradesh,palmarosa,medicinal,42.8,very_low,kharif,southern_india,18337,2064,98365,32.7,308,23,41,6,8.5,675
Andhra Pradesh,vetiver,medicinal,54.8,very_low,kharif,southern_india,14910,2161,164830,24.2,410,10,36,6,8.1,1101
Andhra Pradesh,rosemary,medicinal,41.2,very_low,kharif,southern_india,4816,7007,161432,29.3,1123,14,34,6.3,7.7,622
Andhra Pradesh,lavender,medicinal,47.4,very_low,kharif,southern_india,9081,2216,151393,42.2,330,13,27,5.8,7.7,973
Andhra Pradesh,bamboo,timber,49.8,very_low,kharif,southern_india,8044,6890,84643,49.1,1024,11,38,5.8,8,362
Andhra Pradesh,eucalyptus,timber,42.6,very_low,kharif,southern_india,6369,6859,60775,33.9,1102,17,31,5.7,7,573
Andhra Pradesh,teak,timber,49.8,very_low,kharif,southern_india,25098,6362,181505,34.9,538,23,38,6.1,7.2,702
Andhra Pradesh,sal,timber,46.9,very_low,kharif,southern_india,15042,3662,213271,10,749,10,39,6.4,7.4,1072
Andhra Pradesh,sandalwood,timber,44.4,very_low,kharif,southern_india,21342,6634,4341,48.3,1144,14,41,5.8,8.3,401
Andhra Pradesh,rosewood,timber,50.6,very_low,kharif,southern_india,2197,2693,2270,26.1,591,18,30,5.8,8.1,343
Andhra Pradesh,pine,timber,53.5,very_low,kharif,southern_india,18150,5152,193089,13.3,302,13,40,5.5,7.9,1195
Andhra Pradesh,deodar,timber,52.8,very_low,kharif,southern_india,1491,6819,97973,10.2,322,23,38,6.3,8.3,814
Andhra Pradesh,button_mushroom,mushroom,47.8,very_low,kharif,southern_india,6025,4042,115248,32.1,1360,16,37,6.1,7.9,932
Andhra Pradesh,oyster_mushroom,mushroom,43.6,very_low,kharif,southern_india,2291,3691,79095,34.4,1435,19,39,6,8,363
Andhra Pradesh,shiitake,mushroom,43.8,very_low,kharif,southern_india,8235,1319,19457,17.5,1462,14,34,5.7,7.9,552
Andhra Pradesh,milky_mushroom,mushroom,43.1,very_low,kharif,southern_india,314,1053,35790,6.7,340,15,41,6.1,7.8,564
Andhra Pradesh,rose,flowers,54,very_low,kharif,southern_india,1726,5319,16497,20.5,859,23,34,6.2,8.5,418
Andhra Pradesh,jasmine,flowers,44.1,very_low,kharif,southern_india,7650,3877,129924,37.1,990,14,41,6.5,8.2,301
Andhra Pradesh,marigold,flowers,49.5,very_low,kharif,southern_india,2921,1416,53287,35.9,348,15,34,5.9,7.2,677
Andhra Pradesh,chrysanthemum,flowers,51.3,very_low,kharif,southern_india,1020,3483,86043,35.1,1082,15,36,5.5,8,1121
Andhra Pradesh,tuberose,flowers,49.2,very_low,kharif,southern_india,19966,1843,198378,8,894,12,25,5.9,7.4,737
Andhra Pradesh,gladiolus,flowers,48.7,very_low,kharif,southern_india,1433,4910,29926,37.8,1047,22,38,5.9,8,547
Andhra Pradesh,lily,flowers,44.6,very_low,kharif,southern_india,11651,6588,169660,43.6,1391,16,31,6.1,7.6,840
Andhra Pradesh,orchid,flowers,50.6,very_low,kharif,southern_india,9051,2168,81998,11.4,1357,15,28,5.5,8,873
Andhra Pradesh,carnation,flowers,45.1,very_low,kharif,southern_india,4751,3178,61975,32.3,673,13,44,6,8,426
Andhra Pradesh,gerbera,flowers,47.3,very_low,kharif,southern_india,5385,7748,32494,6.8,240,15,28,5.5,8.1,712
Andhra Pradesh,anthurium,flowers,44.3,very_low,kharif,southern_india,3499,7691,70524,45,983,22,44,5.8,8.4,650
Arunachal Pradesh,rice,cereals,75.8,medium,kharif,hill_regions,56688,2079,460385,29.4,1190,22,33,5.8,7.4,475
Arunachal Pradesh,wheat,cereals,85.7,high,rabi,hill_regions,55888,7764,899324,20.6,954,12,33,6.1,7.7,661
Arunachal Pradesh,maize,cereals,84.9,medium,kharif,hill_regions,88821,4985,703730,14.1,713,10,34,6,7.3,1167
Arunachal Pradesh,barley,cereals,96.8,high,rabi,hill_regions,138990,7089,272248,40.6,362,21,30,6.4,8.4,433
Arunachal Pradesh,jowar_sorghum,cereals,46.9,very_low,kharif,hill_regions,14471,7044,139626,21.9,571,13,40,5.9,7.8,743
Arunachal Pradesh,bajra_pearl_millet,cereals,48.7,very_low,kharif,hill_regions,26790,3853,180853,39.4,945,24,29,5.6,8.3,695
Arunachal Pradesh,ragi_finger_millet,cereals,52.7,very_low,kharif,hill_regions,2001,7184,100081,28,1014,23,25,6,8,950
Arunachal Pradesh,foxtail_millet,cereals,50.4,very_low,kharif,hill_regions,3887,3511,81682,17.5,473,24,25,6.5,8,1045
Arunachal Pradesh,proso_millet,cereals,44.4,very_low,kharif,hill_regions,7616,6839,60960,11.4,1179,21,38,6.3,8.3,852
Arunachal Pradesh,barnyard_millet,cereals,41.3,very_low,kharif,hill_regions,1715,3852,64448,8,653,11,41,6.4,7.1,1159
Arunachal Pradesh,little_millet,cereals,47.8,very_low,kharif,hill_regions,1376,4504,101675,36.8,265,11,33,5.8,7.3,552
Arunachal Pradesh,kodo_millet,cereals,52.1,very_low,kharif,hill_regions,11749,7342,73712,26.4,493,19,44,6.1,7.5,883
Arunachal Pradesh,oats,cereals,41.8,very_low,kharif,hill_regions,14110,4145,130285,33.1,293,20,29,6.2,8.2,1023
Arunachal Pradesh,gram_chickpea,pulses,48.3,very_low,rabi,hill_regions,3090,6427,44450,27.4,569,12,37,5.6,8.1,585
Arunachal Pradesh,tur_arhar,pulses,40,very_low,kharif,hill_regions,1140,2933,114434,7.8,1291,10,29,6.2,7.5,391
Arunachal Pradesh,moong_green_gram,pulses,45.4,very_low,kharif,hill_regions,13008,3193,97278,45.1,763,23,32,6.5,7.1,918
Arunachal Pradesh,urad_black_gram,pulses,47.4,very_low,kharif,hill_regions,11297,5926,796,12.5,1126,19,44,6.3,8.4,932
Arunachal Pradesh,masur_lentil,pulses,44.5,very_low,kharif,hill_regions,9492,5509,4782,21.2,1443,17,33,6,7.3,631
Arunachal Pradesh,rajma_kidney_bean,pulses,75.5,medium,kharif,hill_regions,64412,3915,550449,43.3,475,19,34,6.4,7.3,910
Arunachal Pradesh,cowpea_lobhia,pulses,49.1,very_low,kharif,hill_regions,2310,5561,94026,19.2,1038,15,39,5.7,8.3,558
Arunachal Pradesh,field_pea,pulses,45.5,very_low,kharif,hill_regions,1343,4611,23976,42.6,219,15,31,5.5,7.2,672
Arunachal Pradesh,black_eyed_pea,pulses,47.4,very_low,kharif,hill_regions,9687,5165,1614,25.9,1452,17,38,5.8,8.2,995
Arunachal Pradesh,horse_gram,pulses,47.8,very_low,kharif,hill_regions,3964,1118,181950,41.3,356,13,25,5.8,8.2,766
Arunachal Pradesh,moth_bean,pulses,45.2,very_low,kharif,hill_regions,197,3098,90228,48.8,1301,10,42,6.3,8.2,712
Arunachal Pradesh,cluster_bean_guar,pulses,46,very_low,kharif,hill_regions,1204,2597,31801,26.8,1171,17,26,6.5,8.4,1006
Arunachal Pradesh,groundnut_peanut,oilseeds,54.9,very_low,kharif,hill_regions,20119,1529,61244,15.1,454,12,37,6.3,7.9,432
Arunachal Pradesh,mustard,oilseeds,82.2,medium,rabi,hill_regions,49094,5718,259821,20.5,1392,14,34,6.4,8.1,355
Arunachal Pradesh,rapeseed,oilseeds,57.2,low,rabi,hill_regions,19287,4133,32910,48.1,888,13,35,6.2,7.1,547
Arunachal Pradesh,sesame_til,oilseeds,52.1,very_low,kharif,hill_regions,10577,4029,6924,12.5,779,13,25,6.3,8.5,1013
Arunachal Pradesh,sunflower,oilseeds,67.8,low,kharif,hill_regions,40457,2378,320453,49.8,1125,24,36,5.8,7.7,834
Arunachal Pradesh,safflower,oilseeds,41.1,very_low,kharif,hill_regions,22028,2330,142376,45.9,1426,24,35,6.5,8.1,445
Arunachal Pradesh,niger,oilseeds,47.2,very_low,kharif,hill_regions,6210,5484,130023,12.3,934,21,34,5.5,7,621
Arunachal Pradesh,linseed_flax,oilseeds,53.9,very_low,kharif,hill_regions,9298,2554,37601,43.2,1147,11,33,5.5,7.7,896
Arunachal Pradesh,castor,oilseeds,41.8,very_low,kharif,hill_regions,6371,7436,125371,7,1189,15,32,6.3,8.4,1155
Arunachal Pradesh,coconut,oilseeds,48.7,very_low,perennial,hill_regions,13536,2757,77431,21.1,1053,13,28,6.4,7.2,755
Arunachal Pradesh,palm_oil,oilseeds,43.3,very_low,kharif,hill_regions,492,2226,74754,17.7,1435,18,33,6.1,7.8,982
Arunachal Pradesh,olive,oilseeds,44.2,very_low,kharif,hill_regions,15272,7625,121841,23.9,1214,17,34,5.7,7.9,467
Arunachal Pradesh,walnut,oilseeds,45,very_low,kharif,hill_regions,5826,1498,15213,47.3,858,16,41,6.3,7.5,924
Arunachal Pradesh,almond,oilseeds,51.6,very_low,kharif,hill_regions,3696,7131,99700,17.7,752,10,27,6.3,7,674
Arunachal Pradesh,cotton,fiber,47.8,very_low,kharif,hill_regions,10797,2582,27072,18.7,499,10,39,6.5,7.3,896
Arunachal Pradesh,jute,fiber,51.1,very_low,kharif,hill_regions,11553,3120,70363,37.1,1261,12,32,6.4,8.2,1186
Arunachal Pradesh,mesta,fiber,51.3,very_low,kharif,hill_regions,10624,5627,11376,29.5,1122,12,40,6.1,8.4,338
Arunachal Pradesh,flax,fiber,44,very_low,kharif,hill_regions,6688,6000,133826,9.6,868,17,32,6.4,8.2,927
Arunachal Pradesh,hemp,fiber,50.7,very_low,kharif,hill_regions,17729,5862,112223,43.8,556,22,28,5.8,7.5,1180
Arunachal Pradesh,sisal,fiber,52.8,very_low,kharif,hill_regions,17531,4934,182031,27.3,694,12,40,6.2,7.6,322
Arunachal Pradesh,coir,fiber,52.6,very_low,kharif,hill_regions,7228,7791,35869,15.6,1116,22,35,6.5,7.1,754
Arunachal Pradesh,sugarcane,sugar,50.8,very_low,perennial,hill_regions,5108,6600,120624,22.8,371,22,28,5.8,7.4,1084
Arunachal Pradesh,sugar_beet,sugar,50.1,very_low,kharif,hill_regions,6689,5374,118730,42.5,1377,10,38,5.6,7.8,558
Arunachal Pradesh,turmeric,spices,59.6,low,kharif,hill_regions,29783,3338,279420,23.2,288,21,30,5.9,8,599
Arunachal Pradesh,coriander,spices,40.8,very_low,kharif,hill_regions,16517,5492,93948,33.5,458,16,40,5.6,7.4,548
Arunachal Pradesh,cumin,spices,46.5,very_low,kharif,hill_regions,2274,4630,42727,48.7,347,16,39,6.2,7.6,611
Arunachal Pradesh,fennel,spices,46,very_low,kharif,hill_regions,3260,4381,32949,17.9,1053,24,37,5.6,7.1,1156
Arunachal Pradesh,fenugreek,spices,44.5,very_low,kharif,hill_regions,7140,5365,61474,17,219,24,30,6.2,8.1,849
Arunachal Pradesh,ajwain,spices,44.7,very_low,kharif,hill_regions,9279,7062,116811,9.8,401,24,39,6.4,7.3,828
Arunachal Pradesh,black_pepper,spices,50.5,very_low,kharif,hill_regions,9772,1107,110165,16.4,785,24,32,6.3,7.3,905
Arunachal Pradesh,cardamom_small,spices,54.7,very_low,kharif,hill_regions,219,4035,9029,38.7,1388,16,30,5.9,8.1,308
Arunachal Pradesh,cardamom_large,spices,48.8,very_low,kharif,hill_regions,14279,2694,127255,9.1,459,23,39,5.5,7.4,492
Arunachal Pradesh,cinnamon,spices,44.1,very_low,kharif,hill_regions,1075,4212,87681,32.3,1074,11,44,6.3,8.2,1040
Arunachal Pradesh,clove,spices,54,very_low,kharif,hill_regions,4349,5317,124174,38.2,877,11,32,6.4,7.9,784
Arunachal Pradesh,nutmeg,spices,44,very_low,kharif,hill_regions,15569,5665,109445,25.4,1019,13,39,5.9,7.7,884
Arunachal Pradesh,ginger,spices,69,low,kharif,hill_regions,27439,3046,118090,6,591,17,26,6,8.4,394
Arunachal Pradesh,garlic,spices,51.5,very_low,kharif,hill_regions,11982,2821,23366,12.2,291,12,38,6.4,8.2,916
Arunachal Pradesh,onion,spices,41.7,very_low,rabi,hill_regions,4998,2749,65106,29.1,663,15,41,6.3,7.5,1122
Arunachal Pradesh,chilli,spices,54.3,very_low,kharif,hill_regions,5967,4539,124500,44.4,333,15,36,6,7.3,1072
Arunachal Pradesh,tamarind,spices,50.2,very_low,kharif,hill_regions,23016,6238,94169,32.5,408,20,28,6.2,7.3,405
Arunachal Pradesh,vanilla,spices,42.5,very_low,kharif,hill_regions,7244,6126,41407,12.3,308,10,28,6.4,7.4,618
Arunachal Pradesh,saffron,spices,41.6,very_low,kharif,hill_regions,7570,5254,28466,7.6,708,13,29,6.5,7.9,801
Arunachal Pradesh,mint,spices,46.2,very_low,kharif,hill_regions,10134,5875,104416,12.7,850,16,42,6.1,7.8,403
Arunachal Pradesh,basil,spices,49.1,very_low,kharif,hill_regions,4244,1999,68382,14.3,709,23,29,6,7.6,316
Arunachal Pradesh,oregano,spices,51.9,very_low,kharif,hill_regions,5457,4924,57258,36,529,10,39,6,8.3,1039
Arunachal Pradesh,thyme,spices,52.6,very_low,kharif,hill_regions,6704,6540,71238,13.3,1311,23,34,5.6,7.6,1023
Arunachal Pradesh,tea,plantation,83.5,medium,perennial,hill_regions,7191,7141,294165,29.4,1458,10,37,5.6,7.6,1023
Arunachal Pradesh,coffee_arabica,plantation,46.5,very_low,perennial,hill_regions,16872,3248,52961,20.8,684,11,32,6,8.1,891
Arunachal Pradesh,coffee_robusta,plantation,50.6,very_low,perennial,hill_regions,2292,5631,39419,5.2,1245,21,35,5.6,8.1,825
Arunachal Pradesh,rubber,plantation,51.7,very_low,perennial,hill_regions,20152,4626,28319,35.2,1006,21,28,5.7,8.3,974
Arunachal Pradesh,cocoa,plantation,53.6,very_low,kharif,hill_regions,15134,5578,179093,31,1022,12,34,6.2,7.4,482
Arunachal Pradesh,cashew,plantation,44.7,very_low,kharif,hill_regions,3303,3973,107719,27.8,444,11,38,5.9,8.2,893
Arunachal Pradesh,areca_nut,plantation,51.9,very_low,kharif,hill_regions,10736,2848,115995,33.6,621,14,28,6.2,7.3,835
Arunachal Pradesh,betelvine,plantation,44,very_low,kharif,hill_regions,18981,6446,141509,13.4,314,20,32,5.9,7,533
Arunachal Pradesh,black_pepper_plantation,plantation,40.5,very_low,kharif,hill_regions,6922,4901,8866,35,619,23,42,5.8,8.4,1196
Arunachal Pradesh,mango,fruits_tropical,52.4,very_low,kharif,hill_regions,6899,5036,14722,9.3,1498,14,39,6.3,8.3,1197
Arunachal Pradesh,banana,fruits_tropical,43.6,very_low,perennial,hill_regions,4507,1910,2044,21.2,1218,18,31,6.2,7.3,312
Arunachal Pradesh,papaya,fruits_tropical,51.5,very_low,kharif,hill_regions,17186,1272,150549,32.9,932,19,42,6.1,7.9,1191
Arunachal Pradesh,pineapple,fruits_tropical,51.4,very_low,kharif,hill_regions,13386,3724,34652,31.9,1406,23,31,6,7.3,1196
Arunachal Pradesh,jackfruit,fruits_tropical,54.7,very_low,kharif,hill_regions,18538,6005,109188,7.4,791,20,38,5.9,8.4,450
Arunachal Pradesh,guava,fruits_tropical,47.5,very_low,kharif,hill_regions,16676,5540,52626,12,1026,18,28,6.2,7.7,900
Arunachal Pradesh,coconut_fruit,fruits_tropical,52.6,very_low,kharif,hill_regions,387,6453,65385,36.5,1289,22,44,6,7.7,661
Arunachal Pradesh,passion_fruit,fruits_tropical,42.3,very_low,kharif,hill_regions,6097,7449,100174,31.7,661,10,25,5.9,7.1,846
Arunachal Pradesh,dragon_fruit,fruits_tropical,53.2,very_low,kharif,hill_regions,18322,2478,190990,44.9,455,21,30,6.3,8.5,327
Arunachal Pradesh,rambutan,fruits_tropical,53.5,very_low,kharif,hill_regions,21860,4255,152242,7.8,635,11,44,6.3,8.3,1144
Arunachal Pradesh,sapota,fruits_tropical,41.3,very_low,kharif,hill_regions,1422,2475,32636,26.1,549,11,28,5.6,8.5,983
Arunachal Pradesh,custard_apple,fruits_tropical,54.5,very_low,kharif,hill_regions,5367,6588,49181,18.5,502,11,30,5.9,8,356
Arunachal Pradesh,wood_apple,fruits_tropical,43.2,very_low,kharif,hill_regions,4069,3398,181132,12,307,17,31,6.1,8.2,423
Arunachal Pradesh,apple,fruits_temperate,92.5,high,kharif,hill_regions,34469,5367,496001,27,306,16,31,6.3,7.1,676
Arunachal Pradesh,pear,fruits_temperate,46.9,very_low,kharif,hill_regions,14174,5670,152357,43.8,608,18,41,6.5,8.3,634
Arunachal Pradesh,peach,fruits_temperate,42.9,very_low,kharif,hill_regions,14726,4447,76591,42.7,669,22,33,5.8,7.7,986
Arunachal Pradesh,plum,fruits_temperate,41.9,very_low,kharif,hill_regions,13258,2228,63320,31.1,836,19,29,6.1,7.6,895
Arunachal Pradesh,apricot,fruits_temperate,42.1,very_low,kharif,hill_regions,4142,2950,37641,13.2,1273,14,43,6.5,7.9,428
Arunachal Pradesh,cherry,fruits_temperate,45.6,very_low,kharif,hill_regions,9699,1609,115724,43,1234,12,38,5.7,7.3,1086
Arunachal Pradesh,strawberry,fruits_temperate,43.7,very_low,kharif,hill_regions,162,7094,96823,33.2,1175,12,34,5.9,7.1,737
Arunachal Pradesh,kiwi,fruits_temperate,53.8,very_low,kharif,hill_regions,3224,2452,20660,45.9,808,16,40,5.7,7.7,686
Arunachal Pradesh,grape,fruits_temperate,49,very_low,kharif,hill_regions,23145,3785,198605,12.7,239,13,31,6,7.9,1119
Arunachal Pradesh,pomegranate,fruits_temperate,47.6,very_low,kharif,hill_regions,1196,1244,88387,24.7,1290,12,25,5.9,7.4,344
Arunachal Pradesh,fig,fruits_temperate,50.9,very_low,kharif,hill_regions,7488,2967,17078,22.1,1241,15,40,5.6,8.2,513
Arunachal Pradesh,persimmon,fruits_temperate,50.2,very_low,kharif,hill_regions,19820,3711,11481,5.9,1274,17,40,5.7,7.5,327
Arunachal Pradesh,orange,fruits_citrus,54.4,very_low,kharif,hill_regions,21812,2858,114348,35.5,612,22,43,6.4,8.1,549
Arunachal Pradesh,lime,fruits_citrus,44.2,very_low,kharif,hill_regions,590,6012,165444,33,1487,14,31,5.6,7.7,534
Arunachal Pradesh,lemon,fruits_citrus,45.2,very_low,kharif,hill_regions,24986,2300,79709,46.8,280,11,28,6.1,7.2,1171
Arunachal Pradesh,grapefruit,fruits_citrus,46.7,very_low,kharif,hill_regions,5091,4296,106134,38.8,1180,18,43,6.3,8.1,350
Arunachal Pradesh,mandarin,fruits_citrus,40.1,very_low,kharif,hill_regions,9502,3878,45956,44.8,1364,23,31,6.2,7.4,471
Arunachal Pradesh,sweet_lime,fruits_citrus,42.8,very_low,kharif,hill_regions,7337,6816,16302,38.1,890,14,34,5.8,7.9,690
Arunachal Pradesh,kinnow,fruits_citrus,42.5,very_low,kharif,hill_regions,6797,7316,34013,38,1056,23,41,6.1,8,1108
Arunachal Pradesh,spinach,vegetables_leafy,46,very_low,kharif,hill_regions,342,6785,105992,9.7,949,16,27,6.5,7.3,360
Arunachal Pradesh,fenugreek_leaves,vegetables_leafy,48.9,very_low,kharif,hill_regions,1043,5611,105626,9.6,424,18,30,6.4,8.2,1185
Arunachal Pradesh,amaranth,vegetables_leafy,43.9,very_low,kharif,hill_regions,12843,3432,12119,7.4,1099,16,29,6.1,7.4,819
Arunachal Pradesh,cabbage,vegetables_leafy,89.7,high,kharif,hill_regions,224977,4341,769460,21.3,1247,14,29,5.6,7.7,733
Arunachal Pradesh,cauliflower,vegetables_leafy,95.9,high,kharif,hill_regions,70926,6658,1207332,22.3,796,14,43,5.6,8.4,915
Arunachal Pradesh,lettuce,vegetables_leafy,48,very_low,kharif,hill_regions,5122,3854,13829,34.5,1462,18,39,5.6,7.6,404
Arunachal Pradesh,kale,vegetables_leafy,49.2,very_low,kharif,hill_regions,19136,1537,81814,29.8,724,22,41,6.1,7.6,529
Arunachal Pradesh,mustard_leaves,vegetables_leafy,41.6,very_low,kharif,hill_regions,7164,5730,90083,8.2,713,12,28,6.3,7.1,677
Arunachal Pradesh,curry_leaves,vegetables_leafy,42.5,very_low,kharif,hill_regions,15489,2619,111019,37.9,1445,13,42,6.4,8.4,871
Arunachal Pradesh,coriander_leaves,vegetables_leafy,49.4,very_low,kharif,hill_regions,13636,4719,97957,24.3,1150,22,27,6.3,7.8,1060
Arunachal Pradesh,potato,vegetables_root,90.6,high,rabi,hill_regions,189461,2758,1397365,26.8,868,14,36,5.8,7.1,544
Arunachal Pradesh,sweet_potato,vegetables_root,40.1,very_low,kharif,hill_regions,28564,3766,172366,20.6,1072,22,43,5.9,8.2,539
Arunachal Pradesh,carrot,vegetables_root,54.9,very_low,kharif,hill_regions,6388,5616,57913,10.4,1420,12,37,5.7,7.5,791
Arunachal Pradesh,radish,vegetables_root,46.3,very_low,kharif,hill_regions,2366,3927,80028,45.4,309,15,27,5.5,8,842
Arunachal Pradesh,turnip,vegetables_root,42.4,very_low,kharif,hill_regions,491,6844,114442,11.1,500,23,43,5.9,7.1,335
Arunachal Pradesh,beetroot,vegetables_root,48.6,very_low,kharif,hill_regions,685,5082,1791,40.4,598,10,36,5.9,8.5,789
Arunachal Pradesh,onion_vegetable,vegetables_root,44.1,very_low,kharif,hill_regions,6743,7329,72663,29.7,265,16,41,6.3,7.3,503
Arunachal Pradesh,garlic_vegetable,vegetables_root,52.3,very_low,kharif,hill_regions,2986,4150,77420,44.2,308,13,40,5.6,7.7,697
Arunachal Pradesh,ginger_vegetable,vegetables_root,45,very_low,kharif,hill_regions,9565,2129,81947,41.2,1188,12,27,5.8,7.5,667
Arunachal Pradesh,turmeric_vegetable,vegetables_root,50.2,very_low,kharif,hill_regions,493,3743,62129,13.7,1033,13,42,6.4,7.4,506
Arunachal Pradesh,yam,vegetables_root,46.2,very_low,kharif,hill_regions,10006,6782,79799,42.1,716,12,39,5.9,8,543
Arunachal Pradesh,taro,vegetables_root,41.2,very_low,kharif,hill_regions,4914,7918,233394,40.7,1057,18,42,5.8,7.7,857
Arunachal Pradesh,cassava,vegetables_root,46.2,very_low,kharif,hill_regions,6250,4949,126251,14.1,1414,20,41,6.1,8.2,314
Arunachal Pradesh,tomato,vegetables_fruit,52.3,very_low,kharif,hill_regions,9625,7943,25490,14.5,1194,13,42,5.6,7.2,1181
Arunachal Pradesh,brinjal_eggplant,vegetables_fruit,50.1,very_low,kharif,hill_regions,8918,5735,128169,32.1,1087,18,33,5.8,8.2,503
Arunachal Pradesh,okra_ladyfinger,vegetables_fruit,50.4,very_low,kharif,hill_regions,9226,6229,25777,7.7,370,19,41,5.5,8.1,607
Arunachal Pradesh,bottle_gourd,vegetables_fruit,47.2,very_low,kharif,hill_regions,9677,4257,3409,8.7,536,10,37,5.9,7.8,457
Arunachal Pradesh,bitter_gourd,vegetables_fruit,44.4,very_low,kharif,hill_regions,22476,1352,165825,31,933,17,26,5.6,7.9,606
Arunachal Pradesh,ridge_gourd,vegetables_fruit,53.8,very_low,kharif,hill_regions,2753,6003,42680,28.6,1107,23,40,6.2,8,1151
Arunachal Pradesh,snake_gourd,vegetables_fruit,44.4,very_low,kharif,hill_regions,2798,2525,53098,33.5,971,10,39,5.8,8,800
Arunachal Pradesh,ash_gourd,vegetables_fruit,45.1,very_low,kharif,hill_regions,1313,6820,93257,34.2,334,16,39,6.3,7.2,300
Arunachal Pradesh,pumpkin,vegetables_fruit,50.7,very_low,kharif,hill_regions,4487,1090,74129,43.3,1444,18,35,5.6,7.8,641
Arunachal Pradesh,cucumber,vegetables_fruit,49.1,very_low,zaid,hill_regions,4406,1664,44901,9.3,429,24,33,6,8.3,1196
Arunachal Pradesh,watermelon,vegetables_fruit,48.7,very_low,zaid,hill_regions,8758,3140,84722,35.3,1086,14,27,6.1,7.2,820
Arunachal Pradesh,muskmelon,vegetables_fruit,50.4,very_low,zaid,hill_regions,18151,7110,96161,37.9,1004,12,25,5.8,7.7,855
Arunachal Pradesh,capsicum,vegetables_fruit,52.7,very_low,kharif,hill_regions,1870,7744,12160,26.5,961,18,26,5.6,7.2,827
Arunachal Pradesh,chilli_vegetable,vegetables_fruit,48.2,very_low,kharif,hill_regions,9412,6740,5021,27.4,1096,13,31,6.1,8.3,1028
Arunachal Pradesh,drumstick,vegetables_fruit,48.7,very_low,kharif,hill_regions,9132,5486,91892,13.5,1112,18,32,6.4,7,584
Arunachal Pradesh,green_peas,vegetables_legume,40.9,very_low,kharif,hill_regions,17860,3319,137001,22.8,1183,16,33,6.4,7.4,408
Arunachal Pradesh,french_bean,vegetables_legume,48.8,very_low,kharif,hill_regions,11286,1434,79961,27.8,410,19,44,6,7.5,660
Arunachal Pradesh,cluster_bean_vegetable,vegetables_legume,41.7,very_low,kharif,hill_regions,11638,3710,146099,24.9,1042,10,41,6.4,8,1159
Arunachal Pradesh,broad_bean,vegetables_legume,42.3,very_low,kharif,hill_regions,11842,5072,62900,20.2,364,15,28,6.2,7.3,352
Arunachal Pradesh,berseem,fodder,48.3,very_low,kharif,hill_regions,19126,5038,60684,41.1,902,11,36,6.4,7.6,566
Arunachal Pradesh,lucerne_alfalfa,fodder,42.2,very_low,kharif,hill_regions,5712,5169,8522,47.3,1181,18,41,5.6,7.7,867
Arunachal Pradesh,oats_fodder,fodder,52.4,very_low,kharif,hill_regions,7297,7586,25759,44.4,1462,12,39,5.5,7.6,764
Arunachal Pradesh,sorghum_fodder,fodder,48.7,very_low,kharif,hill_regions,19400,4368,186077,47.8,228,24,26,6.3,7.4,418
Arunachal Pradesh,maize_fodder,fodder,46.6,very_low,kharif,hill_regions,8857,1381,109812,45.6,698,13,33,5.5,8.2,1043
Arunachal Pradesh,bajra_fodder,fodder,48.8,very_low,kharif,hill_regions,13680,4882,112766,33.4,1219,18,33,6.5,7.8,844
Arunachal Pradesh,cowpea_fodder,fodder,43.3,very_low,kharif,hill_regions,12965,2293,10943,32.2,1192,17,29,6.2,7.1,697
Arunachal Pradesh,stylo,fodder,42.5,very_low,kharif,hill_regions,2878,3706,5731,22.9,865,17,32,6.3,7.2,755
Arunachal Pradesh,para_grass,fodder,40.9,very_low,kharif,hill_regions,6604,4962,80252,30.1,1447,10,26,5.5,7.3,787
Arunachal Pradesh,guinea_grass,fodder,49.7,very_low,kharif,hill_regions,10328,6895,25969,8.5,420,11,27,6,7.4,622
Arunachal Pradesh,napier_grass,fodder,54.8,very_low,kharif,hill_regions,22489,1997,72558,30,299,10,38,6.1,7.6,740
Arunachal Pradesh,tulsi,medicinal,46.2,very_low,kharif,hill_regions,3584,2239,8346,48.1,979,20,31,5.9,7.4,387
Arunachal Pradesh,neem,medicinal,42.7,very_low,kharif,hill_regions,17666,4828,98765,46.5,294,14,31,6.3,8.5,516
Arunachal Pradesh,aloe_vera,medicinal,53.1,very_low,kharif,hill_regions,6185,3795,87376,49,435,21,31,6.2,7.6,820
Arunachal Pradesh,ashwagandha,medicinal,52.5,very_low,kharif,hill_regions,22634,1417,144488,11.3,740,18,33,6,8.5,421
Arunachal Pradesh,brahmi,medicinal,50.1,very_low,kharif,hill_regions,2538,2111,136097,44.6,1379,24,29,5.9,8,735
Arunachal Pradesh,kalmegh,medicinal,46.3,very_low,kharif,hill_regions,10256,5029,22303,26.2,919,18,29,6.2,7,619
Arunachal Pradesh,giloy,medicinal,51.7,very_low,kharif,hill_regions,5714,5864,96674,40.8,1155,19,34,5.6,7.4,677
Arunachal Pradesh,stevia,medicinal,49,very_low,kharif,hill_regions,5987,1045,80588,17.9,1154,10,36,6.4,7.3,724
Arunachal Pradesh,mentha_mint,medicinal,41.4,very_low,kharif,hill_regions,12495,3851,94012,45.3,455,10,42,6.1,8.3,837
Arunachal Pradesh,lemongrass,medicinal,52.2,very_low,kharif,hill_regions,13989,7391,85181,13.1,549,12,29,5.8,7.8,829
Arunachal Pradesh,citronella,medicinal,46.4,very_low,kharif,hill_regions,2024,1614,30850,28.3,478,14,33,6.3,7,884
Arunachal Pradesh,palmarosa,medicinal,50,very_low,kharif,hill_regions,24243,1140,32173,44.9,796,18,38,6.2,8.4,1197
Arunachal Pradesh,vetiver,medicinal,50.8,very_low,kharif,hill_regions,13870,1344,29226,45.4,533,13,27,6.4,7.8,907
Arunachal Pradesh,rosemary,medicinal,43.6,very_low,kharif,hill_regions,19182,3188,82813,14.4,1469,19,43,5.8,8.2,989
Arunachal Pradesh,lavender,medicinal,50.4,very_low,kharif,hill_regions,11713,1915,157613,37.8,947,13,35,5.8,7.6,880
Arunachal Pradesh,bamboo,timber,51.2,very_low,kharif,hill_regions,6022,2884,23388,40.3,1382,15,40,6.4,8.3,464
Arunachal Pradesh,eucalyptus,timber,54.3,very_low,kharif,hill_regions,6063,1437,68284,9.9,523,14,41,6.4,7.5,1072
Arunachal Pradesh,teak,timber,52.9,very_low,kharif,hill_regions,3926,5832,191233,35.7,631,17,37,6,7.2,580
Arunachal Pradesh,sal,timber,52,very_low,kharif,hill_regions,3973,7666,71809,34.8,1177,22,43,5.8,8.3,418
Arunachal Pradesh,sandalwood,timber,50.6,very_low,kharif,hill_regions,16914,2766,173519,12.6,269,20,34,6.3,7.6,451
Arunachal Pradesh,rosewood,timber,52.5,very_low,kharif,hill_regions,4139,6042,85880,32.2,799,22,41,6.2,7.2,1054
Arunachal Pradesh,pine,timber,50.1,very_low,kharif,hill_regions,8842,7154,138991,10.1,730,23,25,6.5,8,868
Arunachal Pradesh,deodar,timber,44.1,very_low,kharif,hill_regions,14116,3087,92944,22.7,381,10,35,6.5,7.6,621
Arunachal Pradesh,button_mushroom,mushroom,45.2,very_low,kharif,hill_regions,9108,7159,82645,27.8,379,24,29,5.6,8,835
Arunachal Pradesh,oyster_mushroom,mushroom,46.2,very_low,kharif,hill_regions,14519,2369,121062,34.2,744,16,30,6.3,7.8,588
Arunachal Pradesh,shiitake,mushroom,48.9,very_low,kharif,hill_regions,13189,7444,82764,7.5,465,16,29,5.5,8.4,1059
Arunachal Pradesh,milky_mushroom,mushroom,51.1,very_low,kharif,hill_regions,1725,1473,77399,46.8,759,11,35,5.8,7.6,859
Arunachal Pradesh,rose,flowers,50.8,very_low,kharif,hill_regions,552,7960,22830,7.4,446,10,32,6.3,7.5,699
Arunachal Pradesh,jasmine,flowers,50.1,very_low,kharif,hill_regions,17410,7062,1799,40,798,24,34,6.5,8.1,523
Arunachal Pradesh,marigold,flowers,48.1,very_low,kharif,hill_regions,25633,1681,168728,20.6,209,16,29,6.3,7.5,1044
Arunachal Pradesh,chrysanthemum,flowers,40,very_low,kharif,hill_regions,4018,2634,8963,13.4,922,14,33,5.9,8.3,1114
Arunachal Pradesh,tuberose,flowers,47.4,very_low,kharif,hill_regions,1921,7673,8155,18.4,587,14,28,6.3,7.2,871
Arunachal Pradesh,gladiolus,flowers,41.9,very_low,kharif,hill_regions,10387,2330,74988,29.5,301,24,29,6.4,7.3,1068
Arunachal Pradesh,lily,flowers,40.2,very_low,kharif,hill_regions,15616,7543,147204,41.9,1354,12,30,5.8,7.6,653
Arunachal Pradesh,orchid,flowers,48.2,very_low,kharif,hill_regions,9163,2172,32853,27.7,1235,21,37,5.7,7.8,378
Arunachal Pradesh,carnation,flowers,45.7,very_low,kharif,hill_regions,902,2917,139688,47.9,658,10,28,5.9,8.4,427
Arunachal Pradesh,gerbera,flowers,51.5,very_low,kharif,hill_regions,11947,3671,75526,20.4,1015,12,27,6.4,8.4,1098
Arunachal Pradesh,anthurium,flowers,49.4,very_low,kharif,hill_regions,2049,3343,65844,33.6,662,12,36,6.3,7.6,419
Assam,rice,cereals,87.6,high,kharif,eastern_india,56967,5499,893132,36.3,671,22,29,6,8.2,462
Assam,wheat,cereals,71.6,medium,rabi,eastern_india,49579,5787,30149,36.1,610,10,37,5.7,7.6,372
Assam,maize,cereals,72.2,medium,kharif,eastern_india,9971,7375,5881,26.8,360,14,43,5.7,8.4,485
Assam,barley,cereals,51.1,very_low,rabi,eastern_india,18539,4877,89619,13.8,416,23,31,5.9,8.1,604
Assam,jowar_sorghum,cereals,54.3,very_low,kharif,eastern_india,14891,7166,10060,16.6,804,13,39,6.4,7.6,607
Assam,bajra_pearl_millet,cereals,54.4,very_low,kharif,eastern_india,9338,3461,137519,30.6,1190,22,31,5.9,8.3,626
Assam,ragi_finger_millet,cereals,51.9,very_low,kharif,eastern_india,18069,6191,185678,43,713,10,33,6.2,7.7,974
Assam,foxtail_millet,cereals,45.4,very_low,kharif,eastern_india,4415,6245,99179,14.2,579,21,34,5.7,8.5,943
Assam,proso_millet,cereals,54.4,very_low,kharif,eastern_india,8906,7285,77972,36.8,527,16,27,5.7,7,335
Assam,barnyard_millet,cereals,54.7,very_low,kharif,eastern_india,9898,6873,65472,11.9,1146,19,39,6.3,8.5,816
Assam,little_millet,cereals,45.1,very_low,kharif,eastern_india,1786,7281,22139,19.8,1260,18,32,6,8.3,606
Assam,kodo_millet,cereals,53,very_low,kharif,eastern_india,9163,6932,17205,24.4,415,20,35,6.1,7.3,490
Assam,oats,cereals,40.6,very_low,kharif,eastern_india,9275,7005,87776,24.6,1439,20,43,6,7.4,347
Assam,gram_chickpea,pulses,65.9,low,rabi,eastern_india,11171,4727,163003,32,416,15,37,6.5,8.1,1130
Assam,tur_arhar,pulses,51.4,very_low,kharif,eastern_india,4369,5666,108970,32.1,836,17,31,6,7.3,1024
Assam,moong_green_gram,pulses,42.8,very_low,kharif,eastern_india,5169,5608,41033,17.5,925,15,43,6.4,7.8,595
Assam,urad_black_gram,pulses,51.1,very_low,kharif,eastern_india,5152,3354,79058,5.5,918,21,34,5.6,8.5,766
Assam,masur_lentil,pulses,49.2,very_low,kharif,eastern_india,7199,4004,8963,9.8,1288,13,28,6,8.2,355
Assam,rajma_kidney_bean,pulses,48.7,very_low,kharif,eastern_india,570,1369,82664,10.3,258,16,41,5.8,7.6,335
Assam,cowpea_lobhia,pulses,46.7,very_low,kharif,eastern_india,12396,3326,54551,9.8,676,11,40,6.5,8.5,1078
Assam,field_pea,pulses,49,very_low,kharif,eastern_india,7021,5415,87678,26.7,1185,14,31,6.4,7.1,737
Assam,black_eyed_pea,pulses,53.7,very_low,kharif,eastern_india,12234,2748,61131,43.3,926,17,26,5.5,8.4,639
Assam,horse_gram,pulses,49,very_low,kharif,eastern_india,7956,7527,53444,10.7,956,21,33,6.4,8,1109
Assam,moth_bean,pulses,49.4,very_low,kharif,eastern_india,3997,2412,91808,39.2,1079,14,28,6.3,7.7,503
Assam,cluster_bean_guar,pulses,49.2,very_low,kharif,eastern_india,3597,4279,12883,49.3,471,11,29,6.3,7.6,808
Assam,groundnut_peanut,oilseeds,55.3,low,kharif,eastern_india,14318,6716,224685,8.9,899,23,32,6.3,7.2,1141
Assam,mustard,oilseeds,94.8,high,rabi,eastern_india,197972,3543,2185768,17.4,631,20,40,6.4,7.3,1018
Assam,rapeseed,oilseeds,51.1,very_low,rabi,eastern_india,4435,2979,27545,49.2,1035,20,44,5.9,8.2,691
Assam,sesame_til,oilseeds,96.3,high,kharif,eastern_india,167926,2531,463378,39,711,19,33,6.2,7.3,352
Assam,sunflower,oilseeds,59.5,low,kharif,eastern_india,9472,3483,172204,7.6,958,23,28,6.1,8,677
Assam,safflower,oilseeds,50.5,very_low,kharif,eastern_india,9282,1051,100851,34.8,249,15,44,5.9,7.8,1118
Assam,niger,oilseeds,50.8,very_low,kharif,eastern_india,17309,7050,79219,26.4,701,24,38,5.6,8.3,732
Assam,linseed_flax,oilseeds,41,very_low,kharif,eastern_india,8880,7144,34428,42.2,924,10,44,6,7.4,722
Assam,castor,oilseeds,52.9,very_low,kharif,eastern_india,3231,1903,38472,40.1,813,13,28,5.8,8.4,608
Assam,coconut,oilseeds,54.8,very_low,perennial,eastern_india,3692,7237,72675,36.9,1478,10,26,6.2,7.4,465
Assam,palm_oil,oilseeds,40.6,very_low,kharif,eastern_india,8106,1941,39108,32.3,756,10,40,5.5,8.1,1103
Assam,olive,oilseeds,46.5,very_low,kharif,eastern_india,9987,3724,147057,45.2,636,19,43,6.5,7.8,707
Assam,walnut,oilseeds,44.2,very_low,kharif,eastern_india,4417,5058,66162,17.6,726,24,26,6.1,7.1,439
Assam,almond,oilseeds,46.6,very_low,kharif,eastern_india,5379,3215,14244,18.6,1456,24,31,6.1,8.4,305
Assam,cotton,fiber,67.2,low,kharif,eastern_india,7773,2130,595066,29.2,218,13,33,6.2,8.1,1195
Assam,jute,fiber,88.7,high,kharif,eastern_india,124132,3839,314166,49,1309,17,37,5.7,7.8,925
Assam,mesta,fiber,47.7,very_low,kharif,eastern_india,18337,3596,184184,12.7,699,15,33,6.3,7.7,1014
Assam,flax,fiber,48.6,very_low,kharif,eastern_india,13673,2668,30361,27.7,539,10,37,6,7.7,1170
Assam,hemp,fiber,48.6,very_low,kharif,eastern_india,4037,4984,189384,31.2,1133,15,26,6,7.6,1080
Assam,sisal,fiber,43.7,very_low,kharif,eastern_india,28118,2733,81871,45.3,1456,16,31,6,8,546
Assam,coir,fiber,51,very_low,kharif,eastern_india,648,3704,31270,19.2,838,14,28,5.8,8.5,670
Assam,sugarcane,sugar,76.7,medium,perennial,eastern_india,118373,2691,656366,37.2,989,11,38,5.6,7.9,965
Assam,sugar_beet,sugar,43.2,very_low,kharif,eastern_india,1074,6906,98958,14.8,373,24,26,5.7,7.5,858
Assam,turmeric,spices,48.2,very_low,kharif,eastern_india,3714,2671,21474,23.5,1115,13,32,5.9,8.5,1159
Assam,coriander,spices,52,very_low,kharif,eastern_india,1147,3218,31768,27.8,1211,22,41,5.9,8,581
Assam,cumin,spices,40.9,very_low,kharif,eastern_india,474,3864,63484,36.2,1196,14,41,5.8,7.7,954
Assam,fennel,spices,50.4,very_low,kharif,eastern_india,6928,5636,145207,46.2,403,21,36,5.8,7.7,600
Assam,fenugreek,spices,48.7,very_low,kharif,eastern_india,15934,5422,115420,7.3,502,17,31,5.7,7.8,590
Assam,ajwain,spices,43.9,very_low,kharif,eastern_india,2736,7494,133857,36.8,338,21,41,6.3,7.2,879
Assam,black_pepper,spices,52.5,very_low,kharif,eastern_india,14004,4208,91238,6.5,1030,11,33,5.8,7.8,420
Assam,cardamom_small,spices,50.4,very_low,kharif,eastern_india,4447,1730,30372,44.5,886,17,27,6.1,8.3,1045
Assam,cardamom_large,spices,49.4,very_low,kharif,eastern_india,1395,1345,23785,11.1,538,15,43,6.1,8.3,939
Assam,cinnamon,spices,41.7,very_low,kharif,eastern_india,6979,5473,67587,49.9,542,14,43,5.5,8,952
Assam,clove,spices,52.5,very_low,kharif,eastern_india,28776,1456,193932,34.1,1041,11,38,6.5,8.4,695
Assam,nutmeg,spices,40.6,very_low,kharif,eastern_india,14281,5910,63467,7.5,754,17,43,6.1,7.5,772
Assam,ginger,spices,41,very_low,kharif,eastern_india,10792,4345,83898,35.7,1060,20,30,5.8,7.2,889
Assam,garlic,spices,40.6,very_low,kharif,eastern_india,19121,7235,78985,25.7,300,20,41,5.7,7.6,1054
Assam,onion,spices,83.2,medium,rabi,eastern_india,53853,2347,79947,46,1266,21,25,6.3,7.7,608
Assam,chilli,spices,48.2,very_low,kharif,eastern_india,8977,5077,17750,13.5,439,10,36,6.3,7,344
Assam,tamarind,spices,48.6,very_low,kharif,eastern_india,8800,3447,126006,17.3,234,21,37,6.1,8.1,907
Assam,vanilla,spices,43.1,very_low,kharif,eastern_india,2299,1908,92286,43.6,1451,19,28,5.6,8.2,820
Assam,saffron,spices,49.3,very_low,kharif,eastern_india,18100,6841,11767,38.6,1306,14,37,5.8,8.4,330
Assam,mint,spices,48.7,very_low,kharif,eastern_india,9532,2231,25203,27.2,1389,13,27,6.3,7.8,1120
Assam,basil,spices,42.2,very_low,kharif,eastern_india,5513,2097,125378,31.7,1181,14,33,5.9,8.5,563
Assam,oregano,spices,44.4,very_low,kharif,eastern_india,9723,2766,125159,17,1364,11,38,6.4,7.3,1171
Assam,thyme,spices,46.8,very_low,kharif,eastern_india,19663,3111,43791,18.7,320,12,27,5.9,8.2,427
Assam,tea,plantation,86.7,high,perennial,eastern_india,50587,1683,331098,46.6,1267,15,38,6,8,914
Assam,coffee_arabica,plantation,49.4,very_low,perennial,eastern_india,744,4188,109228,30.6,1282,24,28,6.2,8,1181
Assam,coffee_robusta,plantation,54.8,very_low,perennial,eastern_india,5961,6589,20533,40.1,1383,15,37,5.9,7.7,579
Assam,rubber,plantation,51.4,very_low,perennial,eastern_india,27038,2223,201041,38.2,528,11,30,6.4,7.9,948
Assam,cocoa,plantation,43.9,very_low,kharif,eastern_india,922,3627,122371,11.6,1269,13,38,5.9,7.9,396
Assam,cashew,plantation,40.3,very_low,kharif,eastern_india,7807,6737,225383,14.5,544,19,44,6.4,7.8,1015
Assam,areca_nut,plantation,42,very_low,kharif,eastern_india,28505,2146,70987,9.5,553,22,32,5.6,7.5,1183
Assam,betelvine,plantation,49.4,very_low,kharif,eastern_india,3204,7903,120357,17.7,291,10,27,6.1,8.4,747
Assam,black_pepper_plantation,plantation,52.6,very_low,kharif,eastern_india,13459,6123,26484,21.3,1028,11,32,6,8.5,727
Assam,mango,fruits_tropical,52.2,very_low,kharif,eastern_india,14883,5167,132239,23.5,985,19,33,5.6,7.1,315
Assam,banana,fruits_tropical,83.1,medium,perennial,eastern_india,21182,6152,247845,27.8,411,24,42,6.4,7.6,986
Assam,papaya,fruits_tropical,42.2,very_low,kharif,eastern_india,302,5106,37114,28.3,209,16,39,5.9,8.1,509
Assam,pineapple,fruits_tropical,82.2,medium,kharif,eastern_india,26498,2657,609339,42.3,740,13,42,6.2,7.7,739
Assam,jackfruit,fruits_tropical,43.1,very_low,kharif,eastern_india,8229,7969,86688,26.9,935,23,41,6,8.1,827
Assam,guava,fruits_tropical,47.4,very_low,kharif,eastern_india,6498,2720,101349,20.1,1437,17,37,6,7.2,638
Assam,coconut_fruit,fruits_tropical,41.5,very_low,kharif,eastern_india,10160,6445,39787,12.4,728,23,39,5.9,7.8,375
Assam,passion_fruit,fruits_tropical,54.8,very_low,kharif,eastern_india,6824,5100,20639,48.5,427,19,29,6.2,8.2,906
Assam,dragon_fruit,fruits_tropical,49.2,very_low,kharif,eastern_india,2446,3316,55526,49.5,706,20,38,5.7,7.4,553
Assam,rambutan,fruits_tropical,46.2,very_low,kharif,eastern_india,432,7155,113456,20.4,640,10,38,6.3,7.2,443
Assam,sapota,fruits_tropical,51.9,very_low,kharif,eastern_india,1214,5357,55329,21.6,1200,22,33,6.4,7.6,994
Assam,custard_apple,fruits_tropical,47.3,very_low,kharif,eastern_india,25398,1611,209422,42.1,1228,13,41,6.4,7.4,1157
Assam,wood_apple,fruits_tropical,40.7,very_low,kharif,eastern_india,7047,5030,67132,5.8,1448,10,27,5.5,7.9,1139
Assam,apple,fruits_temperate,50,very_low,kharif,eastern_india,612,4794,97398,27.5,293,20,35,6.3,7.7,434
Assam,pear,fruits_temperate,49.7,very_low,kharif,eastern_india,11748,5291,17025,48.3,873,11,37,5.8,8.2,1036
Assam,peach,fruits_temperate,54.7,very_low,kharif,eastern_india,9225,6274,21408,29.6,910,11,33,6.4,8.3,389
Assam,plum,fruits_temperate,41.4,very_low,kharif,eastern_india,13362,1902,87904,9.6,1010,15,40,5.7,8,512
Assam,apricot,fruits_temperate,50.7,very_low,kharif,eastern_india,3723,7066,130572,10.7,755,12,39,6.3,7.2,755
Assam,cherry,fruits_temperate,52.2,very_low,kharif,eastern_india,14889,7651,123227,22.7,1302,17,34,6,8.3,1048
Assam,strawberry,fruits_temperate,46.1,very_low,kharif,eastern_india,8283,5009,31903,40.7,832,15,27,5.7,8.4,574
Assam,kiwi,fruits_temperate,42.5,very_low,kharif,eastern_india,6033,1246,49799,29.5,917,15,33,6.5,7.6,532
Assam,grape,fruits_temperate,43.7,very_low,kharif,eastern_india,14594,2441,108749,6,744,21,31,6.1,7.3,967
Assam,pomegranate,fruits_temperate,40.8,very_low,kharif,eastern_india,5578,7120,76464,37.5,614,23,27,5.7,7.7,373
Assam,fig,fruits_temperate,42.9,very_low,kharif,eastern_india,28203,3633,213303,29.5,550,20,38,6.5,7.4,904
Assam,persimmon,fruits_temperate,40.8,very_low,kharif,eastern_india,170,7996,78794,40.4,862,14,28,5.8,7.6,980
Assam,orange,fruits_citrus,48.1,very_low,kharif,eastern_india,321,1716,37997,47,1028,22,34,5.9,7.2,1088
Assam,lime,fruits_citrus,51.7,very_low,kharif,eastern_india,6910,4411,66871,47.6,953,18,26,5.6,7.3,329
Assam,lemon,fruits_citrus,51.2,very_low,kharif,eastern_india,3540,6852,30503,18.6,523,15,30,6,7.6,1187
Assam,grapefruit,fruits_citrus,40.8,very_low,kharif,eastern_india,800,5380,5722,42.6,865,17,36,5.7,7.3,586
Assam,mandarin,fruits_citrus,48.9,very_low,kharif,eastern_india,1777,7790,2636,41.1,1224,14,27,5.6,8,878
Assam,sweet_lime,fruits_citrus,51.7,very_low,kharif,eastern_india,19981,2090,56208,42.9,472,11,39,5.9,8.4,885
Assam,kinnow,fruits_citrus,41.4,very_low,kharif,eastern_india,7701,3360,93359,7.3,845,11,33,5.9,8.2,1022
Assam,spinach,vegetables_leafy,42.3,very_low,kharif,eastern_india,6579,2059,110739,36.8,447,15,27,6.1,7.2,1187
Assam,fenugreek_leaves,vegetables_leafy,51.7,very_low,kharif,eastern_india,10376,7379,79004,12.9,692,22,37,6.2,8.3,1104
Assam,amaranth,vegetables_leafy,53.8,very_low,kharif,eastern_india,6527,6183,72070,32.3,416,21,39,5.6,7.7,456
Assam,cabbage,vegetables_leafy,45.1,very_low,kharif,eastern_india,4210,4849,51398,34.9,1287,13,27,6.4,7.2,1177
Assam,cauliflower,vegetables_leafy,52.6,very_low,kharif,eastern_india,19649,1681,48672,33.7,655,23,26,6,7.9,887
Assam,lettuce,vegetables_leafy,43.8,very_low,kharif,eastern_india,14615,2364,114411,30.3,1190,20,29,6.1,8.3,688
Assam,kale,vegetables_leafy,54.5,very_low,kharif,eastern_india,2882,3726,145005,19.4,1328,23,32,5.6,8.1,580
Assam,mustard_leaves,vegetables_leafy,51.7,very_low,kharif,eastern_india,9245,6445,57786,24.9,689,15,35,6.3,7.5,771
Assam,curry_leaves,vegetables_leafy,50.1,very_low,kharif,eastern_india,4381,7533,89117,31,1042,10,37,6,7.8,623
Assam,coriander_leaves,vegetables_leafy,41.2,very_low,kharif,eastern_india,13190,3860,51845,7.4,248,20,35,6,7.4,970
Assam,potato,vegetables_root,87.2,high,rabi,eastern_india,83195,3003,354700,34,1046,22,33,5.6,7.4,1182
Assam,sweet_potato,vegetables_root,48.9,very_low,kharif,eastern_india,418,4627,7496,30.6,1397,24,35,6,8.4,906
Assam,carrot,vegetables_root,41,very_low,kharif,eastern_india,4786,4288,70481,31.2,663,12,35,6.3,8,604
Assam,radish,vegetables_root,54,very_low,kharif,eastern_india,6136,1275,167574,42.2,1458,23,37,6,7,521
Assam,turnip,vegetables_root,46.9,very_low,kharif,eastern_india,12677,6198,50677,30.4,314,16,40,6.2,8.5,550
Assam,beetroot,vegetables_root,47.5,very_low,kharif,eastern_india,7402,6998,90863,44.7,464,23,26,6.4,7.5,583
Assam,onion_vegetable,vegetables_root,47.7,very_low,kharif,eastern_india,1651,3465,197490,22.8,458,16,32,6.4,8.1,754
Assam,garlic_vegetable,vegetables_root,54.8,very_low,kharif,eastern_india,1306,2835,67457,12.1,1431,21,30,6.1,8.1,1147
Assam,ginger_vegetable,vegetables_root,53.2,very_low,kharif,eastern_india,15774,4935,89866,10.2,363,17,30,5.5,8.1,329
Assam,turmeric_vegetable,vegetables_root,48.9,very_low,kharif,eastern_india,20142,4389,10769,29.8,1293,24,33,5.8,8.4,472
Assam,yam,vegetables_root,49.2,very_low,kharif,eastern_india,917,3431,38568,35.9,1433,14,41,5.6,7.8,363
Assam,taro,vegetables_root,54,very_low,kharif,eastern_india,16750,6767,131287,48.6,1128,23,35,5.6,7.8,414
Assam,cassava,vegetables_root,48.9,very_low,kharif,eastern_india,12307,1070,30786,27.1,1435,15,33,6.2,7.9,569
Assam,tomato,vegetables_fruit,76.2,medium,kharif,eastern_india,92035,1914,283905,6.2,488,21,29,5.6,7.7,308
Assam,brinjal_eggplant,vegetables_fruit,41.3,very_low,kharif,eastern_india,20235,7405,178819,35.7,268,21,41,6.3,7.8,509
Assam,okra_ladyfinger,vegetables_fruit,52.7,very_low,kharif,eastern_india,24075,2089,44498,14.5,1230,12,26,6.5,7,1051
Assam,bottle_gourd,vegetables_fruit,45.5,very_low,kharif,eastern_india,15001,7311,198834,5.4,298,13,38,6.4,7.7,846
Assam,bitter_gourd,vegetables_fruit,42.8,very_low,kharif,eastern_india,25255,2880,103448,8.9,926,17,27,5.9,7.5,769
Assam,ridge_gourd,vegetables_fruit,48.8,very_low,kharif,eastern_india,7763,5991,29865,7.4,1181,24,29,5.8,7.3,819
Assam,snake_gourd,vegetables_fruit,42.3,very_low,kharif,eastern_india,11987,4920,53046,23.9,930,10,26,6.4,7.1,936
Assam,ash_gourd,vegetables_fruit,53.8,very_low,kharif,eastern_india,5807,4982,108741,47.4,1161,11,38,5.9,7.7,344
Assam,pumpkin,vegetables_fruit,42.9,very_low,kharif,eastern_india,11857,3111,79452,43.4,1173,14,27,5.8,8.4,823
Assam,cucumber,vegetables_fruit,48,very_low,zaid,eastern_india,8165,6649,91900,10.3,367,18,43,5.8,8.3,987
Assam,watermelon,vegetables_fruit,43.7,very_low,zaid,eastern_india,1188,6099,17220,21.7,852,20,27,5.9,7.7,786
Assam,muskmelon,vegetables_fruit,52.3,very_low,zaid,eastern_india,10877,5850,59798,36.5,735,12,38,6,8,604
Assam,capsicum,vegetables_fruit,53.6,very_low,kharif,eastern_india,2056,4148,131643,40.7,842,23,30,5.9,8.3,1106
Assam,chilli_vegetable,vegetables_fruit,50.3,very_low,kharif,eastern_india,2660,7054,69899,13,511,16,30,5.8,7.2,566
Assam,drumstick,vegetables_fruit,48.6,very_low,kharif,eastern_india,6654,6225,134668,39.1,631,21,28,5.6,7.5,1026
Assam,green_peas,vegetables_legume,43.7,very_low,kharif,eastern_india,1581,7011,57158,16.4,921,17,38,5.7,8.3,578
Assam,french_bean,vegetables_legume,50.4,very_low,kharif,eastern_india,3911,3461,44928,8.3,1227,13,38,6.3,7.8,966
Assam,cluster_bean_vegetable,vegetables_legume,49.9,very_low,kharif,eastern_india,13872,3062,78263,38.5,692,14,34,6.3,8.4,790
Assam,broad_bean,vegetables_legume,49.9,very_low,kharif,eastern_india,3018,2624,159246,42.1,1314,16,26,5.9,7.3,562
Assam,berseem,fodder,51.6,very_low,kharif,eastern_india,9545,3993,54934,9,638,11,44,6.3,7.7,501
Assam,lucerne_alfalfa,fodder,54,very_low,kharif,eastern_india,2861,4942,127546,5.2,509,24,28,5.6,7.9,1075
Assam,oats_fodder,fodder,47.2,very_low,kharif,eastern_india,20397,1518,237418,23.4,573,18,31,5.6,7,704
Assam,sorghum_fodder,fodder,52.6,very_low,kharif,eastern_india,21429,3007,48272,12.2,413,14,40,6.4,8.5,509
Assam,maize_fodder,fodder,53.2,very_low,kharif,eastern_india,2016,7090,84357,12.4,758,14,39,6,8.5,349
Assam,bajra_fodder,fodder,45.3,very_low,kharif,eastern_india,9978,3211,114619,44.4,1420,22,42,6.1,8.2,573
Assam,cowpea_fodder,fodder,46,very_low,kharif,eastern_india,7723,2999,125694,19.1,327,17,26,5.6,7.3,717
Assam,stylo,fodder,46.5,very_low,kharif,eastern_india,19289,3984,69567,19.2,1206,10,25,6.3,7.7,417
Assam,para_grass,fodder,43.5,very_low,kharif,eastern_india,24665,5968,110674,28.4,1467,24,29,6.3,7.3,492
Assam,guinea_grass,fodder,50.1,very_low,kharif,eastern_india,16873,1623,74157,46.3,1375,12,32,6.1,7.2,1171
Assam,napier_grass,fodder,53.7,very_low,kharif,eastern_india,1733,1597,97060,13.7,741,16,36,5.6,7.3,1138
Assam,tulsi,medicinal,53.6,very_low,kharif,eastern_india,748,3289,128830,17.4,1382,19,26,6.4,8.4,369
Assam,neem,medicinal,48,very_low,kharif,eastern_india,6409,2257,74372,48.1,853,11,37,5.8,8.3,691
Assam,aloe_vera,medicinal,42.9,very_low,kharif,eastern_india,10657,2859,84870,14.3,618,16,43,6.4,7.3,622
Assam,ashwagandha,medicinal,42.2,very_low,kharif,eastern_india,9412,7305,150300,22.3,839,23,41,5.5,7.5,679
Assam,brahmi,medicinal,43.4,very_low,kharif,eastern_india,663,5503,29486,7.4,500,22,42,6,7.6,1180
Assam,kalmegh,medicinal,43,very_low,kharif,eastern_india,4277,2209,43510,46,999,16,43,5.5,7.3,809
Assam,giloy,medicinal,49.2,very_low,kharif,eastern_india,4413,5544,60296,33.7,616,11,33,5.6,8.4,727
Assam,stevia,medicinal,44.8,very_low,kharif,eastern_india,12738,3170,164559,44,1074,10,36,6.3,7.2,505
Assam,mentha_mint,medicinal,53.2,very_low,kharif,eastern_india,7855,4316,37237,5.3,1265,15,35,6.2,8.1,1160
Assam,lemongrass,medicinal,48,very_low,kharif,eastern_india,17169,5494,43046,10.7,1295,15,38,6,7.3,841
Assam,citronella,medicinal,40.9,very_low,kharif,eastern_india,10067,4052,109452,42.3,1202,10,28,6,8.4,1051
Assam,palmarosa,medicinal,52.6,very_low,kharif,eastern_india,6990,4294,20359,6.4,1430,13,29,5.6,8.4,821
Assam,vetiver,medicinal,50,very_low,kharif,eastern_india,9942,5350,9034,13.4,1280,21,32,5.9,7.8,300
Assam,rosemary,medicinal,43.6,very_low,kharif,eastern_india,3654,6641,31793,13.6,855,22,29,5.6,7.5,972
Assam,lavender,medicinal,48.3,very_low,kharif,eastern_india,25282,6548,127317,27.2,252,24,32,5.7,8,555
Assam,bamboo,timber,48.8,very_low,kharif,eastern_india,9808,6852,46232,25.2,898,19,40,5.9,8,435
Assam,eucalyptus,timber,54,very_low,kharif,eastern_india,12931,1142,29131,26.9,1341,17,43,6,7.7,407
Assam,teak,timber,52,very_low,kharif,eastern_india,13454,7375,112747,28.4,1080,21,27,6.1,7.1,747
Assam,sal,timber,42.3,very_low,kharif,eastern_india,5072,4027,68144,8.3,854,12,36,6.1,7.8,964
Assam,sandalwood,timber,45,very_low,kharif,eastern_india,11093,4389,131275,5.8,1050,19,31,5.6,7.1,1130
Assam,rosewood,timber,50.3,very_low,kharif,eastern_india,4554,5147,83858,7,507,23,25,5.7,8.4,852
Assam,pine,timber,43.9,very_low,kharif,eastern_india,429,2713,79980,23.7,1136,23,33,5.7,7.8,1117
Assam,deodar,timber,52.1,very_low,kharif,eastern_india,7872,5003,82165,10.5,894,23,33,6,7.1,550
Assam,button_mushroom,mushroom,44.9,very_low,kharif,eastern_india,8377,4226,155313,12.3,832,21,42,6.1,8,413
Assam,oyster_mushroom,mushroom,54.2,very_low,kharif,eastern_india,9829,2853,94499,37.4,1179,13,33,6.1,8.2,393
Assam,shiitake,mushroom,54.4,very_low,kharif,eastern_india,7719,6759,115427,25.8,608,18,39,5.9,7.9,929
Assam,milky_mushroom,mushroom,50.7,very_low,kharif,eastern_india,9506,4207,23256,15.9,827,23,32,6.2,7.1,728
Assam,rose,flowers,54.9,very_low,kharif,eastern_india,5549,4510,47683,23.4,1214,21,29,6.4,7.9,641
Assam,jasmine,flowers,47.5,very_low,kharif,eastern_india,12471,4404,89387,12.9,1256,18,27,6.3,8.4,1152
Assam,marigold,flowers,45.5,very_low,kharif,eastern_india,6650,1788,94978,13.3,528,16,32,6.3,7.7,453
Assam,chrysanthemum,flowers,44,very_low,kharif,eastern_india,3148,5281,91432,37.2,1419,23,43,5.7,7.2,572
Assam,tuberose,flowers,53.4,very_low,kharif,eastern_india,25340,1770,223161,24.1,212,16,25,6,7.5,726
Assam,gladiolus,flowers,49.2,very_low,kharif,eastern_india,18212,4038,179510,45.8,355,17,30,5.5,8,1076
Assam,lily,flowers,42.4,very_low,kharif,eastern_india,22438,7400,55899,45.7,616,18,26,5.5,8.1,700
Assam,orchid,flowers,43.8,very_low,kharif,eastern_india,9296,1002,89050,8.6,448,15,34,5.9,7.5,1167
Assam,carnation,flowers,49.6,very_low,kharif,eastern_india,4563,7125,25319,9.3,1185,19,36,5.6,7.2,860
Assam,gerbera,flowers,43.1,very_low,kharif,eastern_india,11033,2984,152376,42.9,1139,11,27,6,7.2,1180
Assam,anthurium,flowers,42.4,very_low,kharif,eastern_india,7316,5475,20559,24.4,557,23,25,6.4,8.2,567
Bihar,rice,cereals,95.3,high,kharif,northern_plains,149607,4686,376374,21.3,286,24,25,6.2,7.7,1154
Bihar,wheat,cereals,88.2,high,rabi,northern_plains,112041,5920,127178,13.7,478,21,28,6.1,7.3,1075
Bihar,maize,cereals,97.2,high,kharif,northern_plains,81722,2638,92874,17.1,1050,18,43,5.9,8,740
Bihar,barley,cereals,91.7,high,rabi,northern_plains,87552,4295,1075593,47.3,628,10,34,6,7.3,984
Bihar,jowar_sorghum,cereals,69.8,low,kharif,northern_plains,15854,7127,435823,25.4,902,22,34,5.9,7.7,821
Bihar,bajra_pearl_millet,cereals,57.8,low,kharif,northern_plains,50839,5432,60409,32.2,357,11,35,5.9,7.9,380
Bihar,ragi_finger_millet,cereals,46.5,very_low,kharif,northern_plains,13323,4928,74261,19.6,323,24,30,5.9,8,322
Bihar,foxtail_millet,cereals,52.2,very_low,kharif,northern_plains,5917,1431,27124,45.3,1091,13,26,6.2,7.9,664
Bihar,proso_millet,cereals,45.5,very_low,kharif,northern_plains,9647,7794,20271,31.9,751,16,30,6.3,7.7,789
Bihar,barnyard_millet,cereals,44.6,very_low,kharif,northern_plains,1296,5998,21516,36.1,707,16,34,5.9,7.2,578
Bihar,little_millet,cereals,50,very_low,kharif,northern_plains,6839,4220,36270,14.5,229,23,29,5.7,7.4,414
Bihar,kodo_millet,cereals,49.6,very_low,kharif,northern_plains,1643,5513,31332,36.9,924,13,38,5.6,7.8,693
Bihar,oats,cereals,44,very_low,kharif,northern_plains,19267,7992,107442,23.2,492,13,34,5.9,8.4,631
Bihar,gram_chickpea,pulses,89.9,high,rabi,northern_plains,173963,5555,1020469,20,1263,10,42,6,7.6,747
Bihar,tur_arhar,pulses,50,very_low,kharif,northern_plains,8951,4127,28205,11.2,771,17,33,6.2,7.6,1165
Bihar,moong_green_gram,pulses,49,very_low,kharif,northern_plains,3092,3781,70640,30.6,1319,11,26,6.4,7.3,901
Bihar,urad_black_gram,pulses,48.1,very_low,kharif,northern_plains,3567,1908,118866,47.6,739,14,37,6.4,8.3,1195
Bihar,masur_lentil,pulses,40.3,very_low,kharif,northern_plains,7518,6744,28057,15.8,1223,10,32,6,7.8,955
Bihar,rajma_kidney_bean,pulses,45.3,very_low,kharif,northern_plains,13119,4833,114104,16.7,310,11,29,6,8.3,931
Bihar,cowpea_lobhia,pulses,51.8,very_low,kharif,northern_plains,6988,3755,26262,7.8,968,24,28,5.5,8.2,527
Bihar,field_pea,pulses,52.4,very_low,kharif,northern_plains,22783,3862,127596,25.9,1019,16,28,6,7.8,1029
Bihar,black_eyed_pea,pulses,51,very_low,kharif,northern_plains,2845,6044,93276,45.2,1395,10,41,5.5,7.6,788
Bihar,horse_gram,pulses,42.2,very_low,kharif,northern_plains,455,2180,115921,37.1,1391,20,38,5.9,7,408
Bihar,moth_bean,pulses,48,very_low,kharif,northern_plains,9948,6114,98233,8.3,449,22,39,6.4,7.2,1191
Bihar,cluster_bean_guar,pulses,43.1,very_low,kharif,northern_plains,10209,2967,54734,13,954,23,31,6.2,7.3,862
Bihar,groundnut_peanut,oilseeds,60,low,kharif,northern_plains,12981,2251,292696,22.9,518,16,31,6.2,8.5,694
Bihar,mustard,oilseeds,96.2,high,rabi,northern_plains,38910,5834,965904,34.3,1356,16,43,6.3,7.7,842
Bihar,rapeseed,oilseeds,44.9,very_low,rabi,northern_plains,19900,1306,77731,33,273,10,34,5.8,7.7,536
Bihar,sesame_til,oilseeds,42.5,very_low,kharif,northern_plains,12353,2401,60967,31.6,293,12,26,6.3,8.1,977
Bihar,sunflower,oilseeds,80.7,medium,kharif,northern_plains,61173,5495,40151,33,1211,17,32,5.8,8,923
Bihar,safflower,oilseeds,53.1,very_low,kharif,northern_plains,13006,4929,119002,28.8,872,18,39,6.5,7.1,348
Bihar,niger,oilseeds,54.1,very_low,kharif,northern_plains,12744,4376,15619,39.6,1171,14,31,6.3,7.1,1092
Bihar,linseed_flax,oilseeds,43.8,very_low,kharif,northern_plains,20474,5746,72602,36,647,14,44,6.3,8,619
Bihar,castor,oilseeds,40.7,very_low,kharif,northern_plains,5933,6334,45709,42.8,243,15,29,5.9,7.1,1158
Bihar,coconut,oilseeds,43.3,very_low,perennial,northern_plains,12278,7898,126213,46.9,206,21,43,5.6,7.1,682
Bihar,palm_oil,oilseeds,54,very_low,kharif,northern_plains,11094,1987,339,41.5,313,19,43,5.7,8,370
Bihar,olive,oilseeds,49.1,very_low,kharif,northern_plains,9807,3108,49296,32,422,21,31,6.2,7.2,919
Bihar,walnut,oilseeds,41.9,very_low,kharif,northern_plains,4714,6238,38932,44.7,1359,12,37,5.6,7.6,941
Bihar,almond,oilseeds,49.9,very_low,kharif,northern_plains,6516,3646,18727,37.4,855,20,29,5.8,7.5,323
Bihar,cotton,fiber,75.1,medium,kharif,northern_plains,122380,4627,497170,6.4,1342,10,43,6,7.5,1131
Bihar,jute,fiber,40.4,very_low,kharif,northern_plains,11970,2535,74333,34.4,1145,10,43,5.7,7.4,537
Bihar,mesta,fiber,40.6,very_low,kharif,northern_plains,12292,3206,11604,9.8,1135,22,30,5.5,7.3,350
Bihar,flax,fiber,41.6,very_low,kharif,northern_plains,4426,4611,37920,47.3,1377,18,32,5.9,7.6,954
Bihar,hemp,fiber,46.8,very_low,kharif,northern_plains,25632,3351,121832,9.3,460,16,29,6.4,7.2,710
Bihar,sisal,fiber,49.1,very_low,kharif,northern_plains,9278,7083,108480,24.8,287,16,41,6.1,8.2,744
Bihar,coir,fiber,41.8,very_low,kharif,northern_plains,3186,5885,64966,18.3,844,16,33,5.7,7.2,477
Bihar,sugarcane,sugar,85.7,high,perennial,northern_plains,3434,5390,456099,48.8,451,15,32,5.5,8.3,328
Bihar,sugar_beet,sugar,54.1,very_low,kharif,northern_plains,15039,4805,145713,22.4,1041,10,26,6,7.8,1099
Bihar,turmeric,spices,41.6,very_low,kharif,northern_plains,5765,3758,67181,23,395,17,41,5.9,7.7,1063
Bihar,coriander,spices,50.6,very_low,kharif,northern_plains,5251,7194,91525,15,549,22,25,6.5,7.2,1016
Bihar,cumin,spices,45.9,very_low,kharif,northern_plains,17499,3890,85421,7.2,203,13,38,5.6,7.2,669
Bihar,fennel,spices,49.7,very_low,kharif,northern_plains,4525,1557,182387,16.7,1309,22,40,5.7,8.2,992
Bihar,fenugreek,spices,49,very_low,kharif,northern_plains,4518,1853,68365,31.3,667,17,32,6.1,8.4,447
Bihar,ajwain,spices,45.7,very_low,kharif,northern_plains,8058,6102,95566,17.5,1435,10,37,5.6,8.3,776
Bihar,black_pepper,spices,50,very_low,kharif,northern_plains,4229,1270,187279,19.2,367,17,36,5.5,7.4,329
Bihar,cardamom_small,spices,46.3,very_low,kharif,northern_plains,27422,5459,36314,45.8,871,12,43,6.3,8.1,938
Bihar,cardamom_large,spices,43,very_low,kharif,northern_plains,9831,2538,49983,40.2,1219,16,40,6.3,8,505
Bihar,cinnamon,spices,44.1,very_low,kharif,northern_plains,2047,2912,27444,25.5,1380,11,39,6.2,7.1,1130
Bihar,clove,spices,48.5,very_low,kharif,northern_plains,13110,2801,95893,6.8,1291,16,37,5.7,8,995
Bihar,nutmeg,spices,47.1,very_low,kharif,northern_plains,10322,7258,89149,42.9,1241,16,29,5.9,8.2,504
Bihar,ginger,spices,47.9,very_low,kharif,northern_plains,9402,5495,51528,9.9,1232,11,30,6.4,7.5,1175
Bihar,garlic,spices,54.7,very_low,kharif,northern_plains,777,5935,55521,9.5,1119,10,42,5.6,7.2,458
Bihar,onion,spices,84.4,medium,rabi,northern_plains,103249,3783,346641,15.6,824,18,37,5.8,8.4,452
Bihar,chilli,spices,54.5,very_low,kharif,northern_plains,5007,3333,37054,30.7,766,16,39,6.2,8.2,524
Bihar,tamarind,spices,49.1,very_low,kharif,northern_plains,8161,4402,54631,11.4,477,11,38,6.2,8.4,956
Bihar,vanilla,spices,40.8,very_low,kharif,northern_plains,23921,4103,129871,48.9,891,23,26,5.7,7.7,826
Bihar,saffron,spices,52.2,very_low,kharif,northern_plains,11756,1331,190835,32.2,458,17,39,6.3,7.7,574
Bihar,mint,spices,54.6,very_low,kharif,northern_plains,9636,2963,136148,15.9,423,17,30,6.1,7.2,889
Bihar,basil,spices,44.2,very_low,kharif,northern_plains,1357,7535,69435,15.5,1211,19,44,5.9,8,357
Bihar,oregano,spices,45.9,very_low,kharif,northern_plains,15914,3015,28426,36.7,1038,15,44,5.5,7.5,1128
Bihar,thyme,spices,44.8,very_low,kharif,northern_plains,8107,6766,12549,47.4,1233,12,39,5.9,7.6,1004
Bihar,tea,plantation,54.4,very_low,perennial,northern_plains,5344,4366,37809,21.3,267,20,33,5.7,8.2,1022
Bihar,coffee_arabica,plantation,47.3,very_low,perennial,northern_plains,10247,3017,30272,37.9,252,11,25,5.7,7.1,1196
Bihar,coffee_robusta,plantation,44.3,very_low,perennial,northern_plains,3227,7552,54098,21.4,1335,15,31,5.7,7.6,585
Bihar,rubber,plantation,50.2,very_low,perennial,northern_plains,9181,1461,24293,23.3,1418,15,38,5.8,7.2,352
Bihar,cocoa,plantation,44.6,very_low,kharif,northern_plains,2397,6325,1796,30.1,693,17,36,5.8,7.4,960
Bihar,cashew,plantation,53.1,very_low,kharif,northern_plains,1477,7284,38863,29.8,667,11,36,6,7.3,706
Bihar,areca_nut,plantation,52,very_low,kharif,northern_plains,2310,4836,122670,40.7,1017,12,39,6.2,7,670
Bihar,betelvine,plantation,45,very_low,kharif,northern_plains,5238,5136,170886,40.9,1397,24,25,6.1,7.6,1073
Bihar,black_pepper_plantation,plantation,43.8,very_low,kharif,northern_plains,18292,6554,20554,13.3,1185,10,41,5.5,8,628
Bihar,mango,fruits_tropical,49.2,very_low,kharif,northern_plains,8349,1755,13550,31.5,876,21,35,5.9,7.6,323
Bihar,banana,fruits_tropical,45,very_low,perennial,northern_plains,25825,3305,138937,43.1,773,10,26,6,8.5,923
Bihar,papaya,fruits_tropical,41.1,very_low,kharif,northern_plains,10665,6890,68183,34,236,22,40,5.8,8.1,493
Bihar,pineapple,fruits_tropical,40.6,very_low,kharif,northern_plains,2620,3364,47023,27.9,819,14,25,6.1,7.6,568
Bihar,jackfruit,fruits_tropical,53,very_low,kharif,northern_plains,21423,4464,26334,36.3,467,16,26,6.3,7.2,1112
Bihar,guava,fruits_tropical,53,very_low,kharif,northern_plains,14409,5336,123979,24.4,1221,16,43,6,7.7,1006
Bihar,coconut_fruit,fruits_tropical,52.3,very_low,kharif,northern_plains,3964,4274,163338,38.9,1254,10,34,6.1,8.2,344
Bihar,passion_fruit,fruits_tropical,52.8,very_low,kharif,northern_plains,4305,3220,47442,28.9,267,12,41,5.6,7.4,708
Bihar,dragon_fruit,fruits_tropical,47.8,very_low,kharif,northern_plains,11444,6529,125112,10.1,403,16,32,6.2,7.9,649
Bihar,rambutan,fruits_tropical,42.6,very_low,kharif,northern_plains,8427,3964,59953,12.7,1061,22,30,6,8.5,599
Bihar,sapota,fruits_tropical,48.9,very_low,kharif,northern_plains,7199,1627,90586,37.2,1224,20,36,5.9,8.3,1161
Bihar,custard_apple,fruits_tropical,47.5,very_low,kharif,northern_plains,16820,4768,104253,14.4,204,13,35,5.9,7.7,1182
Bihar,wood_apple,fruits_tropical,45.3,very_low,kharif,northern_plains,2707,1335,118175,30.7,1188,12,36,5.8,7.3,310
Bihar,apple,fruits_temperate,42,very_low,kharif,northern_plains,2034,7901,40074,10.9,458,18,26,6.4,8.4,522
Bihar,pear,fruits_temperate,46.8,very_low,kharif,northern_plains,6728,3897,22637,14.3,1050,16,28,6.2,7.8,1072
Bihar,peach,fruits_temperate,41.8,very_low,kharif,northern_plains,17402,1805,143007,24.9,1428,12,37,5.9,8.4,596
Bihar,plum,fruits_temperate,54.4,very_low,kharif,northern_plains,7783,6624,223253,16.4,767,17,30,5.5,7.3,553
Bihar,apricot,fruits_temperate,46.7,very_low,kharif,northern_plains,11737,5934,9271,34.3,1049,24,25,5.7,8.4,1138
Bihar,cherry,fruits_temperate,50.8,very_low,kharif,northern_plains,2545,4597,47095,13.2,1253,12,34,6.4,7.3,1180
Bihar,strawberry,fruits_temperate,54.9,very_low,kharif,northern_plains,3767,3212,71817,18.9,564,24,28,6.2,7,836
Bihar,kiwi,fruits_temperate,53.7,very_low,kharif,northern_plains,3051,5561,89882,36,615,13,44,6.4,7.7,1061
Bihar,grape,fruits_temperate,46.8,very_low,kharif,northern_plains,3054,3984,79570,6,777,21,38,6.1,8.4,316
Bihar,pomegranate,fruits_temperate,48.4,very_low,kharif,northern_plains,14055,3267,28286,44.9,811,23,36,6.2,8.2,893
Bihar,fig,fruits_temperate,46,very_low,kharif,northern_plains,16319,3615,63070,9.3,1388,11,37,5.9,7.6,911
Bihar,persimmon,fruits_temperate,41,very_low,kharif,northern_plains,16937,6797,30023,45.4,1052,23,34,6,8.4,1109
Bihar,orange,fruits_citrus,46.7,very_low,kharif,northern_plains,6183,3714,35654,17.1,1319,11,38,5.7,7.5,355
Bihar,lime,fruits_citrus,44,very_low,kharif,northern_plains,22480,2550,94211,26.2,1335,21,35,6.2,8.3,308
Bihar,lemon,fruits_citrus,46,very_low,kharif,northern_plains,20909,4799,119386,20.6,876,19,33,6.2,8.3,439
Bihar,grapefruit,fruits_citrus,46.8,very_low,kharif,northern_plains,12541,2749,93083,44.5,743,23,44,5.6,7.3,1155
Bihar,mandarin,fruits_citrus,54.4,very_low,kharif,northern_plains,297,2127,95252,13.1,853,22,25,6.1,7.4,1076
Bihar,sweet_lime,fruits_citrus,44.3,very_low,kharif,northern_plains,16080,2550,6836,23.4,575,22,41,6,7.9,843
Bihar,kinnow,fruits_citrus,52.4,very_low,kharif,northern_plains,5229,2855,79442,25.2,772,11,39,5.7,7.3,671
Bihar,spinach,vegetables_leafy,43.4,very_low,kharif,northern_plains,8188,4142,93254,14.2,402,23,33,5.9,7.1,748
Bihar,fenugreek_leaves,vegetables_leafy,48.3,very_low,kharif,northern_plains,15034,2242,42888,41.5,1431,12,34,5.7,7.1,592
Bihar,amaranth,vegetables_leafy,42.2,very_low,kharif,northern_plains,13028,2006,2028,41.4,429,19,31,6.1,7.5,378
Bihar,cabbage,vegetables_leafy,73.3,medium,kharif,northern_plains,40408,5607,197303,5.5,874,19,44,6.1,7.7,816
Bihar,cauliflower,vegetables_leafy,83.9,medium,kharif,northern_plains,45500,2660,290936,27.7,1167,17,26,6.2,8.2,560
Bihar,lettuce,vegetables_leafy,50,very_low,kharif,northern_plains,16497,6916,77985,36.1,1348,17,31,6.3,7.3,649
Bihar,kale,vegetables_leafy,53,very_low,kharif,northern_plains,10034,2503,69894,17.8,428,21,30,6,7.6,1183
Bihar,mustard_leaves,vegetables_leafy,45.9,very_low,kharif,northern_plains,1147,5135,55665,23.8,761,10,35,6,7.2,393
Bihar,curry_leaves,vegetables_leafy,41.9,very_low,kharif,northern_plains,7375,2375,24268,12.8,1445,22,29,5.8,7.3,742
Bihar,coriander_leaves,vegetables_leafy,40.3,very_low,kharif,northern_plains,12367,7290,31006,41.2,1229,11,32,5.7,7.4,536
Bihar,potato,vegetables_root,92.2,high,rabi,northern_plains,200756,1884,1649191,15.4,1204,15,27,6.4,7.5,892
Bihar,sweet_potato,vegetables_root,48.5,very_low,kharif,northern_plains,9734,6125,13824,35.1,1364,10,27,6.2,7.7,663
Bihar,carrot,vegetables_root,42.1,very_low,kharif,northern_plains,2723,4336,123053,16.6,825,24,38,6.3,7.6,991
Bihar,radish,vegetables_root,40.6,very_low,kharif,northern_plains,2629,3813,84311,20.6,1051,20,36,5.9,7.9,608
Bihar,turnip,vegetables_root,41.3,very_low,kharif,northern_plains,4057,1506,209872,18.6,1045,14,32,5.8,7.5,669
Bihar,beetroot,vegetables_root,50.8,very_low,kharif,northern_plains,19100,1293,81520,31.3,1396,10,36,6.4,7.4,1088
Bihar,onion_vegetable,vegetables_root,40.3,very_low,kharif,northern_plains,23016,5600,86711,7,1396,17,25,6.2,7.7,411
Bihar,garlic_vegetable,vegetables_root,43.2,very_low,kharif,northern_plains,6531,5354,45733,41.8,1319,19,25,6.2,7.6,809
Bihar,ginger_vegetable,vegetables_root,49.7,very_low,kharif,northern_plains,15609,1937,91406,5.2,1402,11,26,5.8,7.6,492
Bihar,turmeric_vegetable,vegetables_root,48.8,very_low,kharif,northern_plains,826,3237,122302,36,1142,20,31,5.6,7.4,1048
Bihar,yam,vegetables_root,54.7,very_low,kharif,northern_plains,389,1980,51350,31,297,24,32,6.4,8.2,979
Bihar,taro,vegetables_root,49.1,very_low,kharif,northern_plains,14459,5401,99929,49.4,1151,21,42,5.7,7.1,734
Bihar,cassava,vegetables_root,47.7,very_low,kharif,northern_plains,11945,4995,112217,6.7,999,22,28,6.1,7.9,447
Bihar,tomato,vegetables_fruit,71.9,medium,kharif,northern_plains,59409,2591,204907,35,992,19,26,6.4,7.6,582
Bihar,brinjal_eggplant,vegetables_fruit,46.9,very_low,kharif,northern_plains,15397,7504,43338,43.9,1215,23,29,6.1,7.4,1041
Bihar,okra_ladyfinger,vegetables_fruit,40.1,very_low,kharif,northern_plains,7364,3258,109949,43.3,991,22,30,6,7.7,310
Bihar,bottle_gourd,vegetables_fruit,48.4,very_low,kharif,northern_plains,13845,6153,106279,8,351,18,30,5.6,7.6,798
Bihar,bitter_gourd,vegetables_fruit,44.9,very_low,kharif,northern_plains,15800,3329,147463,34.2,1028,18,25,6.2,7.6,1148
Bihar,ridge_gourd,vegetables_fruit,52.3,very_low,kharif,northern_plains,5648,2426,59381,26.4,584,17,28,6.5,7.2,1138
Bihar,snake_gourd,vegetables_fruit,53.7,very_low,kharif,northern_plains,14922,4052,103437,20.3,591,18,34,6.1,7.4,630
Bihar,ash_gourd,vegetables_fruit,41.3,very_low,kharif,northern_plains,2882,1519,9268,41.6,250,19,30,6.4,7.7,575
Bihar,pumpkin,vegetables_fruit,47.8,very_low,kharif,northern_plains,10030,1801,140689,24.2,652,20,32,6.3,7.7,947
Bihar,cucumber,vegetables_fruit,41.6,very_low,zaid,northern_plains,19878,2482,31521,19.2,1468,13,34,5.5,7.6,814
Bihar,watermelon,vegetables_fruit,54.3,very_low,zaid,northern_plains,16693,4829,6829,19.2,948,24,42,5.7,7.3,481
Bihar,muskmelon,vegetables_fruit,53.8,very_low,zaid,northern_plains,21024,3749,109295,25.9,529,17,25,5.6,8.3,976
Bihar,capsicum,vegetables_fruit,46.3,very_low,kharif,northern_plains,7655,6185,127665,39.3,1139,13,31,6,7.5,979
Bihar,chilli_vegetable,vegetables_fruit,44.9,very_low,kharif,northern_plains,5170,7859,23165,32.5,762,11,34,6.2,7.8,1084
Bihar,drumstick,vegetables_fruit,44.3,very_low,kharif,northern_plains,10988,3647,54116,40.6,621,20,27,5.8,7.2,1030
Bihar,green_peas,vegetables_legume,43.3,very_low,kharif,northern_plains,22981,4694,105301,25.7,623,17,37,6.5,8.4,1075
Bihar,french_bean,vegetables_legume,53.3,very_low,kharif,northern_plains,12792,7265,60968,48.3,740,19,39,6.5,7.4,971
Bihar,cluster_bean_vegetable,vegetables_legume,47.8,very_low,kharif,northern_plains,11971,4865,81331,19.5,825,19,33,5.7,8.4,760
Bihar,broad_bean,vegetables_legume,51,very_low,kharif,northern_plains,6588,3850,59755,29.5,906,17,27,6,7.3,413
Bihar,berseem,fodder,54,very_low,kharif,northern_plains,14649,3812,160720,33.7,1199,15,44,6.3,8.3,454
Bihar,lucerne_alfalfa,fodder,44.1,very_low,kharif,northern_plains,4371,6987,4160,8.4,556,12,29,6.3,7.8,305
Bihar,oats_fodder,fodder,46.4,very_low,kharif,northern_plains,2229,5732,102041,37.4,1147,10,44,6.3,8.4,314
Bihar,sorghum_fodder,fodder,54,very_low,kharif,northern_plains,21974,1653,154891,48.2,1082,18,43,5.9,7.9,728
Bihar,maize_fodder,fodder,54,very_low,kharif,northern_plains,5831,5808,73016,31.2,1381,24,26,5.9,7,596
Bihar,bajra_fodder,fodder,48.1,very_low,kharif,northern_plains,23929,1892,21255,31.5,891,13,42,6.4,7.6,1101
Bihar,cowpea_fodder,fodder,45.8,very_low,kharif,northern_plains,11902,1858,183647,25.4,1154,15,25,5.6,7.7,920
Bihar,stylo,fodder,45,very_low,kharif,northern_plains,16776,5927,94330,46.2,835,16,28,5.8,7.1,870
Bihar,para_grass,fodder,43.7,very_low,kharif,northern_plains,12433,3290,31283,12.6,1207,11,34,6,8,869
Bihar,guinea_grass,fodder,52.2,very_low,kharif,northern_plains,3306,2960,12819,18,602,17,38,5.9,8.1,602
Bihar,napier_grass,fodder,44.4,very_low,kharif,northern_plains,697,1558,69750,47.4,1137,11,41,6.2,7.9,1038
Bihar,tulsi,medicinal,46.1,very_low,kharif,northern_plains,7458,4841,62211,30.4,1433,23,42,6.3,8.4,388
Bihar,neem,medicinal,44,very_low,kharif,northern_plains,16877,4536,119143,11.3,528,20,28,5.9,7.4,614
Bihar,aloe_vera,medicinal,50.6,very_low,kharif,northern_plains,9714,1699,111815,21.6,1043,20,29,6.4,7.9,685
Bihar,ashwagandha,medicinal,42.7,very_low,kharif,northern_plains,21851,2456,78123,41.4,1104,21,33,6.2,7.6,490
Bihar,brahmi,medicinal,49.5,very_low,kharif,northern_plains,9372,4226,159269,29.4,1296,21,26,6.5,8.1,1077
Bihar,kalmegh,medicinal,49.8,very_low,kharif,northern_plains,3289,3434,190221,14.1,301,21,41,5.7,8.3,918
Bihar,giloy,medicinal,47.8,very_low,kharif,northern_plains,11308,2357,60818,27.7,890,22,40,6.1,8.2,472
Bihar,stevia,medicinal,40.8,very_low,kharif,northern_plains,2329,2726,152901,23.4,1339,14,25,5.8,7.9,638
Bihar,mentha_mint,medicinal,48,very_low,kharif,northern_plains,25146,2861,101937,29.7,1433,24,29,6.2,7.6,307
Bihar,lemongrass,medicinal,40.1,very_low,kharif,northern_plains,9479,1157,105634,18.2,927,14,28,5.9,7.3,781
Bihar,citronella,medicinal,43,very_low,kharif,northern_plains,3343,5696,121693,10,808,11,36,5.8,7.8,765
Bihar,palmarosa,medicinal,53.9,very_low,kharif,northern_plains,12319,3811,159316,40,571,22,33,6.3,8.2,469
Bihar,vetiver,medicinal,50.5,very_low,kharif,northern_plains,4815,3074,91829,15.3,201,20,28,5.6,7.4,641
Bihar,rosemary,medicinal,47.1,very_low,kharif,northern_plains,10574,6012,28234,19.3,783,19,27,5.7,8.3,530
Bihar,lavender,medicinal,45.7,very_low,kharif,northern_plains,18279,3391,150092,5.9,1156,17,41,6.5,8.4,1118
Bihar,bamboo,timber,47.7,very_low,kharif,northern_plains,8091,5829,121678,14.3,1393,22,44,6.4,7.4,395
Bihar,eucalyptus,timber,41.7,very_low,kharif,northern_plains,9780,6630,113857,33.1,207,12,26,5.9,7.8,339
Bihar,teak,timber,45.2,very_low,kharif,northern_plains,8837,4249,53894,24.2,1442,13,35,6.2,7.8,1136
Bihar,sal,timber,45.7,very_low,kharif,northern_plains,1881,5262,44576,12.2,907,17,26,6.2,7.9,470
Bihar,sandalwood,timber,47,very_low,kharif,northern_plains,13036,3768,63102,32.5,1420,20,26,6,8.3,385
Bihar,rosewood,timber,54.8,very_low,kharif,northern_plains,2535,7533,84377,43,743,16,37,6.3,7.1,833
Bihar,pine,timber,42.8,very_low,kharif,northern_plains,5997,4283,45338,9.8,389,10,34,6.5,7.2,1151
Bihar,deodar,timber,51,very_low,kharif,northern_plains,14760,6787,19662,27.7,1106,18,41,5.6,8,780
Bihar,button_mushroom,mushroom,45.7,very_low,kharif,northern_plains,10497,7236,66792,42.1,722,11,26,5.6,7.6,603
Bihar,oyster_mushroom,mushroom,50.8,very_low,kharif,northern_plains,1499,2547,54717,29.6,387,12,43,6.3,7.3,665
Bihar,shiitake,mushroom,45.3,very_low,kharif,northern_plains,13300,1894,152714,22.9,541,15,34,5.8,7.4,658
Bihar,milky_mushroom,mushroom,40.3,very_low,kharif,northern_plains,4561,1307,133180,39.8,1257,17,29,6.2,8,521
Bihar,rose,flowers,53.6,very_low,kharif,northern_plains,11880,7021,66557,47.2,1139,12,33,5.6,7.6,967
Bihar,jasmine,flowers,45.8,very_low,kharif,northern_plains,9953,7105,6479,22.3,405,20,27,6.2,7.4,479
Bihar,marigold,flowers,54,very_low,kharif,northern_plains,4598,1151,40174,27.5,618,11,32,6.2,8.2,777
Bihar,chrysanthemum,flowers,48.8,very_low,kharif,northern_plains,4126,2133,28050,15.1,875,18,43,5.7,8,1035
Bihar,tuberose,flowers,48.4,very_low,kharif,northern_plains,4075,1274,37002,38.5,261,13,39,6.3,7.7,928
Bihar,gladiolus,flowers,45.8,very_low,kharif,northern_plains,5334,5059,100108,8.1,859,14,35,5.5,7.5,1037
Bihar,lily,flowers,48.3,very_low,kharif,northern_plains,5564,3086,58384,42.6,1457,16,32,6.3,7.6,796
Bihar,orchid,flowers,43.5,very_low,kharif,northern_plains,13346,6663,155389,14.7,1130,22,31,5.7,7,705
Bihar,carnation,flowers,45.3,very_low,kharif,northern_plains,4138,7017,43661,15.2,824,17,29,5.8,7.3,946
Bihar,gerbera,flowers,51.6,very_low,kharif,northern_plains,13798,6151,21456,48.5,1267,13,28,5.6,7.2,973
Bihar,anthurium,flowers,47,very_low,kharif,northern_plains,19213,5232,140970,5.8,605,19,25,5.5,8.3,915
Chhattisgarh,rice,cereals,88.4,high,kharif,central_india,201171,3147,75436,47,648,11,34,6.3,7.3,542
Chhattisgarh,wheat,cereals,88.2,high,rabi,central_india,61372,5028,2211612,11.6,1462,24,42,5.7,8,984
Chhattisgarh,maize,cereals,84.8,medium,kharif,central_india,71173,3371,130909,24,1231,16,35,6.5,7.6,853
Chhattisgarh,barley,cereals,45.5,very_low,rabi,central_india,12475,7565,77555,39.6,315,13,35,5.5,7.4,765
Chhattisgarh,jowar_sorghum,cereals,70.2,medium,kharif,central_india,51120,5012,729700,34,739,23,40,5.7,7.2,908
Chhattisgarh,bajra_pearl_millet,cereals,48.4,very_low,kharif,central_india,19123,5376,203541,29,347,22,30,6.3,8.4,927
Chhattisgarh,ragi_finger_millet,cereals,48.9,very_low,kharif,central_india,7121,3471,97856,38.8,1082,12,34,6.3,7.7,782
Chhattisgarh,foxtail_millet,cereals,51.6,very_low,kharif,central_india,9644,7267,30399,49.8,354,10,42,5.7,8.1,1029
Chhattisgarh,proso_millet,cereals,52.9,very_low,kharif,central_india,8982,5971,27804,23.3,1302,15,36,6,8,1175
Chhattisgarh,barnyard_millet,cereals,40.8,very_low,kharif,central_india,18566,4369,13691,30.2,631,12,41,6,8.4,1025
Chhattisgarh,little_millet,cereals,50.4,very_low,kharif,central_india,4379,2382,73605,12.9,571,17,30,5.7,7.9,380
Chhattisgarh,kodo_millet,cereals,40.9,very_low,kharif,central_india,12620,4883,59117,30.5,675,24,26,6.2,8.3,1023
Chhattisgarh,oats,cereals,42.8,very_low,kharif,central_india,11459,1589,103419,37.4,1148,11,39,6.2,8.2,337
Chhattisgarh,gram_chickpea,pulses,85.3,high,rabi,central_india,32396,4908,1511602,22.6,1298,10,28,5.5,7.5,1117
Chhattisgarh,tur_arhar,pulses,86.3,high,kharif,central_india,110114,7569,238293,14.5,238,16,30,6.4,7.9,852
Chhattisgarh,moong_green_gram,pulses,48,very_low,kharif,central_india,5333,7996,79112,45.2,1270,11,29,5.5,7.5,397
Chhattisgarh,urad_black_gram,pulses,47.1,very_low,kharif,central_india,20617,6244,176788,7.4,215,19,30,5.8,7.5,542
Chhattisgarh,masur_lentil,pulses,47.7,very_low,kharif,central_india,9726,5708,58348,16.3,416,15,39,6.3,8,510
Chhattisgarh,rajma_kidney_bean,pulses,48.8,very_low,kharif,central_india,10480,4849,84357,30.4,1130,11,39,5.6,7.1,1178
Chhattisgarh,cowpea_lobhia,pulses,54.4,very_low,kharif,central_india,5030,2303,43578,42.4,1435,19,32,6.1,7.5,1118
Chhattisgarh,field_pea,pulses,53.1,very_low,kharif,central_india,7017,3053,5862,41.7,785,14,34,6.3,7.2,1071
Chhattisgarh,black_eyed_pea,pulses,53.5,very_low,kharif,central_india,11675,2519,86669,20,429,19,34,6.4,7,879
Chhattisgarh,horse_gram,pulses,51.4,very_low,kharif,central_india,22348,6103,186988,20,854,10,25,5.7,7.2,534
Chhattisgarh,moth_bean,pulses,42.7,very_low,kharif,central_india,9621,1057,62273,11.8,1385,23,38,6.2,7,1186
Chhattisgarh,cluster_bean_guar,pulses,53.2,very_low,kharif,central_india,18489,3413,199507,18.1,931,11,43,5.6,7.3,802
Chhattisgarh,groundnut_peanut,oilseeds,66.5,low,kharif,central_india,14620,1006,369441,49.3,1252,16,43,5.9,7.8,729
Chhattisgarh,mustard,oilseeds,76.7,medium,rabi,central_india,71361,3217,278285,6.7,958,13,27,6.2,8,976
Chhattisgarh,rapeseed,oilseeds,47.6,very_low,rabi,central_india,26124,6651,141869,18.7,1477,14,29,5.9,7.1,1180
Chhattisgarh,sesame_til,oilseeds,78.8,medium,kharif,central_india,78440,4479,31672,32.6,1131,16,40,5.7,7.3,445
Chhattisgarh,sunflower,oilseeds,75.6,medium,kharif,central_india,115560,3679,657043,37.4,513,12,44,6.1,8.5,603
Chhattisgarh,safflower,oilseeds,50.5,very_low,kharif,central_india,3881,4583,37051,12.5,541,10,39,6,7.1,454
Chhattisgarh,niger,oilseeds,41.5,very_low,kharif,central_india,2297,6279,3869,16.2,1357,20,26,6.3,7.7,1062
Chhattisgarh,linseed_flax,oilseeds,79,medium,kharif,central_india,126906,2626,638044,25.7,251,10,27,6.1,7.9,798
Chhattisgarh,castor,oilseeds,55.5,low,kharif,central_india,49475,3783,267493,40.1,1219,17,42,5.9,8.3,516
Chhattisgarh,coconut,oilseeds,44.2,very_low,perennial,central_india,8823,3919,20361,15.4,1371,22,36,6.1,7.7,652
Chhattisgarh,palm_oil,oilseeds,53.7,very_low,kharif,central_india,5308,3411,49926,25.6,874,12,35,5.7,7.3,358
Chhattisgarh,olive,oilseeds,51.4,very_low,kharif,central_india,11692,6093,100863,26.2,704,15,37,6,8.3,1087
Chhattisgarh,walnut,oilseeds,42.6,very_low,kharif,central_india,8068,3108,2015,45,494,23,39,6.3,7.3,510
Chhattisgarh,almond,oilseeds,47.8,very_low,kharif,central_india,4198,3250,17278,14.2,1225,12,25,6.1,8.5,598
Chhattisgarh,cotton,fiber,86.5,high,kharif,central_india,213719,6488,1173998,19.2,904,11,38,6.2,8.4,534
Chhattisgarh,jute,fiber,40.3,very_low,kharif,central_india,14841,6532,32580,16.8,866,14,42,6,8.2,822
Chhattisgarh,mesta,fiber,51.6,very_low,kharif,central_india,13874,2922,72831,14.6,818,14,30,6.5,7.2,1008
Chhattisgarh,flax,fiber,54.8,very_low,kharif,central_india,7299,2770,3467,23.1,1415,10,36,6,8.3,375
Chhattisgarh,hemp,fiber,50.2,very_low,kharif,central_india,15869,7596,155455,6.9,812,15,31,6,7.6,689
Chhattisgarh,sisal,fiber,54.7,very_low,kharif,central_india,10866,4361,58789,42.4,668,16,33,5.9,8.4,1046
Chhattisgarh,coir,fiber,41.6,very_low,kharif,central_india,5273,1690,60283,11.5,879,10,31,6.2,7.7,1180
Chhattisgarh,sugarcane,sugar,68.1,low,perennial,central_india,2638,6919,349617,41.9,366,24,30,6.2,8.4,512
Chhattisgarh,sugar_beet,sugar,53.6,very_low,kharif,central_india,15811,2968,123493,7.4,1122,17,34,5.7,8.1,471
Chhattisgarh,turmeric,spices,48.3,very_low,kharif,central_india,14403,1200,24191,15.9,738,13,34,6.4,8.1,821
Chhattisgarh,coriander,spices,41.3,very_low,kharif,central_india,4173,6504,47949,23.8,655,22,27,6.1,7.2,934
Chhattisgarh,cumin,spices,53.6,very_low,kharif,central_india,9219,7491,77997,26.9,951,20,27,6.3,7.7,365
Chhattisgarh,fennel,spices,51.8,very_low,kharif,central_india,1918,5436,123514,44.9,1444,23,25,5.9,8.2,629
Chhattisgarh,fenugreek,spices,49,very_low,kharif,central_india,8217,7331,89186,25.9,1496,17,28,6,8.2,999
Chhattisgarh,ajwain,spices,51.8,very_low,kharif,central_india,6322,7034,172713,13.7,369,24,42,6.4,8.3,787
Chhattisgarh,black_pepper,spices,49.7,very_low,kharif,central_india,1268,6218,84624,34.1,853,17,28,5.8,7.2,476
Chhattisgarh,cardamom_small,spices,54.6,very_low,kharif,central_india,3612,5134,63813,11.9,1231,21,29,5.8,8.4,1043
Chhattisgarh,cardamom_large,spices,50.5,very_low,kharif,central_india,4938,4915,17553,25.2,981,14,40,6.3,7.5,1054
Chhattisgarh,cinnamon,spices,41.6,very_low,kharif,central_india,4313,1580,137459,26.2,1380,15,30,6,7.7,609
Chhattisgarh,clove,spices,50.4,very_low,kharif,central_india,21524,7809,53923,37.2,712,20,34,6.5,8.1,1157
Chhattisgarh,nutmeg,spices,52.5,very_low,kharif,central_india,22903,4214,56727,21.7,226,17,35,6,8.5,1120
Chhattisgarh,ginger,spices,42.4,very_low,kharif,central_india,7467,3523,111042,28.6,943,22,41,5.6,8.1,691
Chhattisgarh,garlic,spices,44.4,very_low,kharif,central_india,5416,3488,22216,36.3,1200,13,25,6.3,7,1143
Chhattisgarh,onion,spices,49.4,very_low,rabi,central_india,4175,1063,31089,11.2,995,12,35,6.1,7.4,331
Chhattisgarh,chilli,spices,40.6,very_low,kharif,central_india,7808,3226,67082,24.4,788,17,39,5.8,7.2,800
Chhattisgarh,tamarind,spices,44.9,very_low,kharif,central_india,12261,4458,93608,29.5,1161,20,35,6.2,8.3,689
Chhattisgarh,vanilla,spices,46.2,very_low,kharif,central_india,14835,1497,180483,6.4,1172,21,44,5.6,7.9,685
Chhattisgarh,saffron,spices,45,very_low,kharif,central_india,6694,4353,9980,32.6,1159,21,43,5.9,8.4,1078
Chhattisgarh,mint,spices,44.4,very_low,kharif,central_india,5815,3813,60785,31.3,1174,17,27,6.4,7.5,1174
Chhattisgarh,basil,spices,41.8,very_low,kharif,central_india,2919,2617,11146,36.7,1305,16,43,6.1,7.9,1060
Chhattisgarh,oregano,spices,44.5,very_low,kharif,central_india,15494,7306,133472,45.6,365,22,33,6.5,7.7,798
Chhattisgarh,thyme,spices,47.9,very_low,kharif,central_india,1384,7269,105566,11.3,1209,19,33,5.8,8.3,930
Chhattisgarh,tea,plantation,48.2,very_low,perennial,central_india,2222,4317,34566,14.4,1059,23,33,5.7,8,1084
Chhattisgarh,coffee_arabica,plantation,51.2,very_low,perennial,central_india,14815,6263,30909,20.7,706,17,43,6.4,7.2,455
Chhattisgarh,coffee_robusta,plantation,45.4,very_low,perennial,central_india,9783,7319,121754,34.4,1289,17,29,6,7.8,968
Chhattisgarh,rubber,plantation,43.3,very_low,perennial,central_india,6432,7716,61773,39,1176,13,36,6.4,7.7,1150
Chhattisgarh,cocoa,plantation,43.2,very_low,kharif,central_india,10249,6933,91185,35.6,1417,22,41,6.1,7.6,1141
Chhattisgarh,cashew,plantation,46.5,very_low,kharif,central_india,9383,4953,78313,7.2,1346,16,36,5.6,7,520
Chhattisgarh,areca_nut,plantation,50.6,very_low,kharif,central_india,10902,2505,19709,13.2,218,21,42,6.1,7.3,556
Chhattisgarh,betelvine,plantation,47.1,very_low,kharif,central_india,7413,6121,102420,18.4,792,11,40,5.7,8.1,361
Chhattisgarh,black_pepper_plantation,plantation,54.3,very_low,kharif,central_india,12251,6666,107323,26.5,1145,15,28,5.9,7.2,1183
Chhattisgarh,mango,fruits_tropical,41.4,very_low,kharif,central_india,13728,4766,115475,10.2,921,14,43,6.3,8.5,333
Chhattisgarh,banana,fruits_tropical,44.3,very_low,perennial,central_india,292,2696,75570,15.4,861,23,38,5.9,7.6,710
Chhattisgarh,papaya,fruits_tropical,42.7,very_low,kharif,central_india,8403,6966,137324,32.5,673,13,40,6,7.3,475
Chhattisgarh,pineapple,fruits_tropical,42.5,very_low,kharif,central_india,6046,4686,92411,31.1,1340,23,34,5.5,7.6,845
Chhattisgarh,jackfruit,fruits_tropical,48.4,very_low,kharif,central_india,3742,5525,33835,38.8,640,20,25,5.9,8.1,504
Chhattisgarh,guava,fruits_tropical,51.9,very_low,kharif,central_india,13381,3474,87404,31.9,814,20,33,5.7,7.3,305
Chhattisgarh,coconut_fruit,fruits_tropical,44.5,very_low,kharif,central_india,19888,2417,191652,27.6,1392,20,39,5.6,7.3,307
Chhattisgarh,passion_fruit,fruits_tropical,50.7,very_low,kharif,central_india,13321,3372,110730,10.9,425,15,33,5.8,8.1,387
Chhattisgarh,dragon_fruit,fruits_tropical,45.3,very_low,kharif,central_india,2036,7596,211034,9,578,15,40,6.1,8,981
Chhattisgarh,rambutan,fruits_tropical,41.8,very_low,kharif,central_india,18893,5041,189821,36.5,462,16,34,5.6,8.4,415
Chhattisgarh,sapota,fruits_tropical,50.5,very_low,kharif,central_india,711,7473,137172,28.6,497,11,32,5.8,7.8,1169
Chhattisgarh,custard_apple,fruits_tropical,48.6,very_low,kharif,central_india,18190,4326,190095,26.2,1329,14,27,6.4,7.9,1100
Chhattisgarh,wood_apple,fruits_tropical,54.1,very_low,kharif,central_india,5602,3624,55480,40.7,564,18,39,5.6,8.2,845
Chhattisgarh,apple,fruits_temperate,54.2,very_low,kharif,central_india,1965,4545,11679,48.6,250,21,35,5.9,7.1,859
Chhattisgarh,pear,fruits_temperate,48.8,very_low,kharif,central_india,14229,3128,56275,29.5,330,23,32,5.6,7.6,840
Chhattisgarh,peach,fruits_temperate,47.7,very_low,kharif,central_india,1551,2991,156620,8.6,1312,11,41,5.9,7.9,437
Chhattisgarh,plum,fruits_temperate,41,very_low,kharif,central_india,1955,3186,58992,31.5,1226,19,37,5.9,7.7,673
Chhattisgarh,apricot,fruits_temperate,52.6,very_low,kharif,central_india,228,5559,23764,45.1,1316,11,27,6,7.9,547
Chhattisgarh,cherry,fruits_temperate,50.8,very_low,kharif,central_india,7260,1177,131470,14.7,1284,16,36,6.4,8.3,634
Chhattisgarh,strawberry,fruits_temperate,43.1,very_low,kharif,central_india,11189,2344,184548,13.9,233,10,37,6.2,7.5,588
Chhattisgarh,kiwi,fruits_temperate,45.1,very_low,kharif,central_india,1594,7503,42201,50,422,21,29,5.6,8.3,1072
Chhattisgarh,grape,fruits_temperate,46.1,very_low,kharif,central_india,13502,6970,60776,28.6,830,15,42,5.7,7.2,819
Chhattisgarh,pomegranate,fruits_temperate,49.9,very_low,kharif,central_india,5512,7625,27513,35.1,1162,16,43,6.2,7.7,812
Chhattisgarh,fig,fruits_temperate,50.4,very_low,kharif,central_india,19220,3498,52558,14.6,249,10,42,6.2,8,853
Chhattisgarh,persimmon,fruits_temperate,52.7,very_low,kharif,central_india,17090,3516,145361,36.4,534,18,35,5.6,7.9,583
Chhattisgarh,orange,fruits_citrus,40.8,very_low,kharif,central_india,18689,7138,156793,21.1,866,20,44,5.8,8.3,1131
Chhattisgarh,lime,fruits_citrus,50.1,very_low,kharif,central_india,11561,7671,161024,6.9,1378,17,34,6.1,7.2,722
Chhattisgarh,lemon,fruits_citrus,52.5,very_low,kharif,central_india,2888,1017,34346,37.8,1238,24,37,5.8,8.4,997
Chhattisgarh,grapefruit,fruits_citrus,48.6,very_low,kharif,central_india,22121,5986,70621,37.1,252,15,33,5.7,7,420
Chhattisgarh,mandarin,fruits_citrus,49.8,very_low,kharif,central_india,25741,3424,124994,47.2,417,20,40,5.6,8.3,1031
Chhattisgarh,sweet_lime,fruits_citrus,40.5,very_low,kharif,central_india,693,3343,48223,29,547,23,32,5.5,7.5,777
Chhattisgarh,kinnow,fruits_citrus,46.1,very_low,kharif,central_india,2166,6734,123338,19.8,696,19,39,5.9,8.4,804
Chhattisgarh,spinach,vegetables_leafy,46.8,very_low,kharif,central_india,21861,6561,7561,20,811,14,39,6.3,8.1,1190
Chhattisgarh,fenugreek_leaves,vegetables_leafy,44.1,very_low,kharif,central_india,21146,3535,161579,9.7,1226,17,30,6.2,8,488
Chhattisgarh,amaranth,vegetables_leafy,40.5,very_low,kharif,central_india,10714,7136,138670,28.8,1179,16,39,5.7,7.6,870
Chhattisgarh,cabbage,vegetables_leafy,40.3,very_low,kharif,central_india,20468,3793,87749,43.3,1208,14,31,6.2,7.8,446
Chhattisgarh,cauliflower,vegetables_leafy,44.6,very_low,kharif,central_india,19355,7901,171873,47.4,481,21,25,6.2,7.7,612
Chhattisgarh,lettuce,vegetables_leafy,52.9,very_low,kharif,central_india,868,5266,79874,23.7,1281,14,43,5.7,8,904
Chhattisgarh,kale,vegetables_leafy,43.8,very_low,kharif,central_india,13797,6332,43538,29,280,13,34,5.6,8.3,946
Chhattisgarh,mustard_leaves,vegetables_leafy,54.2,very_low,kharif,central_india,22460,4881,114709,49,1034,10,39,6.4,8.2,825
Chhattisgarh,curry_leaves,vegetables_leafy,50.1,very_low,kharif,central_india,2973,5670,67784,33.8,989,12,29,6.1,7.2,538
Chhattisgarh,coriander_leaves,vegetables_leafy,52.5,very_low,kharif,central_india,8158,7587,30187,22.5,988,21,43,6.4,8.2,505
Chhattisgarh,potato,vegetables_root,40.4,very_low,rabi,central_india,2653,5972,93546,7,1287,13,33,6.2,7.6,697
Chhattisgarh,sweet_potato,vegetables_root,41,very_low,kharif,central_india,13831,7406,59744,24.1,1113,24,30,5.9,8.2,848
Chhattisgarh,carrot,vegetables_root,41.7,very_low,kharif,central_india,4395,4571,95576,44.4,801,14,29,6.4,7.3,683
Chhattisgarh,radish,vegetables_root,42.8,very_low,kharif,central_india,12214,3458,73729,43.3,919,20,42,6.4,7.5,1157
Chhattisgarh,turnip,vegetables_root,40.4,very_low,kharif,central_india,15727,2922,38439,18.6,996,16,39,6.4,8,484
Chhattisgarh,beetroot,vegetables_root,54,very_low,kharif,central_india,2421,1629,68979,10.1,380,14,30,6.1,8.2,985
Chhattisgarh,onion_vegetable,vegetables_root,43.9,very_low,kharif,central_india,14401,1057,104924,14,1431,15,33,6.2,7.9,586
Chhattisgarh,garlic_vegetable,vegetables_root,48.3,very_low,kharif,central_india,1277,1078,90332,10.9,1063,13,33,5.7,7.8,404
Chhattisgarh,ginger_vegetable,vegetables_root,40.3,very_low,kharif,central_india,10523,1996,62506,8.1,340,17,34,6.5,8.4,1001
Chhattisgarh,turmeric_vegetable,vegetables_root,49,very_low,kharif,central_india,6925,7629,92196,31.1,501,10,43,5.8,7.7,403
Chhattisgarh,yam,vegetables_root,52.6,very_low,kharif,central_india,8818,1981,74856,37.8,414,18,31,5.7,8.3,663
Chhattisgarh,taro,vegetables_root,46,very_low,kharif,central_india,5214,7101,39006,47.8,1430,12,28,6.4,7.6,303
Chhattisgarh,cassava,vegetables_root,44.1,very_low,kharif,central_india,17590,1933,19608,46.5,1176,18,40,5.9,8.1,634
Chhattisgarh,tomato,vegetables_fruit,43.7,very_low,kharif,central_india,10458,7869,68883,46.5,1412,13,40,5.9,8.4,705
Chhattisgarh,brinjal_eggplant,vegetables_fruit,51.2,very_low,kharif,central_india,4554,2395,65931,39,986,20,30,6,7.1,1035
Chhattisgarh,okra_ladyfinger,vegetables_fruit,54.8,very_low,kharif,central_india,378,2188,94745,32.5,1224,13,40,6.2,7.5,790
Chhattisgarh,bottle_gourd,vegetables_fruit,42.2,very_low,kharif,central_india,16810,3948,127989,31.6,449,18,35,5.9,7.2,675
Chhattisgarh,bitter_gourd,vegetables_fruit,41.1,very_low,kharif,central_india,5050,3137,88678,21.9,1185,17,39,5.8,8.4,777
Chhattisgarh,ridge_gourd,vegetables_fruit,52.5,very_low,kharif,central_india,1889,5715,1245,26.4,450,19,44,6,8.2,757
Chhattisgarh,snake_gourd,vegetables_fruit,47.4,very_low,kharif,central_india,25492,6500,68004,29.5,491,16,34,6.3,8.3,673
Chhattisgarh,ash_gourd,vegetables_fruit,40.3,very_low,kharif,central_india,4971,5353,5706,23,1481,11,33,5.8,8.4,1082
Chhattisgarh,pumpkin,vegetables_fruit,43.6,very_low,kharif,central_india,7333,3354,62535,6.4,373,20,29,6.4,7.1,493
Chhattisgarh,cucumber,vegetables_fruit,55,very_low,zaid,central_india,13173,2278,91121,37.7,608,22,37,5.9,7.8,819
Chhattisgarh,watermelon,vegetables_fruit,42.5,very_low,zaid,central_india,6319,3806,109975,26.7,1422,14,33,6.3,7.8,792
Chhattisgarh,muskmelon,vegetables_fruit,40.8,very_low,zaid,central_india,4996,7995,44458,44.8,1079,15,35,6.3,8.3,444
Chhattisgarh,capsicum,vegetables_fruit,45.1,very_low,kharif,central_india,862,5187,114258,22.2,1162,19,32,5.6,8.1,1069
Chhattisgarh,chilli_vegetable,vegetables_fruit,50.3,very_low,kharif,central_india,2320,1486,47307,39,343,22,36,6.2,8.5,375
Chhattisgarh,drumstick,vegetables_fruit,53.5,very_low,kharif,central_india,4996,6960,90797,27.8,972,20,41,5.6,8.2,733
Chhattisgarh,green_peas,vegetables_legume,46.8,very_low,kharif,central_india,9499,7615,81121,47.9,434,20,41,6.2,7.9,808
Chhattisgarh,french_bean,vegetables_legume,52.9,very_low,kharif,central_india,3464,6940,87715,16.4,1330,16,41,5.8,7,745
Chhattisgarh,cluster_bean_vegetable,vegetables_legume,41.5,very_low,kharif,central_india,7107,4105,17696,17.9,1215,12,37,6.4,8,1029
Chhattisgarh,broad_bean,vegetables_legume,41.6,very_low,kharif,central_india,13447,6005,76875,34.9,738,10,40,6.2,7.7,1109
Chhattisgarh,berseem,fodder,45,very_low,kharif,central_india,13885,6578,65526,10.9,479,19,32,6.3,8.4,1025
Chhattisgarh,lucerne_alfalfa,fodder,45.7,very_low,kharif,central_india,9225,2169,7134,22.4,1374,13,29,6.5,7,1007
Chhattisgarh,oats_fodder,fodder,44.8,very_low,kharif,central_india,9874,1977,47500,17.3,284,10,27,5.6,8.1,737
Chhattisgarh,sorghum_fodder,fodder,45.1,very_low,kharif,central_india,17075,7375,105213,44.8,615,15,37,6.1,7.7,660
Chhattisgarh,maize_fodder,fodder,54.8,very_low,kharif,central_india,11642,6091,57172,9.5,658,16,25,6.3,7.5,822
Chhattisgarh,bajra_fodder,fodder,41.1,very_low,kharif,central_india,12025,5260,102636,49.9,683,14,42,6.5,7.9,1015
Chhattisgarh,cowpea_fodder,fodder,51.7,very_low,kharif,central_india,9896,6831,94224,6,637,12,29,6.4,7.1,497
Chhattisgarh,stylo,fodder,44.6,very_low,kharif,central_india,12034,2527,29536,15.7,853,14,43,6,7.1,956
Chhattisgarh,para_grass,fodder,44.9,very_low,kharif,central_india,6616,4995,142559,46.8,539,15,34,6.4,8.4,380
Chhattisgarh,guinea_grass,fodder,42,very_low,kharif,central_india,2300,3419,23804,33.6,1434,24,32,6.1,8.3,405
Chhattisgarh,napier_grass,fodder,50.3,very_low,kharif,central_india,3891,3819,11213,36.3,528,14,27,6.4,7.7,814
Chhattisgarh,tulsi,medicinal,48.5,very_low,kharif,central_india,3652,6215,18668,9.7,1123,13,31,6,7.7,937
Chhattisgarh,neem,medicinal,49.4,very_low,kharif,central_india,16408,3048,59175,24.7,599,24,41,5.7,7,338
Chhattisgarh,aloe_vera,medicinal,43.7,very_low,kharif,central_india,6609,7005,72445,14.7,719,17,41,6.3,8.4,758
Chhattisgarh,ashwagandha,medicinal,50.4,very_low,kharif,central_india,6970,2740,42329,33.5,534,10,25,5.5,7,399
Chhattisgarh,brahmi,medicinal,43.6,very_low,kharif,central_india,14235,3142,14829,29.6,1315,20,30,6.1,8.1,955
Chhattisgarh,kalmegh,medicinal,50,very_low,kharif,central_india,23890,5052,94436,33.9,1263,10,44,5.7,7.7,1084
Chhattisgarh,giloy,medicinal,43.4,very_low,kharif,central_india,2759,3765,27844,21.4,685,24,44,5.6,8.1,346
Chhattisgarh,stevia,medicinal,40.5,very_low,kharif,central_india,11693,7586,18880,12.3,512,17,36,5.7,8.1,578
Chhattisgarh,mentha_mint,medicinal,53.8,very_low,kharif,central_india,10225,6529,151418,18.1,641,24,28,5.5,7.7,1021
Chhattisgarh,lemongrass,medicinal,51.6,very_low,kharif,central_india,15270,1700,133822,40,321,12,25,6.1,8.3,903
Chhattisgarh,citronella,medicinal,54.7,very_low,kharif,central_india,10179,6698,28385,48.8,574,23,42,6.3,7.8,408
Chhattisgarh,palmarosa,medicinal,48,very_low,kharif,central_india,13610,6306,124848,5.7,1251,24,40,5.6,7.1,318
Chhattisgarh,vetiver,medicinal,49.4,very_low,kharif,central_india,22300,3786,60142,33.1,1273,24,41,5.9,8,1070
Chhattisgarh,rosemary,medicinal,47.4,very_low,kharif,central_india,2551,1001,82400,10,516,14,36,5.9,8,350
Chhattisgarh,lavender,medicinal,41.9,very_low,kharif,central_india,6866,3070,10902,45.3,1099,11,26,6.5,8,675
Chhattisgarh,bamboo,timber,50.5,very_low,kharif,central_india,19653,4345,86555,5.5,1404,19,29,6.4,8.4,1190
Chhattisgarh,eucalyptus,timber,53.1,very_low,kharif,central_india,7556,6895,197288,15.4,327,24,30,6.4,7,318
Chhattisgarh,teak,timber,47,very_low,kharif,central_india,10237,4958,9294,12.3,704,12,40,5.9,7.1,735
Chhattisgarh,sal,timber,41.4,very_low,kharif,central_india,3109,7016,93053,42.2,634,14,35,6.2,8.5,418
Chhattisgarh,sandalwood,timber,40.7,very_low,kharif,central_india,19919,6924,129729,47.9,864,23,44,6.3,7.5,476
Chhattisgarh,rosewood,timber,48.2,very_low,kharif,central_india,16753,1700,39442,38.8,323,14,32,6.1,7.2,1074
Chhattisgarh,pine,timber,46.7,very_low,kharif,central_india,13410,2925,32399,5.2,891,11,32,6.1,7.4,457
Chhattisgarh,deodar,timber,51.6,very_low,kharif,central_india,3166,2089,222241,6.7,1470,10,42,5.8,8.4,585
Chhattisgarh,button_mushroom,mushroom,49.8,very_low,kharif,central_india,2899,6415,49119,46.8,757,23,33,6.5,8.4,596
Chhattisgarh,oyster_mushroom,mushroom,53.3,very_low,kharif,central_india,5891,5370,15921,42.7,426,11,33,6.1,8.3,1176
Chhattisgarh,shiitake,mushroom,46.6,very_low,kharif,central_india,8424,4956,40224,18.9,853,15,40,6,8.3,789
Chhattisgarh,milky_mushroom,mushroom,43.6,very_low,kharif,central_india,15176,2447,134888,21.1,1297,16,39,5.6,7.6,1184
Chhattisgarh,rose,flowers,52.1,very_low,kharif,central_india,3761,3308,68718,39.1,1174,17,41,5.9,7.2,807
Chhattisgarh,jasmine,flowers,54.3,very_low,kharif,central_india,15074,5527,192531,24.3,630,24,42,5.8,7.7,673
Chhattisgarh,marigold,flowers,42.2,very_low,kharif,central_india,11961,7127,44403,29.7,231,21,36,6.1,7.1,489
Chhattisgarh,chrysanthemum,flowers,41.1,very_low,kharif,central_india,9958,4963,77330,29.7,554,13,27,6.3,7.9,467
Chhattisgarh,tuberose,flowers,42.7,very_low,kharif,central_india,20466,5615,89545,16.8,1473,21,31,6.3,8.1,567
Chhattisgarh,gladiolus,flowers,46.4,very_low,kharif,central_india,1645,6059,29460,41.9,1494,11,34,6.3,8.2,983
Chhattisgarh,lily,flowers,45.2,very_low,kharif,central_india,11427,7817,50117,46.5,550,24,38,6,7.9,545
Chhattisgarh,orchid,flowers,44.1,very_low,kharif,central_india,1508,3433,74917,32.4,333,22,37,6.5,8,457
Chhattisgarh,carnation,flowers,47.1,very_low,kharif,central_india,872,1104,23979,16.3,758,17,27,6.2,7.9,565
Chhattisgarh,gerbera,flowers,40.2,very_low,kharif,central_india,4595,2077,34899,33.3,911,13,31,6.1,8.3,977
Chhattisgarh,anthurium,flowers,48.3,very_low,kharif,central_india,6405,7155,5580,49.5,1063,20,25,6.1,7.7,395
Goa,rice,cereals,88.6,high,kharif,southern_india,157223,3893,167499,37.1,1113,19,35,5.9,7.9,510
Goa,wheat,cereals,69.1,low,rabi,southern_india,18906,4147,383232,12.3,580,20,31,6.3,7.2,986
Goa,maize,cereals,56,low,kharif,southern_india,27543,5069,86409,15.5,1001,17,44,6.5,8,698
Goa,barley,cereals,47.4,very_low,rabi,southern_india,2614,3298,14459,8.3,454,17,40,6,7.5,374
Goa,jowar_sorghum,cereals,92.2,high,kharif,southern_india,117996,7840,171507,14.5,815,24,40,6.4,7.5,1192
Goa,bajra_pearl_millet,cereals,86.3,high,kharif,southern_india,135367,7490,115897,10.1,243,11,29,6.5,8,1000
Goa,ragi_finger_millet,cereals,95.1,high,kharif,southern_india,184096,5170,581000,30.2,893,22,44,5.9,8.1,389
Goa,foxtail_millet,cereals,51.7,very_low,kharif,southern_india,853,3542,85207,10.4,1401,11,43,6.2,7.5,651
Goa,proso_millet,cereals,51.1,very_low,kharif,southern_india,14868,3724,86082,49.5,478,16,30,6.3,8.1,563
Goa,barnyard_millet,cereals,41.2,very_low,kharif,southern_india,4430,3872,80880,26.1,533,23,34,6.1,7.1,644
Goa,little_millet,cereals,54.2,very_low,kharif,southern_india,7649,5379,158723,17.3,856,24,28,6.2,7.9,911
Goa,kodo_millet,cereals,45.3,very_low,kharif,southern_india,11188,2508,54742,13.5,210,24,33,6.5,7.2,828
Goa,oats,cereals,43,very_low,kharif,southern_india,20276,1788,188283,13.8,996,24,42,6.5,7.5,395
Goa,gram_chickpea,pulses,42.8,very_low,rabi,southern_india,15913,2051,105677,19.6,643,19,34,6.3,7.2,1010
Goa,tur_arhar,pulses,41,very_low,kharif,southern_india,9155,6984,28163,19.7,898,13,41,6.3,7.2,717
Goa,moong_green_gram,pulses,51.6,very_low,kharif,southern_india,10663,1351,81613,11.9,1279,15,30,6.3,7.1,656
Goa,urad_black_gram,pulses,45.6,very_low,kharif,southern_india,14324,6256,8173,37.2,885,23,31,6.1,7.8,740
Goa,masur_lentil,pulses,46.8,very_low,kharif,southern_india,10699,4159,108223,16.7,1087,24,38,6.4,8.2,624
Goa,rajma_kidney_bean,pulses,49,very_low,kharif,southern_india,7089,2612,78127,28.8,734,14,44,5.6,7.1,495
Goa,cowpea_lobhia,pulses,54.6,very_low,kharif,southern_india,19477,7160,50872,48.7,385,11,27,6.1,8.2,630
Goa,field_pea,pulses,54.7,very_low,kharif,southern_india,2970,4261,101580,42.5,796,18,30,6.1,8.5,344
Goa,black_eyed_pea,pulses,53.3,very_low,kharif,southern_india,5514,7684,82263,19.9,435,13,41,6.1,8.4,508
Goa,horse_gram,pulses,41.8,very_low,kharif,southern_india,5190,7988,56304,18.9,1339,21,25,6.3,7.5,434
Goa,moth_bean,pulses,43.4,very_low,kharif,southern_india,8341,3022,26849,39.3,1487,21,30,5.7,7.3,423
Goa,cluster_bean_guar,pulses,48.3,very_low,kharif,southern_india,15662,5761,51859,19.9,1085,15,29,5.9,7.4,379
Goa,groundnut_peanut,oilseeds,95.8,high,kharif,southern_india,63252,1453,1643681,14.5,711,10,29,6.3,8.2,486
Goa,mustard,oilseeds,45,very_low,rabi,southern_india,1058,7945,66572,29.4,1195,22,41,5.5,7.3,889
Goa,rapeseed,oilseeds,45.6,very_low,rabi,southern_india,19828,7695,48019,43.9,617,24,28,6,8.2,689
Goa,sesame_til,oilseeds,47,very_low,kharif,southern_india,12814,5228,13251,42.9,1042,16,25,6.1,7,301
Goa,sunflower,oilseeds,64.2,low,kharif,southern_india,7888,5572,17320,19.1,394,18,38,6.2,7.4,380
Goa,safflower,oilseeds,41.2,very_low,kharif,southern_india,17529,2524,38182,9.5,987,20,37,6.4,7.7,421
Goa,niger,oilseeds,44.3,very_low,kharif,southern_india,14344,4717,127097,33.7,1345,18,40,5.7,8,1111
Goa,linseed_flax,oilseeds,45.8,very_low,kharif,southern_india,18612,1416,119116,10.9,1457,22,27,5.6,7.9,610
Goa,castor,oilseeds,55.5,low,kharif,southern_india,22488,1707,366315,46.2,1183,22,29,5.8,7.3,988
Goa,coconut,oilseeds,97.3,high,perennial,southern_india,227305,5470,800235,24.2,297,10,38,5.9,7.8,801
Goa,palm_oil,oilseeds,44.2,very_low,kharif,southern_india,9291,3718,128177,25.3,984,23,42,6.4,7.4,331
Goa,olive,oilseeds,43.9,very_low,kharif,southern_india,14176,5544,10322,11.1,402,19,39,6.4,8.4,481
Goa,walnut,oilseeds,44.6,very_low,kharif,southern_india,5406,7402,68185,38.2,837,10,26,6,8.1,493
Goa,almond,oilseeds,50.8,very_low,kharif,southern_india,10951,6224,84883,35.5,1193,24,31,5.9,7.2,483
Goa,cotton,fiber,80.4,medium,kharif,southern_india,57772,2258,329906,25.5,577,13,39,5.5,7.8,1014
Goa,jute,fiber,44,very_low,kharif,southern_india,14832,5585,78826,20.6,1286,21,31,5.6,7.1,384
Goa,mesta,fiber,48.7,very_low,kharif,southern_india,3790,6272,26058,39.3,1169,13,39,6.2,7.6,489
Goa,flax,fiber,47.8,very_low,kharif,southern_india,18285,2210,155365,24.2,968,21,35,6.3,8.1,853
Goa,hemp,fiber,42.3,very_low,kharif,southern_india,25023,1958,104499,16.6,1180,20,27,6.4,7.3,1017
Goa,sisal,fiber,46.9,very_low,kharif,southern_india,2760,2173,87772,29.8,358,11,26,6.2,8.1,352
Goa,coir,fiber,48.4,very_low,kharif,southern_india,10579,7349,65353,46.7,1254,22,36,5.8,7.3,594
Goa,sugarcane,sugar,79.4,medium,perennial,southern_india,24499,4276,172391,31.5,1400,21,38,6.1,7.7,467
Goa,sugar_beet,sugar,53.4,very_low,kharif,southern_india,1502,6250,21156,21.7,236,12,28,5.6,8,1053
Goa,turmeric,spices,75.6,medium,kharif,southern_india,31239,3277,171496,32.9,745,19,40,6,7.9,1141
Goa,coriander,spices,44.5,very_low,kharif,southern_india,12381,5279,24683,21.9,808,16,28,6.4,8.1,733
Goa,cumin,spices,50.2,very_low,kharif,southern_india,4046,2752,121456,41,247,24,34,5.9,7.4,456
Goa,fennel,spices,51.9,very_low,kharif,southern_india,12211,7666,191885,26.6,1076,16,36,5.6,8,347
Goa,fenugreek,spices,52.3,very_low,kharif,southern_india,6484,3265,102171,31.8,573,18,30,5.6,7,391
Goa,ajwain,spices,51.9,very_low,kharif,southern_india,12647,4588,34586,29.8,388,19,43,5.7,8.1,321
Goa,black_pepper,spices,75.6,medium,kharif,southern_india,31498,2214,262617,23.8,590,19,43,5.9,7.3,543
Goa,cardamom_small,spices,82.8,medium,kharif,southern_india,55262,2047,432451,17.5,1426,23,26,6,7.3,669
Goa,cardamom_large,spices,53.2,very_low,kharif,southern_india,7005,2455,131616,33.1,808,13,31,6.5,7.8,660
Goa,cinnamon,spices,47.8,very_low,kharif,southern_india,8868,2250,119806,34.9,1126,23,32,5.6,8.4,691
Goa,clove,spices,49.3,very_low,kharif,southern_india,12853,2436,140973,41.2,918,17,27,5.6,7.5,579
Goa,nutmeg,spices,54.3,very_low,kharif,southern_india,17029,4623,34587,49,687,11,34,6.4,8.3,309
Goa,ginger,spices,53.3,very_low,kharif,southern_india,749,6934,106654,31.8,946,22,40,6.4,7.8,1170
Goa,garlic,spices,54.9,very_low,kharif,southern_india,10494,4498,38307,32.6,272,17,42,5.7,7.6,1145
Goa,onion,spices,46.4,very_low,rabi,southern_india,7658,4636,86860,41,787,22,35,5.8,8,945
Goa,chilli,spices,48.4,very_low,kharif,southern_india,1983,2997,25250,35.3,223,21,30,5.8,7.8,494
Goa,tamarind,spices,53.3,very_low,kharif,southern_india,5267,6945,57724,18.2,746,20,44,6.4,7.5,1198
Goa,vanilla,spices,40.1,very_low,kharif,southern_india,8712,2396,5229,15.7,753,20,37,5.7,7.8,1133
Goa,saffron,spices,52.2,very_low,kharif,southern_india,16174,5960,8379,6.6,418,20,28,6,7.1,1128
Goa,mint,spices,45.2,very_low,kharif,southern_india,26625,1042,104721,6.1,1381,17,26,5.6,7.6,1146
Goa,basil,spices,50.4,very_low,kharif,southern_india,10196,1302,213206,5.8,1431,15,25,6.2,8.5,1169
Goa,oregano,spices,42.4,very_low,kharif,southern_india,7764,5461,80631,13.1,1446,19,41,6,7.6,1179
Goa,thyme,spices,48.7,very_low,kharif,southern_india,26073,5727,120176,5.2,252,13,28,5.8,7.5,624
Goa,tea,plantation,46.3,very_low,perennial,southern_india,622,5717,51542,25,1024,22,33,6.1,8.4,1055
Goa,coffee_arabica,plantation,76.4,medium,perennial,southern_india,23186,4923,982373,28.3,1405,16,44,6.1,7.1,828
Goa,coffee_robusta,plantation,44.1,very_low,perennial,southern_india,8760,2930,67885,18,452,24,32,6.1,7.9,804
Goa,rubber,plantation,68.7,low,perennial,southern_india,26106,7036,92823,29.5,1435,19,41,6.2,8.3,1150
Goa,cocoa,plantation,44.1,very_low,kharif,southern_india,6551,5913,24446,5.2,645,24,38,5.9,7.3,620
Goa,cashew,plantation,72.5,medium,kharif,southern_india,79368,7983,115534,7.5,628,16,29,5.8,7.3,996
Goa,areca_nut,plantation,50.7,very_low,kharif,southern_india,8928,7363,176066,12.8,489,17,26,5.9,7.9,769
Goa,betelvine,plantation,45,very_low,kharif,southern_india,19998,2442,109292,7,286,18,27,5.5,7.3,808
Goa,black_pepper_plantation,plantation,50.6,very_low,kharif,southern_india,9435,2277,69004,23.5,1049,24,43,5.5,8.3,359
Goa,mango,fruits_tropical,54.3,very_low,kharif,southern_india,6070,1641,14183,37.7,1427,19,39,6.3,7.4,340
Goa,banana,fruits_tropical,40,very_low,perennial,southern_india,4237,1436,24574,10.6,1389,12,35,6.1,7.8,389
Goa,papaya,fruits_tropical,44.8,very_low,kharif,southern_india,4429,2320,49586,36.2,891,16,32,6.3,7.3,960
Goa,pineapple,fruits_tropical,51.4,very_low,kharif,southern_india,5594,4293,13875,7.1,345,12,35,6.3,7.4,1141
Goa,jackfruit,fruits_tropical,54.3,very_low,kharif,southern_india,24485,3546,17236,30.6,926,22,44,6,7.5,467
Goa,guava,fruits_tropical,40.1,very_low,kharif,southern_india,11301,6774,81568,46.2,1016,22,27,6.4,8,453
Goa,coconut_fruit,fruits_tropical,42.8,very_low,kharif,southern_india,1195,4237,71743,34.9,1291,15,33,6.5,8.2,1107
Goa,passion_fruit,fruits_tropical,46.6,very_low,kharif,southern_india,6133,6012,12983,17.2,260,16,41,5.5,8,1139
Goa,dragon_fruit,fruits_tropical,43.6,very_low,kharif,southern_india,23284,7735,45049,9.5,392,20,39,6.2,7.5,452
Goa,rambutan,fruits_tropical,48.7,very_low,kharif,southern_india,14392,4089,53428,18.2,474,13,26,5.8,7.1,467
Goa,sapota,fruits_tropical,51.2,very_low,kharif,southern_india,11086,6018,76829,48.1,227,21,44,6.4,7.3,594
Goa,custard_apple,fruits_tropical,42.6,very_low,kharif,southern_india,15750,3219,95167,36.1,747,22,40,5.6,7.9,511
Goa,wood_apple,fruits_tropical,48.4,very_low,kharif,southern_india,25649,3831,68158,15.5,892,11,35,5.5,7.5,497
Goa,apple,fruits_temperate,54.6,very_low,kharif,southern_india,8741,1649,101596,14.6,897,22,37,6.1,7.8,1134
Goa,pear,fruits_temperate,54,very_low,kharif,southern_india,6333,4217,30393,33.6,850,11,28,6,8.3,809
Goa,peach,fruits_temperate,50.2,very_low,kharif,southern_india,9660,4131,88541,7.3,841,14,31,6.5,7.3,580
Goa,plum,fruits_temperate,47.6,very_low,kharif,southern_india,11517,6207,186800,19,710,15,41,5.5,7.5,911
Goa,apricot,fruits_temperate,48.5,very_low,kharif,southern_india,10197,2383,64630,27.6,1371,13,42,6.1,7,952
Goa,cherry,fruits_temperate,40.5,very_low,kharif,southern_india,26171,3081,61893,22.2,663,15,31,6.1,7.2,1061
Goa,strawberry,fruits_temperate,52.2,very_low,kharif,southern_india,16682,2730,2936,32.9,795,18,42,6.5,8,987
Goa,kiwi,fruits_temperate,41.3,very_low,kharif,southern_india,9724,4019,47218,18.9,989,12,37,5.7,7.1,597
Goa,grape,fruits_temperate,43.5,very_low,kharif,southern_india,1789,2236,122072,26.6,259,10,44,6.2,7.5,723
Goa,pomegranate,fruits_temperate,44,very_low,kharif,southern_india,11026,7179,25028,42.8,358,13,25,5.6,8.4,713
Goa,fig,fruits_temperate,41.2,very_low,kharif,southern_india,25697,6282,218037,14.9,1287,20,42,6.3,7.5,996
Goa,persimmon,fruits_temperate,43.9,very_low,kharif,southern_india,1936,7545,38697,28.4,708,24,31,6.3,8.3,692
Goa,orange,fruits_citrus,45.7,very_low,kharif,southern_india,22802,6284,45536,45,703,18,41,5.7,8.2,836
Goa,lime,fruits_citrus,53.4,very_low,kharif,southern_india,5731,6829,2199,10,1487,14,44,5.7,7.5,977
Goa,lemon,fruits_citrus,49.9,very_low,kharif,southern_india,11559,6904,40806,24.9,402,18,30,5.8,7.7,324
Goa,grapefruit,fruits_citrus,41.4,very_low,kharif,southern_india,10310,7053,131885,5.4,1001,11,40,6.5,7.8,914
Goa,mandarin,fruits_citrus,43.6,very_low,kharif,southern_india,16080,2171,39972,25,1125,15,43,5.6,7.6,938
Goa,sweet_lime,fruits_citrus,43.4,very_low,kharif,southern_india,3991,1391,22594,46.8,917,21,31,6.1,7.7,1151
Goa,kinnow,fruits_citrus,51.2,very_low,kharif,southern_india,1375,4847,92075,46.8,534,14,33,5.7,7.2,1071
Goa,spinach,vegetables_leafy,48.4,very_low,kharif,southern_india,22675,2974,119430,8.7,1389,16,32,5.8,7.7,526
Goa,fenugreek_leaves,vegetables_leafy,45.6,very_low,kharif,southern_india,21732,3129,97689,44.3,268,23,29,6.2,7.9,797
Goa,amaranth,vegetables_leafy,52.9,very_low,kharif,southern_india,4253,4767,78110,14.7,1243,15,28,6.3,7.1,763
Goa,cabbage,vegetables_leafy,41,very_low,kharif,southern_india,10363,4892,55550,24.3,494,16,44,6.4,7.2,326
Goa,cauliflower,vegetables_leafy,54,very_low,kharif,southern_india,11139,6465,51837,26.7,1459,20,28,5.6,7.3,990
Goa,lettuce,vegetables_leafy,44.4,very_low,kharif,southern_india,9851,2187,900,15.7,505,16,43,6.4,7.7,669
Goa,kale,vegetables_leafy,48.3,very_low,kharif,southern_india,916,7574,22329,13.9,814,17,25,5.6,7.6,915
Goa,mustard_leaves,vegetables_leafy,43.4,very_low,kharif,southern_india,10370,7220,48279,11,836,21,27,5.9,7,330
Goa,curry_leaves,vegetables_leafy,47.2,very_low,kharif,southern_india,13515,5215,58059,23.4,846,10,42,6.5,7.3,408
Goa,coriander_leaves,vegetables_leafy,42.2,very_low,kharif,southern_india,15437,6935,139720,25.2,996,20,35,6,8,801
Goa,potato,vegetables_root,49.7,very_low,rabi,southern_india,16069,5499,92650,35.7,784,13,25,6.1,7.9,1174
Goa,sweet_potato,vegetables_root,45.4,very_low,kharif,southern_india,3751,1493,110599,16.2,991,20,34,6.4,7.7,556
Goa,carrot,vegetables_root,53.4,very_low,kharif,southern_india,4694,1181,19851,17.9,1463,18,32,6.4,7.7,583
Goa,radish,vegetables_root,54.1,very_low,kharif,southern_india,22813,4585,170514,13.1,945,24,30,6.3,7.7,335
Goa,turnip,vegetables_root,51.4,very_low,kharif,southern_india,8492,1599,101294,18.1,494,11,43,6.2,8.1,749
Goa,beetroot,vegetables_root,47.1,very_low,kharif,southern_india,6884,2728,95375,40.8,736,12,40,5.6,7.3,490
Goa,onion_vegetable,vegetables_root,48.4,very_low,kharif,southern_india,8267,1592,95799,38.7,488,13,43,6.5,8.5,1026
Goa,garlic_vegetable,vegetables_root,42.8,very_low,kharif,southern_india,4938,3226,108971,40.5,1141,12,43,6.3,7.2,1084
Goa,ginger_vegetable,vegetables_root,44.1,very_low,kharif,southern_india,7670,5576,8928,19.3,1490,20,39,5.7,7.1,549
Goa,turmeric_vegetable,vegetables_root,43.7,very_low,kharif,southern_india,2950,5023,38659,41.9,439,16,25,6,7.1,1179
Goa,yam,vegetables_root,51.9,very_low,kharif,southern_india,1895,5147,120249,13.6,938,22,40,6.3,8.3,1143
Goa,taro,vegetables_root,46.1,very_low,kharif,southern_india,16945,5879,170237,5.6,661,14,30,5.7,8.1,376
Goa,cassava,vegetables_root,51.1,very_low,kharif,southern_india,6165,2769,120168,39.3,1339,22,44,6.1,8.4,1027
Goa,tomato,vegetables_fruit,53.4,very_low,kharif,southern_india,9887,4314,65360,10.7,714,14,30,5.6,8.2,308
Goa,brinjal_eggplant,vegetables_fruit,44.7,very_low,kharif,southern_india,8000,2779,28047,27,1048,11,28,5.7,8.5,657
Goa,okra_ladyfinger,vegetables_fruit,49,very_low,kharif,southern_india,7349,1518,4265,26.1,718,12,38,6.5,7.6,862
Goa,bottle_gourd,vegetables_fruit,54.4,very_low,kharif,southern_india,12487,6162,27530,28,562,12,33,5.6,8,710
Goa,bitter_gourd,vegetables_fruit,48,very_low,kharif,southern_india,1918,5083,101871,9.3,571,23,26,6.4,7.8,667
Goa,ridge_gourd,vegetables_fruit,44.6,very_low,kharif,southern_india,4985,7193,92355,35.1,1238,13,37,6,8.2,578
Goa,snake_gourd,vegetables_fruit,49.6,very_low,kharif,southern_india,11282,1466,114260,20.6,1073,24,34,6,8,393
Goa,ash_gourd,vegetables_fruit,43.8,very_low,kharif,southern_india,19106,1094,46683,35.7,1193,22,30,6.4,7.8,926
Goa,pumpkin,vegetables_fruit,49,very_low,kharif,southern_india,11999,1860,25488,41.6,1004,22,35,5.9,8.4,332
Goa,cucumber,vegetables_fruit,52.8,very_low,zaid,southern_india,12427,1974,67906,45,815,21,41,6.2,8.4,702
Goa,watermelon,vegetables_fruit,42.6,very_low,zaid,southern_india,2782,2002,48952,13.3,250,10,41,6.1,7.5,1104
Goa,muskmelon,vegetables_fruit,41.1,very_low,zaid,southern_india,18359,2284,160933,39.4,758,22,28,5.8,7.1,489
Goa,capsicum,vegetables_fruit,43.6,very_low,kharif,southern_india,2475,3991,120891,45.4,1497,21,44,6.3,8.4,936
Goa,chilli_vegetable,vegetables_fruit,41.2,very_low,kharif,southern_india,11727,3455,39582,31,1413,10,40,6.2,8.4,1137
Goa,drumstick,vegetables_fruit,51.4,very_low,kharif,southern_india,4331,4816,125003,45.3,1226,12,36,5.8,7,480
Goa,green_peas,vegetables_legume,41.7,very_low,kharif,southern_india,7141,2992,206238,22.1,212,14,27,5.6,7.1,833
Goa,french_bean,vegetables_legume,42.8,very_low,kharif,southern_india,14871,3970,126195,27.4,718,21,26,5.6,8,738
Goa,cluster_bean_vegetable,vegetables_legume,51.9,very_low,kharif,southern_india,11173,5174,113600,49.2,1280,23,30,6.3,7.4,487
Goa,broad_bean,vegetables_legume,54.2,very_low,kharif,southern_india,10030,2044,68104,17.4,655,13,36,5.8,8,314
Goa,berseem,fodder,41,very_low,kharif,southern_india,5094,6703,85230,16,946,21,30,5.9,7.8,421
Goa,lucerne_alfalfa,fodder,40.4,very_low,kharif,southern_india,8232,1515,19919,20.2,301,12,43,5.5,8,645
Goa,oats_fodder,fodder,50.1,very_low,kharif,southern_india,5035,6930,85802,42,727,24,40,6.5,7.8,726
Goa,sorghum_fodder,fodder,51.3,very_low,kharif,southern_india,26625,3271,176446,14.5,909,12,31,6.4,7.2,869
Goa,maize_fodder,fodder,48.9,very_low,kharif,southern_india,4130,4940,18691,41,1463,13,28,6,8.1,553
Goa,bajra_fodder,fodder,40.3,very_low,kharif,southern_india,19929,3738,70113,48.6,1102,20,36,6.5,8,1105
Goa,cowpea_fodder,fodder,50.5,very_low,kharif,southern_india,7349,3124,154785,18.4,931,13,41,5.6,8.2,842
Goa,stylo,fodder,42.8,very_low,kharif,southern_india,6037,3264,58743,7.8,1481,10,38,5.9,8,620
Goa,para_grass,fodder,50.1,very_low,kharif,southern_india,17053,1797,129280,17.6,237,16,33,6,8.1,577
Goa,guinea_grass,fodder,44.7,very_low,kharif,southern_india,7735,4974,31412,36.7,898,17,35,6.1,8,560
Goa,napier_grass,fodder,42.1,very_low,kharif,southern_india,8444,7110,43099,12.6,1183,22,42,6.1,8.3,313
Goa,tulsi,medicinal,41.6,very_low,kharif,southern_india,8479,1487,47121,26.3,603,23,28,5.9,8.2,327
Goa,neem,medicinal,50.1,very_low,kharif,southern_india,24562,7134,67449,31.4,300,13,26,5.8,8.3,612
Goa,aloe_vera,medicinal,48.4,very_low,kharif,southern_india,8667,7787,44359,33.2,746,10,34,6.3,7.1,362
Goa,ashwagandha,medicinal,42.3,very_low,kharif,southern_india,18378,4955,94858,45,1196,22,41,6.1,7.7,1078
Goa,brahmi,medicinal,53.9,very_low,kharif,southern_india,639,7711,23304,44.3,705,11,26,5.7,7.4,739
Goa,kalmegh,medicinal,50.5,very_low,kharif,southern_india,13291,4627,124242,29.3,873,10,25,5.6,7.2,934
Goa,giloy,medicinal,43.1,very_low,kharif,southern_india,25922,7831,209576,17.2,862,12,41,6.4,8.3,690
Goa,stevia,medicinal,51.4,very_low,kharif,southern_india,595,6272,40738,49.8,326,22,34,6.3,8.2,1124
Goa,mentha_mint,medicinal,44.5,very_low,kharif,southern_india,4643,1573,100285,42.3,815,22,39,5.7,8.4,354
Goa,lemongrass,medicinal,53.5,very_low,kharif,southern_india,8127,3956,22250,21.1,450,13,28,6,8.2,812
Goa,citronella,medicinal,53.4,very_low,kharif,southern_india,15739,5673,81858,36,290,22,40,5.7,8.2,311
Goa,palmarosa,medicinal,43.3,very_low,kharif,southern_india,8843,6291,73591,5.2,851,20,28,6.1,7.1,463
Goa,vetiver,medicinal,47.1,very_low,kharif,southern_india,3562,2296,37918,15.7,494,15,38,5.9,8.2,947
Goa,rosemary,medicinal,41.9,very_low,kharif,southern_india,9650,1558,13119,6,1016,18,44,6.4,7.6,634
Goa,lavender,medicinal,44.5,very_low,kharif,southern_india,1914,1925,12027,15.8,598,24,36,6.5,7.6,711
Goa,bamboo,timber,44.9,very_low,kharif,southern_india,2072,7615,107822,7,395,16,28,5.9,7.2,710
Goa,eucalyptus,timber,44.1,very_low,kharif,southern_india,1761,3996,134025,19.8,1339,22,44,6.3,8,1070
Goa,teak,timber,41.1,very_low,kharif,southern_india,19051,6387,148217,40.1,1337,20,40,6,8.4,1042
Goa,sal,timber,52.7,very_low,kharif,southern_india,7308,1249,175620,31.4,587,12,41,6.3,8.2,880
Goa,sandalwood,timber,45.5,very_low,kharif,southern_india,297,6835,11395,33.4,855,17,43,5.5,8.2,346
Goa,rosewood,timber,40.6,very_low,kharif,southern_india,1347,6524,78871,6.3,252,19,41,5.9,7.8,1019
Goa,pine,timber,49.2,very_low,kharif,southern_india,8942,5397,85166,32.9,1460,12,44,6,8,389
Goa,deodar,timber,45.7,very_low,kharif,southern_india,18021,1280,111128,9,1494,23,25,6.4,8.4,618
Goa,button_mushroom,mushroom,50.8,very_low,kharif,southern_india,12410,3382,48749,24.1,389,22,31,5.9,8.3,746
Goa,oyster_mushroom,mushroom,48.2,very_low,kharif,southern_india,25863,2186,110431,48.7,684,15,28,5.6,8.1,993
Goa,shiitake,mushroom,54.5,very_low,kharif,southern_india,6390,1280,200783,20.3,605,23,36,5.7,8.3,1194
Goa,milky_mushroom,mushroom,41.3,very_low,kharif,southern_india,10805,4668,199416,48.8,540,13,26,6.1,7,670
Goa,rose,flowers,41.1,very_low,kharif,southern_india,896,6846,30520,19.8,1331,21,29,5.6,8.1,651
Goa,jasmine,flowers,51.5,very_low,kharif,southern_india,6665,4158,113264,45.6,264,17,25,6,8.3,625
Goa,marigold,flowers,54,very_low,kharif,southern_india,21138,6300,18913,15.4,712,12,34,6,8.4,690
Goa,chrysanthemum,flowers,51.8,very_low,kharif,southern_india,25326,2460,114582,20.6,719,15,41,6,7.8,1184
Goa,tuberose,flowers,40.9,very_low,kharif,southern_india,15339,2058,96743,15.8,1327,14,31,6.1,7.3,556
Goa,gladiolus,flowers,46.2,very_low,kharif,southern_india,9042,5197,77470,34.4,600,11,40,6.4,7.4,666
Goa,lily,flowers,47.5,very_low,kharif,southern_india,13699,1291,119341,7.8,808,22,34,5.6,8.5,1100
Goa,orchid,flowers,51.6,very_low,kharif,southern_india,3500,7589,77724,43.4,644,15,44,6,7.2,497
Goa,carnation,flowers,47.2,very_low,kharif,southern_india,5076,3932,67666,21,1477,12,36,5.6,8.1,1195
Goa,gerbera,flowers,52.3,very_low,kharif,southern_india,10343,6845,158111,49.5,715,24,28,5.8,7.1,544
Goa,anthurium,flowers,51.5,very_low,kharif,southern_india,21135,5417,111388,36.9,708,22,38,6.2,7.8,1096
Gujarat,rice,cereals,58.8,low,kharif,western_india,38258,4449,349034,20.6,680,23,34,6,7.5,549
Gujarat,wheat,cereals,79.8,medium,rabi,western_india,77824,6454,135595,36.2,983,12,30,5.9,8,874
Gujarat,maize,cereals,63,low,kharif,western_india,52024,5325,430915,20,1345,19,41,6,7.3,788
Gujarat,barley,cereals,45.6,very_low,rabi,western_india,11520,6852,129995,35.8,482,24,41,6.3,7.5,782
Gujarat,jowar_sorghum,cereals,86.8,high,kharif,western_india,35638,4871,1198462,22.6,848,23,27,6.3,7.3,333
Gujarat,bajra_pearl_millet,cereals,87.4,high,kharif,western_india,108834,7107,1112616,6,1131,11,40,5.7,7.5,985
Gujarat,ragi_finger_millet,cereals,54.3,very_low,kharif,western_india,14485,2335,112578,34.6,450,14,27,5.9,7.3,879
Gujarat,foxtail_millet,cereals,54.9,very_low,kharif,western_india,5586,5015,74902,27.8,906,17,30,5.6,7.6,347
Gujarat,proso_millet,cereals,48.3,very_low,kharif,western_india,8690,1940,120475,45.3,446,15,37,5.6,7.5,526
Gujarat,barnyard_millet,cereals,53.7,very_low,kharif,western_india,15798,4642,201429,47,1460,11,28,6.2,7.8,316
Gujarat,little_millet,cereals,40.9,very_low,kharif,western_india,24157,3500,197926,31.7,1247,16,27,5.9,7.7,795
Gujarat,kodo_millet,cereals,41.6,very_low,kharif,western_india,7507,2389,125849,29.2,771,21,35,6.1,8.1,322
Gujarat,oats,cereals,48.6,very_low,kharif,western_india,753,3836,205153,20.9,796,24,28,5.6,8.3,1081
Gujarat,gram_chickpea,pulses,77.1,medium,rabi,western_india,97139,6169,246898,5.8,823,22,42,6.5,8.3,822
Gujarat,tur_arhar,pulses,46.7,very_low,kharif,western_india,18929,4767,18045,46.7,792,15,37,6.2,7.3,1053
Gujarat,moong_green_gram,pulses,44.3,very_low,kharif,western_india,5662,6113,106079,41.4,1422,12,26,6.1,7.4,1045
Gujarat,urad_black_gram,pulses,50.1,very_low,kharif,western_india,7713,4400,118096,15.8,967,16,33,5.9,7,769
Gujarat,masur_lentil,pulses,45,very_low,kharif,western_india,3156,2950,31619,10.9,859,20,37,6.3,7.7,767
Gujarat,rajma_kidney_bean,pulses,52.2,very_low,kharif,western_india,13072,4042,62113,39.2,427,15,29,5.9,7.3,821
Gujarat,cowpea_lobhia,pulses,52,very_low,kharif,western_india,9542,7921,122354,23,1286,20,39,5.7,7.7,1075
Gujarat,field_pea,pulses,47.6,very_low,kharif,western_india,14013,6896,54051,30.9,360,20,39,5.5,8,673
Gujarat,black_eyed_pea,pulses,41.9,very_low,kharif,western_india,3721,3908,56682,38.2,1206,19,25,6.4,8,330
Gujarat,horse_gram,pulses,52.3,very_low,kharif,western_india,8171,4266,47121,45,768,11,43,6.4,8,721
Gujarat,moth_bean,pulses,41.4,very_low,kharif,western_india,2187,1480,111099,12.2,210,16,27,5.7,7.1,484
Gujarat,cluster_bean_guar,pulses,50.7,very_low,kharif,western_india,11989,4545,7092,8.1,534,18,39,6.1,7.6,406
Gujarat,groundnut_peanut,oilseeds,95.2,high,kharif,western_india,151112,4590,1209387,45.8,1397,18,35,5.8,8.4,712
Gujarat,mustard,oilseeds,71.9,medium,rabi,western_india,14975,4517,495705,20.2,293,24,40,6.3,7.6,984
Gujarat,rapeseed,oilseeds,47.3,very_low,rabi,western_india,1867,3415,15550,49.9,263,16,34,5.8,7.9,434
Gujarat,sesame_til,oilseeds,66.8,low,kharif,western_india,27760,6009,331645,42.6,990,15,35,6.3,8.3,393
Gujarat,sunflower,oilseeds,60.8,low,kharif,western_india,30091,3325,226816,32.1,1499,17,29,5.7,7.1,802
Gujarat,safflower,oilseeds,48.2,very_low,kharif,western_india,9850,6187,29340,20.5,1487,15,40,6,8.2,992
Gujarat,niger,oilseeds,50,very_low,kharif,western_india,25465,5059,51681,22.9,1185,19,28,5.6,8,525
Gujarat,linseed_flax,oilseeds,47.5,very_low,kharif,western_india,14139,1583,37222,14.9,535,18,35,5.7,7.1,454
Gujarat,castor,oilseeds,84.8,medium,kharif,western_india,97984,6941,462139,36.8,450,20,30,6.3,7.1,995
Gujarat,coconut,oilseeds,41.5,very_low,perennial,western_india,8595,5580,107874,21.5,1039,24,25,6.4,7.9,1026
Gujarat,palm_oil,oilseeds,45.8,very_low,kharif,western_india,16913,3903,83227,5.9,406,19,39,6.1,7.2,700
Gujarat,olive,oilseeds,45.3,very_low,kharif,western_india,17356,6431,13562,45.1,813,21,27,6.2,7.4,694
Gujarat,walnut,oilseeds,40.3,very_low,kharif,western_india,1318,2678,10544,36.1,237,19,27,6.4,8.4,502
Gujarat,almond,oilseeds,49.2,very_low,kharif,western_india,9846,4660,3752,20.4,299,15,38,6,7.6,407
Gujarat,cotton,fiber,88.2,high,kharif,western_india,133572,1946,786662,20.4,493,19,34,5.9,7.9,742
Gujarat,jute,fiber,44.6,very_low,kharif,western_india,14250,1186,79055,7.6,442,18,42,6.4,7.1,677
Gujarat,mesta,fiber,48.7,very_low,kharif,western_india,9936,6209,93536,5.4,481,22,38,6.4,7.1,837
Gujarat,flax,fiber,48.5,very_low,kharif,western_india,5553,5266,16481,17.3,1032,17,42,5.8,7.4,1186
Gujarat,hemp,fiber,53.7,very_low,kharif,western_india,8178,1772,2429,17.3,550,22,39,6.5,8.1,676
Gujarat,sisal,fiber,50.5,very_low,kharif,western_india,21383,6331,225144,10.1,1116,22,44,5.7,7.8,912
Gujarat,coir,fiber,43.7,very_low,kharif,western_india,5832,3334,77863,28.8,784,17,30,5.7,7.1,476
Gujarat,sugarcane,sugar,92.6,high,perennial,western_india,47570,1759,1606654,18.7,1436,20,31,5.8,7.8,371
Gujarat,sugar_beet,sugar,41.8,very_low,kharif,western_india,10502,4597,1276,35.3,750,17,29,6.1,8.5,366
Gujarat,turmeric,spices,44.3,very_low,kharif,western_india,3805,3650,97283,46.1,462,18,37,6,7.7,472
Gujarat,coriander,spices,77.3,medium,kharif,western_india,86209,6345,116802,9,1380,18,42,5.6,7.8,785
Gujarat,cumin,spices,82.9,medium,kharif,western_india,21538,3845,601583,47.2,1490,24,25,5.5,7.2,613
Gujarat,fennel,spices,82.4,medium,kharif,western_india,27779,5337,1045807,25.9,334,16,32,6.1,7.7,315
Gujarat,fenugreek,spices,54.9,very_low,kharif,western_india,9994,7682,26199,13.5,1250,13,40,5.8,7,765
Gujarat,ajwain,spices,43,very_low,kharif,western_india,16220,7465,157635,13.1,1240,19,38,6.3,7.9,719
Gujarat,black_pepper,spices,49.5,very_low,kharif,western_india,3044,5316,29978,8.6,200,19,32,6.3,7.6,737
Gujarat,cardamom_small,spices,46.1,very_low,kharif,western_india,8343,7746,172351,43.2,1396,16,35,6.2,8,1101
Gujarat,cardamom_large,spices,50.7,very_low,kharif,western_india,10635,6830,167286,36.1,623,21,43,5.7,7.9,652
Gujarat,cinnamon,spices,54.8,very_low,kharif,western_india,4620,3673,102467,8.4,984,23,42,5.6,8.5,928
Gujarat,clove,spices,42.4,very_low,kharif,western_india,1840,6867,1874,15.5,1184,18,40,6.2,7.1,1103
Gujarat,nutmeg,spices,43.4,very_low,kharif,western_india,13648,2180,164541,27,274,24,36,6.2,7.8,1051
Gujarat,ginger,spices,40.5,very_low,kharif,western_india,7298,1536,86829,22.7,554,10,39,6.3,7.6,807
Gujarat,garlic,spices,43.4,very_low,kharif,western_india,494,4420,115747,46.3,695,21,36,6.4,7.6,587
Gujarat,onion,spices,96.5,high,rabi,western_india,22824,1576,1061801,5.5,1320,16,25,5.9,7.3,861
Gujarat,chilli,spices,50.2,very_low,kharif,western_india,989,5592,133077,37.4,1278,13,42,5.8,7,1059
Gujarat,tamarind,spices,54.1,very_low,kharif,western_india,5526,2762,86391,45.4,394,22,30,6.3,8.4,684
Gujarat,vanilla,spices,45.5,very_low,kharif,western_india,13912,5791,129868,11.9,1298,12,43,5.8,8.1,556
Gujarat,saffron,spices,44.8,very_low,kharif,western_india,12156,4897,114449,18.8,1099,21,28,5.9,7.7,620
Gujarat,mint,spices,44.8,very_low,kharif,western_india,5308,5965,177512,30.4,994,11,42,5.8,7.9,1181
Gujarat,basil,spices,48.9,very_low,kharif,western_india,11043,1422,156341,6.6,1110,10,42,5.7,7.8,837
Gujarat,oregano,spices,46.9,very_low,kharif,western_india,7955,3179,59031,21.2,936,13,44,6,7.3,729
Gujarat,thyme,spices,53,very_low,kharif,western_india,7125,4835,14242,41.8,679,14,41,6.1,8.3,866
Gujarat,tea,plantation,51.1,very_low,perennial,western_india,1715,6432,131332,8.1,861,11,39,6,8.4,464
Gujarat,coffee_arabica,plantation,49.1,very_low,perennial,western_india,8794,6058,82276,41.7,1309,11,31,6.2,7.7,471
Gujarat,coffee_robusta,plantation,48.3,very_low,perennial,western_india,7189,6668,59286,6.2,275,22,44,6.2,7.5,1144
Gujarat,rubber,plantation,49.9,very_low,perennial,western_india,20654,3653,103105,13.4,579,21,42,6.2,7.7,377
Gujarat,cocoa,plantation,40.9,very_low,kharif,western_india,8204,5263,1081,49.5,673,22,35,5.6,8.2,938
Gujarat,cashew,plantation,47.9,very_low,kharif,western_india,1960,5590,147939,9.2,542,23,30,6.2,7.8,836
Gujarat,areca_nut,plantation,46.2,very_low,kharif,western_india,928,6209,95539,35.2,1036,13,25,6.3,7.7,576
Gujarat,betelvine,plantation,41.5,very_low,kharif,western_india,3999,6633,82726,45.4,1396,23,35,5.7,8.2,492
Gujarat,black_pepper_plantation,plantation,44,very_low,kharif,western_india,7623,3252,18209,25.4,1336,18,42,5.7,7.3,818
Gujarat,mango,fruits_tropical,46.9,very_low,kharif,western_india,18485,6259,174923,22.9,468,18,27,5.8,7.3,656
Gujarat,banana,fruits_tropical,41.7,very_low,perennial,western_india,7022,5271,60308,34.7,348,14,27,6.3,8.1,481
Gujarat,papaya,fruits_tropical,45.1,very_low,kharif,western_india,17547,6608,62304,14.5,1219,20,38,6.1,7.8,962
Gujarat,pineapple,fruits_tropical,44.1,very_low,kharif,western_india,14887,3162,74617,36.6,1499,16,33,6.3,8.2,957
Gujarat,jackfruit,fruits_tropical,46.9,very_low,kharif,western_india,10095,7133,116527,9.9,756,16,44,6.2,7.6,323
Gujarat,guava,fruits_tropical,48.5,very_low,kharif,western_india,9967,6267,43984,24.3,1366,14,29,6.4,8.2,1038
Gujarat,coconut_fruit,fruits_tropical,42.9,very_low,kharif,western_india,460,2659,79714,15.8,1147,13,32,6.5,7.4,638
Gujarat,passion_fruit,fruits_tropical,44.5,very_low,kharif,western_india,6035,3650,67816,41.8,907,10,37,5.6,7.9,916
Gujarat,dragon_fruit,fruits_tropical,43,very_low,kharif,western_india,24064,6691,64590,31.4,1389,14,41,5.5,7,983
Gujarat,rambutan,fruits_tropical,51.4,very_low,kharif,western_india,23993,1825,48041,45.7,430,20,35,5.6,7.4,768
Gujarat,sapota,fruits_tropical,52.8,very_low,kharif,western_india,15110,4472,57876,10.4,731,10,29,5.9,7.6,339
Gujarat,custard_apple,fruits_tropical,48.8,very_low,kharif,western_india,1833,7602,16880,43.5,200,23,25,6.3,7.5,964
Gujarat,wood_apple,fruits_tropical,46,very_low,kharif,western_india,8790,1498,84240,7.3,823,20,32,5.7,8.1,1005
Gujarat,apple,fruits_temperate,53.8,very_low,kharif,western_india,8957,3541,36169,38.8,641,16,33,6.2,8.4,900
Gujarat,pear,fruits_temperate,47.1,very_low,kharif,western_india,16490,1424,19811,6.7,793,22,31,5.9,8.4,1053
Gujarat,peach,fruits_temperate,50,very_low,kharif,western_india,1930,1112,13265,18.2,917,10,27,5.7,7.9,854
Gujarat,plum,fruits_temperate,48.3,very_low,kharif,western_india,5664,1676,27309,45.4,1473,19,43,6.1,7,1197
Gujarat,apricot,fruits_temperate,41.5,very_low,kharif,western_india,6157,3743,122309,24.6,525,15,31,6.5,8.2,712
Gujarat,cherry,fruits_temperate,43,very_low,kharif,western_india,4342,2473,76942,44.6,371,11,34,5.8,7.9,706
Gujarat,strawberry,fruits_temperate,46.5,very_low,kharif,western_india,1831,6747,86755,15.6,347,10,37,6.2,7.6,911
Gujarat,kiwi,fruits_temperate,50.7,very_low,kharif,western_india,2130,2346,16004,44.1,1230,18,26,5.8,7.4,804
Gujarat,grape,fruits_temperate,43.9,very_low,kharif,western_india,8404,3093,41533,10.7,1243,18,43,6,8.4,1102
Gujarat,pomegranate,fruits_temperate,48.6,very_low,kharif,western_india,9459,3559,10707,31.5,1138,21,27,5.9,7.3,895
Gujarat,fig,fruits_temperate,42.4,very_low,kharif,western_india,6693,3039,191211,25.6,231,17,26,6.5,7.9,530
Gujarat,persimmon,fruits_temperate,48.5,very_low,kharif,western_india,9251,7477,80724,20.4,623,10,38,6,7.7,1116
Gujarat,orange,fruits_citrus,42.5,very_low,kharif,western_india,841,2563,2812,27.6,608,12,40,5.7,8,614
Gujarat,lime,fruits_citrus,47.7,very_low,kharif,western_india,1347,4501,196062,31.5,559,15,38,6.4,7.1,364
Gujarat,lemon,fruits_citrus,44.9,very_low,kharif,western_india,3990,2548,23077,10.9,1414,12,29,5.7,8.4,980
Gujarat,grapefruit,fruits_citrus,51.8,very_low,kharif,western_india,10135,3857,25520,30.9,1268,21,42,6.4,7.4,681
Gujarat,mandarin,fruits_citrus,40.2,very_low,kharif,western_india,4497,7030,72877,21.6,250,14,42,5.5,7.6,328
Gujarat,sweet_lime,fruits_citrus,45.6,very_low,kharif,western_india,3493,7143,47004,17.3,966,12,30,6,7.4,911
Gujarat,kinnow,fruits_citrus,47.4,very_low,kharif,western_india,24136,1810,68279,19.4,396,22,40,6,7.8,353
Gujarat,spinach,vegetables_leafy,48.3,very_low,kharif,western_india,14930,2857,138011,21.3,908,17,32,6.2,8.3,304
Gujarat,fenugreek_leaves,vegetables_leafy,54,very_low,kharif,western_india,14236,6989,75704,42.6,430,12,38,6.4,8.3,879
Gujarat,amaranth,vegetables_leafy,47.9,very_low,kharif,western_india,16298,3237,99036,28.9,991,15,44,6.1,8.4,306
Gujarat,cabbage,vegetables_leafy,48.6,very_low,kharif,western_india,18200,7334,1099,5,813,10,44,5.7,7.7,355
Gujarat,cauliflower,vegetables_leafy,47.8,very_low,kharif,western_india,954,3345,55218,49.5,470,18,44,6.3,8.5,1171
Gujarat,lettuce,vegetables_leafy,47.3,very_low,kharif,western_india,2855,4088,154908,27.7,1113,21,30,6.4,7.7,489
Gujarat,kale,vegetables_leafy,53,very_low,kharif,western_india,13818,4836,56191,41.4,959,15,27,6.4,7.1,1076
Gujarat,mustard_leaves,vegetables_leafy,45.4,very_low,kharif,western_india,21031,2061,103450,39.4,1184,17,37,6.3,8.3,985
Gujarat,curry_leaves,vegetables_leafy,45.3,very_low,kharif,western_india,13175,1171,87028,10.8,357,14,26,6.2,7.1,482
Gujarat,coriander_leaves,vegetables_leafy,41.4,very_low,kharif,western_india,3098,5003,86928,44.4,1338,12,30,5.6,8.2,362
Gujarat,potato,vegetables_root,48.4,very_low,rabi,western_india,3754,7935,90592,42.7,943,23,37,6.4,7.4,835
Gujarat,sweet_potato,vegetables_root,50.4,very_low,kharif,western_india,15731,7858,70635,22.6,813,22,37,5.5,7.8,315
Gujarat,carrot,vegetables_root,51.7,very_low,kharif,western_india,7906,6590,6313,12.1,717,13,31,6.5,8.2,1095
Gujarat,radish,vegetables_root,54.1,very_low,kharif,western_india,5114,2638,111720,35.6,507,15,35,6,8.3,642
Gujarat,turnip,vegetables_root,53.6,very_low,kharif,western_india,14099,7511,136715,7.6,467,17,33,6.1,8.4,401
Gujarat,beetroot,vegetables_root,46.8,very_low,kharif,western_india,12396,7752,53105,9.7,1220,20,32,6.4,8.5,802
Gujarat,onion_vegetable,vegetables_root,48.5,very_low,kharif,western_india,9389,4077,38671,8,528,12,35,6.1,7.9,649
Gujarat,garlic_vegetable,vegetables_root,46.3,very_low,kharif,western_india,12847,7914,93998,34.2,265,19,42,6.4,8.5,553
Gujarat,ginger_vegetable,vegetables_root,48.6,very_low,kharif,western_india,10803,2102,130260,45.9,784,14,27,6.2,7.5,1118
Gujarat,turmeric_vegetable,vegetables_root,50.1,very_low,kharif,western_india,12918,1320,170845,33.3,1492,18,39,5.6,7.9,988
Gujarat,yam,vegetables_root,51.7,very_low,kharif,western_india,5944,7827,202240,8.4,1417,14,38,5.8,8.5,391
Gujarat,taro,vegetables_root,47.5,very_low,kharif,western_india,6176,5518,19621,37.2,1474,22,42,5.9,7.5,765
Gujarat,cassava,vegetables_root,40.7,very_low,kharif,western_india,4403,7321,19593,42,397,10,39,5.8,8.1,799
Gujarat,tomato,vegetables_fruit,41.6,very_low,kharif,western_india,13112,6141,114947,32.2,593,13,35,5.9,7.6,905
Gujarat,brinjal_eggplant,vegetables_fruit,50.4,very_low,kharif,western_india,3770,3882,8561,15.6,267,24,39,5.6,7,947
Gujarat,okra_ladyfinger,vegetables_fruit,46.6,very_low,kharif,western_india,23786,5195,38732,40.2,1442,18,38,5.8,7.6,961
Gujarat,bottle_gourd,vegetables_fruit,53.9,very_low,kharif,western_india,17882,2201,38465,28.9,429,19,30,6.3,8.2,717
Gujarat,bitter_gourd,vegetables_fruit,42.7,very_low,kharif,western_india,22771,5358,6785,5.8,616,12,41,6.3,7.4,593
Gujarat,ridge_gourd,vegetables_fruit,43.5,very_low,kharif,western_india,14298,5592,93789,33.4,701,15,37,6.1,7.4,434
Gujarat,snake_gourd,vegetables_fruit,45.5,very_low,kharif,western_india,11575,7401,5475,16,451,17,33,6.2,7.4,835
Gujarat,ash_gourd,vegetables_fruit,53.3,very_low,kharif,western_india,27062,6412,204515,15.6,456,10,39,6.4,7.3,873
Gujarat,pumpkin,vegetables_fruit,51.2,very_low,kharif,western_india,18570,7792,78916,20.7,905,15,25,6.2,8.1,972
Gujarat,cucumber,vegetables_fruit,45.2,very_low,zaid,western_india,7490,1112,92087,10.6,304,21,25,6.5,7.8,1184
Gujarat,watermelon,vegetables_fruit,40.9,very_low,zaid,western_india,7711,6904,62761,16.7,1314,15,25,5.9,8,528
Gujarat,muskmelon,vegetables_fruit,46.5,very_low,zaid,western_india,6593,6294,36880,23.9,314,13,28,6,7.8,1154
Gujarat,capsicum,vegetables_fruit,41.1,very_low,kharif,western_india,11685,4613,153685,14.2,253,20,31,5.5,7.4,578
Gujarat,chilli_vegetable,vegetables_fruit,49.3,very_low,kharif,western_india,5635,4377,49492,48.8,259,24,36,6.3,7.6,708
Gujarat,drumstick,vegetables_fruit,53.2,very_low,kharif,western_india,6876,2394,110974,45.5,619,19,39,6.3,7.8,662
Gujarat,green_peas,vegetables_legume,54.5,very_low,kharif,western_india,16253,3414,119198,16.6,518,20,35,6.2,7.4,838
Gujarat,french_bean,vegetables_legume,46.7,very_low,kharif,western_india,6537,6008,141494,16.7,590,19,38,6.2,8,653
Gujarat,cluster_bean_vegetable,vegetables_legume,45.9,very_low,kharif,western_india,2494,5848,11391,47.2,1274,22,43,5.9,8.3,442
Gujarat,broad_bean,vegetables_legume,40.3,very_low,kharif,western_india,2159,7919,138809,38.9,519,20,25,6.3,7.3,927
Gujarat,berseem,fodder,43.4,very_low,kharif,western_india,5533,2185,66375,15.7,645,18,30,5.9,8.2,461
Gujarat,lucerne_alfalfa,fodder,41.2,very_low,kharif,western_india,7126,4798,49463,40.5,251,16,32,6.1,8.4,759
Gujarat,oats_fodder,fodder,54.8,very_low,kharif,western_india,650,2159,50815,19.2,326,16,31,5.6,7.4,1097
Gujarat,sorghum_fodder,fodder,44.5,very_low,kharif,western_india,14954,3990,46611,21.6,969,15,29,5.6,8.3,696
Gujarat,maize_fodder,fodder,49.4,very_low,kharif,western_india,17309,4828,76290,46.6,1135,11,28,6.3,8.3,790
Gujarat,bajra_fodder,fodder,48.3,very_low,kharif,western_india,10067,5761,19848,48.3,1175,19,31,5.7,7.6,895
Gujarat,cowpea_fodder,fodder,49.5,very_low,kharif,western_india,10894,6696,3883,25.3,1186,18,38,6,8.5,349
Gujarat,stylo,fodder,47.4,very_low,kharif,western_india,1989,3681,14818,48.4,1430,15,37,6,8.2,864
Gujarat,para_grass,fodder,40,very_low,kharif,western_india,18931,4568,182511,45.9,881,19,44,5.8,7.5,464
Gujarat,guinea_grass,fodder,53.4,very_low,kharif,western_india,2852,7872,145614,43.3,262,17,38,6,8,1036
Gujarat,napier_grass,fodder,45.6,very_low,kharif,western_india,4620,2896,9611,21.4,693,22,38,5.9,8,347
Gujarat,tulsi,medicinal,42.7,very_low,kharif,western_india,14536,6418,72800,37.5,1089,24,29,6.1,7.9,1198
Gujarat,neem,medicinal,43,very_low,kharif,western_india,7218,4681,38160,7.1,944,15,28,5.8,7.1,1155
Gujarat,aloe_vera,medicinal,48.7,very_low,kharif,western_india,11277,7323,101808,30.8,839,20,36,5.8,7.2,845
Gujarat,ashwagandha,medicinal,47.3,very_low,kharif,western_india,4787,4603,78869,8.4,653,22,37,5.8,8.3,743
Gujarat,brahmi,medicinal,47.5,very_low,kharif,western_india,27985,3509,33466,19.7,239,10,32,6.4,8.3,760
Gujarat,kalmegh,medicinal,48.5,very_low,kharif,western_india,2259,1173,61104,11.6,1329,19,29,5.7,7.9,1110
Gujarat,giloy,medicinal,50.8,very_low,kharif,western_india,10038,3175,135652,38.7,998,16,37,5.8,7,655
Gujarat,stevia,medicinal,54,very_low,kharif,western_india,2097,7194,48618,16,586,18,35,6,8.1,584
Gujarat,mentha_mint,medicinal,51.7,very_low,kharif,western_india,10599,5646,73864,26.7,1067,11,42,5.6,7.2,819
Gujarat,lemongrass,medicinal,51.1,very_low,kharif,western_india,10620,7815,55914,26.7,1163,14,34,6.4,8.4,1134
Gujarat,citronella,medicinal,43.9,very_low,kharif,western_india,4463,4089,36919,21.8,1006,21,39,6.3,7,342
Gujarat,palmarosa,medicinal,51.8,very_low,kharif,western_india,12032,1368,42355,33.7,1316,23,35,6,8.2,783
Gujarat,vetiver,medicinal,47.8,very_low,kharif,western_india,22257,7363,49284,28.6,1295,11,40,5.7,8.2,850
Gujarat,rosemary,medicinal,42.9,very_low,kharif,western_india,13336,5436,66649,45.5,875,17,26,6.4,7.3,775
Gujarat,lavender,medicinal,52.1,very_low,kharif,western_india,7613,2684,86998,30.4,1312,23,37,6.2,7.8,645
Gujarat,bamboo,timber,49.7,very_low,kharif,western_india,11900,3200,87697,24.6,295,17,34,6.1,7.5,851
Gujarat,eucalyptus,timber,53.2,very_low,kharif,western_india,17109,1298,225720,36.8,636,12,27,5.7,7.1,1111
Gujarat,teak,timber,48.1,very_low,kharif,western_india,19915,6540,169482,48.5,770,24,39,5.6,8,918
Gujarat,sal,timber,53.6,very_low,kharif,western_india,10284,1085,46497,7.8,878,22,29,6,7.3,408
Gujarat,sandalwood,timber,47.7,very_low,kharif,western_india,6851,1219,9992,29.7,968,10,36,6.3,8.1,418
Gujarat,rosewood,timber,48.9,very_low,kharif,western_india,1098,6987,170001,43.3,1272,21,37,6.2,8.2,896
Gujarat,pine,timber,44.9,very_low,kharif,western_india,15733,1119,97995,48,1118,24,38,5.5,8.2,556
Gujarat,deodar,timber,46.7,very_low,kharif,western_india,4480,4019,49313,33.5,1257,14,29,6.2,8,1111
Gujarat,button_mushroom,mushroom,40.2,very_low,kharif,western_india,14228,5349,20026,24.5,495,13,35,6.3,8.1,831
Gujarat,oyster_mushroom,mushroom,48.1,very_low,kharif,western_india,18045,4921,37819,15.4,994,17,25,6.3,8.1,895
Gujarat,shiitake,mushroom,41,very_low,kharif,western_india,16138,7038,39507,12.1,783,15,38,6.5,7.5,356
Gujarat,milky_mushroom,mushroom,53.5,very_low,kharif,western_india,10255,5652,81059,14,252,17,34,5.8,8.4,1040
Gujarat,rose,flowers,49.9,very_low,kharif,western_india,9770,6089,45157,46.6,417,14,26,6.3,7.9,583
Gujarat,jasmine,flowers,42.5,very_low,kharif,western_india,1891,4172,21443,16.7,1338,17,39,5.5,7.5,731
Gujarat,marigold,flowers,42.8,very_low,kharif,western_india,10811,7576,7934,20.7,1445,11,37,6.5,8.5,724
Gujarat,chrysanthemum,flowers,42.4,very_low,kharif,western_india,12507,7381,68340,39.5,1161,19,41,6.2,7.8,513
Gujarat,tuberose,flowers,51.2,very_low,kharif,western_india,5876,6613,108572,47.2,415,19,29,6.4,7.1,890
Gujarat,gladiolus,flowers,51.9,very_low,kharif,western_india,16322,6955,40420,5.3,585,14,42,6.5,7.1,724
Gujarat,lily,flowers,48.2,very_low,kharif,western_india,4550,3219,50908,34.8,1114,12,41,6.2,8.3,704
Gujarat,orchid,flowers,53.4,very_low,kharif,western_india,12128,3668,203860,37.2,1406,21,37,5.6,7.4,1171
Gujarat,carnation,flowers,44.8,very_low,kharif,western_india,8429,6138,27180,18.4,809,10,40,5.8,8.3,1022
Gujarat,gerbera,flowers,49.9,very_low,kharif,western_india,8597,4113,44834,43.2,828,22,27,5.6,8.5,828
Gujarat,anthurium,flowers,47.6,very_low,kharif,western_india,4565,6030,14066,30.8,941,23,35,5.6,7.9,382
Haryana,rice,cereals,87.6,high,kharif,northern_plains,80141,1591,581616,47,1135,11,29,6.2,8.3,329
Haryana,wheat,cereals,95.6,high,rabi,northern_plains,128997,7704,1401809,43.3,660,18,37,5.8,7.9,512
Haryana,maize,cereals,86.9,high,kharif,northern_plains,152901,7413,755780,33.9,333,23,36,6.3,8.2,530
Haryana,barley,cereals,91.9,high,rabi,northern_plains,29036,5781,2263910,18.5,1319,24,39,5.7,7.5,332
Haryana,jowar_sorghum,cereals,67.5,low,kharif,northern_plains,46125,3467,45207,38.9,1144,23,39,6.3,8.1,867
Haryana,bajra_pearl_millet,cereals,61.4,low,kharif,northern_plains,49153,3788,50840,18.1,906,14,29,6,7.3,1020
Haryana,ragi_finger_millet,cereals,47.3,very_low,kharif,northern_plains,3348,3272,70587,41.4,1201,13,37,5.7,8.5,1156
Haryana,foxtail_millet,cereals,48.4,very_low,kharif,northern_plains,19264,6046,134316,48.1,975,19,41,6.2,8.1,510
Haryana,proso_millet,cereals,45.6,very_low,kharif,northern_plains,6611,4190,103274,32.5,1222,15,41,6.1,8,564
Haryana,barnyard_millet,cereals,48.2,very_low,kharif,northern_plains,13454,7406,163010,48.7,1067,24,41,5.8,7.6,514
Haryana,little_millet,cereals,40.1,very_low,kharif,northern_plains,192,6038,46925,19.1,1190,22,44,6.1,7.7,574
Haryana,kodo_millet,cereals,43.3,very_low,kharif,northern_plains,5918,7942,239,13.9,444,20,32,6,7.2,664
Haryana,oats,cereals,41.5,very_low,kharif,northern_plains,2209,6533,93741,37.6,744,15,26,6,7.8,721
Haryana,gram_chickpea,pulses,94.6,high,rabi,northern_plains,207058,2007,1368951,8.6,1103,15,27,6.4,7.9,619
Haryana,tur_arhar,pulses,40.5,very_low,kharif,northern_plains,19169,5174,161270,11.1,938,21,35,5.6,7.9,850
Haryana,moong_green_gram,pulses,50.9,very_low,kharif,northern_plains,19499,5644,43747,23.2,1208,24,26,6,7.5,502
Haryana,urad_black_gram,pulses,47.6,very_low,kharif,northern_plains,435,6461,145137,48.4,434,18,33,5.8,7.8,1004
Haryana,masur_lentil,pulses,40.3,very_low,kharif,northern_plains,23856,6258,178840,22.5,1177,15,42,5.7,7.4,796
Haryana,rajma_kidney_bean,pulses,44.8,very_low,kharif,northern_plains,9196,6994,77456,21.3,522,16,35,6.2,7.2,499
Haryana,cowpea_lobhia,pulses,45.7,very_low,kharif,northern_plains,6845,6554,44740,27.6,1011,13,39,6,7.7,1028
Haryana,field_pea,pulses,43.7,very_low,kharif,northern_plains,15642,5264,193692,41.8,982,21,33,6,7.1,380
Haryana,black_eyed_pea,pulses,52.4,very_low,kharif,northern_plains,1989,6570,214,17.7,959,18,40,6,7.8,952
Haryana,horse_gram,pulses,47.5,very_low,kharif,northern_plains,19926,3810,68441,5.2,997,10,35,6.3,7.8,542
Haryana,moth_bean,pulses,51.8,very_low,kharif,northern_plains,11325,5271,21063,45.7,460,24,25,5.8,7.3,312
Haryana,cluster_bean_guar,pulses,51,very_low,kharif,northern_plains,18961,2796,84977,34.7,771,20,37,5.6,8.2,948
Haryana,groundnut_peanut,oilseeds,64.8,low,kharif,northern_plains,10394,3752,84821,15.3,1246,19,36,5.7,8.4,472
Haryana,mustard,oilseeds,95.3,high,rabi,northern_plains,215298,7950,1537514,14.8,464,14,25,6.2,7.4,1033
Haryana,rapeseed,oilseeds,45.4,very_low,rabi,northern_plains,18933,2695,113142,39,487,17,32,6.3,7.9,728
Haryana,sesame_til,oilseeds,51.7,very_low,kharif,northern_plains,11116,7057,103365,40.3,730,24,32,6.1,7.2,1182
Haryana,sunflower,oilseeds,80.6,medium,kharif,northern_plains,9971,6343,822971,35.2,579,17,27,6,7.4,614
Haryana,safflower,oilseeds,42.4,very_low,kharif,northern_plains,1252,7439,62025,22.9,895,19,43,5.7,7.4,1178
Haryana,niger,oilseeds,45.6,very_low,kharif,northern_plains,1632,1184,82768,17.5,1400,24,36,5.5,7.1,733
Haryana,linseed_flax,oilseeds,46.1,very_low,kharif,northern_plains,9833,7538,94745,36.2,1365,12,29,5.6,7.2,761
Haryana,castor,oilseeds,44.8,very_low,kharif,northern_plains,18143,2096,79966,9.4,614,17,43,5.9,7.1,649
Haryana,coconut,oilseeds,42.2,very_low,perennial,northern_plains,9079,1471,54357,32.4,748,10,44,5.9,8.2,593
Haryana,palm_oil,oilseeds,47.1,very_low,kharif,northern_plains,6203,1152,51292,45,1097,12,36,6.4,8.1,433
Haryana,olive,oilseeds,53,very_low,kharif,northern_plains,7366,4682,109098,46.9,1408,10,43,5.6,7.4,763
Haryana,walnut,oilseeds,47.2,very_low,kharif,northern_plains,10707,7540,42685,17.3,1396,11,37,6.2,7.8,924
Haryana,almond,oilseeds,42.6,very_low,kharif,northern_plains,4020,3805,16537,29.5,1070,24,39,6,8.4,730
Haryana,cotton,fiber,78.4,medium,kharif,northern_plains,50623,6869,181318,30,1138,23,42,6,8,654
Haryana,jute,fiber,47,very_low,kharif,northern_plains,26195,7267,31376,43.3,1432,15,35,6.3,7.8,1194
Haryana,mesta,fiber,46.8,very_low,kharif,northern_plains,19293,4458,166487,29.6,735,11,32,6.2,8.4,526
Haryana,flax,fiber,45.3,very_low,kharif,northern_plains,9074,7721,67112,32.8,919,11,39,6.1,8,1108
Haryana,hemp,fiber,51.8,very_low,kharif,northern_plains,23771,7929,119239,9.9,796,21,25,5.6,7.1,957
Haryana,sisal,fiber,47.5,very_low,kharif,northern_plains,1990,6125,44747,16.9,1048,18,32,6.1,7.4,1015
Haryana,coir,fiber,43.4,very_low,kharif,northern_plains,10338,5955,19360,10.2,1289,21,31,6.2,7.2,756
Haryana,sugarcane,sugar,85.2,high,perennial,northern_plains,17553,4326,705382,25,258,15,40,5.9,8.1,632
Haryana,sugar_beet,sugar,46.3,very_low,kharif,northern_plains,20238,1762,5808,32.4,1433,24,34,6,8,800
Haryana,turmeric,spices,49.5,very_low,kharif,northern_plains,20578,4478,101684,33.8,792,16,25,5.7,7.7,1040
Haryana,coriander,spices,44.2,very_low,kharif,northern_plains,7189,1733,156808,43.5,302,20,31,6.5,7.5,514
Haryana,cumin,spices,48.5,very_low,kharif,northern_plains,5356,5965,13368,46.4,305,23,34,5.9,8.5,1191
Haryana,fennel,spices,49.8,very_low,kharif,northern_plains,6410,4704,51679,30.6,224,20,39,5.6,7.9,811
Haryana,fenugreek,spices,50.2,very_low,kharif,northern_plains,7378,2965,47545,39.8,1117,11,36,6.5,7.2,1067
Haryana,ajwain,spices,50.5,very_low,kharif,northern_plains,7367,3015,184707,21.2,281,19,27,6.3,8,1087
Haryana,black_pepper,spices,51.8,very_low,kharif,northern_plains,4740,6421,40944,48.8,1156,10,42,5.6,7.2,961
Haryana,cardamom_small,spices,53,very_low,kharif,northern_plains,6138,3459,56992,19.7,515,19,43,5.8,7.3,1054
Haryana,cardamom_large,spices,51.1,very_low,kharif,northern_plains,4975,2009,124082,32.6,824,18,28,6,8,689
Haryana,cinnamon,spices,50.2,very_low,kharif,northern_plains,6473,3125,62647,6,1069,22,32,5.5,8.5,537
Haryana,clove,spices,41.9,very_low,kharif,northern_plains,12892,3057,80049,23.7,353,14,39,6.1,7.2,446
Haryana,nutmeg,spices,49.6,very_low,kharif,northern_plains,9350,5167,36078,19,226,21,33,6.3,8.1,1045
Haryana,ginger,spices,44.3,very_low,kharif,northern_plains,13321,6021,91448,5.6,660,21,26,6.1,7.6,315
Haryana,garlic,spices,43.5,very_low,kharif,northern_plains,1895,5420,30556,17.5,1367,17,32,6.2,8.4,322
Haryana,onion,spices,76.7,medium,rabi,northern_plains,39941,6406,954061,47.5,545,13,44,6,7.3,936
Haryana,chilli,spices,44.3,very_low,kharif,northern_plains,13510,2137,8048,17.1,989,11,34,6.1,8.3,506
Haryana,tamarind,spices,52.3,very_low,kharif,northern_plains,9994,4014,13614,37.1,483,12,32,6.2,7.4,465
Haryana,vanilla,spices,40.1,very_low,kharif,northern_plains,8440,2637,8524,24.3,1224,20,42,5.5,8.4,607
Haryana,saffron,spices,54.9,very_low,kharif,northern_plains,7177,3477,42937,42.9,1170,24,37,6,7.1,1196
Haryana,mint,spices,48.3,very_low,kharif,northern_plains,9908,4834,181060,12.5,580,12,40,5.6,7.1,568
Haryana,basil,spices,47.7,very_low,kharif,northern_plains,985,7702,138178,17.6,1150,18,29,5.8,7.7,677
Haryana,oregano,spices,44.4,very_low,kharif,northern_plains,12725,5583,39808,29,613,17,40,6.3,7.5,924
Haryana,thyme,spices,54.1,very_low,kharif,northern_plains,3532,5757,19095,44.2,871,15,26,5.9,8.4,318
Haryana,tea,plantation,47.1,very_low,perennial,northern_plains,11474,3997,132602,25.8,419,10,37,6.4,7.2,489
Haryana,coffee_arabica,plantation,45.6,very_low,perennial,northern_plains,7239,7174,11755,47.3,928,19,32,6.3,7.2,344
Haryana,coffee_robusta,plantation,45.9,very_low,perennial,northern_plains,20505,4620,124035,10.8,1292,21,38,6,8.4,1091
Haryana,rubber,plantation,49.7,very_low,perennial,northern_plains,10842,5028,55097,18.8,729,18,33,5.8,8.1,778
Haryana,cocoa,plantation,41,very_low,kharif,northern_plains,15387,6286,45026,47.2,299,24,29,5.5,7.7,623
Haryana,cashew,plantation,48.1,very_low,kharif,northern_plains,21889,3808,89333,11.7,261,19,26,6.2,7.8,478
Haryana,areca_nut,plantation,48.1,very_low,kharif,northern_plains,6069,6596,50551,11.7,1140,12,39,6,7.7,1066
Haryana,betelvine,plantation,50.6,very_low,kharif,northern_plains,3231,7096,1667,29.5,1146,19,40,6.2,8,1039
Haryana,black_pepper_plantation,plantation,49.7,very_low,kharif,northern_plains,8612,6017,126549,17.2,644,23,36,5.7,8,1191
Haryana,mango,fruits_tropical,52.4,very_low,kharif,northern_plains,5380,7132,104917,45,628,10,34,5.8,8.1,1161
Haryana,banana,fruits_tropical,50.4,very_low,perennial,northern_plains,12718,6401,187122,37,860,19,39,5.8,8.2,1155
Haryana,papaya,fruits_tropical,47,very_low,kharif,northern_plains,17767,5635,105248,44.7,783,10,41,6.2,8.3,424
Haryana,pineapple,fruits_tropical,40.5,very_low,kharif,northern_plains,4482,6667,188977,36.9,370,20,42,5.9,7.6,698
Haryana,jackfruit,fruits_tropical,41.2,very_low,kharif,northern_plains,24234,7985,130449,38.8,463,20,37,6.4,8.2,1144
Haryana,guava,fruits_tropical,53,very_low,kharif,northern_plains,2000,6921,133139,22.1,273,20,31,6,8,1120
Haryana,coconut_fruit,fruits_tropical,52.4,very_low,kharif,northern_plains,7488,2678,56763,10,1462,18,27,5.9,7.8,779
Haryana,passion_fruit,fruits_tropical,40.5,very_low,kharif,northern_plains,8200,1113,18013,31.1,379,10,32,6.1,7.2,581
Haryana,dragon_fruit,fruits_tropical,46.3,very_low,kharif,northern_plains,6739,1596,5034,28.4,522,11,33,6.4,8.1,1034
Haryana,rambutan,fruits_tropical,53.1,very_low,kharif,northern_plains,22549,5258,86288,13.2,1092,24,34,6.2,7.7,688
Haryana,sapota,fruits_tropical,46.2,very_low,kharif,northern_plains,7499,6241,140555,44.7,496,23,31,5.8,8.1,574
Haryana,custard_apple,fruits_tropical,40.8,very_low,kharif,northern_plains,12654,3288,88063,34.7,1153,23,33,5.7,7.5,688
Haryana,wood_apple,fruits_tropical,50.7,very_low,kharif,northern_plains,3310,6458,55110,37.9,1255,21,38,5.9,8.5,812
Haryana,apple,fruits_temperate,43,very_low,kharif,northern_plains,11045,7473,22800,8.7,1345,23,30,5.9,8,596
Haryana,pear,fruits_temperate,53.2,very_low,kharif,northern_plains,578,2459,27898,10.1,285,21,28,6.4,7.6,903
Haryana,peach,fruits_temperate,43.4,very_low,kharif,northern_plains,8572,4924,91091,39.1,1071,16,42,6.1,8.5,1037
Haryana,plum,fruits_temperate,40.7,very_low,kharif,northern_plains,9455,6050,72330,40.4,567,12,26,6.1,8,593
Haryana,apricot,fruits_temperate,49.2,very_low,kharif,northern_plains,1195,5912,32586,35.2,1281,22,28,6,8.1,996
Haryana,cherry,fruits_temperate,51.8,very_low,kharif,northern_plains,2921,5130,86379,19.4,336,20,30,5.7,7.2,583
Haryana,strawberry,fruits_temperate,48.9,very_low,kharif,northern_plains,522,1678,40020,34.7,328,18,27,5.7,7.3,360
Haryana,kiwi,fruits_temperate,50.1,very_low,kharif,northern_plains,16045,1692,22474,18.8,1195,14,33,5.8,7.1,1145
Haryana,grape,fruits_temperate,48.2,very_low,kharif,northern_plains,17045,4599,18712,33.9,401,16,37,6.3,8,904
Haryana,pomegranate,fruits_temperate,42.2,very_low,kharif,northern_plains,888,6036,128969,16.9,314,17,42,6.1,7.1,1176
Haryana,fig,fruits_temperate,52.4,very_low,kharif,northern_plains,11653,4154,37661,25.7,1284,19,26,6.5,7.2,971
Haryana,persimmon,fruits_temperate,49.5,very_low,kharif,northern_plains,2461,7092,46248,34.5,855,20,34,5.8,7.5,1073
Haryana,orange,fruits_citrus,47,very_low,kharif,northern_plains,13345,6576,6489,50,1103,12,29,6.2,8.2,515
Haryana,lime,fruits_citrus,43.9,very_low,kharif,northern_plains,9718,2202,13606,35.5,1212,17,32,5.9,7.6,1163
Haryana,lemon,fruits_citrus,51.5,very_low,kharif,northern_plains,5527,4808,69502,26.1,1253,21,35,6.4,8.1,1000
Haryana,grapefruit,fruits_citrus,54.3,very_low,kharif,northern_plains,4215,7222,94736,46.7,282,19,27,6,7.2,415
Haryana,mandarin,fruits_citrus,40.2,very_low,kharif,northern_plains,8260,1736,58534,12.6,1424,14,31,6.3,8,939
Haryana,sweet_lime,fruits_citrus,49.5,very_low,kharif,northern_plains,6216,7923,192325,31.5,1061,19,26,5.7,8.4,780
Haryana,kinnow,fruits_citrus,45.7,very_low,kharif,northern_plains,13359,1092,148732,37.9,414,24,29,6,7.2,842
Haryana,spinach,vegetables_leafy,45.6,very_low,kharif,northern_plains,14140,1066,108960,30.7,1481,18,26,5.6,8.3,1057
Haryana,fenugreek_leaves,vegetables_leafy,45.2,very_low,kharif,northern_plains,11061,7770,169945,49.3,1326,23,29,6.3,8.1,1166
Haryana,amaranth,vegetables_leafy,48.6,very_low,kharif,northern_plains,7038,5806,20719,22.7,978,15,32,5.6,8.4,975
Haryana,cabbage,vegetables_leafy,70,medium,kharif,northern_plains,99178,1068,395854,32.3,788,21,33,5.7,8.5,517
Haryana,cauliflower,vegetables_leafy,80.8,medium,kharif,northern_plains,30222,4094,139166,25.2,404,18,38,5.6,8.3,466
Haryana,lettuce,vegetables_leafy,43.4,very_low,kharif,northern_plains,11011,4495,24015,41.3,1002,12,32,6.3,7.9,397
Haryana,kale,vegetables_leafy,45.6,very_low,kharif,northern_plains,7758,6903,51925,24.5,1376,18,36,5.8,7.9,818
Haryana,mustard_leaves,vegetables_leafy,46,very_low,kharif,northern_plains,26327,6247,128300,25.8,440,14,40,6,8.3,433
Haryana,curry_leaves,vegetables_leafy,47.6,very_low,kharif,northern_plains,11966,7224,181601,10.2,368,11,38,5.9,8.1,664
Haryana,coriander_leaves,vegetables_leafy,49.4,very_low,kharif,northern_plains,14037,4776,18158,23.5,909,16,43,6.4,8.2,637
Haryana,potato,vegetables_root,94.3,high,rabi,northern_plains,50286,3400,120763,19.9,798,24,31,6.4,7.3,471
Haryana,sweet_potato,vegetables_root,47.8,very_low,kharif,northern_plains,1263,2547,85614,19.9,1126,17,28,6.4,7.4,958
Haryana,carrot,vegetables_root,51.7,very_low,kharif,northern_plains,14734,5310,78590,35.5,802,16,42,5.6,8.3,1066
Haryana,radish,vegetables_root,47.6,very_low,kharif,northern_plains,7291,7959,17788,31.6,1086,24,40,6.1,7.2,636
Haryana,turnip,vegetables_root,42.1,very_low,kharif,northern_plains,20776,6302,144240,27.8,394,14,27,6.2,7.2,931
Haryana,beetroot,vegetables_root,50.4,very_low,kharif,northern_plains,2760,3203,49261,36.5,347,22,40,5.7,8.1,901
Haryana,onion_vegetable,vegetables_root,51.2,very_low,kharif,northern_plains,2287,2655,40416,40.7,1159,23,26,5.5,8,551
Haryana,garlic_vegetable,vegetables_root,45,very_low,kharif,northern_plains,2332,5498,54599,33.5,1284,12,43,6,8.4,486
Haryana,ginger_vegetable,vegetables_root,49.1,very_low,kharif,northern_plains,14037,5241,71609,46.1,690,13,37,6.1,7.7,737
Haryana,turmeric_vegetable,vegetables_root,54.4,very_low,kharif,northern_plains,2946,2484,192418,37.7,1389,14,39,6.2,7.4,795
Haryana,yam,vegetables_root,49.4,very_low,kharif,northern_plains,16265,6830,133557,41.2,834,15,41,6,7.4,756
Haryana,taro,vegetables_root,42.1,very_low,kharif,northern_plains,8164,2824,182379,40,1223,19,41,6.3,7.9,1165
Haryana,cassava,vegetables_root,42.9,very_low,kharif,northern_plains,11761,4698,28598,29.3,994,24,44,6.5,7.5,1192
Haryana,tomato,vegetables_fruit,76.8,medium,kharif,northern_plains,31298,4540,1079110,47.6,1088,21,28,6.2,7.9,382
Haryana,brinjal_eggplant,vegetables_fruit,41.7,very_low,kharif,northern_plains,8848,1992,45598,21.1,915,20,38,6,7.7,658
Haryana,okra_ladyfinger,vegetables_fruit,52.9,very_low,kharif,northern_plains,4432,6203,47932,43.1,626,20,25,5.9,7.5,1035
Haryana,bottle_gourd,vegetables_fruit,54.5,very_low,kharif,northern_plains,15885,5897,148733,41.5,300,20,35,5.5,7.4,1129
Haryana,bitter_gourd,vegetables_fruit,53.9,very_low,kharif,northern_plains,25508,6645,2377,18,239,11,29,6,8.3,1075
Haryana,ridge_gourd,vegetables_fruit,49.2,very_low,kharif,northern_plains,14426,7223,103913,17.5,1391,15,35,5.8,8,1195
Haryana,snake_gourd,vegetables_fruit,40.4,very_low,kharif,northern_plains,388,3549,37996,39.1,265,18,30,5.6,8.2,495
Haryana,ash_gourd,vegetables_fruit,43.4,very_low,kharif,northern_plains,9159,5617,2335,15.9,760,14,42,6.3,7.9,604
Haryana,pumpkin,vegetables_fruit,50.5,very_low,kharif,northern_plains,16093,6491,161111,30.7,605,21,29,6.3,8.2,1039
Haryana,cucumber,vegetables_fruit,47.1,very_low,zaid,northern_plains,1505,6203,98210,34.3,387,24,44,5.9,7.9,999
Haryana,watermelon,vegetables_fruit,51,very_low,zaid,northern_plains,3632,5065,162587,45.1,1336,24,35,6.3,7.6,680
Haryana,muskmelon,vegetables_fruit,43.8,very_low,zaid,northern_plains,25994,2794,12088,41.7,1006,24,30,5.6,7.7,376
Haryana,capsicum,vegetables_fruit,43.9,very_low,kharif,northern_plains,2903,1743,95545,17.5,777,23,38,6.1,8.1,1045
Haryana,chilli_vegetable,vegetables_fruit,53.2,very_low,kharif,northern_plains,20364,4747,50860,44.6,903,23,25,5.9,8.4,524
Haryana,drumstick,vegetables_fruit,54.1,very_low,kharif,northern_plains,25685,4945,150596,44.1,1208,19,44,6.2,8.5,351
Haryana,green_peas,vegetables_legume,42.1,very_low,kharif,northern_plains,7440,6479,24610,48.9,609,16,30,6.1,7.1,434
Haryana,french_bean,vegetables_legume,51.2,very_low,kharif,northern_plains,3338,6550,10372,24.7,229,15,38,5.6,8.3,1118
Haryana,cluster_bean_vegetable,vegetables_legume,41.6,very_low,kharif,northern_plains,9080,1588,1505,23.4,1018,14,41,6.2,7.5,960
Haryana,broad_bean,vegetables_legume,54.1,very_low,kharif,northern_plains,3713,4243,47316,29.4,590,20,37,6.1,7.2,729
Haryana,berseem,fodder,45.3,very_low,kharif,northern_plains,18287,4363,2412,24.7,1266,21,35,5.7,7.7,807
Haryana,lucerne_alfalfa,fodder,55,very_low,kharif,northern_plains,15957,4440,65043,41.6,843,24,34,5.6,8,341
Haryana,oats_fodder,fodder,43.8,very_low,kharif,northern_plains,12670,4459,4078,32.8,734,23,34,6.2,7.3,984
Haryana,sorghum_fodder,fodder,50.8,very_low,kharif,northern_plains,1221,4132,152664,9.3,733,24,33,6.5,7.1,946
Haryana,maize_fodder,fodder,48.7,very_low,kharif,northern_plains,19433,1907,143458,36.1,536,23,33,6.3,7.6,1065
Haryana,bajra_fodder,fodder,49.5,very_low,kharif,northern_plains,8374,2339,42325,12.7,228,13,35,6,7.8,522
Haryana,cowpea_fodder,fodder,50.3,very_low,kharif,northern_plains,8776,7168,124177,37.1,560,10,42,6.3,7.2,636
Haryana,stylo,fodder,49.9,very_low,kharif,northern_plains,19856,1981,79385,9.4,706,10,42,6,8.3,353
Haryana,para_grass,fodder,43.4,very_low,kharif,northern_plains,5966,6620,47060,14.2,284,11,40,5.9,8.1,914
Haryana,guinea_grass,fodder,42,very_low,kharif,northern_plains,9743,6048,38964,8.5,215,14,25,5.7,7.6,409
Haryana,napier_grass,fodder,41.6,very_low,kharif,northern_plains,16467,7541,77450,35.5,466,19,27,5.5,8.4,799
Haryana,tulsi,medicinal,53.9,very_low,kharif,northern_plains,5578,3804,94244,30.5,1402,10,39,5.8,7.3,759
Haryana,neem,medicinal,47.6,very_low,kharif,northern_plains,2673,3857,41742,19.3,393,10,44,6.4,7.7,1195
Haryana,aloe_vera,medicinal,50.1,very_low,kharif,northern_plains,1439,7412,57387,42.9,1367,16,25,5.7,7.1,469
Haryana,ashwagandha,medicinal,46.2,very_low,kharif,northern_plains,2164,4120,33728,26,757,19,43,5.6,7.1,1067
Haryana,brahmi,medicinal,47.6,very_low,kharif,northern_plains,5654,6802,187213,33.6,337,23,40,6.3,7.1,1019
Haryana,kalmegh,medicinal,42.1,very_low,kharif,northern_plains,8399,2854,76488,32.4,340,19,43,5.7,7.9,607
Haryana,giloy,medicinal,46.9,very_low,kharif,northern_plains,5675,1202,123599,33.1,850,15,35,5.9,7.5,717
Haryana,stevia,medicinal,44.1,very_low,kharif,northern_plains,7630,6899,16744,6.5,520,24,41,6.1,8.4,700
Haryana,mentha_mint,medicinal,54.7,very_low,kharif,northern_plains,3948,5466,48278,33.2,596,19,30,5.6,8.4,1094
Haryana,lemongrass,medicinal,54.6,very_low,kharif,northern_plains,16688,4913,24726,13.5,576,23,28,6.4,7.8,944
Haryana,citronella,medicinal,41.7,very_low,kharif,northern_plains,14749,2863,36593,13.9,367,13,37,6,7.8,410
Haryana,palmarosa,medicinal,52,very_low,kharif,northern_plains,805,3684,14368,40.6,1158,23,29,6,7.3,634
Haryana,vetiver,medicinal,47.8,very_low,kharif,northern_plains,7942,4803,73409,17.2,1374,24,43,6.3,8.2,816
Haryana,rosemary,medicinal,42.9,very_low,kharif,northern_plains,16846,7897,102049,17.2,1088,24,28,5.8,7.8,453
Haryana,lavender,medicinal,40.3,very_low,kharif,northern_plains,14508,1304,57536,39.3,1439,24,33,6.5,7.1,971
Haryana,bamboo,timber,49.6,very_low,kharif,northern_plains,7678,1906,104544,21.1,1013,12,29,6.5,8.1,1165
Haryana,eucalyptus,timber,44.4,very_low,kharif,northern_plains,6752,4462,18711,38,670,12,31,6.1,8.1,733
Haryana,teak,timber,47.9,very_low,kharif,northern_plains,11699,7501,69908,5.8,898,19,44,6.5,8.3,357
Haryana,sal,timber,54.3,very_low,kharif,northern_plains,17866,3850,57060,25.8,390,15,42,5.5,7.2,412
Haryana,sandalwood,timber,46,very_low,kharif,northern_plains,5437,2018,219197,44.7,241,21,38,6.3,7.7,1192
Haryana,rosewood,timber,40.7,very_low,kharif,northern_plains,5912,4148,108271,30.2,258,16,33,6.5,7.9,872
Haryana,pine,timber,50.7,very_low,kharif,northern_plains,16223,2660,177643,37.9,1164,24,41,6.3,8.4,436
Haryana,deodar,timber,47.5,very_low,kharif,northern_plains,7261,6875,131866,37.4,1496,13,39,6.1,7.5,444
Haryana,button_mushroom,mushroom,53.4,very_low,kharif,northern_plains,18111,4817,38726,20.2,696,24,25,6.5,8.5,1196
Haryana,oyster_mushroom,mushroom,47.1,very_low,kharif,northern_plains,11758,1184,52771,47.5,217,18,26,5.8,7.1,1073
Haryana,shiitake,mushroom,48.9,very_low,kharif,northern_plains,19390,7797,114521,33.7,949,17,41,6.1,8.2,1007
Haryana,milky_mushroom,mushroom,42.9,very_low,kharif,northern_plains,4776,5083,124739,49.9,239,11,26,5.9,8.2,1059
Haryana,rose,flowers,51.1,very_low,kharif,northern_plains,9209,1617,13260,43.3,1149,20,31,5.9,8.4,357
Haryana,jasmine,flowers,51.6,very_low,kharif,northern_plains,788,6197,42975,37.5,1119,18,40,6.1,7.4,960
Haryana,marigold,flowers,48.8,very_low,kharif,northern_plains,9256,4819,71272,44.7,778,17,33,5.9,8.3,1009
Haryana,chrysanthemum,flowers,41.9,very_low,kharif,northern_plains,22116,5168,139657,39.6,655,15,39,6,7.9,941
Haryana,tuberose,flowers,51.7,very_low,kharif,northern_plains,2396,3042,62727,20.4,938,10,35,5.9,7.8,680
Haryana,gladiolus,flowers,44.3,very_low,kharif,northern_plains,5417,5769,207749,29.2,1339,11,34,6,7,698
Haryana,lily,flowers,45.5,very_low,kharif,northern_plains,21967,1600,61450,25,791,21,33,5.5,8.1,1096
Haryana,orchid,flowers,47.7,very_low,kharif,northern_plains,3704,2544,40844,24.4,1406,17,28,5.8,7.6,860
Haryana,carnation,flowers,46.6,very_low,kharif,northern_plains,10157,2692,11431,6.1,526,11,31,6.3,8.1,849
Haryana,gerbera,flowers,52.8,very_low,kharif,northern_plains,13861,3794,50257,23.2,327,24,27,5.8,7.5,367
Haryana,anthurium,flowers,42.3,very_low,kharif,northern_plains,3263,7066,29663,10.6,1039,24,29,5.8,8.5,460
Himachal Pradesh,rice,cereals,77.7,medium,kharif,hill_regions,90294,7870,630922,19.2,724,13,42,6.4,7.6,890
Himachal Pradesh,wheat,cereals,87.2,high,rabi,hill_regions,136717,3697,617141,5,1245,23,44,6.2,7.8,542
Himachal Pradesh,maize,cereals,85,medium,kharif,hill_regions,82998,5776,820303,5.4,486,19,42,6.2,7.6,625
Himachal Pradesh,barley,cereals,94.6,high,rabi,hill_regions,159581,3040,1933292,29.8,1227,13,31,6.4,7.1,761
Himachal Pradesh,jowar_sorghum,cereals,47.2,very_low,kharif,hill_regions,7233,2533,185427,30.7,336,12,44,5.7,7.9,678
Himachal Pradesh,bajra_pearl_millet,cereals,53.3,very_low,kharif,hill_regions,15086,1075,176716,25,1411,17,38,5.6,8.1,604
Himachal Pradesh,ragi_finger_millet,cereals,45.3,very_low,kharif,hill_regions,1922,2300,32570,45.1,678,20,26,6.1,7.7,1180
Himachal Pradesh,foxtail_millet,cereals,52.7,very_low,kharif,hill_regions,14845,2351,85993,8.4,652,13,39,6,8.1,763
Himachal Pradesh,proso_millet,cereals,41.3,very_low,kharif,hill_regions,20628,7324,113165,38.9,1177,12,28,5.6,7.5,726
Himachal Pradesh,barnyard_millet,cereals,55,very_low,kharif,hill_regions,13573,5853,30607,7.6,909,20,44,5.9,8.3,643
Himachal Pradesh,little_millet,cereals,50.3,very_low,kharif,hill_regions,1371,1548,3863,21.7,1169,12,37,5.8,8.2,1018
Himachal Pradesh,kodo_millet,cereals,51.6,very_low,kharif,hill_regions,5979,6666,30682,18,439,20,38,6.2,7.6,390
Himachal Pradesh,oats,cereals,53.7,very_low,kharif,hill_regions,8321,5121,31247,11,727,13,29,6.4,7.8,735
Himachal Pradesh,gram_chickpea,pulses,50.3,very_low,rabi,hill_regions,3514,6834,135757,11.6,586,17,38,5.7,7.8,916
Himachal Pradesh,tur_arhar,pulses,46.7,very_low,kharif,hill_regions,23737,4294,212187,8.4,204,15,37,6.1,7.7,412
Himachal Pradesh,moong_green_gram,pulses,42.6,very_low,kharif,hill_regions,23506,5717,143790,31.9,463,16,38,6,7,1158
Himachal Pradesh,urad_black_gram,pulses,52.7,very_low,kharif,hill_regions,9435,7462,11820,27.6,793,16,41,5.9,7.1,359
Himachal Pradesh,masur_lentil,pulses,40.6,very_low,kharif,hill_regions,13113,2426,94101,35.9,531,19,38,6,7.5,857
Himachal Pradesh,rajma_kidney_bean,pulses,84.7,medium,kharif,hill_regions,43711,4249,68013,29.9,627,11,34,5.5,7.6,395
Himachal Pradesh,cowpea_lobhia,pulses,40.4,very_low,kharif,hill_regions,24293,2453,114407,17.5,841,16,30,6.2,7.2,347
Himachal Pradesh,field_pea,pulses,51.5,very_low,kharif,hill_regions,11741,4274,92908,24.7,710,17,35,6.2,8.1,639
Himachal Pradesh,black_eyed_pea,pulses,46.2,very_low,kharif,hill_regions,9456,4173,124377,36.3,1368,20,44,6.1,8.4,442
Himachal Pradesh,horse_gram,pulses,40.8,very_low,kharif,hill_regions,21229,3923,36781,28.5,1043,14,39,6.5,8.3,562
Himachal Pradesh,moth_bean,pulses,44.9,very_low,kharif,hill_regions,6982,1702,106294,21.4,1343,23,25,6.5,8.1,768
Himachal Pradesh,cluster_bean_guar,pulses,45.8,very_low,kharif,hill_regions,6750,5358,15337,33,557,10,36,6.1,7.6,365
Himachal Pradesh,groundnut_peanut,oilseeds,53.4,very_low,kharif,hill_regions,2768,4576,88537,7.7,988,22,39,5.7,8.3,608
Himachal Pradesh,mustard,oilseeds,84.2,medium,rabi,hill_regions,41775,5179,169086,39.7,1014,10,37,6,7.3,1196
Himachal Pradesh,rapeseed,oilseeds,68.5,low,rabi,hill_regions,24350,3215,276954,46.9,666,22,34,5.9,8.4,759
Himachal Pradesh,sesame_til,oilseeds,47,very_low,kharif,hill_regions,6298,3273,174857,35.5,1274,14,35,6.5,7.5,444
Himachal Pradesh,sunflower,oilseeds,62.7,low,kharif,hill_regions,8296,7219,391467,30.6,1207,22,39,5.5,7.2,363
Himachal Pradesh,safflower,oilseeds,40.1,very_low,kharif,hill_regions,6422,2687,8482,28.8,555,21,25,6.3,8.4,944
Himachal Pradesh,niger,oilseeds,51,very_low,kharif,hill_regions,6221,7961,177478,37.7,669,18,38,6.1,8.1,374
Himachal Pradesh,linseed_flax,oilseeds,45.3,very_low,kharif,hill_regions,5006,2208,20922,21.5,841,10,43,6.3,8.1,455
Himachal Pradesh,castor,oilseeds,49.1,very_low,kharif,hill_regions,20237,6233,94947,43.3,401,10,38,5.6,7.2,970
Himachal Pradesh,coconut,oilseeds,44.1,very_low,perennial,hill_regions,20726,3215,39388,9.8,369,10,26,5.9,7.5,935
Himachal Pradesh,palm_oil,oilseeds,53.1,very_low,kharif,hill_regions,13755,1717,145976,21.3,311,22,31,5.7,8.3,1111
Himachal Pradesh,olive,oilseeds,45.1,very_low,kharif,hill_regions,9981,6134,8796,31.7,1438,13,43,6.5,7.4,978
Himachal Pradesh,walnut,oilseeds,43.6,very_low,kharif,hill_regions,19788,2730,141825,41.5,666,12,26,6.1,8.5,1040
Himachal Pradesh,almond,oilseeds,46.5,very_low,kharif,hill_regions,5944,2141,80065,25.9,878,24,37,6.1,7.2,1196
Himachal Pradesh,cotton,fiber,51.6,very_low,kharif,hill_regions,11572,4514,115174,13.7,1096,23,28,5.6,8.1,545
Himachal Pradesh,jute,fiber,49.4,very_low,kharif,hill_regions,7860,6706,105332,44.1,1192,23,25,5.7,7.1,697
Himachal Pradesh,mesta,fiber,53.3,very_low,kharif,hill_regions,16471,3290,52695,45.3,753,21,29,6.4,7.9,983
Himachal Pradesh,flax,fiber,41.3,very_low,kharif,hill_regions,17908,7139,7624,18.7,776,12,39,5.7,7.5,896
Himachal Pradesh,hemp,fiber,47.2,very_low,kharif,hill_regions,23820,1815,140687,15.4,738,10,27,5.8,7.5,1109
Himachal Pradesh,sisal,fiber,51.1,very_low,kharif,hill_regions,17756,2691,77376,19.4,624,20,35,5.9,7.2,319
Himachal Pradesh,coir,fiber,43.3,very_low,kharif,hill_regions,9568,1787,70425,22.4,295,22,36,5.7,8.3,340
Himachal Pradesh,sugarcane,sugar,43,very_low,perennial,hill_regions,17836,3024,12660,43.6,607,12,35,6.4,7.1,989
Himachal Pradesh,sugar_beet,sugar,48.6,very_low,kharif,hill_regions,13819,7760,34081,11.5,1386,20,33,6.1,8.1,995
Himachal Pradesh,turmeric,spices,68.8,low,kharif,hill_regions,15427,5477,171054,31.8,745,12,34,6.2,8.2,743
Himachal Pradesh,coriander,spices,42.5,very_low,kharif,hill_regions,14423,3890,101992,27.8,513,21,26,6,7.3,360
Himachal Pradesh,cumin,spices,47.5,very_low,kharif,hill_regions,14190,6213,116450,23.4,1021,18,33,6.1,8.4,473
Himachal Pradesh,fennel,spices,53.6,very_low,kharif,hill_regions,3490,3017,55507,10.9,1347,22,38,6,8.4,1047
Himachal Pradesh,fenugreek,spices,47.5,very_low,kharif,hill_regions,13731,5115,63807,25.8,301,15,38,6.5,8.4,800
Himachal Pradesh,ajwain,spices,49.1,very_low,kharif,hill_regions,9577,1494,31332,35.1,603,10,41,5.8,7.1,367
Himachal Pradesh,black_pepper,spices,43.8,very_low,kharif,hill_regions,10530,3251,87321,12.8,840,20,38,6.1,8.4,505
Himachal Pradesh,cardamom_small,spices,47.4,very_low,kharif,hill_regions,2411,1391,51874,33.5,537,12,34,6.1,7.4,570
Himachal Pradesh,cardamom_large,spices,49.2,very_low,kharif,hill_regions,19604,6480,85032,17.3,790,22,34,6.3,8.5,364
Himachal Pradesh,cinnamon,spices,40.7,very_low,kharif,hill_regions,5073,1917,90508,6,610,12,43,6.2,8.4,1175
Himachal Pradesh,clove,spices,47.5,very_low,kharif,hill_regions,2963,2560,83296,6.8,266,19,37,6.2,7.6,1025
Himachal Pradesh,nutmeg,spices,48,very_low,kharif,hill_regions,9676,7671,5929,22.6,833,12,42,5.8,8.2,903
Himachal Pradesh,ginger,spices,64,low,kharif,hill_regions,9050,1331,76572,20.5,1283,15,40,5.9,8.2,1178
Himachal Pradesh,garlic,spices,43.6,very_low,kharif,hill_regions,17045,6721,142124,24.1,496,11,35,6.5,8.1,594
Himachal Pradesh,onion,spices,52.4,very_low,rabi,hill_regions,7330,1100,24215,44.5,1287,14,30,6.3,8.4,1001
Himachal Pradesh,chilli,spices,49.1,very_low,kharif,hill_regions,7879,2634,96042,22.4,1283,15,41,5.8,7.7,853
Himachal Pradesh,tamarind,spices,41.1,very_low,kharif,hill_regions,16737,4554,194545,44,878,23,26,5.6,7.9,618
Himachal Pradesh,vanilla,spices,47,very_low,kharif,hill_regions,6801,6758,78698,49.9,1222,14,30,5.8,8.3,324
Himachal Pradesh,saffron,spices,43.5,very_low,kharif,hill_regions,18081,2587,49480,43.8,1361,13,33,6.3,8.2,1032
Himachal Pradesh,mint,spices,47.8,very_low,kharif,hill_regions,9392,2096,160147,29.3,1310,11,41,5.8,8,336
Himachal Pradesh,basil,spices,49.1,very_low,kharif,hill_regions,9131,2507,104823,42.5,620,13,30,6.4,7.5,303
Himachal Pradesh,oregano,spices,51.7,very_low,kharif,hill_regions,3292,7894,116771,27.5,696,23,29,5.8,7.2,983
Himachal Pradesh,thyme,spices,48.9,very_low,kharif,hill_regions,5019,5558,135883,21.1,1241,15,40,5.5,7.8,1172
Himachal Pradesh,tea,plantation,84.7,medium,perennial,hill_regions,44574,1440,696861,30.6,700,11,43,6,7.4,615
Himachal Pradesh,coffee_arabica,plantation,44.1,very_low,perennial,hill_regions,20508,6996,81279,42.2,750,13,44,5.8,7.5,1190
Himachal Pradesh,coffee_robusta,plantation,42,very_low,perennial,hill_regions,23608,4582,760,21.9,345,16,40,5.9,7.6,801
Himachal Pradesh,rubber,plantation,48.7,very_low,perennial,hill_regions,8552,6751,122929,18.5,583,15,37,5.7,8.4,817
Himachal Pradesh,cocoa,plantation,53.8,very_low,kharif,hill_regions,3815,1159,23881,43.8,247,16,27,5.9,8.3,860
Himachal Pradesh,cashew,plantation,51.1,very_low,kharif,hill_regions,16047,5964,57402,24.2,1394,18,39,5.9,7.3,951
Himachal Pradesh,areca_nut,plantation,49.1,very_low,kharif,hill_regions,12572,2457,127242,47.7,1358,14,33,6.3,7.9,793
Himachal Pradesh,betelvine,plantation,53.9,very_low,kharif,hill_regions,10770,1294,11699,5.3,1387,16,34,6.3,7.9,848
Himachal Pradesh,black_pepper_plantation,plantation,44.4,very_low,kharif,hill_regions,4646,1372,41108,17,567,20,29,6.2,7.1,432
Himachal Pradesh,mango,fruits_tropical,47.6,very_low,kharif,hill_regions,24484,7781,148085,35.4,1012,19,27,6,7.6,698
Himachal Pradesh,banana,fruits_tropical,47.9,very_low,perennial,hill_regions,4598,1444,98501,10.3,536,23,34,5.6,7.6,404
Himachal Pradesh,papaya,fruits_tropical,43,very_low,kharif,hill_regions,4900,6646,51801,32.3,460,15,41,5.6,8.3,735
Himachal Pradesh,pineapple,fruits_tropical,52.6,very_low,kharif,hill_regions,5651,6261,102776,15.3,1464,11,26,6.1,8.1,1164
Himachal Pradesh,jackfruit,fruits_tropical,46.1,very_low,kharif,hill_regions,6375,3027,36447,27,283,17,33,6.2,8,466
Himachal Pradesh,guava,fruits_tropical,43.1,very_low,kharif,hill_regions,2811,5600,119492,34.3,988,16,31,6.4,8.5,747
Himachal Pradesh,coconut_fruit,fruits_tropical,44.4,very_low,kharif,hill_regions,3585,6359,166472,10.6,1469,24,43,6,7.4,823
Himachal Pradesh,passion_fruit,fruits_tropical,46.3,very_low,kharif,hill_regions,6063,5647,8140,20,223,21,37,5.6,8.4,320
Himachal Pradesh,dragon_fruit,fruits_tropical,48.8,very_low,kharif,hill_regions,20167,1239,185130,46.3,929,17,25,6.1,7.6,995
Himachal Pradesh,rambutan,fruits_tropical,46.1,very_low,kharif,hill_regions,2613,1930,26660,7,903,21,37,6.1,8,605
Himachal Pradesh,sapota,fruits_tropical,45.4,very_low,kharif,hill_regions,11643,2131,1857,31.8,1425,19,40,6.2,7.7,946
Himachal Pradesh,custard_apple,fruits_tropical,52.4,very_low,kharif,hill_regions,4968,2566,52512,44.8,648,15,42,6,7.8,1074
Himachal Pradesh,wood_apple,fruits_tropical,47.4,very_low,kharif,hill_regions,2239,2250,76587,27.3,1455,24,42,5.8,8.4,920
Himachal Pradesh,apple,fruits_temperate,90.1,high,kharif,hill_regions,6727,2023,1694661,34.1,673,17,43,6.1,7.6,408
Himachal Pradesh,pear,fruits_temperate,44.4,very_low,kharif,hill_regions,13097,4302,118083,44.8,985,20,32,5.5,8.4,1154
Himachal Pradesh,peach,fruits_temperate,54.2,very_low,kharif,hill_regions,23592,5792,195118,32,374,15,44,5.9,8.3,383
Himachal Pradesh,plum,fruits_temperate,45,very_low,kharif,hill_regions,1039,1833,26437,42.7,282,14,25,6.2,7.9,880
Himachal Pradesh,apricot,fruits_temperate,45.6,very_low,kharif,hill_regions,10243,6677,15828,26.9,523,12,39,6,7.3,579
Himachal Pradesh,cherry,fruits_temperate,54.5,very_low,kharif,hill_regions,23767,4220,134712,22,301,16,36,5.8,8.3,435
Himachal Pradesh,strawberry,fruits_temperate,45.5,very_low,kharif,hill_regions,5134,1277,27341,23,821,18,30,6,7.8,584
Himachal Pradesh,kiwi,fruits_temperate,52.5,very_low,kharif,hill_regions,7088,7631,141421,49.2,1099,15,30,6.2,8.5,864
Himachal Pradesh,grape,fruits_temperate,53.2,very_low,kharif,hill_regions,6846,7343,100443,49.2,1207,16,35,6.4,7.8,529
Himachal Pradesh,pomegranate,fruits_temperate,46.5,very_low,kharif,hill_regions,2149,6206,17963,23.2,1246,17,41,5.8,8.4,488
Himachal Pradesh,fig,fruits_temperate,40.6,very_low,kharif,hill_regions,20714,2623,216241,27.6,1436,17,34,5.9,7.5,780
Himachal Pradesh,persimmon,fruits_temperate,46.8,very_low,kharif,hill_regions,2875,2491,74509,31.9,1192,24,37,6.5,7.5,467
Himachal Pradesh,orange,fruits_citrus,46,very_low,kharif,hill_regions,17404,4919,45521,38.4,857,12,36,6.4,8.3,828
Himachal Pradesh,lime,fruits_citrus,45.7,very_low,kharif,hill_regions,5575,6264,33910,15.6,1410,22,37,5.6,7.2,392
Himachal Pradesh,lemon,fruits_citrus,49.2,very_low,kharif,hill_regions,10393,7950,36159,25.4,1125,24,42,5.6,7.3,979
Himachal Pradesh,grapefruit,fruits_citrus,50.3,very_low,kharif,hill_regions,6421,6465,22264,44.2,268,21,37,5.8,8.1,1004
Himachal Pradesh,mandarin,fruits_citrus,54,very_low,kharif,hill_regions,11960,5218,73004,45.1,204,14,35,5.7,8.4,882
Himachal Pradesh,sweet_lime,fruits_citrus,47.2,very_low,kharif,hill_regions,12000,4910,840,21.5,380,20,34,5.8,7.7,488
Himachal Pradesh,kinnow,fruits_citrus,53.9,very_low,kharif,hill_regions,9603,4579,54902,18.6,1456,14,36,6.5,8.3,782
Himachal Pradesh,spinach,vegetables_leafy,54.9,very_low,kharif,hill_regions,5204,3839,64455,20.5,1188,18,25,6.4,7.4,1197
Himachal Pradesh,fenugreek_leaves,vegetables_leafy,54.3,very_low,kharif,hill_regions,23423,2544,122898,15.1,537,19,25,6.5,8.4,642
Himachal Pradesh,amaranth,vegetables_leafy,47.7,very_low,kharif,hill_regions,17068,5820,43129,25.1,757,24,28,5.6,8.3,1107
Himachal Pradesh,cabbage,vegetables_leafy,96.3,high,kharif,hill_regions,150299,4943,128029,31.8,217,14,43,5.8,8.4,525
Himachal Pradesh,cauliflower,vegetables_leafy,89.1,high,kharif,hill_regions,186618,4509,1724020,6.8,1398,12,42,5.9,8.2,904
Himachal Pradesh,lettuce,vegetables_leafy,42.6,very_low,kharif,hill_regions,7177,2708,184779,9.8,488,17,41,5.6,7.8,940
Himachal Pradesh,kale,vegetables_leafy,52.9,very_low,kharif,hill_regions,22589,5569,99761,10,1122,24,39,5.5,7.7,853
Himachal Pradesh,mustard_leaves,vegetables_leafy,50.3,very_low,kharif,hill_regions,13722,2563,183890,36.3,507,14,43,6.4,7.6,334
Himachal Pradesh,curry_leaves,vegetables_leafy,40.7,very_low,kharif,hill_regions,9921,5089,79556,37.3,224,11,32,5.7,7.1,876
Himachal Pradesh,coriander_leaves,vegetables_leafy,52.2,very_low,kharif,hill_regions,20514,5660,147444,17.2,1490,12,29,5.8,8.5,1189
Himachal Pradesh,potato,vegetables_root,95.3,high,rabi,hill_regions,128254,7794,1360595,47.5,611,15,42,5.6,8.4,756
Himachal Pradesh,sweet_potato,vegetables_root,53.9,very_low,kharif,hill_regions,12029,4380,83983,27.7,1457,20,30,6.4,7.4,634
Himachal Pradesh,carrot,vegetables_root,41.5,very_low,kharif,hill_regions,8210,2812,206156,41.2,383,21,43,5.6,8.2,792
Himachal Pradesh,radish,vegetables_root,50,very_low,kharif,hill_regions,13916,1238,121208,6.5,791,12,41,5.8,7.7,685
Himachal Pradesh,turnip,vegetables_root,51.6,very_low,kharif,hill_regions,15523,1514,30235,29.8,1431,11,25,5.7,8,659
Himachal Pradesh,beetroot,vegetables_root,52.4,very_low,kharif,hill_regions,2338,3100,57394,35.8,361,24,31,6.2,7.8,500
Himachal Pradesh,onion_vegetable,vegetables_root,52.7,very_low,kharif,hill_regions,10601,5120,54575,36,601,22,29,5.5,7.4,471
Himachal Pradesh,garlic_vegetable,vegetables_root,47.6,very_low,kharif,hill_regions,10774,2689,79640,31,1482,24,42,6.3,7.6,977
Himachal Pradesh,ginger_vegetable,vegetables_root,54.4,very_low,kharif,hill_regions,5679,2525,46763,26,948,18,44,6.1,8.3,587
Himachal Pradesh,turmeric_vegetable,vegetables_root,46.6,very_low,kharif,hill_regions,5549,3658,93006,31.1,1027,15,31,6.1,7.2,527
Himachal Pradesh,yam,vegetables_root,40.6,very_low,kharif,hill_regions,2873,1136,22570,34.5,279,16,43,6.3,7.5,1132
Himachal Pradesh,taro,vegetables_root,44.9,very_low,kharif,hill_regions,11382,7090,42741,35,1072,12,29,6,8.4,308
Himachal Pradesh,cassava,vegetables_root,51.7,very_low,kharif,hill_regions,5390,5465,61296,7.6,744,18,26,5.6,8,769
Himachal Pradesh,tomato,vegetables_fruit,42.4,very_low,kharif,hill_regions,18915,1109,106518,8.3,208,12,33,6.3,7.4,863
Himachal Pradesh,brinjal_eggplant,vegetables_fruit,46.2,very_low,kharif,hill_regions,7623,6582,97836,43.1,640,21,29,6.2,8.4,312
Himachal Pradesh,okra_ladyfinger,vegetables_fruit,46.6,very_low,kharif,hill_regions,16178,2232,178541,32.7,413,10,40,5.6,7.2,817
Himachal Pradesh,bottle_gourd,vegetables_fruit,49.1,very_low,kharif,hill_regions,9485,6417,185038,17.2,1113,23,38,6.2,7.3,781
Himachal Pradesh,bitter_gourd,vegetables_fruit,48.4,very_low,kharif,hill_regions,23927,1235,12750,8.5,1165,12,37,5.8,7.7,494
Himachal Pradesh,ridge_gourd,vegetables_fruit,53,very_low,kharif,hill_regions,20530,5022,21723,12.7,1485,20,25,6.2,7.6,576
Himachal Pradesh,snake_gourd,vegetables_fruit,42.3,very_low,kharif,hill_regions,1961,3028,65869,12.2,860,10,31,6.4,7.5,624
Himachal Pradesh,ash_gourd,vegetables_fruit,47.1,very_low,kharif,hill_regions,17212,2332,148111,39.1,1139,11,25,6.1,8.3,825
Himachal Pradesh,pumpkin,vegetables_fruit,43.2,very_low,kharif,hill_regions,8297,6052,16399,6.3,730,18,39,6.3,7.9,399
Himachal Pradesh,cucumber,vegetables_fruit,50.2,very_low,zaid,hill_regions,26908,7101,71962,38.8,1306,20,30,6.5,7.7,416
Himachal Pradesh,watermelon,vegetables_fruit,41.6,very_low,zaid,hill_regions,10174,1661,135992,41,1143,13,38,5.5,7.5,658
Himachal Pradesh,muskmelon,vegetables_fruit,52.5,very_low,zaid,hill_regions,376,3466,71167,47.7,1423,12,28,5.7,8.2,305
Himachal Pradesh,capsicum,vegetables_fruit,41.9,very_low,kharif,hill_regions,5295,1646,59899,17.3,864,24,27,5.9,8.4,1089
Himachal Pradesh,chilli_vegetable,vegetables_fruit,45.9,very_low,kharif,hill_regions,2325,5987,186632,29.2,848,12,37,6.1,8,323
Himachal Pradesh,drumstick,vegetables_fruit,48.2,very_low,kharif,hill_regions,4718,2458,48549,37,988,22,30,6.4,8.1,655
Himachal Pradesh,green_peas,vegetables_legume,41.4,very_low,kharif,hill_regions,14491,3172,40058,13.5,1248,14,31,5.9,7.7,670
Himachal Pradesh,french_bean,vegetables_legume,47.6,very_low,kharif,hill_regions,21586,6588,21505,41,356,11,43,6.3,7.8,1087
Himachal Pradesh,cluster_bean_vegetable,vegetables_legume,54.8,very_low,kharif,hill_regions,13700,6280,41422,12.5,1187,15,27,5.8,7.5,1168
Himachal Pradesh,broad_bean,vegetables_legume,50.5,very_low,kharif,hill_regions,19981,7321,84548,45.8,725,13,29,6.2,7.8,893
Himachal Pradesh,berseem,fodder,50.3,very_low,kharif,hill_regions,663,4728,16049,33.5,917,18,31,6.1,8.2,1198
Himachal Pradesh,lucerne_alfalfa,fodder,52.6,very_low,kharif,hill_regions,4261,5770,158664,14.5,532,12,39,5.9,7.1,1087
Himachal Pradesh,oats_fodder,fodder,48.4,very_low,kharif,hill_regions,5826,3031,60658,20.2,912,21,38,5.8,7.8,1056
Himachal Pradesh,sorghum_fodder,fodder,41,very_low,kharif,hill_regions,6483,5473,19652,38.5,1040,23,28,6.3,7.1,808
Himachal Pradesh,maize_fodder,fodder,48.3,very_low,kharif,hill_regions,15033,1030,74024,14.8,1166,10,41,6.3,8.2,437
Himachal Pradesh,bajra_fodder,fodder,49.5,very_low,kharif,hill_regions,8738,6060,43761,37.9,322,17,30,6.5,8.3,959
Himachal Pradesh,cowpea_fodder,fodder,54,very_low,kharif,hill_regions,15274,3276,99335,38.1,223,15,25,6.5,7.2,788
Himachal Pradesh,stylo,fodder,51.9,very_low,kharif,hill_regions,6875,5252,18093,40,589,13,36,5.9,8.4,1092
Himachal Pradesh,para_grass,fodder,47.3,very_low,kharif,hill_regions,5710,2872,74943,41.2,603,12,34,5.6,8.1,766
Himachal Pradesh,guinea_grass,fodder,47.4,very_low,kharif,hill_regions,14498,1633,111420,22,1344,20,27,6.3,8,329
Himachal Pradesh,napier_grass,fodder,42,very_low,kharif,hill_regions,15125,6226,130932,34.7,1196,18,30,6.4,7,629
Himachal Pradesh,tulsi,medicinal,50.9,very_low,kharif,hill_regions,641,1461,96287,48.4,917,17,31,5.8,7,545
Himachal Pradesh,neem,medicinal,46.7,very_low,kharif,hill_regions,1346,6024,99918,47.2,1003,10,39,5.6,8,1001
Himachal Pradesh,aloe_vera,medicinal,50.9,very_low,kharif,hill_regions,21510,5852,61017,46.6,433,23,31,5.6,8.2,302
Himachal Pradesh,ashwagandha,medicinal,52.5,very_low,kharif,hill_regions,13506,5840,81305,21.4,277,22,28,5.9,7.9,734
Himachal Pradesh,brahmi,medicinal,43,very_low,kharif,hill_regions,1691,7041,3358,49,458,11,36,5.6,7.9,1065
Himachal Pradesh,kalmegh,medicinal,40.7,very_low,kharif,hill_regions,10412,2116,36838,46.3,343,23,35,5.5,7.7,1035
Himachal Pradesh,giloy,medicinal,50.9,very_low,kharif,hill_regions,17035,1842,143975,43.1,1120,22,35,6.2,7.8,619
Himachal Pradesh,stevia,medicinal,48.5,very_low,kharif,hill_regions,6754,2965,15026,19.5,1307,15,39,5.7,7.6,403
Himachal Pradesh,mentha_mint,medicinal,42.1,very_low,kharif,hill_regions,13664,2493,84939,43.8,426,10,38,5.6,8.5,848
Himachal Pradesh,lemongrass,medicinal,47.1,very_low,kharif,hill_regions,10738,1634,138398,33.2,439,18,27,5.5,7.9,883
Himachal Pradesh,citronella,medicinal,48.8,very_low,kharif,hill_regions,8302,1395,66678,29.9,1051,23,42,6.5,8.5,995
Himachal Pradesh,palmarosa,medicinal,54.3,very_low,kharif,hill_regions,19970,1527,10990,42.7,836,22,31,5.9,8.1,1123
Himachal Pradesh,vetiver,medicinal,41.3,very_low,kharif,hill_regions,21649,3208,77554,7.1,220,17,26,5.7,8.3,813
Himachal Pradesh,rosemary,medicinal,49.5,very_low,kharif,hill_regions,11417,7075,57629,46.1,1298,20,39,5.6,7.4,360
Himachal Pradesh,lavender,medicinal,40.1,very_low,kharif,hill_regions,11608,2679,102189,31.9,508,17,29,6.5,8.3,323
Himachal Pradesh,bamboo,timber,54.2,very_low,kharif,hill_regions,2235,5694,126476,14.8,1185,11,34,5.5,8.5,976
Himachal Pradesh,eucalyptus,timber,42.4,very_low,kharif,hill_regions,2844,6366,8089,42.8,1424,20,29,5.9,7.7,844
Himachal Pradesh,teak,timber,50,very_low,kharif,hill_regions,7543,7236,13922,26,1208,10,39,6.3,8,311
Himachal Pradesh,sal,timber,42.7,very_low,kharif,hill_regions,4064,7738,87853,18.4,1408,21,30,5.9,7.3,1173
Himachal Pradesh,sandalwood,timber,47.8,very_low,kharif,hill_regions,9857,7025,12300,49.2,1385,15,40,6.3,8.4,576
Himachal Pradesh,rosewood,timber,47,very_low,kharif,hill_regions,21315,3754,184748,7.1,1216,13,30,6,7.7,768
Himachal Pradesh,pine,timber,48.2,very_low,kharif,hill_regions,3051,6379,53314,27.8,1038,23,39,5.5,8.3,1190
Himachal Pradesh,deodar,timber,47.1,very_low,kharif,hill_regions,16220,4217,78121,34.6,498,11,25,5.8,7.6,796
Himachal Pradesh,button_mushroom,mushroom,44.4,very_low,kharif,hill_regions,8869,4086,24789,16.7,262,18,40,5.7,7.6,314
Himachal Pradesh,oyster_mushroom,mushroom,52.6,very_low,kharif,hill_regions,1859,3554,195648,22.6,884,15,36,6.5,8.5,997
Himachal Pradesh,shiitake,mushroom,46.1,very_low,kharif,hill_regions,7222,7899,112669,25.2,215,17,44,6,7.3,319
Himachal Pradesh,milky_mushroom,mushroom,45.3,very_low,kharif,hill_regions,28267,7617,165594,30.1,967,18,39,5.9,8,409
Himachal Pradesh,rose,flowers,44,very_low,kharif,hill_regions,24173,4773,7021,46.7,1112,16,36,5.9,7.7,1098
Himachal Pradesh,jasmine,flowers,42.4,very_low,kharif,hill_regions,153,3198,14341,14.9,214,13,31,5.5,7.9,811
Himachal Pradesh,marigold,flowers,41.5,very_low,kharif,hill_regions,21871,7611,686,40.8,659,10,30,5.8,7.8,894
Himachal Pradesh,chrysanthemum,flowers,51.2,very_low,kharif,hill_regions,4901,3158,43385,50,1211,24,38,5.9,7.6,739
Himachal Pradesh,tuberose,flowers,46.3,very_low,kharif,hill_regions,12495,3069,164742,43.4,746,20,26,6,7.1,326
Himachal Pradesh,gladiolus,flowers,49.2,very_low,kharif,hill_regions,11971,7272,18054,37.6,868,11,38,6.1,7.8,1133
Himachal Pradesh,lily,flowers,47.8,very_low,kharif,hill_regions,15326,1810,112356,13.2,976,20,34,5.6,7.7,373
Himachal Pradesh,orchid,flowers,50.2,very_low,kharif,hill_regions,24846,2041,110043,30.5,1399,19,27,5.9,8,930
Himachal Pradesh,carnation,flowers,52.9,very_low,kharif,hill_regions,12957,1413,107115,43.6,1058,21,26,5.5,7.2,378
Himachal Pradesh,gerbera,flowers,48.2,very_low,kharif,hill_regions,12328,4120,79659,34.4,615,13,31,6.3,7.9,528
Himachal Pradesh,anthurium,flowers,52.3,very_low,kharif,hill_regions,7790,4073,64940,46.7,1175,16,28,6.3,7.7,367
Jharkhand,rice,cereals,94.3,high,kharif,eastern_india,11316,7319,749915,17.6,1131,23,25,6.2,8.2,488
Jharkhand,wheat,cereals,77.3,medium,rabi,eastern_india,64625,6932,75417,41.7,1203,15,38,5.5,8.4,795
Jharkhand,maize,cereals,79.3,medium,kharif,eastern_india,71582,6997,617639,45.8,957,12,43,6.2,8,1186
Jharkhand,barley,cereals,41.1,very_low,rabi,eastern_india,4581,5412,119907,48.5,790,21,43,6.2,7.4,847
Jharkhand,jowar_sorghum,cereals,54.5,very_low,kharif,eastern_india,19217,7208,47922,16.1,1438,12,28,5.9,7.9,843
Jharkhand,bajra_pearl_millet,cereals,44.4,very_low,kharif,eastern_india,26024,3744,98874,36.6,1061,15,33,5.8,7.4,712
Jharkhand,ragi_finger_millet,cereals,50.3,very_low,kharif,eastern_india,19401,3623,152002,5.3,820,21,37,6,8,1116
Jharkhand,foxtail_millet,cereals,48.5,very_low,kharif,eastern_india,25500,5938,119343,6.7,686,18,40,5.9,8.4,544
Jharkhand,proso_millet,cereals,51.2,very_low,kharif,eastern_india,9027,6617,43686,9.4,876,17,40,6.5,7.1,832
Jharkhand,barnyard_millet,cereals,50.2,very_low,kharif,eastern_india,28027,5987,124186,12.3,699,18,39,6.1,8.1,686
Jharkhand,little_millet,cereals,50.9,very_low,kharif,eastern_india,2201,2139,91771,8.4,1241,13,34,6.4,7.9,489
Jharkhand,kodo_millet,cereals,44.3,very_low,kharif,eastern_india,12297,5108,104682,22,490,20,39,5.8,8.2,1069
Jharkhand,oats,cereals,53.8,very_low,kharif,eastern_india,4111,7022,21110,5.2,1332,14,33,5.9,8.3,604
Jharkhand,gram_chickpea,pulses,68.4,low,rabi,eastern_india,32371,3279,119093,33.1,780,23,34,6,7.6,1010
Jharkhand,tur_arhar,pulses,46.4,very_low,kharif,eastern_india,13285,5177,72874,32.5,1134,14,25,6.3,7.2,949
Jharkhand,moong_green_gram,pulses,41.2,very_low,kharif,eastern_india,1267,4655,91531,12.7,683,23,33,6.3,8.4,1176
Jharkhand,urad_black_gram,pulses,53.5,very_low,kharif,eastern_india,15742,6686,109516,5.7,1440,21,40,5.6,7.3,1166
Jharkhand,masur_lentil,pulses,47.5,very_low,kharif,eastern_india,15111,1611,60001,21.9,654,14,29,5.7,8,1127
Jharkhand,rajma_kidney_bean,pulses,47.6,very_low,kharif,eastern_india,2674,6811,124040,20.7,578,19,40,6,7.9,944
Jharkhand,cowpea_lobhia,pulses,54.4,very_low,kharif,eastern_india,13266,3745,76989,30.8,832,20,32,5.6,7.7,769
Jharkhand,field_pea,pulses,43,very_low,kharif,eastern_india,6753,3864,35829,29.1,599,17,29,5.6,8.2,876
Jharkhand,black_eyed_pea,pulses,45.1,very_low,kharif,eastern_india,9492,2188,81539,26.5,642,21,42,5.9,7.6,689
Jharkhand,horse_gram,pulses,53.8,very_low,kharif,eastern_india,6086,2294,44140,16.9,499,19,27,5.9,7.9,561
Jharkhand,moth_bean,pulses,41,very_low,kharif,eastern_india,1567,6850,61281,7.9,708,14,36,6,7.7,583
Jharkhand,cluster_bean_guar,pulses,42.1,very_low,kharif,eastern_india,21892,7609,11886,38.3,1144,24,30,6.2,7.1,868
Jharkhand,groundnut_peanut,oilseeds,60.3,low,kharif,eastern_india,59182,3553,288116,10.3,741,15,28,6.4,7.2,872
Jharkhand,mustard,oilseeds,96.6,high,rabi,eastern_india,228090,2232,1876007,17.4,1399,20,40,5.6,7.9,1039
Jharkhand,rapeseed,oilseeds,52.9,very_low,rabi,eastern_india,9935,1303,52017,36.2,339,10,40,5.9,7.2,986
Jharkhand,sesame_til,oilseeds,96,high,kharif,eastern_india,40388,1106,1335645,29.8,1046,22,33,5.6,8.4,790
Jharkhand,sunflower,oilseeds,64.2,low,kharif,eastern_india,71477,5004,183082,49.9,1085,16,36,5.9,8.3,734
Jharkhand,safflower,oilseeds,52.4,very_low,kharif,eastern_india,22142,6055,183348,22.4,349,22,34,5.6,7.2,443
Jharkhand,niger,oilseeds,51.3,very_low,kharif,eastern_india,5128,6928,54671,40.7,835,20,32,5.8,8.3,331
Jharkhand,linseed_flax,oilseeds,54.6,very_low,kharif,eastern_india,10061,5396,22750,28.1,1480,13,39,5.9,8,484
Jharkhand,castor,oilseeds,47.1,very_low,kharif,eastern_india,6019,5455,136435,30.4,999,17,25,6.4,8.2,456
Jharkhand,coconut,oilseeds,46.2,very_low,perennial,eastern_india,24909,7657,182854,12.1,1388,23,32,5.9,7.7,890
Jharkhand,palm_oil,oilseeds,43.9,very_low,kharif,eastern_india,1566,4080,23670,39.4,338,23,42,6.4,8.1,396
Jharkhand,olive,oilseeds,46.6,very_low,kharif,eastern_india,12474,3331,59185,40.1,1396,21,38,6,7.9,384
Jharkhand,walnut,oilseeds,53.3,very_low,kharif,eastern_india,1038,7439,81822,44.1,1313,22,26,5.7,8.3,1109
Jharkhand,almond,oilseeds,46.9,very_low,kharif,eastern_india,3447,7778,32205,13.6,1058,13,43,5.5,7,754
Jharkhand,cotton,fiber,62.3,low,kharif,eastern_india,19067,3881,271900,5.4,1469,19,28,5.5,7.8,511
Jharkhand,jute,fiber,88.9,high,kharif,eastern_india,122085,4874,118228,28.7,1228,11,42,6.1,8.4,433
Jharkhand,mesta,fiber,54.9,very_low,kharif,eastern_india,13086,4606,4554,47.3,1037,11,25,5.6,7.9,852
Jharkhand,flax,fiber,47.5,very_low,kharif,eastern_india,8655,4614,2664,17.7,269,23,39,6.5,7.5,1090
Jharkhand,hemp,fiber,49,very_low,kharif,eastern_india,4390,6168,137899,15.6,428,20,44,6.2,7.4,677
Jharkhand,sisal,fiber,45.8,very_low,kharif,eastern_india,20921,5122,59679,47.2,1049,24,36,6.3,8.2,603
Jharkhand,coir,fiber,54.5,very_low,kharif,eastern_india,8048,7758,28371,34.2,930,21,42,6.1,8.2,581
Jharkhand,sugarcane,sugar,73.4,medium,perennial,eastern_india,75005,2310,599860,22.7,1234,10,38,6.1,8.4,942
Jharkhand,sugar_beet,sugar,51.9,very_low,kharif,eastern_india,19054,3031,195504,38.6,751,20,42,6.5,8.4,592
Jharkhand,turmeric,spices,46.3,very_low,kharif,eastern_india,3109,7176,35270,32.9,1065,21,28,5.8,7.7,628
Jharkhand,coriander,spices,54.7,very_low,kharif,eastern_india,12945,7154,74429,40.4,490,21,34,5.6,7.4,662
Jharkhand,cumin,spices,51.2,very_low,kharif,eastern_india,7597,6012,59989,39.2,431,18,43,6.1,7.9,962
Jharkhand,fennel,spices,45,very_low,kharif,eastern_india,22018,1076,167159,14.8,792,22,41,6.4,8.4,702
Jharkhand,fenugreek,spices,49.8,very_low,kharif,eastern_india,6361,4021,105916,27.6,1258,21,25,6.1,7.7,710
Jharkhand,ajwain,spices,52.3,very_low,kharif,eastern_india,18579,5989,92759,39,249,10,26,5.9,7.4,1185
Jharkhand,black_pepper,spices,48.1,very_low,kharif,eastern_india,6649,3252,62545,36.4,815,17,36,6.3,7.1,999
Jharkhand,cardamom_small,spices,48.4,very_low,kharif,eastern_india,7816,3865,43420,49.1,846,24,34,5.7,7.8,335
Jharkhand,cardamom_large,spices,53.6,very_low,kharif,eastern_india,19212,5268,122437,49.9,561,21,36,6.5,8.2,1198
Jharkhand,cinnamon,spices,48.8,very_low,kharif,eastern_india,7167,5977,87323,5,856,13,42,5.7,8,539
Jharkhand,clove,spices,45.3,very_low,kharif,eastern_india,7146,1665,16237,27.7,1034,14,38,5.6,8.3,1034
Jharkhand,nutmeg,spices,54.8,very_low,kharif,eastern_india,10418,3794,171526,11,608,11,34,6.1,7.3,323
Jharkhand,ginger,spices,50.8,very_low,kharif,eastern_india,10126,2551,55271,24.6,277,17,35,6.4,8.1,371
Jharkhand,garlic,spices,43.1,very_low,kharif,eastern_india,2033,4198,127866,28.2,1164,20,41,5.7,8.1,1093
Jharkhand,onion,spices,72.6,medium,rabi,eastern_india,101189,6465,236487,30.4,725,17,32,5.8,8,1000
Jharkhand,chilli,spices,53.1,very_low,kharif,eastern_india,10808,2783,44882,45.6,790,12,28,6,8.1,1197
Jharkhand,tamarind,spices,51.8,very_low,kharif,eastern_india,20664,7268,17063,46.8,715,23,26,6.2,8.1,1197
Jharkhand,vanilla,spices,51.5,very_low,kharif,eastern_india,9914,3565,27822,16.2,488,18,43,6.4,7.1,371
Jharkhand,saffron,spices,43.7,very_low,kharif,eastern_india,1569,3719,71065,31,906,15,39,6.3,7.5,376
Jharkhand,mint,spices,44.4,very_low,kharif,eastern_india,6025,2091,47268,14.9,1160,10,36,5.7,7,1082
Jharkhand,basil,spices,50.1,very_low,kharif,eastern_india,7995,5281,45425,23.9,1353,13,32,5.8,8.2,1124
Jharkhand,oregano,spices,52.7,very_low,kharif,eastern_india,25614,5880,156007,49.2,209,19,39,6.4,8.3,1057
Jharkhand,thyme,spices,54.2,very_low,kharif,eastern_india,349,1077,90494,24.6,786,16,43,5.9,8.3,1112
Jharkhand,tea,plantation,91.5,high,perennial,eastern_india,165691,5955,571901,9.6,544,11,30,5.8,8,1159
Jharkhand,coffee_arabica,plantation,50.3,very_low,perennial,eastern_india,22435,6095,94682,19.6,1300,23,34,5.5,8.2,556
Jharkhand,coffee_robusta,plantation,40.1,very_low,perennial,eastern_india,13630,5796,191007,29.4,854,14,31,6.3,7.7,447
Jharkhand,rubber,plantation,41.4,very_low,perennial,eastern_india,9151,5574,73432,11.5,860,23,28,6.2,7.9,973
Jharkhand,cocoa,plantation,42.3,very_low,kharif,eastern_india,18013,6929,57098,38.3,1215,15,32,6.2,7.1,962
Jharkhand,cashew,plantation,40.6,very_low,kharif,eastern_india,9219,1688,107387,44.1,1014,22,42,5.8,8.3,475
Jharkhand,areca_nut,plantation,46.2,very_low,kharif,eastern_india,15170,1210,49339,32.4,664,21,38,5.7,7.2,866
Jharkhand,betelvine,plantation,46.8,very_low,kharif,eastern_india,4456,3121,11693,29.6,1192,18,41,5.6,7.7,848
Jharkhand,black_pepper_plantation,plantation,50.1,very_low,kharif,eastern_india,17498,5560,18244,36.3,1142,24,38,6.2,7.8,1081
Jharkhand,mango,fruits_tropical,55,very_low,kharif,eastern_india,15767,1552,148795,36.9,1208,11,38,5.8,8.1,516
Jharkhand,banana,fruits_tropical,80.3,medium,perennial,eastern_india,1902,5433,92096,34.7,1403,24,29,6.3,7.5,1110
Jharkhand,papaya,fruits_tropical,51.8,very_low,kharif,eastern_india,4741,3361,72125,23.5,1089,19,44,6.4,7.6,951
Jharkhand,pineapple,fruits_tropical,82.4,medium,kharif,eastern_india,11069,3114,367114,24.6,420,17,38,6,8,359
Jharkhand,jackfruit,fruits_tropical,53.1,very_low,kharif,eastern_india,17894,7169,30515,40.9,354,16,31,6.1,7.5,873
Jharkhand,guava,fruits_tropical,45.5,very_low,kharif,eastern_india,17351,2507,73364,43.1,702,18,37,5.8,7.4,727
Jharkhand,coconut_fruit,fruits_tropical,43.2,very_low,kharif,eastern_india,1120,3127,40346,48.3,966,21,25,5.6,8.2,861
Jharkhand,passion_fruit,fruits_tropical,42.9,very_low,kharif,eastern_india,9831,6905,8915,31.9,1132,24,41,5.8,8.1,986
Jharkhand,dragon_fruit,fruits_tropical,50.9,very_low,kharif,eastern_india,23886,1689,22364,40.8,528,10,33,6.3,7.2,904
Jharkhand,rambutan,fruits_tropical,40.1,very_low,kharif,eastern_india,4357,1585,82543,43.9,1182,13,35,5.7,7.4,764
Jharkhand,sapota,fruits_tropical,51,very_low,kharif,eastern_india,3612,7486,40896,47.2,1488,17,30,6.3,7.2,526
Jharkhand,custard_apple,fruits_tropical,51.8,very_low,kharif,eastern_india,3912,5557,109512,10.6,560,13,32,6.3,8.1,896
Jharkhand,wood_apple,fruits_tropical,40.1,very_low,kharif,eastern_india,2967,2903,15153,23.5,297,21,40,6.1,7.1,1101
Jharkhand,apple,fruits_temperate,54.5,very_low,kharif,eastern_india,9939,6893,60731,19.5,822,17,33,6.4,8.1,517
Jharkhand,pear,fruits_temperate,48.8,very_low,kharif,eastern_india,3536,3508,172248,30.5,482,11,35,6,7.5,867
Jharkhand,peach,fruits_temperate,41,very_low,kharif,eastern_india,7107,1432,90944,11.4,1076,15,32,6.3,7.7,953
Jharkhand,plum,fruits_temperate,47.6,very_low,kharif,eastern_india,16680,5251,107733,40.5,1433,15,36,5.6,7.5,670
Jharkhand,apricot,fruits_temperate,52.5,very_low,kharif,eastern_india,14871,1133,75422,45.6,491,10,33,6.2,7.7,713
Jharkhand,cherry,fruits_temperate,50,very_low,kharif,eastern_india,11381,2071,47859,34.5,1276,21,39,5.9,7.2,495
Jharkhand,strawberry,fruits_temperate,53,very_low,kharif,eastern_india,25844,1531,116706,34.2,1123,19,40,5.9,7.3,484
Jharkhand,kiwi,fruits_temperate,40.2,very_low,kharif,eastern_india,1714,3250,85532,45.3,1291,13,27,5.7,8.5,794
Jharkhand,grape,fruits_temperate,42.7,very_low,kharif,eastern_india,10759,7294,56118,22.7,856,23,42,6.1,7.3,663
Jharkhand,pomegranate,fruits_temperate,54.6,very_low,kharif,eastern_india,17354,4149,94398,24.3,1113,22,35,6,7.5,459
Jharkhand,fig,fruits_temperate,54.1,very_low,kharif,eastern_india,13101,6007,103306,47.2,1010,23,28,6.1,8.2,544
Jharkhand,persimmon,fruits_temperate,51.1,very_low,kharif,eastern_india,21296,3190,139508,18.7,1160,16,36,5.9,7.2,460
Jharkhand,orange,fruits_citrus,41.2,very_low,kharif,eastern_india,19010,1145,12058,25.6,1159,12,30,5.7,7.6,502
Jharkhand,lime,fruits_citrus,45.3,very_low,kharif,eastern_india,15108,1568,125448,26.5,1414,14,39,6.2,7.3,1112
Jharkhand,lemon,fruits_citrus,47.4,very_low,kharif,eastern_india,3640,2804,110649,19.4,849,15,37,6,7,884
Jharkhand,grapefruit,fruits_citrus,46.3,very_low,kharif,eastern_india,1737,2542,30266,47.1,762,10,27,5.6,7.9,467
Jharkhand,mandarin,fruits_citrus,47.5,very_low,kharif,eastern_india,14022,3243,63889,37.5,763,21,38,5.9,7.8,1170
Jharkhand,sweet_lime,fruits_citrus,49.9,very_low,kharif,eastern_india,5253,4382,204292,19.5,1457,11,43,5.9,7.1,1091
Jharkhand,kinnow,fruits_citrus,43.8,very_low,kharif,eastern_india,1508,5613,81708,10,800,12,39,5.6,7.4,476
Jharkhand,spinach,vegetables_leafy,48.3,very_low,kharif,eastern_india,14170,1407,123901,40.9,371,11,28,6.2,7.9,786
Jharkhand,fenugreek_leaves,vegetables_leafy,43.7,very_low,kharif,eastern_india,16082,2684,120077,31.1,360,17,43,5.9,8.3,530
Jharkhand,amaranth,vegetables_leafy,48.6,very_low,kharif,eastern_india,24766,4400,137640,5.1,529,14,26,5.8,7.5,1171
Jharkhand,cabbage,vegetables_leafy,50,very_low,kharif,eastern_india,18301,2072,70629,34.1,272,20,26,5.6,7.2,1136
Jharkhand,cauliflower,vegetables_leafy,50.2,very_low,kharif,eastern_india,12939,3049,114870,23.5,389,20,27,5.7,8.2,894
Jharkhand,lettuce,vegetables_leafy,49.5,very_low,kharif,eastern_india,7388,5831,108763,28,1460,24,33,6.3,7.8,760
Jharkhand,kale,vegetables_leafy,40.8,very_low,kharif,eastern_india,19365,6460,135163,12.2,665,13,31,6.1,7.5,804
Jharkhand,mustard_leaves,vegetables_leafy,46.6,very_low,kharif,eastern_india,1643,7242,1586,5.1,1274,24,39,5.5,7.3,1174
Jharkhand,curry_leaves,vegetables_leafy,52.1,very_low,kharif,eastern_india,5216,1100,3769,32.5,228,24,28,6.2,7.2,786
Jharkhand,coriander_leaves,vegetables_leafy,41.2,very_low,kharif,eastern_india,14924,1603,172033,29.6,1398,23,43,5.6,7.2,1188
Jharkhand,potato,vegetables_root,91.3,high,rabi,eastern_india,143379,2849,1081045,42.7,1219,14,33,5.9,7.7,450
Jharkhand,sweet_potato,vegetables_root,46.8,very_low,kharif,eastern_india,10843,6739,83763,15.4,1062,21,31,6.1,7.2,607
Jharkhand,carrot,vegetables_root,53.6,very_low,kharif,eastern_india,16359,5916,192885,48.1,836,18,33,5.6,7.6,1011
Jharkhand,radish,vegetables_root,52.1,very_low,kharif,eastern_india,1697,4690,24180,14,1370,17,40,5.6,7.6,906
Jharkhand,turnip,vegetables_root,42,very_low,kharif,eastern_india,1220,5559,128289,42.2,1467,22,42,6.1,7.8,665
Jharkhand,beetroot,vegetables_root,52.3,very_low,kharif,eastern_india,895,7635,548,49,1147,14,38,6.3,7.4,993
Jharkhand,onion_vegetable,vegetables_root,52.1,very_low,kharif,eastern_india,771,2428,24176,7.9,1143,15,42,5.8,7.7,875
Jharkhand,garlic_vegetable,vegetables_root,53.2,very_low,kharif,eastern_india,7782,7069,51002,8.6,778,21,25,6.1,7.9,1135
Jharkhand,ginger_vegetable,vegetables_root,44.3,very_low,kharif,eastern_india,6948,3498,91799,33.9,1186,22,43,5.9,8.5,494
Jharkhand,turmeric_vegetable,vegetables_root,50.7,very_low,kharif,eastern_india,16931,4337,129740,46.9,1151,21,26,5.7,8.5,923
Jharkhand,yam,vegetables_root,48.4,very_low,kharif,eastern_india,935,3583,69294,14.5,425,17,36,5.7,7.9,1110
Jharkhand,taro,vegetables_root,47.1,very_low,kharif,eastern_india,25193,1646,21054,26.4,964,16,31,6.1,7,1171
Jharkhand,cassava,vegetables_root,43.5,very_low,kharif,eastern_india,3342,2666,53471,49.8,205,19,42,6.2,7.5,1162
Jharkhand,tomato,vegetables_fruit,83.4,medium,kharif,eastern_india,63753,7772,867634,25.2,1301,14,32,5.7,7.3,891
Jharkhand,brinjal_eggplant,vegetables_fruit,47.7,very_low,kharif,eastern_india,5978,3612,115504,43.4,704,23,31,6.2,8.4,651
Jharkhand,okra_ladyfinger,vegetables_fruit,50.2,very_low,kharif,eastern_india,4356,5019,124710,25.4,1418,23,30,5.9,8,766
Jharkhand,bottle_gourd,vegetables_fruit,41.4,very_low,kharif,eastern_india,22558,4063,147851,8.9,843,23,42,5.8,7.8,927
Jharkhand,bitter_gourd,vegetables_fruit,45.1,very_low,kharif,eastern_india,5766,5211,640,9.3,469,15,35,5.8,7.4,1082
Jharkhand,ridge_gourd,vegetables_fruit,42.2,very_low,kharif,eastern_india,18979,5375,114288,24.4,225,19,37,5.6,7.7,1123
Jharkhand,snake_gourd,vegetables_fruit,43.1,very_low,kharif,eastern_india,8966,6675,126833,39.2,675,11,31,6.2,8.1,1168
Jharkhand,ash_gourd,vegetables_fruit,46.8,very_low,kharif,eastern_india,12316,2054,83687,29.5,1435,15,44,6,7.4,472
Jharkhand,pumpkin,vegetables_fruit,42.1,very_low,kharif,eastern_india,604,4115,150703,35.2,1187,11,34,5.8,8.3,463
Jharkhand,cucumber,vegetables_fruit,46.9,very_low,zaid,eastern_india,11291,6811,40460,22,1229,17,33,5.5,8.1,1174
Jharkhand,watermelon,vegetables_fruit,49.3,very_low,zaid,eastern_india,14154,2621,3401,34.4,841,21,38,6.5,7.8,684
Jharkhand,muskmelon,vegetables_fruit,44.3,very_low,zaid,eastern_india,17078,1297,152847,49.7,977,14,29,5.8,7.1,727
Jharkhand,capsicum,vegetables_fruit,40.9,very_low,kharif,eastern_india,9216,2395,106333,48.8,1103,17,40,6.2,8.3,484
Jharkhand,chilli_vegetable,vegetables_fruit,52.9,very_low,kharif,eastern_india,15084,2967,118800,48.4,389,24,26,5.7,7.7,1194
Jharkhand,drumstick,vegetables_fruit,47.3,very_low,kharif,eastern_india,14652,7778,131699,15.1,593,11,37,5.7,7.4,1099
Jharkhand,green_peas,vegetables_legume,44.9,very_low,kharif,eastern_india,8609,1518,62063,23.4,1364,14,32,6.3,8.1,1018
Jharkhand,french_bean,vegetables_legume,54.3,very_low,kharif,eastern_india,10715,6750,105570,17.5,593,13,27,5.7,7.1,1099
Jharkhand,cluster_bean_vegetable,vegetables_legume,54,very_low,kharif,eastern_india,18303,2284,156807,27.8,287,12,31,5.5,7.5,353
Jharkhand,broad_bean,vegetables_legume,43.5,very_low,kharif,eastern_india,15228,2648,29418,35.9,1317,15,42,5.8,7.3,596
Jharkhand,berseem,fodder,49.1,very_low,kharif,eastern_india,11726,2658,97309,20.6,792,18,38,5.7,8.3,949
Jharkhand,lucerne_alfalfa,fodder,43.5,very_low,kharif,eastern_india,19710,4166,37424,29,414,16,33,6.2,7.3,1039
Jharkhand,oats_fodder,fodder,44.9,very_low,kharif,eastern_india,14624,5377,46654,22.4,597,18,31,6.2,7.9,431
Jharkhand,sorghum_fodder,fodder,44.7,very_low,kharif,eastern_india,5719,4611,58567,39,445,24,31,5.8,8,1024
Jharkhand,maize_fodder,fodder,45.7,very_low,kharif,eastern_india,22066,6367,7062,42.2,1206,20,40,6.5,7.6,360
Jharkhand,bajra_fodder,fodder,46.9,very_low,kharif,eastern_india,3292,5108,27145,35.8,1268,16,43,5.6,8.3,1045
Jharkhand,cowpea_fodder,fodder,44.8,very_low,kharif,eastern_india,4984,6679,106307,19.8,970,12,34,6.5,7.2,1152
Jharkhand,stylo,fodder,52.4,very_low,kharif,eastern_india,5529,2494,4262,37.6,1037,12,40,5.8,7.2,680
Jharkhand,para_grass,fodder,41.4,very_low,kharif,eastern_india,5764,6963,96816,24.9,1141,18,31,6.2,8,857
Jharkhand,guinea_grass,fodder,49.3,very_low,kharif,eastern_india,9243,7083,30919,44.8,644,11,37,5.9,8.2,687
Jharkhand,napier_grass,fodder,50,very_low,kharif,eastern_india,3513,3716,78536,34.6,951,24,38,6.4,7.2,355
Jharkhand,tulsi,medicinal,44.7,very_low,kharif,eastern_india,6755,4632,58625,38.5,1462,23,27,5.8,7.4,459
Jharkhand,neem,medicinal,48.2,very_low,kharif,eastern_india,4949,5983,123568,5.9,714,23,35,5.8,7.4,519
Jharkhand,aloe_vera,medicinal,41.5,very_low,kharif,eastern_india,2523,3046,9877,40.2,251,14,36,5.9,7.4,547
Jharkhand,ashwagandha,medicinal,52,very_low,kharif,eastern_india,10452,1274,8907,39.2,918,21,38,6.4,8.3,1009
Jharkhand,brahmi,medicinal,47.1,very_low,kharif,eastern_india,8274,4514,78971,13.4,1052,16,37,5.7,7.7,489
Jharkhand,kalmegh,medicinal,53.1,very_low,kharif,eastern_india,4598,1288,106880,14.7,1486,18,30,6.2,7.4,1038
Jharkhand,giloy,medicinal,44.6,very_low,kharif,eastern_india,18129,6910,17614,20.7,1158,19,28,5.9,7.4,852
Jharkhand,stevia,medicinal,45.2,very_low,kharif,eastern_india,3483,3863,25437,48.3,400,23,33,5.9,7.3,872
Jharkhand,mentha_mint,medicinal,50.3,very_low,kharif,eastern_india,1260,7429,151769,24.4,997,16,31,5.6,7.7,1036
Jharkhand,lemongrass,medicinal,40.3,very_low,kharif,eastern_india,19087,2522,31905,39.8,531,12,32,5.9,8.3,856
Jharkhand,citronella,medicinal,46.1,very_low,kharif,eastern_india,19744,1792,34541,48.3,1444,12,27,5.9,7.1,889
Jharkhand,palmarosa,medicinal,41.2,very_low,kharif,eastern_india,5472,7704,38170,21,1497,17,32,5.9,7.3,761
Jharkhand,vetiver,medicinal,46.6,very_low,kharif,eastern_india,2604,3178,62810,7.6,399,24,35,5.6,8,355
Jharkhand,rosemary,medicinal,51.1,very_low,kharif,eastern_india,16363,6125,17820,37.7,377,15,43,6,8.5,380
Jharkhand,lavender,medicinal,47.2,very_low,kharif,eastern_india,7130,1550,15873,16.6,1173,12,41,5.6,7.1,655
Jharkhand,bamboo,timber,54.7,very_low,kharif,eastern_india,1351,6258,30568,37.3,460,16,30,6,8.2,985
Jharkhand,eucalyptus,timber,47.7,very_low,kharif,eastern_india,7745,2682,140389,33,260,19,32,6.2,8.2,796
Jharkhand,teak,timber,40,very_low,kharif,eastern_india,17077,2742,84602,48.5,587,13,29,6.1,8.4,847
Jharkhand,sal,timber,44.5,very_low,kharif,eastern_india,14313,5178,29234,33.6,759,10,35,6.5,7.5,1169
Jharkhand,sandalwood,timber,41.4,very_low,kharif,eastern_india,3036,2915,112671,31.7,1207,19,36,6.4,7.7,502
Jharkhand,rosewood,timber,42.4,very_low,kharif,eastern_india,12881,1297,18740,9.8,960,13,28,6.1,8.1,598
Jharkhand,pine,timber,48.7,very_low,kharif,eastern_india,11194,3358,95461,49,1212,10,35,5.6,8.3,1010
Jharkhand,deodar,timber,54.6,very_low,kharif,eastern_india,11681,4632,68669,26.1,1026,23,36,6.4,8.3,766
Jharkhand,button_mushroom,mushroom,45.2,very_low,kharif,eastern_india,10288,1570,69028,49.7,263,20,41,6.1,7.9,936
Jharkhand,oyster_mushroom,mushroom,46.4,very_low,kharif,eastern_india,11386,4026,62997,28.9,271,24,40,5.6,8.5,963
Jharkhand,shiitake,mushroom,47.1,very_low,kharif,eastern_india,2571,4922,13304,29.5,918,23,39,5.7,8.3,815
Jharkhand,milky_mushroom,mushroom,49.1,very_low,kharif,eastern_india,11495,7516,82982,47.3,592,22,34,5.7,8,915
Jharkhand,rose,flowers,44.3,very_low,kharif,eastern_india,2192,3798,14229,13.7,708,24,40,5.8,8.4,881
Jharkhand,jasmine,flowers,46.8,very_low,kharif,eastern_india,8068,2630,60018,28.8,886,21,32,6.2,7.9,1165
Jharkhand,marigold,flowers,45.8,very_low,kharif,eastern_india,23048,5463,146835,8.8,1435,11,36,5.8,7.6,849
Jharkhand,chrysanthemum,flowers,53.6,very_low,kharif,eastern_india,18918,5149,24759,13.6,1130,10,34,5.6,7.6,974
Jharkhand,tuberose,flowers,46.9,very_low,kharif,eastern_india,3442,3572,7507,31.3,989,10,33,5.9,7.5,801
Jharkhand,gladiolus,flowers,45.2,very_low,kharif,eastern_india,14654,2134,90847,27.8,596,20,36,6,8,1022
Jharkhand,lily,flowers,54.6,very_low,kharif,eastern_india,19779,1007,95917,14.7,322,17,39,5.9,8,740
Jharkhand,orchid,flowers,46.6,very_low,kharif,eastern_india,6144,3448,81760,10.2,320,19,35,5.9,7.2,669
Jharkhand,carnation,flowers,51.8,very_low,kharif,eastern_india,19608,1419,149150,15.8,609,12,40,6.1,7.9,901
Jharkhand,gerbera,flowers,43.6,very_low,kharif,eastern_india,12033,5456,119722,17.9,1201,16,38,6,8.4,461
Jharkhand,anthurium,flowers,50.1,very_low,kharif,eastern_india,3897,1462,137692,12.1,442,24,39,5.8,7.9,780
Karnataka,rice,cereals,96,high,kharif,southern_india,216183,2480,1329506,6.8,289,20,25,6.1,8.3,641
Karnataka,wheat,cereals,55.7,low,rabi,southern_india,61119,6020,304273,15.4,219,20,29,6.4,7.7,777
Karnataka,maize,cereals,66.3,low,kharif,southern_india,44571,7569,542017,47.6,1271,20,38,5.6,7.4,305
Karnataka,barley,cereals,42.1,very_low,rabi,southern_india,2912,7311,121114,8.2,523,22,41,6.4,8.5,1178
Karnataka,jowar_sorghum,cereals,90.3,high,kharif,southern_india,142692,3094,1210281,29,1232,14,35,6.1,8.4,539
Karnataka,bajra_pearl_millet,cereals,97.2,high,kharif,southern_india,198602,6508,1312316,16,446,22,39,5.7,7.9,702
Karnataka,ragi_finger_millet,cereals,87.1,high,kharif,southern_india,66337,1673,859600,31.6,260,16,30,5.5,7.2,425
Karnataka,foxtail_millet,cereals,42.7,very_low,kharif,southern_india,11602,2029,21150,18.4,1237,15,28,5.9,7.8,326
Karnataka,proso_millet,cereals,49.4,very_low,kharif,southern_india,351,5717,102076,33.3,644,17,32,6.2,7.9,373
Karnataka,barnyard_millet,cereals,49.6,very_low,kharif,southern_india,8951,7130,160174,12.9,1375,16,39,6.3,7.8,659
Karnataka,little_millet,cereals,53.7,very_low,kharif,southern_india,3864,3531,100523,47.2,486,22,30,6.5,7.9,306
Karnataka,kodo_millet,cereals,40.5,very_low,kharif,southern_india,2534,6373,23178,48.6,1026,20,29,6.4,8,1077
Karnataka,oats,cereals,54.3,very_low,kharif,southern_india,1321,6623,86718,31.3,675,19,31,5.7,7.7,494
Karnataka,gram_chickpea,pulses,47.3,very_low,rabi,southern_india,24511,7591,187977,21,1255,23,43,6.2,7.3,335
Karnataka,tur_arhar,pulses,42.2,very_low,kharif,southern_india,13702,6984,109203,34.7,231,13,33,6.1,7.3,988
Karnataka,moong_green_gram,pulses,45.5,very_low,kharif,southern_india,2819,5758,62016,40.8,722,19,43,5.5,7,993
Karnataka,urad_black_gram,pulses,49.7,very_low,kharif,southern_india,7921,1293,24544,24.1,1284,17,36,6.4,7.5,930
Karnataka,masur_lentil,pulses,52.9,very_low,kharif,southern_india,5099,7858,110534,15,286,14,32,5.9,7.9,1109
Karnataka,rajma_kidney_bean,pulses,45,very_low,kharif,southern_india,2768,1293,109006,7.7,710,23,29,6.2,7.5,340
Karnataka,cowpea_lobhia,pulses,48.4,very_low,kharif,southern_india,11089,5321,192250,40.5,452,21,35,6.2,7.7,415
Karnataka,field_pea,pulses,48.5,very_low,kharif,southern_india,10372,7152,142068,25.4,792,17,35,6.5,8,549
Karnataka,black_eyed_pea,pulses,48,very_low,kharif,southern_india,14504,5096,32241,6.5,639,16,26,6.3,7.5,1122
Karnataka,horse_gram,pulses,42.3,very_low,kharif,southern_india,5430,2323,83538,5.5,736,23,32,5.6,7.5,748
Karnataka,moth_bean,pulses,42.8,very_low,kharif,southern_india,16199,7108,7801,12.2,557,18,32,6.3,8.1,390
Karnataka,cluster_bean_guar,pulses,49.4,very_low,kharif,southern_india,3218,2245,17075,32.7,932,12,44,5.9,7.1,408
Karnataka,groundnut_peanut,oilseeds,92.6,high,kharif,southern_india,171060,7643,1056413,24.6,850,20,32,6.4,7,695
Karnataka,mustard,oilseeds,47.7,very_low,rabi,southern_india,6272,3992,85937,35.9,1205,21,31,6.5,8.3,534
Karnataka,rapeseed,oilseeds,42.9,very_low,rabi,southern_india,7453,6955,101412,43.3,553,18,30,5.6,8,428
Karnataka,sesame_til,oilseeds,50,very_low,kharif,southern_india,18646,1976,143954,50,1306,21,38,5.9,8.1,951
Karnataka,sunflower,oilseeds,64.5,low,kharif,southern_india,31714,1848,312553,16.9,699,10,32,6.3,7.8,308
Karnataka,safflower,oilseeds,47,very_low,kharif,southern_india,7641,3832,118029,6.9,1088,22,44,5.7,7.8,339
Karnataka,niger,oilseeds,47.5,very_low,kharif,southern_india,10501,1797,51427,28.4,1463,19,30,5.7,7.2,980
Karnataka,linseed_flax,oilseeds,50.4,very_low,kharif,southern_india,1119,6339,114066,48.4,963,14,32,5.7,8.1,936
Karnataka,castor,oilseeds,58,low,kharif,southern_india,3270,7383,71003,20.5,564,16,39,6.4,7.3,917
Karnataka,coconut,oilseeds,89.6,high,perennial,southern_india,90885,1050,1226925,11.8,257,20,39,6,8,784
Karnataka,palm_oil,oilseeds,49.4,very_low,kharif,southern_india,14677,2397,47311,24.8,779,21,32,5.7,7.4,493
Karnataka,olive,oilseeds,51,very_low,kharif,southern_india,13808,3913,138156,49.3,1070,22,35,6.4,8.2,1192
Karnataka,walnut,oilseeds,49.3,very_low,kharif,southern_india,14005,2813,72773,45.2,272,18,32,5.9,8.3,1068
Karnataka,almond,oilseeds,49,very_low,kharif,southern_india,7430,3858,43830,9.6,906,14,38,5.8,7.6,347
Karnataka,cotton,fiber,84.9,medium,kharif,southern_india,3927,4788,804584,39.8,1111,12,38,6.3,7.9,1103
Karnataka,jute,fiber,44.2,very_low,kharif,southern_india,12926,5377,320,20.9,1315,10,25,5.8,8.4,1111
Karnataka,mesta,fiber,47.8,very_low,kharif,southern_india,7134,2706,137418,9.8,833,19,27,6,7.9,968
Karnataka,flax,fiber,43.5,very_low,kharif,southern_india,9104,7881,27731,49.4,1128,22,26,5.8,7.1,634
Karnataka,hemp,fiber,54.7,very_low,kharif,southern_india,6860,1042,69053,13.9,368,15,40,5.6,7.3,307
Karnataka,sisal,fiber,54.5,very_low,kharif,southern_india,15785,5559,25413,31.8,370,16,36,6.1,7.2,330
Karnataka,coir,fiber,52,very_low,kharif,southern_india,2231,1891,175104,39.6,1495,13,34,5.7,7.9,403
Karnataka,sugarcane,sugar,71.9,medium,perennial,southern_india,59237,4458,420541,44.6,1162,16,44,6,7.2,1193
Karnataka,sugar_beet,sugar,40.3,very_low,kharif,southern_india,6635,4524,93946,15.8,923,21,30,5.9,7.4,1038
Karnataka,turmeric,spices,80.9,medium,kharif,southern_india,25144,1515,135890,12.2,893,24,32,6.5,7.1,1134
Karnataka,coriander,spices,42.7,very_low,kharif,southern_india,1855,7637,45605,18.6,838,15,38,6.5,7.9,949
Karnataka,cumin,spices,41.3,very_low,kharif,southern_india,10360,7200,70190,35.6,496,13,32,5.8,7.4,344
Karnataka,fennel,spices,52.6,very_low,kharif,southern_india,10027,1878,5997,30.3,853,17,36,5.8,8,752
Karnataka,fenugreek,spices,45,very_low,kharif,southern_india,19378,3755,179938,46.4,897,13,43,5.7,7.1,594
Karnataka,ajwain,spices,50.9,very_low,kharif,southern_india,18243,7662,21293,7.7,985,24,35,5.6,7.3,520
Karnataka,black_pepper,spices,75.1,medium,kharif,southern_india,75232,4608,446051,8,270,18,42,6,8.3,1029
Karnataka,cardamom_small,spices,71.1,medium,kharif,southern_india,62237,4104,219592,23.8,778,23,27,5.8,7.8,928
Karnataka,cardamom_large,spices,49.5,very_low,kharif,southern_india,22998,4899,49745,25.3,1101,22,44,6.1,7.8,315
Karnataka,cinnamon,spices,41.1,very_low,kharif,southern_india,842,3806,35451,33.7,896,18,34,5.8,8.4,377
Karnataka,clove,spices,54.1,very_low,kharif,southern_india,8396,1761,9357,24.3,1164,14,36,5.8,7.6,1115
Karnataka,nutmeg,spices,52.8,very_low,kharif,southern_india,4993,2352,155108,14.1,1250,15,44,5.9,7.5,873
Karnataka,ginger,spices,54.4,very_low,kharif,southern_india,20966,6282,133200,39,1317,17,37,6,7.8,1101
Karnataka,garlic,spices,45.3,very_low,kharif,southern_india,6539,2456,56544,45.7,1002,22,28,6.4,7.9,328
Karnataka,onion,spices,49.5,very_low,rabi,southern_india,2565,5077,212620,5.4,1020,17,31,6.1,7.1,977
Karnataka,chilli,spices,40.1,very_low,kharif,southern_india,8213,3639,39809,42.4,1415,23,35,6.4,8.4,668
Karnataka,tamarind,spices,44.3,very_low,kharif,southern_india,5794,7624,53743,35,346,12,34,6.5,7.5,1089
Karnataka,vanilla,spices,41.8,very_low,kharif,southern_india,13507,7019,815,13.5,485,24,28,5.5,7.8,775
Karnataka,saffron,spices,52.7,very_low,kharif,southern_india,15739,7509,168184,16.9,1406,20,33,6.2,7.6,402
Karnataka,mint,spices,50.8,very_low,kharif,southern_india,19371,2603,202678,6.1,632,13,25,5.9,7.9,1094
Karnataka,basil,spices,54.8,very_low,kharif,southern_india,12400,6065,176606,25.9,1220,17,32,6,8,954
Karnataka,oregano,spices,45.4,very_low,kharif,southern_india,19514,7834,39118,13.7,1079,16,25,5.8,8.2,1017
Karnataka,thyme,spices,47.4,very_low,kharif,southern_india,11354,2535,81951,5.5,818,15,38,6.1,7.6,306
Karnataka,tea,plantation,43.8,very_low,perennial,southern_india,1850,1753,117410,39,618,17,43,6.4,7.5,1028
Karnataka,coffee_arabica,plantation,78.9,medium,perennial,southern_india,71597,6422,911562,27.4,1234,13,27,5.9,8.4,750
Karnataka,coffee_robusta,plantation,49.5,very_low,perennial,southern_india,3175,3732,127220,48.7,418,16,26,5.7,7.6,786
Karnataka,rubber,plantation,58.5,low,perennial,southern_india,32277,7738,107403,36,535,23,38,6.3,7.1,838
Karnataka,cocoa,plantation,47.9,very_low,kharif,southern_india,4279,5060,89685,6.5,937,12,27,6.1,7.5,696
Karnataka,cashew,plantation,75.4,medium,kharif,southern_india,59609,7744,354275,38.3,534,17,36,5.8,7.7,551
Karnataka,areca_nut,plantation,40.1,very_low,kharif,southern_india,10062,6396,32187,23.4,248,13,40,6.1,7.3,531
Karnataka,betelvine,plantation,52.3,very_low,kharif,southern_india,4833,5650,63722,25.7,1369,13,39,5.7,7.9,1083
Karnataka,black_pepper_plantation,plantation,46.9,very_low,kharif,southern_india,20132,1952,138334,46.4,949,12,27,5.8,7.2,762
Karnataka,mango,fruits_tropical,41,very_low,kharif,southern_india,6445,4317,65504,36.8,261,11,26,5.9,7.1,971
Karnataka,banana,fruits_tropical,43.3,very_low,perennial,southern_india,14148,4124,179800,37.1,989,24,33,6.3,7.6,1054
Karnataka,papaya,fruits_tropical,43.9,very_low,kharif,southern_india,10751,2488,29059,18.7,1082,23,38,6.3,7.8,362
Karnataka,pineapple,fruits_tropical,41.5,very_low,kharif,southern_india,7054,2543,78771,35,700,22,39,6.2,8.5,565
Karnataka,jackfruit,fruits_tropical,49.7,very_low,kharif,southern_india,15824,6526,90043,31.6,272,24,41,6.4,8,467
Karnataka,guava,fruits_tropical,40.5,very_low,kharif,southern_india,10981,2847,122758,23.9,1047,17,38,6.4,7.3,596
Karnataka,coconut_fruit,fruits_tropical,46.6,very_low,kharif,southern_india,10868,3667,152967,23.9,1436,23,35,6.1,7.1,926
Karnataka,passion_fruit,fruits_tropical,50.6,very_low,kharif,southern_india,3909,7405,58758,34.4,243,16,41,5.9,7.9,488
Karnataka,dragon_fruit,fruits_tropical,46.2,very_low,kharif,southern_india,16297,7313,206069,47.5,1364,10,43,5.6,7.1,349
Karnataka,rambutan,fruits_tropical,45.2,very_low,kharif,southern_india,9152,1178,85564,24.9,1183,14,29,5.8,7.5,839
Karnataka,sapota,fruits_tropical,47.1,very_low,kharif,southern_india,6369,3596,130212,15.5,1263,20,25,6.5,8.1,914
Karnataka,custard_apple,fruits_tropical,46.1,very_low,kharif,southern_india,5502,1248,141182,45.3,411,21,39,5.7,7.6,680
Karnataka,wood_apple,fruits_tropical,51.4,very_low,kharif,southern_india,2777,4940,163097,40.4,392,17,42,5.8,7.6,1023
Karnataka,apple,fruits_temperate,41.3,very_low,kharif,southern_india,8647,1010,51142,9,320,20,29,6.4,7.8,714
Karnataka,pear,fruits_temperate,46.5,very_low,kharif,southern_india,10917,1900,167977,24.3,296,17,37,5.8,8.2,902
Karnataka,peach,fruits_temperate,49.8,very_low,kharif,southern_india,17722,2919,85192,18.9,1168,10,25,6.3,7.7,607
Karnataka,plum,fruits_temperate,49.1,very_low,kharif,southern_india,5028,2298,184266,31.5,707,22,35,5.7,7.3,657
Karnataka,apricot,fruits_temperate,52.9,very_low,kharif,southern_india,2541,7252,11034,33.3,477,19,32,5.6,7.9,914
Karnataka,cherry,fruits_temperate,50.2,very_low,kharif,southern_india,11489,4636,115722,36.1,1051,18,28,5.7,7.4,1127
Karnataka,strawberry,fruits_temperate,51.4,very_low,kharif,southern_india,5465,1776,151425,45.2,343,21,33,5.8,8.1,852
Karnataka,kiwi,fruits_temperate,51.7,very_low,kharif,southern_india,3737,3235,30378,27.6,567,16,32,6.2,7.9,888
Karnataka,grape,fruits_temperate,43.2,very_low,kharif,southern_india,511,1758,35129,7.9,983,24,27,6.3,7.2,902
Karnataka,pomegranate,fruits_temperate,49.6,very_low,kharif,southern_india,3445,3208,20629,23.3,1385,21,39,6,8.3,704
Karnataka,fig,fruits_temperate,42.2,very_low,kharif,southern_india,7673,1375,27207,32.4,989,13,39,6.3,8.4,826
Karnataka,persimmon,fruits_temperate,51.7,very_low,kharif,southern_india,6647,3171,96064,5.9,586,17,27,5.6,7.7,957
Karnataka,orange,fruits_citrus,52.5,very_low,kharif,southern_india,10044,3689,32470,11.6,1229,16,40,6.2,7.3,759
Karnataka,lime,fruits_citrus,46.7,very_low,kharif,southern_india,10109,7874,120197,45.7,238,12,26,5.8,7.7,877
Karnataka,lemon,fruits_citrus,47.5,very_low,kharif,southern_india,26392,2144,191528,26.7,789,21,26,6.4,8,1087
Karnataka,grapefruit,fruits_citrus,54.9,very_low,kharif,southern_india,2083,2165,52848,9.7,1259,14,44,6.2,7.3,728
Karnataka,mandarin,fruits_citrus,47,very_low,kharif,southern_india,10725,1218,109048,26.9,1228,22,29,5.5,8.1,1179
Karnataka,sweet_lime,fruits_citrus,46.7,very_low,kharif,southern_india,2508,3012,39956,24.1,1052,14,26,5.9,8.3,748
Karnataka,kinnow,fruits_citrus,54.5,very_low,kharif,southern_india,5683,2353,111587,29.1,985,21,39,5.5,8.2,779
Karnataka,spinach,vegetables_leafy,45.9,very_low,kharif,southern_india,12789,2046,69413,20.1,655,11,28,5.7,7.6,1105
Karnataka,fenugreek_leaves,vegetables_leafy,43.1,very_low,kharif,southern_india,5836,6511,7522,13.8,473,24,36,5.6,7.4,451
Karnataka,amaranth,vegetables_leafy,41.9,very_low,kharif,southern_india,12992,5418,68924,29.9,534,14,38,5.7,7.9,1067
Karnataka,cabbage,vegetables_leafy,41.8,very_low,kharif,southern_india,2477,3442,136614,30.2,325,21,44,5.7,8.3,801
Karnataka,cauliflower,vegetables_leafy,54,very_low,kharif,southern_india,10737,1418,95554,35.3,681,12,41,6.1,7.5,699
Karnataka,lettuce,vegetables_leafy,52.4,very_low,kharif,southern_india,1656,7378,52095,20.7,465,23,29,6.1,8.3,331
Karnataka,kale,vegetables_leafy,52.4,very_low,kharif,southern_india,12045,3606,101389,16.4,228,24,25,6.3,7.3,652
Karnataka,mustard_leaves,vegetables_leafy,52.3,very_low,kharif,southern_india,12241,4484,41446,34.8,643,15,39,5.8,7.3,1026
Karnataka,curry_leaves,vegetables_leafy,52.1,very_low,kharif,southern_india,10602,5872,81385,23.8,1493,12,36,6.4,8,1092
Karnataka,coriander_leaves,vegetables_leafy,45,very_low,kharif,southern_india,13166,3758,87703,11.6,1182,18,30,6,8,310
Karnataka,potato,vegetables_root,49.6,very_low,rabi,southern_india,4751,6270,50718,17.5,812,20,43,5.6,7.6,360
Karnataka,sweet_potato,vegetables_root,51.4,very_low,kharif,southern_india,13455,3255,128059,29.1,1426,11,35,6.3,7.9,320
Karnataka,carrot,vegetables_root,54.6,very_low,kharif,southern_india,4099,4399,69318,39.5,711,16,35,5.9,8.4,1066
Karnataka,radish,vegetables_root,46.8,very_low,kharif,southern_india,9022,1870,19644,11.9,433,22,36,6.5,7.3,737
Karnataka,turnip,vegetables_root,54.7,very_low,kharif,southern_india,19401,2322,163352,20.6,889,19,37,6.2,8,361
Karnataka,beetroot,vegetables_root,46.9,very_low,kharif,southern_india,7054,3191,23403,23.8,1482,14,35,6.2,7,1110
Karnataka,onion_vegetable,vegetables_root,45.8,very_low,kharif,southern_india,1329,2019,70838,20.5,1302,10,37,5.6,8.2,1000
Karnataka,garlic_vegetable,vegetables_root,47.5,very_low,kharif,southern_india,9096,2093,21783,33.2,1488,23,36,6,8.5,792
Karnataka,ginger_vegetable,vegetables_root,46.3,very_low,kharif,southern_india,6817,1682,143108,9.3,685,16,35,6.5,7.3,638
Karnataka,turmeric_vegetable,vegetables_root,42,very_low,kharif,southern_india,16179,4374,43732,32.9,900,12,33,5.9,8.5,1064
Karnataka,yam,vegetables_root,51,very_low,kharif,southern_india,20501,7323,12384,25.5,1170,18,28,5.8,7.5,535
Karnataka,taro,vegetables_root,45.1,very_low,kharif,southern_india,17380,6194,135658,44.8,740,15,26,6.4,7.1,967
Karnataka,cassava,vegetables_root,45.7,very_low,kharif,southern_india,12326,6716,65728,18.5,974,24,35,6.4,8.2,1016
Karnataka,tomato,vegetables_fruit,46.5,very_low,kharif,southern_india,3546,7747,136094,38.6,585,13,44,5.6,8.3,619
Karnataka,brinjal_eggplant,vegetables_fruit,46.3,very_low,kharif,southern_india,2655,3479,202904,36.5,1181,21,26,5.7,7.7,631
Karnataka,okra_ladyfinger,vegetables_fruit,46.2,very_low,kharif,southern_india,628,5623,278,7.8,730,22,27,6.1,8,506
Karnataka,bottle_gourd,vegetables_fruit,47.7,very_low,kharif,southern_india,14596,2101,141881,31.6,235,11,28,5.6,7.4,708
Karnataka,bitter_gourd,vegetables_fruit,45.6,very_low,kharif,southern_india,17132,7133,117399,9,802,22,28,5.6,7.5,650
Karnataka,ridge_gourd,vegetables_fruit,44.6,very_low,kharif,southern_india,3282,5775,39303,33.5,897,18,29,6,7,688
Karnataka,snake_gourd,vegetables_fruit,48.6,very_low,kharif,southern_india,3600,2536,7826,20.7,1472,15,34,6.2,8,1154
Karnataka,ash_gourd,vegetables_fruit,52.9,very_low,kharif,southern_india,24639,2615,127849,44.9,1011,24,27,5.9,8.5,641
Karnataka,pumpkin,vegetables_fruit,51.1,very_low,kharif,southern_india,7403,7542,32543,6,236,23,39,5.6,7.1,1024
Karnataka,cucumber,vegetables_fruit,52.1,very_low,zaid,southern_india,3828,6460,52223,48,825,20,35,6.4,7.6,506
Karnataka,watermelon,vegetables_fruit,44.9,very_low,zaid,southern_india,13607,3479,117925,11,206,14,37,6.2,8.2,1133
Karnataka,muskmelon,vegetables_fruit,46.2,very_low,zaid,southern_india,2082,1402,24987,25.2,474,14,37,5.9,7.8,671
Karnataka,capsicum,vegetables_fruit,42.5,very_low,kharif,southern_india,2799,1403,56859,40.8,641,15,41,5.7,7.2,751
Karnataka,chilli_vegetable,vegetables_fruit,49.7,very_low,kharif,southern_india,15763,1397,75465,15.7,1186,23,30,5.6,7.4,393
Karnataka,drumstick,vegetables_fruit,44.8,very_low,kharif,southern_india,20222,3795,36713,12.5,424,12,40,5.6,8.5,770
Karnataka,green_peas,vegetables_legume,48.2,very_low,kharif,southern_india,11891,4300,45265,16.9,1403,14,33,5.9,7.1,467
Karnataka,french_bean,vegetables_legume,42.8,very_low,kharif,southern_india,9848,6473,135467,13.6,931,21,37,6.1,8.1,351
Karnataka,cluster_bean_vegetable,vegetables_legume,51,very_low,kharif,southern_india,8903,2696,103723,26.6,1035,21,42,6.2,7.2,1069
Karnataka,broad_bean,vegetables_legume,49.3,very_low,kharif,southern_india,20461,2741,42698,28.1,1176,16,37,6,7.9,1040
Karnataka,berseem,fodder,42.7,very_low,kharif,southern_india,18876,4129,61983,5.6,1236,14,32,5.8,7.7,932
Karnataka,lucerne_alfalfa,fodder,51.6,very_low,kharif,southern_india,11897,6044,42528,9.3,1363,20,37,5.6,8.2,809
Karnataka,oats_fodder,fodder,52.7,very_low,kharif,southern_india,28238,6992,2874,44.9,297,22,30,6.1,7.1,994
Karnataka,sorghum_fodder,fodder,41.7,very_low,kharif,southern_india,14922,5867,1061,23.1,254,20,44,6.2,7.3,619
Karnataka,maize_fodder,fodder,54.6,very_low,kharif,southern_india,8195,3803,89041,44,643,19,35,5.8,7.4,784
Karnataka,bajra_fodder,fodder,42.3,very_low,kharif,southern_india,2053,1662,71947,10.3,818,15,39,6.5,8.1,461
Karnataka,cowpea_fodder,fodder,54,very_low,kharif,southern_india,8554,3951,40174,45.3,631,18,29,6.3,8.2,566
Karnataka,stylo,fodder,50.2,very_low,kharif,southern_india,13649,5204,110753,8.7,1071,17,33,6.4,7,526
Karnataka,para_grass,fodder,41.8,very_low,kharif,southern_india,3029,7919,23224,34.9,353,19,44,5.8,8.3,1197
Karnataka,guinea_grass,fodder,48.8,very_low,kharif,southern_india,10955,6913,22324,25.4,614,14,42,5.9,7.5,843
Karnataka,napier_grass,fodder,43.3,very_low,kharif,southern_india,7665,3864,34551,7.4,877,22,42,5.7,7.9,1070
Karnataka,tulsi,medicinal,46.1,very_low,kharif,southern_india,25891,2456,59551,13.1,454,23,43,5.6,7.9,807
Karnataka,neem,medicinal,45.9,very_low,kharif,southern_india,21454,2191,22002,6.5,672,15,33,6,8.1,652
Karnataka,aloe_vera,medicinal,45,very_low,kharif,southern_india,22591,2629,66986,42.1,303,14,33,5.7,7.3,682
Karnataka,ashwagandha,medicinal,51.3,very_low,kharif,southern_india,26253,1517,46674,39,902,14,29,5.8,7.6,459
Karnataka,brahmi,medicinal,54.5,very_low,kharif,southern_india,11978,6893,41206,38.3,1072,13,31,6,8,788
Karnataka,kalmegh,medicinal,47.1,very_low,kharif,southern_india,9493,4040,81775,45,1022,20,36,6.1,7.9,324
Karnataka,giloy,medicinal,55,very_low,kharif,southern_india,4281,1735,8371,40.7,753,22,30,5.8,7.4,854
Karnataka,stevia,medicinal,52.2,very_low,kharif,southern_india,7341,7815,17957,26.9,731,11,30,5.5,8.3,847
Karnataka,mentha_mint,medicinal,52.2,very_low,kharif,southern_india,12330,5905,148432,9.1,630,20,44,6.5,8,474
Karnataka,lemongrass,medicinal,41.8,very_low,kharif,southern_india,12713,2363,216091,9.7,1148,19,26,5.8,7.2,844
Karnataka,citronella,medicinal,47.2,very_low,kharif,southern_india,9842,3447,20907,15,406,24,30,5.9,8.3,877
Karnataka,palmarosa,medicinal,45.5,very_low,kharif,southern_india,21037,2595,144125,46.5,845,21,44,6.2,7.2,520
Karnataka,vetiver,medicinal,48.9,very_low,kharif,southern_india,14859,3837,56821,36.6,881,15,26,6.1,8.3,917
Karnataka,rosemary,medicinal,45.7,very_low,kharif,southern_india,10271,7592,39073,37.8,733,17,41,5.6,7.8,493
Karnataka,lavender,medicinal,45.1,very_low,kharif,southern_india,845,5156,52064,35.1,384,21,37,6.5,8.4,554
Karnataka,bamboo,timber,40.4,very_low,kharif,southern_india,14022,1192,22880,31.3,1385,23,28,5.9,7.1,722
Karnataka,eucalyptus,timber,51.3,very_low,kharif,southern_india,13002,1671,78871,46.9,498,14,39,6.2,8.4,649
Karnataka,teak,timber,47.7,very_low,kharif,southern_india,17963,6385,128725,11,1229,16,25,5.6,8,634
Karnataka,sal,timber,53,very_low,kharif,southern_india,776,5808,38185,24,1012,23,34,6.3,8.2,673
Karnataka,sandalwood,timber,47.5,very_low,kharif,southern_india,980,7235,147919,16.2,1475,12,43,5.8,8.1,710
Karnataka,rosewood,timber,51,very_low,kharif,southern_india,3630,1699,90793,18.3,1102,22,43,5.6,8.3,477
Karnataka,pine,timber,51.1,very_low,kharif,southern_india,452,2544,96841,23.9,1394,15,43,6,8.4,963
Karnataka,deodar,timber,52.4,very_low,kharif,southern_india,7140,1998,28888,33.1,1144,10,35,6.1,7.1,750
Karnataka,button_mushroom,mushroom,50.7,very_low,kharif,southern_india,8438,5034,73772,14.8,1283,11,33,5.7,8.3,934
Karnataka,oyster_mushroom,mushroom,40.4,very_low,kharif,southern_india,3040,2002,51422,34.9,1424,24,38,5.5,7.5,761
Karnataka,shiitake,mushroom,47.5,very_low,kharif,southern_india,21205,7196,19422,17,1283,22,30,6.2,8,726
Karnataka,milky_mushroom,mushroom,43,very_low,kharif,southern_india,18915,2182,156677,38.4,1352,13,44,5.7,7.9,891
Karnataka,rose,flowers,46.3,very_low,kharif,southern_india,17394,5516,77633,10.8,209,11,44,6.3,8.5,332
Karnataka,jasmine,flowers,50.2,very_low,kharif,southern_india,8537,3666,8438,30.6,564,19,38,6.2,8.5,648
Karnataka,marigold,flowers,47,very_low,kharif,southern_india,15200,1260,176023,7.3,422,11,26,5.5,7.1,698
Karnataka,chrysanthemum,flowers,43.8,very_low,kharif,southern_india,8296,2582,2022,23.8,603,14,33,6.2,7.9,1143
Karnataka,tuberose,flowers,47.8,very_low,kharif,southern_india,4304,6287,22073,27.1,747,19,43,6.4,7.3,535
Karnataka,gladiolus,flowers,52.2,very_low,kharif,southern_india,9337,5974,98149,48.7,959,16,35,6.3,7.9,882
Karnataka,lily,flowers,54.6,very_low,kharif,southern_india,8644,5839,118081,5.6,807,21,34,6.3,7.7,1184
Karnataka,orchid,flowers,44.4,very_low,kharif,southern_india,5159,4791,33150,15.9,1073,15,37,6.3,8.1,637
Karnataka,carnation,flowers,48.5,very_low,kharif,southern_india,16563,7151,52354,9.1,417,15,36,6.2,7.5,900
Karnataka,gerbera,flowers,54.1,very_low,kharif,southern_india,3847,5057,99988,44.2,655,16,36,6,8.1,336
Karnataka,anthurium,flowers,48.5,very_low,kharif,southern_india,4004,5631,15762,18.9,1113,19,26,6.1,7.2,527
Kerala,rice,cereals,91,high,kharif,southern_india,165355,2157,1040459,42.3,1492,16,42,6.5,7.3,731
Kerala,wheat,cereals,55.9,low,rabi,southern_india,35742,2428,389730,6.7,1248,10,38,5.6,7.4,949
Kerala,maize,cereals,59.2,low,kharif,southern_india,50897,1347,360605,7.9,364,11,44,5.7,8.3,1191
Kerala,barley,cereals,45.8,very_low,rabi,southern_india,17673,3748,29472,24.5,1203,21,29,5.7,8.4,339
Kerala,jowar_sorghum,cereals,94.6,high,kharif,southern_india,131773,7337,374573,8.3,824,14,33,6.2,7.3,621
Kerala,bajra_pearl_millet,cereals,95.2,high,kharif,southern_india,82109,5650,1510169,31.7,511,10,41,6.3,8,368
Kerala,ragi_finger_millet,cereals,92.6,high,kharif,southern_india,108106,2386,1285224,42.2,263,18,37,6.1,8,868
Kerala,foxtail_millet,cereals,42,very_low,kharif,southern_india,9154,1123,74693,34.9,510,18,35,5.8,7.7,1118
Kerala,proso_millet,cereals,46.4,very_low,kharif,southern_india,1016,1544,14906,40,655,13,39,5.7,7.4,687
Kerala,barnyard_millet,cereals,45,very_low,kharif,southern_india,7477,3750,149881,44.8,1276,22,36,6.1,7.8,1007
Kerala,little_millet,cereals,48.3,very_low,kharif,southern_india,9917,6324,80224,13.6,553,14,35,5.6,7.6,463
Kerala,kodo_millet,cereals,44,very_low,kharif,southern_india,20659,1160,109335,6.6,310,20,39,6.3,7.7,1073
Kerala,oats,cereals,42.5,very_low,kharif,southern_india,2146,6582,27546,12,1010,11,25,5.6,7,927
Kerala,gram_chickpea,pulses,48.4,very_low,rabi,southern_india,3416,6676,57067,36.4,788,13,44,6.1,7.2,665
Kerala,tur_arhar,pulses,44.9,very_low,kharif,southern_india,13340,7166,22867,20.8,1191,13,36,6.2,8,935
Kerala,moong_green_gram,pulses,50.6,very_low,kharif,southern_india,10342,7150,5397,18,263,19,27,6.3,8,325
Kerala,urad_black_gram,pulses,50.7,very_low,kharif,southern_india,18101,1213,187001,38,691,14,34,6.4,7.4,390
Kerala,masur_lentil,pulses,53,very_low,kharif,southern_india,9598,3140,42847,11,1372,21,43,6.2,7.3,577
Kerala,rajma_kidney_bean,pulses,47.3,very_low,kharif,southern_india,20532,3687,124622,48.2,398,22,33,6.2,7.4,600
Kerala,cowpea_lobhia,pulses,40.4,very_low,kharif,southern_india,23993,1657,235309,32.2,1309,10,32,6.2,7.2,740
Kerala,field_pea,pulses,46.6,very_low,kharif,southern_india,4400,7769,33171,14.6,897,20,39,6.3,7.1,654
Kerala,black_eyed_pea,pulses,51.6,very_low,kharif,southern_india,17031,1366,89326,8.3,1173,10,28,5.9,7.7,665
Kerala,horse_gram,pulses,47,very_low,kharif,southern_india,9113,4834,59058,20.9,997,17,39,6.1,8.2,699
Kerala,moth_bean,pulses,47.4,very_low,kharif,southern_india,5359,3701,117055,6.3,768,18,44,6.4,7.4,756
Kerala,cluster_bean_guar,pulses,40.8,very_low,kharif,southern_india,11512,1863,30651,47.5,1271,21,42,6.2,7.2,764
Kerala,groundnut_peanut,oilseeds,90.8,high,kharif,southern_india,164359,4248,96719,17.4,497,23,37,6.1,7.8,885
Kerala,mustard,oilseeds,51.3,very_low,rabi,southern_india,19799,7837,167916,35.1,1412,16,42,6.4,8.4,1047
Kerala,rapeseed,oilseeds,46.1,very_low,rabi,southern_india,4488,6371,24653,26.5,935,19,43,6.2,8.2,823
Kerala,sesame_til,oilseeds,52.5,very_low,kharif,southern_india,3326,7484,84780,35.2,807,15,36,5.6,7.7,709
Kerala,sunflower,oilseeds,63.1,low,kharif,southern_india,59125,5565,436520,30,1015,11,27,6.1,7.6,1018
Kerala,safflower,oilseeds,48.1,very_low,kharif,southern_india,26888,2033,87490,34.9,597,14,41,6.5,8.2,771
Kerala,niger,oilseeds,46.6,very_low,kharif,southern_india,9735,4520,34008,45.7,1180,20,43,5.8,7.1,1043
Kerala,linseed_flax,oilseeds,55,very_low,kharif,southern_india,1471,6463,12925,29.3,560,23,34,6.4,7.4,648
Kerala,castor,oilseeds,69.2,low,kharif,southern_india,23346,3719,248230,10.8,768,20,33,5.6,8.1,752
Kerala,coconut,oilseeds,85.1,high,perennial,southern_india,222711,1777,1144049,37.8,292,10,34,6.3,7.2,1052
Kerala,palm_oil,oilseeds,49.8,very_low,kharif,southern_india,8665,7759,28948,27.5,1011,12,25,5.5,7.5,366
Kerala,olive,oilseeds,52.1,very_low,kharif,southern_india,2116,4029,6456,11,619,15,43,5.9,7.7,521
Kerala,walnut,oilseeds,40,very_low,kharif,southern_india,2543,7749,29538,32.2,1499,12,33,6.3,7,920
Kerala,almond,oilseeds,41.2,very_low,kharif,southern_india,2481,7351,21386,6.8,963,15,33,5.6,8.1,841
Kerala,cotton,fiber,75.5,medium,kharif,southern_india,54977,6450,230582,6.2,478,20,44,5.5,7.5,355
Kerala,jute,fiber,44.7,very_low,kharif,southern_india,16698,1563,112683,22.8,1254,17,25,6.4,7.1,837
Kerala,mesta,fiber,53.2,very_low,kharif,southern_india,6474,6770,91496,37.6,561,20,39,6.2,8.3,378
Kerala,flax,fiber,41.6,very_low,kharif,southern_india,21770,4260,175310,47.2,1373,23,42,6.3,8,321
Kerala,hemp,fiber,42,very_low,kharif,southern_india,422,1816,93343,34.9,605,21,34,5.6,8.3,604
Kerala,sisal,fiber,50.5,very_low,kharif,southern_india,7986,6713,19964,49,291,18,43,6.4,7.3,429
Kerala,coir,fiber,50.9,very_low,kharif,southern_india,5315,6574,48630,13.5,833,23,37,6.2,7.5,469
Kerala,sugarcane,sugar,73.8,medium,perennial,southern_india,33720,4793,664661,38,414,21,38,5.5,7.1,881
Kerala,sugar_beet,sugar,45.8,very_low,kharif,southern_india,697,2115,98990,37.7,886,24,37,6.2,7.4,830
Kerala,turmeric,spices,72.2,medium,kharif,southern_india,4647,2516,65876,22.5,1295,15,41,6.2,7.8,513
Kerala,coriander,spices,53.8,very_low,kharif,southern_india,7670,5348,39170,15.8,759,23,41,6.4,7.5,648
Kerala,cumin,spices,40.3,very_low,kharif,southern_india,9699,3829,209613,28.7,936,12,34,6.4,7.8,529
Kerala,fennel,spices,40.5,very_low,kharif,southern_india,9648,1298,81660,28.6,1218,10,40,6,7.6,1168
Kerala,fenugreek,spices,42.4,very_low,kharif,southern_india,6826,4692,92108,9,1059,19,40,5.6,7.4,885
Kerala,ajwain,spices,42.1,very_low,kharif,southern_india,1611,3344,159569,39.8,1038,23,39,6,8.5,925
Kerala,black_pepper,spices,79,medium,kharif,southern_india,98126,3069,9087,13.9,342,14,41,6.2,7.3,1009
Kerala,cardamom_small,spices,77.6,medium,kharif,southern_india,42704,7052,295917,9.2,593,20,38,5.7,7.2,894
Kerala,cardamom_large,spices,50.1,very_low,kharif,southern_india,14627,7847,28636,31,206,20,33,5.7,8.1,1029
Kerala,cinnamon,spices,41.7,very_low,kharif,southern_india,3686,5381,68700,29.6,954,21,35,6.1,7.8,1092
Kerala,clove,spices,43.5,very_low,kharif,southern_india,2088,6736,50425,20.7,1475,23,44,5.6,8.3,595
Kerala,nutmeg,spices,40.2,very_low,kharif,southern_india,9164,1757,76759,41.9,690,15,31,6.4,7.1,700
Kerala,ginger,spices,44,very_low,kharif,southern_india,2929,3880,90889,45,480,19,27,6.5,7.9,863
Kerala,garlic,spices,46.5,very_low,kharif,southern_india,3715,5227,128649,21.2,1348,12,43,5.9,7.6,716
Kerala,onion,spices,50.8,very_low,rabi,southern_india,11825,4662,6092,18.7,649,18,36,6.2,8.1,511
Kerala,chilli,spices,51.6,very_low,kharif,southern_india,7471,1714,60688,28.7,768,20,25,5.7,7.9,1062
Kerala,tamarind,spices,45.7,very_low,kharif,southern_india,7944,5356,51089,44.5,880,10,29,6,8,497
Kerala,vanilla,spices,54.6,very_low,kharif,southern_india,8793,1132,115912,40.5,454,23,31,6.2,8.2,966
Kerala,saffron,spices,53.8,very_low,kharif,southern_india,27139,2278,66714,33.6,1152,18,26,6.3,8.4,664
Kerala,mint,spices,43.4,very_low,kharif,southern_india,2543,5899,75753,9.2,919,20,30,6.1,8.1,1053
Kerala,basil,spices,46.8,very_low,kharif,southern_india,7705,2491,37601,21.1,246,14,38,6.1,7.1,558
Kerala,oregano,spices,48.5,very_low,kharif,southern_india,6938,5989,1375,17.4,385,11,44,5.9,7.8,960
Kerala,thyme,spices,40.7,very_low,kharif,southern_india,12357,7033,44311,21.9,1183,14,27,5.8,7.6,346
Kerala,tea,plantation,47.2,very_low,perennial,southern_india,12861,1503,87465,36.9,275,10,32,5.7,8.4,823
Kerala,coffee_arabica,plantation,74.3,medium,perennial,southern_india,49299,1924,246444,33.9,267,14,29,5.7,8,1043
Kerala,coffee_robusta,plantation,50.7,very_low,perennial,southern_india,21019,1408,30893,23.6,684,16,29,5.6,7.8,1135
Kerala,rubber,plantation,60.9,low,perennial,southern_india,22810,3037,63315,19.6,1140,22,36,5.8,7.5,411
Kerala,cocoa,plantation,54,very_low,kharif,southern_india,835,5636,81553,48.8,1264,12,39,6,7.3,928
Kerala,cashew,plantation,78.2,medium,kharif,southern_india,53392,5444,95368,20.7,961,12,42,5.5,7.2,404
Kerala,areca_nut,plantation,47.9,very_low,kharif,southern_india,9178,3020,145087,8.1,564,10,25,5.9,7.3,541
Kerala,betelvine,plantation,52.3,very_low,kharif,southern_india,10374,5725,34717,29.6,777,11,43,6.1,8.3,1041
Kerala,black_pepper_plantation,plantation,41.2,very_low,kharif,southern_india,2175,6815,97616,28.8,335,12,41,6.4,7.3,310
Kerala,mango,fruits_tropical,45,very_low,kharif,southern_india,8803,4440,54519,23.5,649,13,40,6.2,7.5,589
Kerala,banana,fruits_tropical,40,very_low,perennial,southern_india,7067,4602,39269,42.2,855,15,28,6.3,7.9,383
Kerala,papaya,fruits_tropical,49.7,very_low,kharif,southern_india,15046,7432,88949,37.9,273,18,40,6,7.9,1109
Kerala,pineapple,fruits_tropical,43,very_low,kharif,southern_india,8300,6759,81426,33.9,1283,20,26,6.3,7.3,512
Kerala,jackfruit,fruits_tropical,45.9,very_low,kharif,southern_india,5350,2184,38415,5.9,814,21,42,6.3,7.6,957
Kerala,guava,fruits_tropical,44.3,very_low,kharif,southern_india,7546,5541,71278,32.7,403,22,37,6.3,8.2,568
Kerala,coconut_fruit,fruits_tropical,41.1,very_low,kharif,southern_india,1379,2703,49813,45.8,1333,20,25,5.8,8,416
Kerala,passion_fruit,fruits_tropical,52,very_low,kharif,southern_india,10200,5940,33784,36.1,227,12,39,6.2,8,729
Kerala,dragon_fruit,fruits_tropical,50.1,very_low,kharif,southern_india,24630,7220,161984,36.3,946,11,28,6.3,8.2,853
Kerala,rambutan,fruits_tropical,46.6,very_low,kharif,southern_india,3512,3944,40942,46.8,341,17,32,6.5,8.3,694
Kerala,sapota,fruits_tropical,55,very_low,kharif,southern_india,3558,4891,36858,33.6,1418,21,30,5.8,7.1,557
Kerala,custard_apple,fruits_tropical,41.4,very_low,kharif,southern_india,14217,6258,9707,20.3,574,11,32,5.8,8,1094
Kerala,wood_apple,fruits_tropical,46.8,very_low,kharif,southern_india,3853,7264,30648,13.6,338,14,36,6.5,8.2,642
Kerala,apple,fruits_temperate,48.6,very_low,kharif,southern_india,18523,6155,102415,35.1,1169,11,29,6.2,8.3,668
Kerala,pear,fruits_temperate,54.7,very_low,kharif,southern_india,6051,3649,106595,17.8,812,12,35,6.4,7.5,1029
Kerala,peach,fruits_temperate,53.7,very_low,kharif,southern_india,8695,2787,16167,32.1,1117,15,25,6.4,8.1,544
Kerala,plum,fruits_temperate,47.5,very_low,kharif,southern_india,3651,4657,43728,14.4,1209,14,36,5.8,7.6,486
Kerala,apricot,fruits_temperate,49.5,very_low,kharif,southern_india,480,1197,69869,13.2,960,16,38,6.5,7.8,1008
Kerala,cherry,fruits_temperate,51.3,very_low,kharif,southern_india,6309,6791,206020,22.7,607,24,37,5.9,8.2,574
Kerala,strawberry,fruits_temperate,42.6,very_low,kharif,southern_india,11912,6780,76452,41.7,604,18,29,5.9,8.3,494
Kerala,kiwi,fruits_temperate,52.2,very_low,kharif,southern_india,691,1769,93468,16.8,1050,20,31,6,7.6,1152
Kerala,grape,fruits_temperate,44.8,very_low,kharif,southern_india,5083,5686,76285,46.6,1346,14,34,6.2,8.4,603
Kerala,pomegranate,fruits_temperate,46.7,very_low,kharif,southern_india,10213,4363,202560,41.1,516,14,32,6.4,8.5,996
Kerala,fig,fruits_temperate,47.3,very_low,kharif,southern_india,7147,3725,51706,32.3,825,24,25,6.2,7.6,942
Kerala,persimmon,fruits_temperate,50.1,very_low,kharif,southern_india,2984,2323,13717,37.8,511,17,29,6.1,8.1,597
Kerala,orange,fruits_citrus,49,very_low,kharif,southern_india,2736,5974,68678,10.5,909,13,41,5.5,7.1,768
Kerala,lime,fruits_citrus,48.8,very_low,kharif,southern_india,6559,6892,187572,27.5,1188,17,26,5.8,7.1,1189
Kerala,lemon,fruits_citrus,43.4,very_low,kharif,southern_india,6622,5572,38418,40.3,344,23,41,6.2,7.1,487
Kerala,grapefruit,fruits_citrus,52.9,very_low,kharif,southern_india,2044,4808,27375,15,948,15,27,6,7.6,961
Kerala,mandarin,fruits_citrus,41.5,very_low,kharif,southern_india,9909,3842,41820,6.4,1301,14,38,6.4,7.8,657
Kerala,sweet_lime,fruits_citrus,44,very_low,kharif,southern_india,19653,5656,97945,43,1127,14,36,5.9,7,1026
Kerala,kinnow,fruits_citrus,41.8,very_low,kharif,southern_india,6925,3394,77244,49.9,730,12,37,5.7,7.2,345
Kerala,spinach,vegetables_leafy,40.3,very_low,kharif,southern_india,8053,2298,116848,10.8,1389,18,25,6.5,7.5,704
Kerala,fenugreek_leaves,vegetables_leafy,44.3,very_low,kharif,southern_india,12058,1926,20701,37.6,508,12,34,6.3,7.4,548
Kerala,amaranth,vegetables_leafy,52.5,very_low,kharif,southern_india,8040,7685,87224,7.8,615,12,43,6.5,7.4,902
Kerala,cabbage,vegetables_leafy,52.6,very_low,kharif,southern_india,2873,1078,48446,45.5,1373,11,29,5.9,8.2,850
Kerala,cauliflower,vegetables_leafy,47.7,very_low,kharif,southern_india,2298,4343,173324,9,875,14,35,6.1,7.9,1066
Kerala,lettuce,vegetables_leafy,45.8,very_low,kharif,southern_india,423,6526,42347,41.7,545,10,28,6.5,7.5,397
Kerala,kale,vegetables_leafy,41.8,very_low,kharif,southern_india,766,4580,27839,28.4,382,16,36,5.6,7.6,572
Kerala,mustard_leaves,vegetables_leafy,43.6,very_low,kharif,southern_india,13092,5414,28264,17.9,472,18,34,5.8,8.2,384
Kerala,curry_leaves,vegetables_leafy,54.6,very_low,kharif,southern_india,9560,3577,85372,8.3,687,15,44,6.5,7.3,866
Kerala,coriander_leaves,vegetables_leafy,48,very_low,kharif,southern_india,2304,7924,47472,10.7,479,14,35,5.8,7.7,449
Kerala,potato,vegetables_root,44.9,very_low,rabi,southern_india,10160,2391,69095,20.7,816,14,38,6.3,7.4,517
Kerala,sweet_potato,vegetables_root,50.2,very_low,kharif,southern_india,8945,1660,69027,28.1,348,19,33,5.7,7.5,742
Kerala,carrot,vegetables_root,41.4,very_low,kharif,southern_india,19500,1717,191957,19.5,975,14,39,6.2,7.8,516
Kerala,radish,vegetables_root,43.8,very_low,kharif,southern_india,2711,3363,96726,42.4,632,13,41,6.4,7.6,324
Kerala,turnip,vegetables_root,50.4,very_low,kharif,southern_india,715,5165,120983,22,1174,16,38,6,7.4,845
Kerala,beetroot,vegetables_root,51.1,very_low,kharif,southern_india,11387,1451,232991,33.1,1430,11,31,5.6,8.3,1092
Kerala,onion_vegetable,vegetables_root,47.5,very_low,kharif,southern_india,1865,5117,55696,36.3,596,16,25,6.1,7.6,1127
Kerala,garlic_vegetable,vegetables_root,49.6,very_low,kharif,southern_india,4870,7336,2515,19.7,1426,19,35,5.7,8.3,483
Kerala,ginger_vegetable,vegetables_root,43.7,very_low,kharif,southern_india,2304,7673,66697,33.7,1440,13,25,6.1,7.8,729
Kerala,turmeric_vegetable,vegetables_root,40.9,very_low,kharif,southern_india,5625,2921,34108,20,659,14,44,6.4,7.9,1182
Kerala,yam,vegetables_root,54.9,very_low,kharif,southern_india,7716,7713,83418,14.6,1096,13,31,5.7,7.4,304
Kerala,taro,vegetables_root,53.2,very_low,kharif,southern_india,1520,1608,70884,49.7,388,11,33,6.1,7.4,572
Kerala,cassava,vegetables_root,46.4,very_low,kharif,southern_india,14918,1293,30680,41.4,1284,11,44,6.2,7.4,710
Kerala,tomato,vegetables_fruit,44.5,very_low,kharif,southern_india,3877,5060,85926,21.4,652,17,37,6.3,7.5,827
Kerala,brinjal_eggplant,vegetables_fruit,45.8,very_low,kharif,southern_india,4209,2798,83061,45,945,24,27,6,7.6,840
Kerala,okra_ladyfinger,vegetables_fruit,52.2,very_low,kharif,southern_india,18069,5490,203705,22.3,1282,23,34,6.2,7.6,442
Kerala,bottle_gourd,vegetables_fruit,48.8,very_low,kharif,southern_india,6449,7110,9712,6.4,988,14,33,5.9,7.1,303
Kerala,bitter_gourd,vegetables_fruit,53.5,very_low,kharif,southern_india,6199,7803,94976,9.9,861,20,38,6.3,7.7,458
Kerala,ridge_gourd,vegetables_fruit,47,very_low,kharif,southern_india,14061,1493,12143,48.4,397,14,40,5.9,7.3,720
Kerala,snake_gourd,vegetables_fruit,48.5,very_low,kharif,southern_india,17526,2992,100879,10.1,709,21,29,6.1,7.2,392
Kerala,ash_gourd,vegetables_fruit,47.8,very_low,kharif,southern_india,2872,7424,42627,10.4,463,12,26,6.3,7.7,649
Kerala,pumpkin,vegetables_fruit,54.3,very_low,kharif,southern_india,3053,2918,33435,27.4,578,17,38,6.3,8.1,485
Kerala,cucumber,vegetables_fruit,41.7,very_low,zaid,southern_india,4314,1594,88013,19.7,1182,14,44,6.3,7.1,757
Kerala,watermelon,vegetables_fruit,48.4,very_low,zaid,southern_india,12020,4384,70518,17.2,1430,14,26,5.7,8.3,827
Kerala,muskmelon,vegetables_fruit,51.7,very_low,zaid,southern_india,21595,4854,37305,11.7,946,15,36,6,7.9,328
Kerala,capsicum,vegetables_fruit,40.5,very_low,kharif,southern_india,4915,5565,106941,49.2,1286,16,37,5.6,7.6,960
Kerala,chilli_vegetable,vegetables_fruit,49.3,very_low,kharif,southern_india,3637,6622,43171,41.9,995,15,25,5.7,8.3,1036
Kerala,drumstick,vegetables_fruit,48.6,very_low,kharif,southern_india,12575,4263,99685,18.8,1290,20,31,6.3,7.7,457
Kerala,green_peas,vegetables_legume,41.2,very_low,kharif,southern_india,20788,6652,125926,11.4,322,15,42,6.5,7.4,985
Kerala,french_bean,vegetables_legume,48.6,very_low,kharif,southern_india,5823,6641,23572,45.4,507,11,28,6.3,7.6,1017
Kerala,cluster_bean_vegetable,vegetables_legume,48,very_low,kharif,southern_india,15862,3964,125869,9.5,1027,20,42,5.7,7.9,689
Kerala,broad_bean,vegetables_legume,45.7,very_low,kharif,southern_india,1733,6858,72812,22.2,1277,11,37,6.4,8.3,635
Kerala,berseem,fodder,51.2,very_low,kharif,southern_india,15613,4715,113544,8.5,967,18,37,6.2,8.4,1007
Kerala,lucerne_alfalfa,fodder,43.3,very_low,kharif,southern_india,3470,5355,187301,9.6,1304,21,35,5.8,7.6,1171
Kerala,oats_fodder,fodder,43,very_low,kharif,southern_india,1995,2525,131903,18.6,1481,17,35,5.5,8.4,456
Kerala,sorghum_fodder,fodder,48.1,very_low,kharif,southern_india,7549,5503,94943,11.9,849,21,33,5.7,7.5,491
Kerala,maize_fodder,fodder,41.9,very_low,kharif,southern_india,9574,1509,84854,49.7,1453,22,30,5.5,8.3,350
Kerala,bajra_fodder,fodder,43.1,very_low,kharif,southern_india,3897,6836,129919,39,1260,13,39,5.9,8,409
Kerala,cowpea_fodder,fodder,50.6,very_low,kharif,southern_india,1565,1656,29379,24.4,578,22,34,6,8.1,625
Kerala,stylo,fodder,45.3,very_low,kharif,southern_india,19664,1100,29132,14.6,657,14,38,6.3,7.3,806
Kerala,para_grass,fodder,45.5,very_low,kharif,southern_india,12563,7255,31107,8.9,1015,15,28,5.6,7.8,570
Kerala,guinea_grass,fodder,55,very_low,kharif,southern_india,3988,5401,35540,27.2,827,16,40,5.7,8.4,1012
Kerala,napier_grass,fodder,45,very_low,kharif,southern_india,3903,3328,60708,7.1,1388,11,30,5.6,7.4,1053
Kerala,tulsi,medicinal,49.2,very_low,kharif,southern_india,12699,6604,87739,43.1,1005,17,32,5.7,7.8,1100
Kerala,neem,medicinal,48.9,very_low,kharif,southern_india,10316,5865,147435,35.2,1038,13,27,6.5,7.1,720
Kerala,aloe_vera,medicinal,46.4,very_low,kharif,southern_india,13487,6217,124577,22.8,933,23,44,6.5,8.1,428
Kerala,ashwagandha,medicinal,40.3,very_low,kharif,southern_india,22330,6224,59544,33.8,611,16,32,6.4,7.4,819
Kerala,brahmi,medicinal,45.4,very_low,kharif,southern_india,13233,7467,19118,14.9,1196,15,28,6,8,340
Kerala,kalmegh,medicinal,44.4,very_low,kharif,southern_india,13750,1247,59258,33.8,459,22,38,6,8.4,652
Kerala,giloy,medicinal,43.5,very_low,kharif,southern_india,13415,3346,64013,22.9,578,20,38,5.9,7.6,628
Kerala,stevia,medicinal,44.3,very_low,kharif,southern_india,3227,3248,51377,39.8,714,24,41,6.5,8.3,855
Kerala,mentha_mint,medicinal,49,very_low,kharif,southern_india,9130,5201,51122,36.2,777,17,32,6.2,8.3,1056
Kerala,lemongrass,medicinal,51.8,very_low,kharif,southern_india,9379,2924,73008,13.9,771,21,37,5.9,8,794
Kerala,citronella,medicinal,44.1,very_low,kharif,southern_india,4865,5857,799,29.7,721,14,35,6.1,8.4,1049
Kerala,palmarosa,medicinal,50.8,very_low,kharif,southern_india,7796,1227,56372,43.2,699,16,30,5.8,7.1,852
Kerala,vetiver,medicinal,46.7,very_low,kharif,southern_india,12196,6591,132949,39.7,849,15,43,5.6,7.2,677
Kerala,rosemary,medicinal,49.2,very_low,kharif,southern_india,7339,4911,39464,24.1,875,12,27,5.8,8.1,829
Kerala,lavender,medicinal,47.2,very_low,kharif,southern_india,12079,3149,16901,45.4,979,20,34,6.3,7.9,348
Kerala,bamboo,timber,53.4,very_low,kharif,southern_india,2360,1616,92899,36.7,1110,23,31,6.1,7.9,1181
Kerala,eucalyptus,timber,44.7,very_low,kharif,southern_india,4580,6348,147577,41.8,237,11,26,6.1,7.9,1115
Kerala,teak,timber,47,very_low,kharif,southern_india,2470,1056,70619,41.7,1497,16,25,5.7,7.9,1165
Kerala,sal,timber,41.6,very_low,kharif,southern_india,8760,5670,25006,41.6,367,23,29,5.6,7.5,469
Kerala,sandalwood,timber,47.9,very_low,kharif,southern_india,11773,5624,69447,6.3,1466,22,26,5.9,8,471
Kerala,rosewood,timber,48.7,very_low,kharif,southern_india,4469,1988,125569,19.5,517,21,39,5.8,8.3,919
Kerala,pine,timber,45.2,very_low,kharif,southern_india,13531,2481,69661,34.4,901,19,35,5.7,7.6,778
Kerala,deodar,timber,51.7,very_low,kharif,southern_india,9977,7820,20107,14.3,643,13,37,5.5,7.3,564
Kerala,button_mushroom,mushroom,50.3,very_low,kharif,southern_india,22027,2274,124587,6.4,603,22,34,5.6,7.7,478
Kerala,oyster_mushroom,mushroom,45.9,very_low,kharif,southern_india,7034,7558,88996,42.9,1188,19,34,5.5,7.9,620
Kerala,shiitake,mushroom,41.8,very_low,kharif,southern_india,13946,7731,56660,29.4,1306,15,27,5.8,8.3,443
Kerala,milky_mushroom,mushroom,44.9,very_low,kharif,southern_india,16372,7563,65831,46.9,409,12,43,6,7.3,739
Kerala,rose,flowers,51.7,very_low,kharif,southern_india,22964,4986,184094,28,989,21,33,5.6,7.5,861
Kerala,jasmine,flowers,42.9,very_low,kharif,southern_india,3892,1224,77157,16.6,361,20,41,5.5,7.4,1150
Kerala,marigold,flowers,45.8,very_low,kharif,southern_india,8098,2526,49508,8.8,1365,24,44,6.4,8.3,894
Kerala,chrysanthemum,flowers,52.4,very_low,kharif,southern_india,5582,5485,99159,34.7,1290,17,39,6.5,7.2,1134
Kerala,tuberose,flowers,47.8,very_low,kharif,southern_india,20099,3867,76718,28.7,224,17,30,6.4,7.1,713
Kerala,gladiolus,flowers,54.2,very_low,kharif,southern_india,19735,5125,63131,21.5,317,21,31,6.2,7.5,717
Kerala,lily,flowers,48.3,very_low,kharif,southern_india,5703,3791,27322,8.4,986,12,26,6.4,7.8,421
Kerala,orchid,flowers,40.8,very_low,kharif,southern_india,5908,5679,63645,11.5,1023,16,34,6.3,7.5,432
Kerala,carnation,flowers,53.1,very_low,kharif,southern_india,4288,5946,77929,41,439,15,27,6,7.4,920
Kerala,gerbera,flowers,40,very_low,kharif,southern_india,4905,7707,79787,49.7,741,10,31,6.2,7.2,569
Kerala,anthurium,flowers,40.8,very_low,kharif,southern_india,4228,1638,64262,20.8,898,21,27,6.3,7,698
Madhya Pradesh,rice,cereals,92.6,high,kharif,central_india,169725,2111,1216810,22.8,823,12,35,5.7,8.1,834
Madhya Pradesh,wheat,cereals,86,high,rabi,central_india,175795,3212,106200,33.5,685,23,25,5.5,8.4,1168
Madhya Pradesh,maize,cereals,70.4,medium,kharif,central_india,29834,5909,904503,9.5,510,10,25,5.5,8.2,568
Madhya Pradesh,barley,cereals,47.4,very_low,rabi,central_india,12878,4004,2639,30.6,362,21,30,6.2,8,855
Madhya Pradesh,jowar_sorghum,cereals,74,medium,kharif,central_india,85314,1089,144132,32.5,1262,15,38,6.1,7.1,859
Madhya Pradesh,bajra_pearl_millet,cereals,52.2,very_low,kharif,central_india,1174,5620,99165,5.4,998,11,32,5.8,7.5,743
Madhya Pradesh,ragi_finger_millet,cereals,45.4,very_low,kharif,central_india,5184,5447,143836,15.1,860,19,36,5.9,8,325
Madhya Pradesh,foxtail_millet,cereals,45.5,very_low,kharif,central_india,627,4553,108165,39.2,347,24,37,5.9,7.4,815
Madhya Pradesh,proso_millet,cereals,53.2,very_low,kharif,central_india,13570,3503,63506,17.9,1117,15,28,5.9,8.3,964
Madhya Pradesh,barnyard_millet,cereals,45,very_low,kharif,central_india,2365,1348,28937,10.2,314,19,37,6.1,8,981
Madhya Pradesh,little_millet,cereals,43.1,very_low,kharif,central_india,13114,7605,41898,7.6,1049,21,30,6.1,7.1,1164
Madhya Pradesh,kodo_millet,cereals,41.6,very_low,kharif,central_india,609,3990,8925,38.5,1368,13,37,5.5,7.6,563
Madhya Pradesh,oats,cereals,43.4,very_low,kharif,central_india,3180,7024,121845,37,1415,24,36,6,7.5,944
Madhya Pradesh,gram_chickpea,pulses,92,high,rabi,central_india,71392,3171,735138,41.3,328,16,33,5.6,7.6,762
Madhya Pradesh,tur_arhar,pulses,85.8,high,kharif,central_india,217339,7852,964376,28.2,571,24,30,6,7,614
Madhya Pradesh,moong_green_gram,pulses,41.1,very_low,kharif,central_india,14065,5005,57196,41.7,204,15,38,6.4,7.4,786
Madhya Pradesh,urad_black_gram,pulses,48.1,very_low,kharif,central_india,1649,3971,40343,6,391,24,29,6.4,7.3,1138
Madhya Pradesh,masur_lentil,pulses,49.8,very_low,kharif,central_india,7188,3229,37668,24.8,749,19,40,5.8,8.4,1144
Madhya Pradesh,rajma_kidney_bean,pulses,40.6,very_low,kharif,central_india,4436,5134,22969,16.7,1081,19,28,6.4,8,626
Madhya Pradesh,cowpea_lobhia,pulses,50.3,very_low,kharif,central_india,5802,2182,4178,20.2,395,19,38,5.6,7,1013
Madhya Pradesh,field_pea,pulses,40,very_low,kharif,central_india,8433,6730,113254,37.6,521,20,29,5.7,7.8,910
Madhya Pradesh,black_eyed_pea,pulses,40.8,very_low,kharif,central_india,8807,7016,54204,24.3,1298,20,36,5.8,7.3,676
Madhya Pradesh,horse_gram,pulses,44.3,very_low,kharif,central_india,8736,2183,108287,11.5,825,21,34,5.9,7.7,1063
Madhya Pradesh,moth_bean,pulses,54.9,very_low,kharif,central_india,17996,1101,159357,47.9,947,21,35,5.8,8.3,837
Madhya Pradesh,cluster_bean_guar,pulses,48.7,very_low,kharif,central_india,19877,6123,39338,26,1474,18,43,6.3,8,614
Madhya Pradesh,groundnut_peanut,oilseeds,59.6,low,kharif,central_india,27245,6591,378376,19,1113,17,31,5.9,8.3,623
Madhya Pradesh,mustard,oilseeds,74.3,medium,rabi,central_india,23276,4812,124298,41.8,493,18,27,6.5,7.7,1039
Madhya Pradesh,rapeseed,oilseeds,51.5,very_low,rabi,central_india,20125,1703,131836,17,1221,24,43,5.6,7.6,627
Madhya Pradesh,sesame_til,oilseeds,71.8,medium,kharif,central_india,33969,7944,395761,33,812,19,44,6.1,7.1,743
Madhya Pradesh,sunflower,oilseeds,84.9,medium,kharif,central_india,64050,1746,121903,44.4,590,14,32,6.5,7.1,1036
Madhya Pradesh,safflower,oilseeds,45.1,very_low,kharif,central_india,26769,3440,28164,11.5,1186,12,30,5.7,7.5,366
Madhya Pradesh,niger,oilseeds,52.9,very_low,kharif,central_india,11392,5284,139801,38.7,876,17,37,6.2,7.5,597
Madhya Pradesh,linseed_flax,oilseeds,74,medium,kharif,central_india,43407,4782,385314,42.7,295,18,36,5.9,7.6,1020
Madhya Pradesh,castor,oilseeds,59.2,low,kharif,central_india,66020,5554,455041,32.6,882,24,30,5.7,7.4,853
Madhya Pradesh,coconut,oilseeds,42.8,very_low,perennial,central_india,11747,6949,56392,19.1,276,13,34,6.4,7.6,875
Madhya Pradesh,palm_oil,oilseeds,46.4,very_low,kharif,central_india,5560,1461,77324,38.9,692,19,27,6.2,8.2,1039
Madhya Pradesh,olive,oilseeds,44.3,very_low,kharif,central_india,8037,7774,112499,21.2,1213,23,30,6.3,7.4,608
Madhya Pradesh,walnut,oilseeds,43,very_low,kharif,central_india,17017,4696,20066,16.3,931,18,36,5.6,8.1,1118
Madhya Pradesh,almond,oilseeds,47.7,very_low,kharif,central_india,22301,5498,131581,37.5,538,18,41,5.8,8.3,858
Madhya Pradesh,cotton,fiber,90.5,high,kharif,central_india,99300,6866,940729,45.6,862,19,44,5.6,8.1,424
Madhya Pradesh,jute,fiber,52.6,very_low,kharif,central_india,20586,7061,13337,11.2,981,17,28,5.6,7.8,344
Madhya Pradesh,mesta,fiber,53.1,very_low,kharif,central_india,20586,1111,10212,29.7,1492,15,31,5.6,8,882
Madhya Pradesh,flax,fiber,41.5,very_low,kharif,central_india,12971,4454,104445,41.7,1091,19,42,6.4,7.6,455
Madhya Pradesh,hemp,fiber,52.3,very_low,kharif,central_india,13270,1160,105220,31.5,1207,15,44,5.7,7.4,346
Madhya Pradesh,sisal,fiber,54.1,very_low,kharif,central_india,12965,5812,133791,34.9,930,20,40,5.7,7.2,367
Madhya Pradesh,coir,fiber,45.6,very_low,kharif,central_india,12365,7706,52953,39.2,890,13,37,6.5,7.2,756
Madhya Pradesh,sugarcane,sugar,55.8,low,perennial,central_india,28760,6887,269240,25.8,1381,14,40,6,8.3,1017
Madhya Pradesh,sugar_beet,sugar,53.5,very_low,kharif,central_india,9591,6169,84879,27.7,214,13,31,6.4,8.3,394
Madhya Pradesh,turmeric,spices,54.2,very_low,kharif,central_india,5735,2506,93961,38.7,659,20,28,5.9,7.6,514
Madhya Pradesh,coriander,spices,53.1,very_low,kharif,central_india,6769,2694,3617,20.6,884,14,39,5.9,7.5,1145
Madhya Pradesh,cumin,spices,43.9,very_low,kharif,central_india,6978,2688,31396,18.6,1323,21,38,6,7.8,540
Madhya Pradesh,fennel,spices,41.1,very_low,kharif,central_india,8320,1401,11883,16.8,677,15,27,5.7,7.4,360
Madhya Pradesh,fenugreek,spices,44.9,very_low,kharif,central_india,8084,3702,29993,10.7,494,13,44,6.3,7,855
Madhya Pradesh,ajwain,spices,43.8,very_low,kharif,central_india,8564,1921,42977,33.4,920,24,40,6.3,7.5,307
Madhya Pradesh,black_pepper,spices,51,very_low,kharif,central_india,12352,7898,34261,18.3,421,17,40,5.8,8.4,790
Madhya Pradesh,cardamom_small,spices,47,very_low,kharif,central_india,2842,6416,50224,17.6,979,23,36,6.1,8.2,533
Madhya Pradesh,cardamom_large,spices,52.4,very_low,kharif,central_india,3376,3450,36288,15.3,567,12,38,6.1,8,609
Madhya Pradesh,cinnamon,spices,51.5,very_low,kharif,central_india,7245,2928,53209,19.6,1227,23,39,5.7,7.4,1127
Madhya Pradesh,clove,spices,46.6,very_low,kharif,central_india,11486,7662,213486,34.7,211,16,43,6.4,7.3,659
Madhya Pradesh,nutmeg,spices,52.5,very_low,kharif,central_india,18298,6785,156524,10.3,388,11,43,6,7.1,589
Madhya Pradesh,ginger,spices,45.3,very_low,kharif,central_india,19332,5825,4837,46,480,19,26,5.6,7,809
Madhya Pradesh,garlic,spices,49.4,very_low,kharif,central_india,3276,6960,9021,14.7,751,22,30,6.5,7.5,647
Madhya Pradesh,onion,spices,41.8,very_low,rabi,central_india,5925,5402,42322,22.5,1313,21,28,6.1,7.9,381
Madhya Pradesh,chilli,spices,47,very_low,kharif,central_india,7187,6439,19389,10.5,550,24,39,5.5,7.6,531
Madhya Pradesh,tamarind,spices,49.6,very_low,kharif,central_india,18511,2532,90307,36.5,1273,16,38,5.8,7.7,1106
Madhya Pradesh,vanilla,spices,54.2,very_low,kharif,central_india,9277,6740,5281,9.6,1059,14,44,5.9,7.6,910
Madhya Pradesh,saffron,spices,51.5,very_low,kharif,central_india,4328,6413,50136,12.9,1021,11,44,6.1,8.5,605
Madhya Pradesh,mint,spices,54.6,very_low,kharif,central_india,649,1230,48085,8.7,865,14,31,6.1,7.2,989
Madhya Pradesh,basil,spices,48.7,very_low,kharif,central_india,10504,7879,130482,48.8,235,20,41,5.6,7.9,1021
Madhya Pradesh,oregano,spices,48.4,very_low,kharif,central_india,7854,1424,73764,6.9,378,14,37,6.5,7.2,428
Madhya Pradesh,thyme,spices,45.5,very_low,kharif,central_india,12628,3251,120099,16.7,721,14,41,6.4,8.1,695
Madhya Pradesh,tea,plantation,47.6,very_low,perennial,central_india,9368,5175,90266,14,1187,20,30,6.2,8.4,1126
Madhya Pradesh,coffee_arabica,plantation,50.8,very_low,perennial,central_india,9575,5604,27298,13.4,351,10,40,5.7,7,657
Madhya Pradesh,coffee_robusta,plantation,47.2,very_low,perennial,central_india,717,2323,72759,8.7,921,12,28,5.9,7.2,455
Madhya Pradesh,rubber,plantation,45.2,very_low,perennial,central_india,12474,1523,114245,41.7,1195,14,41,5.7,7.2,340
Madhya Pradesh,cocoa,plantation,54.1,very_low,kharif,central_india,14842,2908,117346,45.7,1400,17,42,6.5,7.5,676
Madhya Pradesh,cashew,plantation,50.8,very_low,kharif,central_india,12105,1517,67114,10.5,581,13,41,5.7,8.2,1014
Madhya Pradesh,areca_nut,plantation,47.5,very_low,kharif,central_india,3443,4254,1179,28.9,1438,12,36,6.5,8.3,1065
Madhya Pradesh,betelvine,plantation,52.3,very_low,kharif,central_india,14428,7589,64258,21,738,15,29,6.1,7.8,716
Madhya Pradesh,black_pepper_plantation,plantation,41.4,very_low,kharif,central_india,4751,1801,129386,22.9,277,15,40,6.1,7.5,472
Madhya Pradesh,mango,fruits_tropical,49.5,very_low,kharif,central_india,18032,6690,115916,37.3,1365,21,43,5.9,8.4,859
Madhya Pradesh,banana,fruits_tropical,53.1,very_low,perennial,central_india,7133,6935,15122,34.8,1272,14,33,6.1,7.8,335
Madhya Pradesh,papaya,fruits_tropical,41.5,very_low,kharif,central_india,3238,2721,71339,30.8,1193,11,34,5.8,8.3,937
Madhya Pradesh,pineapple,fruits_tropical,53,very_low,kharif,central_india,7908,4780,72147,27.8,902,10,38,5.8,7,359
Madhya Pradesh,jackfruit,fruits_tropical,54.4,very_low,kharif,central_india,14711,7717,127701,44.7,1363,14,28,6.1,7.7,388
Madhya Pradesh,guava,fruits_tropical,50.2,very_low,kharif,central_india,18375,5264,97694,24.8,801,24,27,5.9,8,689
Madhya Pradesh,coconut_fruit,fruits_tropical,44.2,very_low,kharif,central_india,3800,3407,109831,27.7,512,15,27,6.4,7.6,1182
Madhya Pradesh,passion_fruit,fruits_tropical,45.2,very_low,kharif,central_india,7051,1533,7043,32.3,605,16,41,5.7,7.5,1060
Madhya Pradesh,dragon_fruit,fruits_tropical,47.4,very_low,kharif,central_india,10109,3788,35725,46.2,1365,24,33,6.3,7.6,708
Madhya Pradesh,rambutan,fruits_tropical,52.4,very_low,kharif,central_india,3090,3203,85450,21.8,665,24,32,5.7,7.9,1021
Madhya Pradesh,sapota,fruits_tropical,41,very_low,kharif,central_india,1015,4684,46173,18.8,807,23,39,6.4,8,306
Madhya Pradesh,custard_apple,fruits_tropical,44,very_low,kharif,central_india,18191,7871,35317,18.4,671,14,30,5.9,8,580
Madhya Pradesh,wood_apple,fruits_tropical,41.2,very_low,kharif,central_india,11225,4895,88190,45.1,926,23,35,5.8,7.5,769
Madhya Pradesh,apple,fruits_temperate,47.9,very_low,kharif,central_india,5515,5611,147964,35.4,826,24,33,5.6,8.2,490
Madhya Pradesh,pear,fruits_temperate,50.7,very_low,kharif,central_india,362,2118,41039,9.8,456,21,40,6.3,8.3,678
Madhya Pradesh,peach,fruits_temperate,53,very_low,kharif,central_india,9764,6029,35259,40.5,758,11,27,5.7,8.3,1191
Madhya Pradesh,plum,fruits_temperate,45.4,very_low,kharif,central_india,3589,6766,26640,46.6,1067,23,36,6.2,7.9,1048
Madhya Pradesh,apricot,fruits_temperate,52.5,very_low,kharif,central_india,13866,7453,162153,34.9,210,11,42,5.6,7.3,507
Madhya Pradesh,cherry,fruits_temperate,49,very_low,kharif,central_india,6384,2453,131749,47.1,268,11,37,6.3,8.2,947
Madhya Pradesh,strawberry,fruits_temperate,53.3,very_low,kharif,central_india,1667,5307,94402,31.2,1451,21,39,5.6,7.2,1006
Madhya Pradesh,kiwi,fruits_temperate,43,very_low,kharif,central_india,9642,7235,18569,40.1,262,14,37,6.3,7,593
Madhya Pradesh,grape,fruits_temperate,43.2,very_low,kharif,central_india,20211,3839,18418,31.9,1034,22,30,6.5,7.7,566
Madhya Pradesh,pomegranate,fruits_temperate,45.2,very_low,kharif,central_india,19113,6146,94232,12.3,394,17,39,6.3,7.3,390
Madhya Pradesh,fig,fruits_temperate,45.8,very_low,kharif,central_india,15597,3240,73627,10.9,815,21,44,6,7.3,914
Madhya Pradesh,persimmon,fruits_temperate,51.4,very_low,kharif,central_india,9737,6805,43284,30.2,1127,20,25,5.6,7.2,980
Madhya Pradesh,orange,fruits_citrus,46.6,very_low,kharif,central_india,16204,3386,125327,24.9,690,14,44,6.3,7,1161
Madhya Pradesh,lime,fruits_citrus,51.6,very_low,kharif,central_india,1111,3157,64881,32.7,558,16,29,5.6,7.8,612
Madhya Pradesh,lemon,fruits_citrus,48.1,very_low,kharif,central_india,4395,1013,18059,25.8,1119,18,34,5.9,7.5,638
Madhya Pradesh,grapefruit,fruits_citrus,49.2,very_low,kharif,central_india,10332,5026,28854,27.6,1451,10,28,5.9,8,491
Madhya Pradesh,mandarin,fruits_citrus,54,very_low,kharif,central_india,20078,3305,151581,22,528,23,26,6.4,7.7,1193
Madhya Pradesh,sweet_lime,fruits_citrus,48.1,very_low,kharif,central_india,427,4476,148440,40.2,405,16,33,5.6,7.7,1026
Madhya Pradesh,kinnow,fruits_citrus,44.5,very_low,kharif,central_india,17930,1221,88338,38.5,1189,20,39,5.6,7.8,1004
Madhya Pradesh,spinach,vegetables_leafy,41.4,very_low,kharif,central_india,8360,5986,33831,47.3,1196,24,43,6,8.1,902
Madhya Pradesh,fenugreek_leaves,vegetables_leafy,52.2,very_low,kharif,central_india,4164,2636,54937,41.8,1253,17,36,6.3,7.5,345
Madhya Pradesh,amaranth,vegetables_leafy,47.2,very_low,kharif,central_india,22409,3566,14915,33.7,1284,19,33,5.6,8.4,548
Madhya Pradesh,cabbage,vegetables_leafy,43.4,very_low,kharif,central_india,25830,5621,131656,19.4,226,12,36,5.7,8.3,469
Madhya Pradesh,cauliflower,vegetables_leafy,47.8,very_low,kharif,central_india,12304,3292,141470,25,1110,19,27,6.1,7.8,1108
Madhya Pradesh,lettuce,vegetables_leafy,53.2,very_low,kharif,central_india,1183,3062,102760,6,1074,19,37,5.7,7.3,687
Madhya Pradesh,kale,vegetables_leafy,41.4,very_low,kharif,central_india,1120,5010,36636,18.2,610,13,33,5.7,8,411
Madhya Pradesh,mustard_leaves,vegetables_leafy,54.2,very_low,kharif,central_india,11136,6833,64277,46.1,380,12,30,5.7,7.5,818
Madhya Pradesh,curry_leaves,vegetables_leafy,40.4,very_low,kharif,central_india,4480,5246,139072,28.3,753,15,40,5.6,8.4,676
Madhya Pradesh,coriander_leaves,vegetables_leafy,44.7,very_low,kharif,central_india,27609,5493,4654,38.7,636,15,28,6,8.1,545
Madhya Pradesh,potato,vegetables_root,54.1,very_low,rabi,central_india,1050,5510,94429,47.9,1197,12,44,6.4,7.2,802
Madhya Pradesh,sweet_potato,vegetables_root,48.3,very_low,kharif,central_india,18557,1417,94656,14.2,885,21,29,5.9,8.4,985
Madhya Pradesh,carrot,vegetables_root,48.6,very_low,kharif,central_india,6224,6418,94814,16,1060,11,25,6,7.3,371
Madhya Pradesh,radish,vegetables_root,50.9,very_low,kharif,central_india,15933,5647,116586,18.8,542,19,29,6.3,7.8,504
Madhya Pradesh,turnip,vegetables_root,49.4,very_low,kharif,central_india,2637,1765,195145,9.9,251,15,34,6.1,7.8,1121
Madhya Pradesh,beetroot,vegetables_root,51.5,very_low,kharif,central_india,14294,1590,226865,5.2,1208,10,40,6.4,7.6,516
Madhya Pradesh,onion_vegetable,vegetables_root,43.4,very_low,kharif,central_india,3553,5710,58573,19.5,799,18,27,6.2,8.3,550
Madhya Pradesh,garlic_vegetable,vegetables_root,42.7,very_low,kharif,central_india,4832,1288,124985,15.8,423,24,30,6.4,7.3,1037
Madhya Pradesh,ginger_vegetable,vegetables_root,47.5,very_low,kharif,central_india,8520,7244,15188,37.7,778,21,39,5.5,7.3,723
Madhya Pradesh,turmeric_vegetable,vegetables_root,54,very_low,kharif,central_india,10653,1084,95860,32.1,1130,23,27,5.8,8.5,440
Madhya Pradesh,yam,vegetables_root,50.8,very_low,kharif,central_india,16812,2592,42361,35,442,19,34,5.9,7.5,1152
Madhya Pradesh,taro,vegetables_root,47.6,very_low,kharif,central_india,20158,5577,162652,9.8,1300,15,41,6.4,7.4,667
Madhya Pradesh,cassava,vegetables_root,50.9,very_low,kharif,central_india,9081,1773,87659,17.4,948,11,30,5.9,7.7,300
Madhya Pradesh,tomato,vegetables_fruit,53.3,very_low,kharif,central_india,7878,4294,42602,14.4,989,18,28,5.7,7.1,359
Madhya Pradesh,brinjal_eggplant,vegetables_fruit,40.2,very_low,kharif,central_india,9839,3213,39603,10.9,948,15,38,6.2,7.9,548
Madhya Pradesh,okra_ladyfinger,vegetables_fruit,47.6,very_low,kharif,central_india,13593,6364,59389,48.4,910,14,26,6,8.3,1080
Madhya Pradesh,bottle_gourd,vegetables_fruit,49.1,very_low,kharif,central_india,11682,6334,58946,26.4,1084,23,40,5.5,7.2,1067
Madhya Pradesh,bitter_gourd,vegetables_fruit,52.5,very_low,kharif,central_india,10460,7340,129647,40.2,472,20,27,6.4,7.2,896
Madhya Pradesh,ridge_gourd,vegetables_fruit,49.2,very_low,kharif,central_india,14200,1416,144282,22.2,616,24,36,6.2,7.8,992
Madhya Pradesh,snake_gourd,vegetables_fruit,51.3,very_low,kharif,central_india,23091,4218,130814,40.9,688,16,44,5.5,7.5,737
Madhya Pradesh,ash_gourd,vegetables_fruit,40,very_low,kharif,central_india,8209,2803,183688,17.5,1054,22,40,6.3,7.1,371
Madhya Pradesh,pumpkin,vegetables_fruit,44.6,very_low,kharif,central_india,5417,3763,47813,18.4,831,15,28,6.1,8,1046
Madhya Pradesh,cucumber,vegetables_fruit,53.1,very_low,zaid,central_india,16636,1396,21370,41.6,502,15,27,5.7,8.2,535
Madhya Pradesh,watermelon,vegetables_fruit,46.7,very_low,zaid,central_india,8877,6097,37795,40.3,511,20,39,6.5,7.3,384
Madhya Pradesh,muskmelon,vegetables_fruit,43.9,very_low,zaid,central_india,2217,3338,41330,45.7,454,24,41,6.4,8.4,977
Madhya Pradesh,capsicum,vegetables_fruit,51.8,very_low,kharif,central_india,9666,7527,56874,6.9,1191,18,41,5.6,7.9,522
Madhya Pradesh,chilli_vegetable,vegetables_fruit,53.5,very_low,kharif,central_india,10303,1619,2568,15.6,632,19,27,5.9,7.3,1069
Madhya Pradesh,drumstick,vegetables_fruit,40.7,very_low,kharif,central_india,10871,7391,118894,45.3,281,22,40,6.4,7.5,1120
Madhya Pradesh,green_peas,vegetables_legume,46,very_low,kharif,central_india,9751,3993,99293,21,1230,19,38,5.7,8.5,894
Madhya Pradesh,french_bean,vegetables_legume,43,very_low,kharif,central_india,4551,1443,105670,29.9,445,15,43,5.8,7.2,1193
Madhya Pradesh,cluster_bean_vegetable,vegetables_legume,44.5,very_low,kharif,central_india,5647,4850,73090,48.3,762,18,43,6.5,7.2,1050
Madhya Pradesh,broad_bean,vegetables_legume,45.7,very_low,kharif,central_india,8349,3807,28011,30.8,910,12,35,6.5,8.1,732
Madhya Pradesh,berseem,fodder,53.7,very_low,kharif,central_india,3090,4832,31312,39.5,1457,15,33,5.9,7.4,1014
Madhya Pradesh,lucerne_alfalfa,fodder,49.3,very_low,kharif,central_india,9480,2309,88369,21.9,1001,11,31,6.3,7.7,1114
Madhya Pradesh,oats_fodder,fodder,48.6,very_low,kharif,central_india,28079,4177,129302,42.6,487,22,36,6.2,7.1,989
Madhya Pradesh,sorghum_fodder,fodder,44.7,very_low,kharif,central_india,13419,2922,198983,39.4,1481,15,37,6.1,8,334
Madhya Pradesh,maize_fodder,fodder,44.4,very_low,kharif,central_india,12108,7724,48365,49.9,1106,21,32,6.4,7.8,912
Madhya Pradesh,bajra_fodder,fodder,41.4,very_low,kharif,central_india,19924,2247,133638,6.1,1404,24,32,5.6,8,326
Madhya Pradesh,cowpea_fodder,fodder,47.2,very_low,kharif,central_india,7387,1127,6519,5.7,1004,18,29,6.1,8.3,549
Madhya Pradesh,stylo,fodder,52.5,very_low,kharif,central_india,1010,3626,94558,37.9,573,24,38,5.9,7.1,463
Madhya Pradesh,para_grass,fodder,47.3,very_low,kharif,central_india,15319,6083,32191,31.8,226,15,40,5.9,8.3,1178
Madhya Pradesh,guinea_grass,fodder,49.1,very_low,kharif,central_india,4977,1066,62252,42,1018,21,40,6.4,7.4,1084
Madhya Pradesh,napier_grass,fodder,49.8,very_low,kharif,central_india,15595,7651,72651,42.9,539,16,28,6,7.7,491
Madhya Pradesh,tulsi,medicinal,50.1,very_low,kharif,central_india,878,3694,40582,19.4,535,15,28,5.9,8.4,501
Madhya Pradesh,neem,medicinal,50.3,very_low,kharif,central_india,4625,3248,96227,24.3,1097,19,27,6.4,7.5,340
Madhya Pradesh,aloe_vera,medicinal,44.5,very_low,kharif,central_india,1701,5339,46472,33.3,208,24,28,6.2,8.1,454
Madhya Pradesh,ashwagandha,medicinal,41.7,very_low,kharif,central_india,3319,2177,70416,23.9,899,10,42,5.7,7.5,364
Madhya Pradesh,brahmi,medicinal,42.1,very_low,kharif,central_india,16220,5738,103093,47.9,859,16,29,5.6,7.8,583
Madhya Pradesh,kalmegh,medicinal,47.9,very_low,kharif,central_india,11859,7997,36520,42.9,1334,24,31,6.3,7.3,862
Madhya Pradesh,giloy,medicinal,50.6,very_low,kharif,central_india,5339,6941,83740,14.7,905,22,44,6.2,7,421
Madhya Pradesh,stevia,medicinal,41.1,very_low,kharif,central_india,4679,3369,11042,44.7,1000,21,32,5.9,7.5,694
Madhya Pradesh,mentha_mint,medicinal,49.2,very_low,kharif,central_india,16672,7300,74727,15.8,1428,21,37,6.2,7.1,360
Madhya Pradesh,lemongrass,medicinal,42.3,very_low,kharif,central_india,5522,2101,88540,31,678,11,36,5.6,8.1,1022
Madhya Pradesh,citronella,medicinal,48.2,very_low,kharif,central_india,10250,3154,23242,26.2,1399,14,43,5.6,7.1,928
Madhya Pradesh,palmarosa,medicinal,42.9,very_low,kharif,central_india,2368,3325,36762,38.1,1112,24,39,6.2,8,1094
Madhya Pradesh,vetiver,medicinal,44.4,very_low,kharif,central_india,11902,2600,116766,29.1,590,21,31,6.5,8.5,900
Madhya Pradesh,rosemary,medicinal,41.7,very_low,kharif,central_india,7941,6960,22701,9.7,296,17,42,5.5,7.3,923
Madhya Pradesh,lavender,medicinal,52.4,very_low,kharif,central_india,20584,1908,83253,49.3,1485,19,39,6.5,7.7,423
Madhya Pradesh,bamboo,timber,50,very_low,kharif,central_india,20448,6623,98929,9.3,419,24,34,5.5,8.4,748
Madhya Pradesh,eucalyptus,timber,52.5,very_low,kharif,central_india,2320,5308,167317,6.6,1294,13,32,5.9,8.3,754
Madhya Pradesh,teak,timber,46.7,very_low,kharif,central_india,1539,1605,4831,36,883,23,34,5.7,8.2,564
Madhya Pradesh,sal,timber,54,very_low,kharif,central_india,2642,4453,6207,6.6,844,13,25,5.8,7.7,654
Madhya Pradesh,sandalwood,timber,42,very_low,kharif,central_india,15401,5728,68152,11.2,849,23,34,5.7,7.1,1149
Madhya Pradesh,rosewood,timber,51.1,very_low,kharif,central_india,4916,7266,23230,29.1,1127,15,25,5.7,8.4,770
Madhya Pradesh,pine,timber,52.2,very_low,kharif,central_india,19934,7363,81673,19.3,982,20,34,6.3,7.3,600
Madhya Pradesh,deodar,timber,50.3,very_low,kharif,central_india,6652,7746,74828,47.7,1139,20,36,5.6,7.8,527
Madhya Pradesh,button_mushroom,mushroom,55,very_low,kharif,central_india,3656,5367,62775,6,368,22,34,5.6,7.7,527
Madhya Pradesh,oyster_mushroom,mushroom,43.4,very_low,kharif,central_india,10740,1325,226323,40.8,530,16,42,5.9,7.9,781
Madhya Pradesh,shiitake,mushroom,46,very_low,kharif,central_india,10906,1148,148520,10.1,803,18,39,5.9,8.1,418
Madhya Pradesh,milky_mushroom,mushroom,49.8,very_low,kharif,central_india,23623,5056,66583,12.4,649,18,28,6.5,8.3,329
Madhya Pradesh,rose,flowers,48.4,very_low,kharif,central_india,6522,4667,83904,13.8,999,24,32,6.1,7.5,1089
Madhya Pradesh,jasmine,flowers,53,very_low,kharif,central_india,12230,2060,10487,34.4,701,17,38,5.6,7.4,714
Madhya Pradesh,marigold,flowers,44,very_low,kharif,central_india,1051,6612,80061,11.9,524,19,44,5.8,8.3,755
Madhya Pradesh,chrysanthemum,flowers,54.3,very_low,kharif,central_india,12393,4086,97016,25.6,889,22,39,6.1,7.6,1013
Madhya Pradesh,tuberose,flowers,54.2,very_low,kharif,central_india,6035,7061,53309,41,1363,21,39,6.5,8.3,1033
Madhya Pradesh,gladiolus,flowers,41.3,very_low,kharif,central_india,8294,5966,35956,9.2,604,21,42,6.4,7.6,635
Madhya Pradesh,lily,flowers,46.1,very_low,kharif,central_india,11727,3508,3022,24.8,491,10,34,5.7,7.7,549
Madhya Pradesh,orchid,flowers,49.1,very_low,kharif,central_india,16452,5528,219308,21.8,416,14,33,6.1,7,1068
Madhya Pradesh,carnation,flowers,41.1,very_low,kharif,central_india,26610,7930,181468,11.4,1118,13,42,5.8,7.5,1125
Madhya Pradesh,gerbera,flowers,40.2,very_low,kharif,central_india,5936,5905,71951,35.1,1344,11,35,6.2,8,703
Madhya Pradesh,anthurium,flowers,40.3,very_low,kharif,central_india,1431,3402,10649,24.2,432,21,42,5.9,7.8,1158
Maharashtra,rice,cereals,63,low,kharif,western_india,12019,7035,317631,6,1463,24,32,6.5,7.2,912
Maharashtra,wheat,cereals,72.9,medium,rabi,western_india,76017,3641,6511,23.6,496,20,28,6.3,7.4,653
Maharashtra,maize,cereals,59.5,low,kharif,western_india,6851,4346,166828,44.8,295,22,28,5.6,7.3,392
Maharashtra,barley,cereals,47.8,very_low,rabi,western_india,1309,4227,92111,20.3,631,23,25,6.3,7.4,644
Maharashtra,jowar_sorghum,cereals,90.5,high,kharif,western_india,20084,1800,468150,42,375,21,30,6.4,7.6,454
Maharashtra,bajra_pearl_millet,cereals,97.8,high,kharif,western_india,100945,4985,527505,47.8,1297,22,44,6,7.1,988
Maharashtra,ragi_finger_millet,cereals,45.7,very_low,kharif,western_india,6743,7480,19041,43.2,743,12,41,6.5,7.4,573
Maharashtra,foxtail_millet,cereals,45.9,very_low,kharif,western_india,533,2567,148500,23.3,629,23,43,6.4,7.4,1121
Maharashtra,proso_millet,cereals,51.1,very_low,kharif,western_india,8035,1184,74187,38,1226,12,37,5.7,8.4,907
Maharashtra,barnyard_millet,cereals,41.4,very_low,kharif,western_india,9162,4336,80973,17.6,1055,12,35,6.5,7.9,344
Maharashtra,little_millet,cereals,54.8,very_low,kharif,western_india,9470,4727,31029,13,431,22,42,6,7.2,1095
Maharashtra,kodo_millet,cereals,47.3,very_low,kharif,western_india,7759,3555,79096,32.2,806,23,31,6.1,7.4,978
Maharashtra,oats,cereals,41.5,very_low,kharif,western_india,11063,2282,69003,48.7,879,12,31,6.3,7.5,951
Maharashtra,gram_chickpea,pulses,81.7,medium,rabi,western_india,90383,3218,475765,35.9,418,14,38,6.2,7.7,1016
Maharashtra,tur_arhar,pulses,47.2,very_low,kharif,western_india,20403,3202,87522,35,1362,12,35,5.6,7.4,917
Maharashtra,moong_green_gram,pulses,41.2,very_low,kharif,western_india,20964,7785,40470,38.7,1404,11,33,6.4,7.3,1140
Maharashtra,urad_black_gram,pulses,47.9,very_low,kharif,western_india,5463,3283,27172,29.4,828,17,26,6.3,7.7,1038
Maharashtra,masur_lentil,pulses,52.4,very_low,kharif,western_india,233,7378,99493,9.8,1112,10,25,6,7.1,1167
Maharashtra,rajma_kidney_bean,pulses,53.4,very_low,kharif,western_india,1680,3273,68530,26.6,419,18,33,6.4,8.4,808
Maharashtra,cowpea_lobhia,pulses,49.7,very_low,kharif,western_india,2947,7305,71386,13.5,941,24,31,5.7,8.4,715
Maharashtra,field_pea,pulses,46.3,very_low,kharif,western_india,13703,6919,49583,6.4,780,12,27,5.9,7.1,1161
Maharashtra,black_eyed_pea,pulses,40.7,very_low,kharif,western_india,3084,5821,11532,29.6,1205,24,38,5.6,7.1,958
Maharashtra,horse_gram,pulses,43.2,very_low,kharif,western_india,18506,6739,128337,43.7,1005,21,32,6.5,7.4,831
Maharashtra,moth_bean,pulses,44.2,very_low,kharif,western_india,7000,3473,57166,30.1,904,11,33,6.3,7.5,699
Maharashtra,cluster_bean_guar,pulses,47.4,very_low,kharif,western_india,17961,1701,188676,42.4,1179,16,40,6,8.1,1092
Maharashtra,groundnut_peanut,oilseeds,96.6,high,kharif,western_india,187804,1710,179684,29.7,1047,12,34,5.6,7.9,1069
Maharashtra,mustard,oilseeds,81.1,medium,rabi,western_india,105826,5640,694660,35.1,1486,22,35,5.9,8,831
Maharashtra,rapeseed,oilseeds,49.4,very_low,rabi,western_india,7324,4906,113231,39.3,354,13,25,5.5,7.3,1019
Maharashtra,sesame_til,oilseeds,68.6,low,kharif,western_india,28144,5942,378060,46.1,274,13,25,6.1,8.1,577
Maharashtra,sunflower,oilseeds,67.8,low,kharif,western_india,52556,1002,46577,18.6,233,21,26,6.2,7.1,527
Maharashtra,safflower,oilseeds,52.6,very_low,kharif,western_india,12200,7789,145654,23.7,1243,14,30,6.2,7.6,422
Maharashtra,niger,oilseeds,41,very_low,kharif,western_india,17492,3882,184698,23.5,1123,23,41,6,8,672
Maharashtra,linseed_flax,oilseeds,49.7,very_low,kharif,western_india,6672,2466,4774,31.5,1323,10,28,6,8,454
Maharashtra,castor,oilseeds,70.9,medium,kharif,western_india,95454,1246,325903,34.9,369,13,35,6.5,7.4,738
Maharashtra,coconut,oilseeds,46,very_low,perennial,western_india,2268,4963,189221,49.5,1108,15,33,5.9,7.9,965
Maharashtra,palm_oil,oilseeds,52.3,very_low,kharif,western_india,13190,7413,135057,36.7,1027,17,28,5.6,7.7,443
Maharashtra,olive,oilseeds,48.7,very_low,kharif,western_india,12152,1254,10798,10.1,399,24,31,5.8,7.1,871
Maharashtra,walnut,oilseeds,49.8,very_low,kharif,western_india,12428,6603,24994,26.9,795,15,41,5.6,7.6,685
Maharashtra,almond,oilseeds,47,very_low,kharif,western_india,6152,1720,134672,12.8,297,16,29,5.9,7.4,383
Maharashtra,cotton,fiber,92.3,high,kharif,western_india,148924,3389,857197,41.5,562,21,41,5.7,8.5,318
Maharashtra,jute,fiber,43.3,very_low,kharif,western_india,5176,5887,175252,48.2,816,24,33,5.7,7.8,884
Maharashtra,mesta,fiber,46.9,very_low,kharif,western_india,9010,4673,162633,27.5,529,21,31,6.3,7.1,598
Maharashtra,flax,fiber,41.4,very_low,kharif,western_india,7747,3697,81629,28.2,583,20,37,6.3,8,450
Maharashtra,hemp,fiber,50.1,very_low,kharif,western_india,8354,7450,51462,32.5,672,11,34,6.1,7.6,651
Maharashtra,sisal,fiber,52.3,very_low,kharif,western_india,3205,6682,78023,23.6,1355,12,29,6.3,8.4,500
Maharashtra,coir,fiber,40.9,very_low,kharif,western_india,3173,6330,48227,25.5,959,23,26,6.2,8.4,492
Maharashtra,sugarcane,sugar,95.9,high,perennial,western_india,6195,2621,1235491,27.6,886,13,38,5.8,7.6,632
Maharashtra,sugar_beet,sugar,50.1,very_low,kharif,western_india,2520,2403,10344,14.3,989,20,38,6,7.1,1163
Maharashtra,turmeric,spices,42.5,very_low,kharif,western_india,21353,5884,40946,19.2,239,19,37,6.2,7,1036
Maharashtra,coriander,spices,81.1,medium,kharif,western_india,31824,5469,356879,10.2,313,21,28,5.7,8.2,850
Maharashtra,cumin,spices,79.1,medium,kharif,western_india,65101,5212,879242,15,478,10,38,6,7.2,628
Maharashtra,fennel,spices,72.7,medium,kharif,western_india,98224,5783,7273,16.4,213,20,34,6.5,8.1,766
Maharashtra,fenugreek,spices,52.1,very_low,kharif,western_india,6056,4711,107286,25.3,432,13,30,5.5,8.4,917
Maharashtra,ajwain,spices,50.3,very_low,kharif,western_india,14850,7873,66214,37.1,667,22,42,6.4,7,568
Maharashtra,black_pepper,spices,42,very_low,kharif,western_india,9549,2791,110478,17.1,1310,12,32,6.1,7.9,370
Maharashtra,cardamom_small,spices,52.7,very_low,kharif,western_india,19131,7073,96012,46,1302,24,42,6.3,7.7,490
Maharashtra,cardamom_large,spices,53.7,very_low,kharif,western_india,7064,3386,134279,26.5,305,12,39,5.8,7.8,989
Maharashtra,cinnamon,spices,51.3,very_low,kharif,western_india,1432,5138,79183,11.7,683,23,43,6,7.1,531
Maharashtra,clove,spices,43.5,very_low,kharif,western_india,7374,5082,14614,45,1005,18,44,6.1,8.4,557
Maharashtra,nutmeg,spices,43.6,very_low,kharif,western_india,10440,2585,113855,6.3,1097,16,38,6,8.5,601
Maharashtra,ginger,spices,54.7,very_low,kharif,western_india,7761,4179,74337,40.5,1240,11,41,5.7,7,495
Maharashtra,garlic,spices,47.2,very_low,kharif,western_india,5625,1791,128466,49.3,981,20,36,6.3,8.5,789
Maharashtra,onion,spices,90.4,high,rabi,western_india,270688,1904,1291892,40.7,893,16,38,5.8,7.5,1193
Maharashtra,chilli,spices,49.5,very_low,kharif,western_india,22232,5565,184725,17.9,1028,18,37,5.7,7.4,557
Maharashtra,tamarind,spices,49,very_low,kharif,western_india,28111,2590,72028,6.6,718,22,43,5.7,7.4,498
Maharashtra,vanilla,spices,45.3,very_low,kharif,western_india,16972,6501,121823,16.6,496,10,40,6.3,8.2,366
Maharashtra,saffron,spices,51.4,very_low,kharif,western_india,1250,4083,41635,41.7,1083,12,29,5.8,7.2,558
Maharashtra,mint,spices,50.9,very_low,kharif,western_india,12411,4286,38408,23.6,1122,17,25,6.4,7.1,1144
Maharashtra,basil,spices,40.4,very_low,kharif,western_india,13709,4540,15035,15.7,1210,23,35,5.9,7.1,913
Maharashtra,oregano,spices,44.2,very_low,kharif,western_india,7428,4400,1171,10,1108,10,42,5.8,7.1,983
Maharashtra,thyme,spices,47.9,very_low,kharif,western_india,6647,1149,85583,21.5,1128,19,38,6.3,7.9,676
Maharashtra,tea,plantation,45.8,very_low,perennial,western_india,9685,6327,24509,43.8,965,17,25,5.9,8,380
Maharashtra,coffee_arabica,plantation,46.9,very_low,perennial,western_india,21486,4828,127507,7,1444,23,38,5.6,7.3,465
Maharashtra,coffee_robusta,plantation,47.8,very_low,perennial,western_india,9892,4816,2138,38.5,445,22,32,5.8,7,1188
Maharashtra,rubber,plantation,49.2,very_low,perennial,western_india,1949,5894,41873,49.5,1435,21,44,5.6,7.4,527
Maharashtra,cocoa,plantation,41.1,very_low,kharif,western_india,2042,6996,181013,21.9,224,10,29,6,7.7,826
Maharashtra,cashew,plantation,51.6,very_low,kharif,western_india,2961,6600,46819,17.9,1193,24,43,5.6,7.8,383
Maharashtra,areca_nut,plantation,54.4,very_low,kharif,western_india,2938,7222,110761,36.4,357,17,41,6.1,7.2,454
Maharashtra,betelvine,plantation,53,very_low,kharif,western_india,14558,3611,87596,49,628,20,28,5.6,8.2,1059
Maharashtra,black_pepper_plantation,plantation,50,very_low,kharif,western_india,3267,7378,30497,41.8,571,24,43,5.5,8.2,452
Maharashtra,mango,fruits_tropical,43.2,very_low,kharif,western_india,11144,3280,88446,12.7,229,18,35,6.2,8,1107
Maharashtra,banana,fruits_tropical,46.9,very_low,perennial,western_india,6449,5725,42466,36,620,12,38,5.7,7.7,742
Maharashtra,papaya,fruits_tropical,47.2,very_low,kharif,western_india,860,7927,125955,24.1,448,11,38,5.8,7.3,641
Maharashtra,pineapple,fruits_tropical,48.9,very_low,kharif,western_india,15202,7042,41194,33.7,331,18,36,5.7,7.6,1044
Maharashtra,jackfruit,fruits_tropical,42.2,very_low,kharif,western_india,17445,4528,108474,42.2,464,13,40,6.3,7.1,590
Maharashtra,guava,fruits_tropical,46,very_low,kharif,western_india,11367,7481,211926,40.1,1066,15,26,6.1,7.5,615
Maharashtra,coconut_fruit,fruits_tropical,50.3,very_low,kharif,western_india,14542,3787,23424,25.8,1436,22,29,5.9,8.4,411
Maharashtra,passion_fruit,fruits_tropical,43.8,very_low,kharif,western_india,8768,3875,9880,33.3,328,19,35,6,7.1,875
Maharashtra,dragon_fruit,fruits_tropical,46.5,very_low,kharif,western_india,10942,5243,2370,10.6,507,20,36,6.3,8.1,1067
Maharashtra,rambutan,fruits_tropical,45.7,very_low,kharif,western_india,14073,2663,62446,13.7,1387,16,29,6.2,7.4,1149
Maharashtra,sapota,fruits_tropical,45.5,very_low,kharif,western_india,8194,6650,167158,40.5,1303,11,43,6.1,8.3,915
Maharashtra,custard_apple,fruits_tropical,43,very_low,kharif,western_india,2219,5870,72740,11.8,1472,23,42,6.3,8,889
Maharashtra,wood_apple,fruits_tropical,41.6,very_low,kharif,western_india,24714,6234,207822,29.9,781,24,34,6.1,7.6,872
Maharashtra,apple,fruits_temperate,50.8,very_low,kharif,western_india,11683,3100,115936,45.9,208,12,27,6.4,8,1156
Maharashtra,pear,fruits_temperate,48.7,very_low,kharif,western_india,15280,2126,58798,26,587,15,26,5.7,7.5,1016
Maharashtra,peach,fruits_temperate,42.7,very_low,kharif,western_india,1257,4899,82867,43.9,1264,14,27,5.7,8.5,905
Maharashtra,plum,fruits_temperate,40.6,very_low,kharif,western_india,6252,2454,81905,30.8,996,16,30,6.1,8.1,633
Maharashtra,apricot,fruits_temperate,47.6,very_low,kharif,western_india,4211,4816,74856,36.6,224,20,27,5.6,8.1,876
Maharashtra,cherry,fruits_temperate,53.4,very_low,kharif,western_india,10904,5949,52898,6.7,499,13,31,6.4,8.2,1142
Maharashtra,strawberry,fruits_temperate,55,very_low,kharif,western_india,4385,4920,131667,26,857,12,33,5.9,7.5,1098
Maharashtra,kiwi,fruits_temperate,40.9,very_low,kharif,western_india,534,7619,129222,36.6,443,19,42,5.6,7.2,573
Maharashtra,grape,fruits_temperate,42.4,very_low,kharif,western_india,8323,2496,65210,43.8,1047,11,36,5.9,7.5,586
Maharashtra,pomegranate,fruits_temperate,53.9,very_low,kharif,western_india,3541,4332,63432,49,1471,14,32,6.1,7.7,491
Maharashtra,fig,fruits_temperate,49.9,very_low,kharif,western_india,10963,3685,93500,35.1,861,20,34,5.6,7.3,521
Maharashtra,persimmon,fruits_temperate,40.9,very_low,kharif,western_india,9054,1654,158968,35.8,787,13,28,6,8.3,469
Maharashtra,orange,fruits_citrus,48.5,very_low,kharif,western_india,18731,4079,167620,42.1,967,23,35,6.3,8.4,751
Maharashtra,lime,fruits_citrus,49.1,very_low,kharif,western_india,17388,6760,5049,38,1218,20,39,5.5,7.7,1036
Maharashtra,lemon,fruits_citrus,54,very_low,kharif,western_india,8511,6630,87853,32.9,224,20,40,6.2,8.1,687
Maharashtra,grapefruit,fruits_citrus,54.9,very_low,kharif,western_india,14814,7539,184683,41.7,932,17,31,5.8,7.8,820
Maharashtra,mandarin,fruits_citrus,43.7,very_low,kharif,western_india,15981,4685,99318,7.6,1347,14,37,6.1,7.9,773
Maharashtra,sweet_lime,fruits_citrus,42.7,very_low,kharif,western_india,8257,6525,54042,14.2,314,19,33,5.6,8,486
Maharashtra,kinnow,fruits_citrus,47.6,very_low,kharif,western_india,15033,2598,54258,48.2,614,19,31,5.6,7.9,1124
Maharashtra,spinach,vegetables_leafy,46.8,very_low,kharif,western_india,13802,3905,110883,16.7,691,16,42,5.8,8,492
Maharashtra,fenugreek_leaves,vegetables_leafy,43.8,very_low,kharif,western_india,17563,4234,61726,46,376,20,38,6.2,8.4,955
Maharashtra,amaranth,vegetables_leafy,44.5,very_low,kharif,western_india,6779,1215,124750,8.3,1109,20,41,6.1,8.1,572
Maharashtra,cabbage,vegetables_leafy,51.2,very_low,kharif,western_india,15245,2143,42725,27.4,1208,21,29,5.6,7.5,735
Maharashtra,cauliflower,vegetables_leafy,48.1,very_low,kharif,western_india,12384,3992,140693,16.7,1015,19,30,5.9,7.5,455
Maharashtra,lettuce,vegetables_leafy,47.2,very_low,kharif,western_india,3307,4149,59947,10.9,370,19,39,6.4,7.1,406
Maharashtra,kale,vegetables_leafy,40.8,very_low,kharif,western_india,12934,3824,131820,35.9,1481,12,26,5.8,7,1139
Maharashtra,mustard_leaves,vegetables_leafy,44.6,very_low,kharif,western_india,6838,2720,25834,19.4,1000,24,36,6,7.1,1056
Maharashtra,curry_leaves,vegetables_leafy,40.7,very_low,kharif,western_india,15279,2179,101787,49.8,596,14,27,6.1,7.1,989
Maharashtra,coriander_leaves,vegetables_leafy,53.8,very_low,kharif,western_india,3345,4907,22506,30.7,1259,18,42,6.3,7.4,867
Maharashtra,potato,vegetables_root,40.1,very_low,rabi,western_india,4401,7559,58225,34.4,1151,21,39,5.8,8,794
Maharashtra,sweet_potato,vegetables_root,49,very_low,kharif,western_india,2661,7514,23315,24.7,442,12,29,6.1,8.4,593
Maharashtra,carrot,vegetables_root,44.9,very_low,kharif,western_india,7729,7372,64465,27.1,893,21,36,5.7,7.2,1143
Maharashtra,radish,vegetables_root,52,very_low,kharif,western_india,8611,5134,43468,5.6,1215,12,39,5.5,8.2,320
Maharashtra,turnip,vegetables_root,43.5,very_low,kharif,western_india,2549,4367,34982,49.7,953,18,29,5.9,7.2,986
Maharashtra,beetroot,vegetables_root,45,very_low,kharif,western_india,9464,7921,34485,5.1,973,24,37,5.6,7.8,1118
Maharashtra,onion_vegetable,vegetables_root,40.1,very_low,kharif,western_india,10889,7257,75497,49.6,317,18,38,6.2,8.2,1125
Maharashtra,garlic_vegetable,vegetables_root,45.4,very_low,kharif,western_india,4005,5701,18629,41.4,485,10,35,6.2,7.5,974
Maharashtra,ginger_vegetable,vegetables_root,46.6,very_low,kharif,western_india,1338,5974,41536,46.1,902,15,31,5.6,7.9,823
Maharashtra,turmeric_vegetable,vegetables_root,52,very_low,kharif,western_india,4177,1680,33233,24.3,1453,19,40,5.8,7.2,531
Maharashtra,yam,vegetables_root,43.8,very_low,kharif,western_india,7539,7001,171315,20.4,1116,19,28,6.4,7.3,963
Maharashtra,taro,vegetables_root,45.2,very_low,kharif,western_india,7992,7051,19606,7.5,722,10,38,6.3,8.3,969
Maharashtra,cassava,vegetables_root,53.7,very_low,kharif,western_india,23386,2351,99961,49.7,1086,23,25,6.4,8,453
Maharashtra,tomato,vegetables_fruit,40.4,very_low,kharif,western_india,13931,5676,111808,25.1,1417,16,29,5.7,8.5,600
Maharashtra,brinjal_eggplant,vegetables_fruit,42.4,very_low,kharif,western_india,2976,7223,43486,33.5,1399,17,41,5.8,8.5,370
Maharashtra,okra_ladyfinger,vegetables_fruit,50.9,very_low,kharif,western_india,4636,3721,58248,9.3,960,24,36,6,7.1,425
Maharashtra,bottle_gourd,vegetables_fruit,47.7,very_low,kharif,western_india,26075,3381,129169,29.9,1090,20,40,5.5,8.4,363
Maharashtra,bitter_gourd,vegetables_fruit,47.1,very_low,kharif,western_india,13991,1445,52286,31,314,16,31,6.3,7.2,914
Maharashtra,ridge_gourd,vegetables_fruit,46.1,very_low,kharif,western_india,4644,5267,117370,8.2,1271,22,26,6.1,7.9,311
Maharashtra,snake_gourd,vegetables_fruit,45.1,very_low,kharif,western_india,16448,7532,158890,6.3,301,20,36,5.6,7.9,1029
Maharashtra,ash_gourd,vegetables_fruit,51.3,very_low,kharif,western_india,3963,7774,105960,19.3,1271,12,28,5.7,7.1,1069
Maharashtra,pumpkin,vegetables_fruit,48.7,very_low,kharif,western_india,12904,6618,12395,34,1138,20,39,5.7,7.5,1059
Maharashtra,cucumber,vegetables_fruit,53.5,very_low,zaid,western_india,510,7018,47109,19.8,651,16,32,6.1,7.1,1174
Maharashtra,watermelon,vegetables_fruit,54,very_low,zaid,western_india,25259,5622,50968,7.2,329,14,35,6.5,7.7,772
Maharashtra,muskmelon,vegetables_fruit,50.4,very_low,zaid,western_india,12709,4703,30187,47.1,1013,17,36,6.2,7.2,1078
Maharashtra,capsicum,vegetables_fruit,54.4,very_low,kharif,western_india,14627,7018,64121,49.7,1084,16,38,6,7.2,1016
Maharashtra,chilli_vegetable,vegetables_fruit,48.5,very_low,kharif,western_india,4233,4768,159008,49.5,1349,22,29,6.3,7.3,478
Maharashtra,drumstick,vegetables_fruit,41.7,very_low,kharif,western_india,3181,1966,53615,30.8,1344,16,35,5.7,7.4,420
Maharashtra,green_peas,vegetables_legume,46.1,very_low,kharif,western_india,6349,6921,171184,10.4,223,21,28,5.9,7.6,1124
Maharashtra,french_bean,vegetables_legume,49.9,very_low,kharif,western_india,266,2396,27594,26.8,1289,14,32,5.8,7,1159
Maharashtra,cluster_bean_vegetable,vegetables_legume,42.1,very_low,kharif,western_india,2174,4433,117488,9.5,773,10,40,6.1,8,725
Maharashtra,broad_bean,vegetables_legume,53.6,very_low,kharif,western_india,9440,5867,75843,13.5,612,11,33,6.1,7.2,867
Maharashtra,berseem,fodder,53.4,very_low,kharif,western_india,3850,7251,92797,9.7,730,20,36,6.1,7.9,1018
Maharashtra,lucerne_alfalfa,fodder,44.8,very_low,kharif,western_india,23955,3729,153002,16.1,566,24,25,5.7,7.7,661
Maharashtra,oats_fodder,fodder,49.4,very_low,kharif,western_india,1106,3585,58183,30.3,981,18,29,6.3,7.1,478
Maharashtra,sorghum_fodder,fodder,51.1,very_low,kharif,western_india,7774,3290,63325,20.6,1492,15,37,6.4,8,809
Maharashtra,maize_fodder,fodder,48.5,very_low,kharif,western_india,16132,1352,141142,31.4,1303,10,42,5.6,8.1,674
Maharashtra,bajra_fodder,fodder,50.2,very_low,kharif,western_india,3875,4602,50206,30.2,1159,11,35,6.1,7.4,1157
Maharashtra,cowpea_fodder,fodder,47.8,very_low,kharif,western_india,1593,4791,41062,13.7,239,18,36,5.6,7.9,1156
Maharashtra,stylo,fodder,54.7,very_low,kharif,western_india,22466,2465,34987,25,1005,22,29,6,8,701
Maharashtra,para_grass,fodder,46.8,very_low,kharif,western_india,14310,4326,61875,14.8,868,13,29,5.8,7,813
Maharashtra,guinea_grass,fodder,45.8,very_low,kharif,western_india,1407,1302,198281,10.7,202,12,41,6.3,7.5,901
Maharashtra,napier_grass,fodder,47.6,very_low,kharif,western_india,1850,6692,38576,22.6,449,20,38,6,8,875
Maharashtra,tulsi,medicinal,51.6,very_low,kharif,western_india,6427,2061,50907,36.6,1098,20,31,6.2,7.6,1150
Maharashtra,neem,medicinal,45.2,very_low,kharif,western_india,16603,7344,77410,21.2,759,14,38,6.4,7.2,804
Maharashtra,aloe_vera,medicinal,53.5,very_low,kharif,western_india,5988,7056,86471,28.1,232,11,36,5.6,7.2,994
Maharashtra,ashwagandha,medicinal,51.3,very_low,kharif,western_india,3079,2387,179001,37.4,1247,24,42,6,7.5,812
Maharashtra,brahmi,medicinal,49.6,very_low,kharif,western_india,12917,1649,104202,6.4,847,22,26,6,7.2,1105
Maharashtra,kalmegh,medicinal,52.5,very_low,kharif,western_india,25128,6155,42652,18.6,845,18,40,5.7,7.2,734
Maharashtra,giloy,medicinal,42.4,very_low,kharif,western_india,13844,6187,12339,48.4,200,14,38,5.5,7.1,369
Maharashtra,stevia,medicinal,48.7,very_low,kharif,western_india,15631,5224,77461,5.8,228,23,27,6.5,7.2,907
Maharashtra,mentha_mint,medicinal,54.2,very_low,kharif,western_india,12711,3455,42191,14.1,1267,13,30,6.5,7.5,680
Maharashtra,lemongrass,medicinal,54.9,very_low,kharif,western_india,6476,6794,43505,15.5,750,20,25,5.9,7.5,520
Maharashtra,citronella,medicinal,49.8,very_low,kharif,western_india,9648,4530,27576,17,421,10,37,6.2,7.2,853
Maharashtra,palmarosa,medicinal,54.7,very_low,kharif,western_india,5691,6131,4338,40,1473,11,41,5.9,7.2,743
Maharashtra,vetiver,medicinal,41.1,very_low,kharif,western_india,596,6100,79905,25.7,455,15,28,6.2,7.3,855
Maharashtra,rosemary,medicinal,44.2,very_low,kharif,western_india,12612,3964,124659,23.7,1267,20,35,6.4,8.2,778
Maharashtra,lavender,medicinal,41,very_low,kharif,western_india,7711,4780,110449,34,1075,20,27,5.7,7.9,667
Maharashtra,bamboo,timber,51.4,very_low,kharif,western_india,2494,4909,50129,17,730,10,25,5.6,7.9,1077
Maharashtra,eucalyptus,timber,43.9,very_low,kharif,western_india,7598,6987,11896,22.4,406,11,37,6.5,8,1186
Maharashtra,teak,timber,46.5,very_low,kharif,western_india,5955,1825,157208,21.7,612,20,31,6.1,7.4,1005
Maharashtra,sal,timber,44.7,very_low,kharif,western_india,681,6542,102805,13.7,479,13,36,6,7.4,924
Maharashtra,sandalwood,timber,53.3,very_low,kharif,western_india,4598,5154,51042,5.9,473,10,36,6.1,7.2,599
Maharashtra,rosewood,timber,44.9,very_low,kharif,western_india,5350,4838,165388,42.3,1066,14,41,6.2,8.1,360
Maharashtra,pine,timber,40.6,very_low,kharif,western_india,22600,6416,159067,29.5,595,20,39,6.2,8.4,630
Maharashtra,deodar,timber,40.6,very_low,kharif,western_india,4757,5881,196813,19,1279,14,40,5.6,8,909
Maharashtra,button_mushroom,mushroom,47.4,very_low,kharif,western_india,21936,6136,182592,25.2,886,13,44,5.6,7.5,567
Maharashtra,oyster_mushroom,mushroom,45.8,very_low,kharif,western_india,10614,7418,96191,43.5,878,14,33,5.9,7.4,560
Maharashtra,shiitake,mushroom,42.8,very_low,kharif,western_india,10502,3705,95328,49.4,690,16,28,5.9,8.1,495
Maharashtra,milky_mushroom,mushroom,42.7,very_low,kharif,western_india,14380,5365,134279,45.7,396,10,32,6,7.8,420
Maharashtra,rose,flowers,41.9,very_low,kharif,western_india,9322,7634,10218,14.6,316,23,44,5.8,7.5,626
Maharashtra,jasmine,flowers,47.5,very_low,kharif,western_india,12045,7657,19112,40.9,634,15,39,6.4,8.1,998
Maharashtra,marigold,flowers,51.3,very_low,kharif,western_india,12468,6491,70142,29.2,1187,22,31,6.3,8.2,510
Maharashtra,chrysanthemum,flowers,50.8,very_low,kharif,western_india,1402,5021,99823,6.6,1274,17,42,6.3,8.3,991
Maharashtra,tuberose,flowers,52.6,very_low,kharif,western_india,4202,2697,80338,11.9,436,23,39,6.4,7.2,659
Maharashtra,gladiolus,flowers,44.2,very_low,kharif,western_india,2973,3657,7612,30.5,698,10,39,6.2,8.3,736
Maharashtra,lily,flowers,54.5,very_low,kharif,western_india,15719,4114,968,37,934,24,36,6.5,8.3,1158
Maharashtra,orchid,flowers,44.9,very_low,kharif,western_india,10375,6503,22070,39.4,956,11,35,6.4,7.8,1009
Maharashtra,carnation,flowers,40.4,very_low,kharif,western_india,23268,4496,66520,34.1,1391,12,33,5.7,7.7,786
Maharashtra,gerbera,flowers,54.2,very_low,kharif,western_india,10426,7196,47049,35.3,1184,14,28,6,7.5,539
Maharashtra,anthurium,flowers,54.6,very_low,kharif,western_india,17195,2367,150646,40.7,1251,15,34,6.1,8.2,1064
Manipur,rice,cereals,71.2,medium,kharif,hill_regions,134418,5150,215232,41.8,913,22,41,5.6,7.9,734
Manipur,wheat,cereals,97.3,high,rabi,hill_regions,41610,7279,233052,35.9,590,18,37,5.9,8.5,418
Manipur,maize,cereals,75.9,medium,kharif,hill_regions,69902,3850,86485,47.6,740,15,33,5.7,7.2,433
Manipur,barley,cereals,87.2,high,rabi,hill_regions,76488,5367,904509,5,1397,22,44,5.9,8,451
Manipur,jowar_sorghum,cereals,52.3,very_low,kharif,hill_regions,4401,4435,62966,30.2,332,16,43,6.4,7.9,815
Manipur,bajra_pearl_millet,cereals,41.7,very_low,kharif,hill_regions,3642,4417,81979,25.7,363,16,28,6.3,7.2,734
Manipur,ragi_finger_millet,cereals,50.4,very_low,kharif,hill_regions,1241,4943,6452,31.4,1179,14,34,6.4,7.7,1196
Manipur,foxtail_millet,cereals,42.4,very_low,kharif,hill_regions,15863,7106,18100,17.6,371,23,33,6.4,7.4,413
Manipur,proso_millet,cereals,44.4,very_low,kharif,hill_regions,18581,3697,160611,16,1101,21,30,5.5,7.5,340
Manipur,barnyard_millet,cereals,53.5,very_low,kharif,hill_regions,21454,6086,56243,8.3,1242,18,38,6.3,7.6,430
Manipur,little_millet,cereals,51.9,very_low,kharif,hill_regions,15806,4063,33266,12.7,1167,18,33,6,7.8,515
Manipur,kodo_millet,cereals,45.7,very_low,kharif,hill_regions,6252,4503,22110,22.7,701,14,44,5.6,8,456
Manipur,oats,cereals,52.6,very_low,kharif,hill_regions,11524,6764,56759,11.3,610,15,32,5.9,7.6,939
Manipur,gram_chickpea,pulses,43.7,very_low,rabi,hill_regions,5131,4138,5081,11,862,13,42,5.7,7,702
Manipur,tur_arhar,pulses,54.8,very_low,kharif,hill_regions,8174,1118,88095,14.3,1042,18,30,5.6,8.1,826
Manipur,moong_green_gram,pulses,52.6,very_low,kharif,hill_regions,9973,1830,35582,34.5,1273,14,40,6.2,7.5,1088
Manipur,urad_black_gram,pulses,47.6,very_low,kharif,hill_regions,11497,4169,155824,18.3,247,23,41,5.9,7.3,907
Manipur,masur_lentil,pulses,41.2,very_low,kharif,hill_regions,1755,5185,4201,33.3,1075,17,28,5.6,7.5,718
Manipur,rajma_kidney_bean,pulses,79.6,medium,kharif,hill_regions,57178,5988,285260,20.5,1295,21,44,5.9,8.4,378
Manipur,cowpea_lobhia,pulses,46.2,very_low,kharif,hill_regions,8620,5375,26450,44,917,23,25,6.1,7.6,754
Manipur,field_pea,pulses,51.2,very_low,kharif,hill_regions,3095,5921,60727,15.5,829,16,38,5.5,7.9,845
Manipur,black_eyed_pea,pulses,51.2,very_low,kharif,hill_regions,12386,3397,22992,20.2,289,22,41,5.9,7.4,406
Manipur,horse_gram,pulses,52.8,very_low,kharif,hill_regions,7538,5352,57211,15.1,227,18,27,5.5,7.2,582
Manipur,moth_bean,pulses,50,very_low,kharif,hill_regions,12488,3019,37330,14.8,529,11,30,6.4,8,1087
Manipur,cluster_bean_guar,pulses,41.6,very_low,kharif,hill_regions,4528,6048,148353,41.7,245,14,25,5.5,7.1,548
Manipur,groundnut_peanut,oilseeds,44.6,very_low,kharif,hill_regions,7399,6399,20526,12.1,1014,18,28,6.4,7.5,630
Manipur,mustard,oilseeds,76.3,medium,rabi,hill_regions,57642,3720,213681,45.7,600,20,31,5.9,7.4,977
Manipur,rapeseed,oilseeds,66.1,low,rabi,hill_regions,2165,7456,221260,27.8,841,22,27,6.2,7.7,968
Manipur,sesame_til,oilseeds,40.5,very_low,kharif,hill_regions,12263,6885,118406,44.6,1353,16,27,6.1,8.3,367
Manipur,sunflower,oilseeds,63.4,low,kharif,hill_regions,1312,5757,195122,32,1316,11,27,6.4,7.8,545
Manipur,safflower,oilseeds,51.1,very_low,kharif,hill_regions,19318,6543,63226,18,1323,19,29,6,8,496
Manipur,niger,oilseeds,49.8,very_low,kharif,hill_regions,3368,5717,13047,15,1342,20,34,5.7,7.5,816
Manipur,linseed_flax,oilseeds,42.3,very_low,kharif,hill_regions,8146,4336,16757,9.8,1453,24,33,6.3,8,405
Manipur,castor,oilseeds,44.5,very_low,kharif,hill_regions,9760,5059,120238,40.6,1313,23,41,5.8,7.3,814
Manipur,coconut,oilseeds,50.3,very_low,perennial,hill_regions,15069,7723,80845,25.5,1295,10,27,6.3,8.1,674
Manipur,palm_oil,oilseeds,53.3,very_low,kharif,hill_regions,10856,5440,25251,17.8,1390,12,28,6,7.1,1105
Manipur,olive,oilseeds,41.5,very_low,kharif,hill_regions,7735,6629,105460,22.5,1479,10,36,6.5,8,965
Manipur,walnut,oilseeds,40.5,very_low,kharif,hill_regions,477,7942,81711,20.1,578,12,31,5.9,8.1,1079
Manipur,almond,oilseeds,51.2,very_low,kharif,hill_regions,17615,6169,87389,20.1,567,20,44,6.1,8.4,312
Manipur,cotton,fiber,51.9,very_low,kharif,hill_regions,17182,7538,127872,15.8,480,18,43,5.6,7.9,992
Manipur,jute,fiber,41.7,very_low,kharif,hill_regions,4594,2917,19669,13.9,369,19,38,6.2,7.8,1157
Manipur,mesta,fiber,53.2,very_low,kharif,hill_regions,11512,7144,177987,20.3,338,20,27,5.8,7.8,911
Manipur,flax,fiber,53.9,very_low,kharif,hill_regions,14752,3170,120288,24.7,1314,15,34,5.9,8.2,1158
Manipur,hemp,fiber,44.9,very_low,kharif,hill_regions,13823,7267,77118,9.9,679,18,33,5.7,7.1,918
Manipur,sisal,fiber,54.9,very_low,kharif,hill_regions,19483,6890,58280,33,278,20,44,6.4,7.8,1009
Manipur,coir,fiber,54.2,very_low,kharif,hill_regions,11389,2888,100483,9.4,431,20,28,5.7,7.8,1051
Manipur,sugarcane,sugar,44,very_low,perennial,hill_regions,21723,5053,138835,6.8,677,13,28,5.9,7.5,956
Manipur,sugar_beet,sugar,49,very_low,kharif,hill_regions,4351,1418,121004,5,1224,17,34,5.9,7.6,688
Manipur,turmeric,spices,55.2,low,kharif,hill_regions,17430,2050,213003,17.4,327,13,32,5.5,7.2,591
Manipur,coriander,spices,44.7,very_low,kharif,hill_regions,21971,2353,26015,33.5,1246,24,25,5.9,8.1,1045
Manipur,cumin,spices,40.9,very_low,kharif,hill_regions,6990,1522,92511,12.1,1158,21,41,5.9,7,533
Manipur,fennel,spices,47,very_low,kharif,hill_regions,9270,4752,100269,12.4,1009,16,41,6.2,7.2,739
Manipur,fenugreek,spices,50.5,very_low,kharif,hill_regions,9328,2554,47309,47.3,942,16,25,5.6,7.9,744
Manipur,ajwain,spices,45.5,very_low,kharif,hill_regions,9653,4760,129627,28.7,820,15,43,6,7.8,890
Manipur,black_pepper,spices,41,very_low,kharif,hill_regions,13258,5600,158325,44.3,709,22,30,6.2,7.2,318
Manipur,cardamom_small,spices,41.4,very_low,kharif,hill_regions,668,5413,41611,38.1,259,13,33,5.9,7.2,1194
Manipur,cardamom_large,spices,44.3,very_low,kharif,hill_regions,5563,7144,75903,45.5,644,10,35,6,7.2,511
Manipur,cinnamon,spices,51.8,very_low,kharif,hill_regions,5309,4712,59180,6.7,961,10,30,6,8.4,413
Manipur,clove,spices,42.5,very_low,kharif,hill_regions,8912,5363,186604,49.4,659,17,43,5.6,7.7,639
Manipur,nutmeg,spices,44.4,very_low,kharif,hill_regions,22001,3721,198247,27,1334,13,29,5.7,7.8,562
Manipur,ginger,spices,57.2,low,kharif,hill_regions,71872,5445,568758,47.1,1078,17,42,6.1,7.2,630
Manipur,garlic,spices,46.7,very_low,kharif,hill_regions,19021,7126,174057,18.9,1134,12,33,6.3,7.9,1042
Manipur,onion,spices,43.8,very_low,rabi,hill_regions,5256,4817,86831,30,376,15,38,6.1,7.8,759
Manipur,chilli,spices,54.2,very_low,kharif,hill_regions,10516,3463,127494,9.3,593,13,29,6.1,7.6,454
Manipur,tamarind,spices,53.3,very_low,kharif,hill_regions,23740,3735,12787,9.8,558,13,42,6.5,8.2,956
Manipur,vanilla,spices,48.8,very_low,kharif,hill_regions,24066,5209,31629,12.4,959,15,43,6.1,8,305
Manipur,saffron,spices,47.5,very_low,kharif,hill_regions,13200,3678,145500,35.2,1057,23,44,5.7,8.2,446
Manipur,mint,spices,46.9,very_low,kharif,hill_regions,7527,4279,60418,35.5,1005,14,41,6.1,7.7,1188
Manipur,basil,spices,44.3,very_low,kharif,hill_regions,14094,1876,58399,41.1,507,17,37,6.2,8.1,1079
Manipur,oregano,spices,45.9,very_low,kharif,hill_regions,17733,3101,186921,43.9,576,20,39,5.9,8.3,921
Manipur,thyme,spices,49.9,very_low,kharif,hill_regions,5965,4037,84654,32.8,311,14,34,6.2,8.1,741
Manipur,tea,plantation,71.8,medium,perennial,hill_regions,26346,6467,145537,25.9,1071,24,44,6.5,8.1,971
Manipur,coffee_arabica,plantation,51.4,very_low,perennial,hill_regions,25951,4119,90965,25.7,1057,21,42,6,7.5,1185
Manipur,coffee_robusta,plantation,43.5,very_low,perennial,hill_regions,10371,2257,46226,18.2,419,18,32,6,7.3,991
Manipur,rubber,plantation,44.7,very_low,perennial,hill_regions,4375,4040,62596,28.8,1457,23,37,5.5,7.9,380
Manipur,cocoa,plantation,50.7,very_low,kharif,hill_regions,14941,7597,59505,25.7,967,12,43,5.9,7.3,986
Manipur,cashew,plantation,43.3,very_low,kharif,hill_regions,7300,5700,58700,34.5,350,17,32,6.5,7.1,568
Manipur,areca_nut,plantation,54.1,very_low,kharif,hill_regions,24526,1531,133373,23,1248,10,28,6,7.2,923
Manipur,betelvine,plantation,52.3,very_low,kharif,hill_regions,10741,7148,26743,16.7,836,10,26,5.9,8.4,1117
Manipur,black_pepper_plantation,plantation,47,very_low,kharif,hill_regions,2393,3642,21685,8.7,1075,18,30,6.3,8.2,741
Manipur,mango,fruits_tropical,41.4,very_low,kharif,hill_regions,19063,2729,138656,23.2,1025,17,34,6.2,7.9,371
Manipur,banana,fruits_tropical,41,very_low,perennial,hill_regions,7018,2926,83965,13.8,1115,21,27,6.2,8.4,473
Manipur,papaya,fruits_tropical,53.6,very_low,kharif,hill_regions,13162,1363,132480,26.5,1137,22,35,5.8,7.2,444
Manipur,pineapple,fruits_tropical,53,very_low,kharif,hill_regions,4874,3339,86365,26.5,1495,21,42,5.6,7.4,421
Manipur,jackfruit,fruits_tropical,47,very_low,kharif,hill_regions,4321,1911,119897,15.4,823,10,38,6,8,547
Manipur,guava,fruits_tropical,44.2,very_low,kharif,hill_regions,18775,5058,130887,9.2,1313,21,36,6.4,7.3,917
Manipur,coconut_fruit,fruits_tropical,54.4,very_low,kharif,hill_regions,407,6144,1065,44.3,273,19,32,5.7,8.3,971
Manipur,passion_fruit,fruits_tropical,45.1,very_low,kharif,hill_regions,11584,6855,89858,33.8,496,22,39,6,7.8,812
Manipur,dragon_fruit,fruits_tropical,52.4,very_low,kharif,hill_regions,21309,4550,124249,43.5,502,16,37,6.4,7,491
Manipur,rambutan,fruits_tropical,43.5,very_low,kharif,hill_regions,4777,5130,117149,33.7,513,22,37,5.7,7.5,1010
Manipur,sapota,fruits_tropical,51.1,very_low,kharif,hill_regions,3301,6623,53124,39.7,1041,13,29,5.6,7.4,442
Manipur,custard_apple,fruits_tropical,49.3,very_low,kharif,hill_regions,12972,5493,143284,46.1,499,18,26,5.6,8,737
Manipur,wood_apple,fruits_tropical,51.4,very_low,kharif,hill_regions,2523,7104,12446,13.5,560,24,33,6,8.2,872
Manipur,apple,fruits_temperate,95.9,high,kharif,hill_regions,216823,6577,717258,22.2,1408,20,37,6.3,7.8,443
Manipur,pear,fruits_temperate,44.8,very_low,kharif,hill_regions,592,4061,127987,12.4,283,22,37,5.7,8.2,892
Manipur,peach,fruits_temperate,45,very_low,kharif,hill_regions,2879,6846,71444,30.1,1348,10,26,5.7,7,892
Manipur,plum,fruits_temperate,49.5,very_low,kharif,hill_regions,2244,2019,108417,36.2,961,14,33,5.6,8.5,979
Manipur,apricot,fruits_temperate,49.3,very_low,kharif,hill_regions,11079,2801,39569,29.7,291,11,36,6.4,8.4,309
Manipur,cherry,fruits_temperate,41.6,very_low,kharif,hill_regions,18412,7681,149162,35.5,460,11,25,6.1,7.1,965
Manipur,strawberry,fruits_temperate,50.7,very_low,kharif,hill_regions,10520,4653,83886,45.6,456,15,27,6.3,7.8,1135
Manipur,kiwi,fruits_temperate,43.1,very_low,kharif,hill_regions,23514,5657,13297,31.5,433,10,31,5.8,8.2,636
Manipur,grape,fruits_temperate,51,very_low,kharif,hill_regions,254,1205,18199,21.8,990,24,32,5.6,7.3,1108
Manipur,pomegranate,fruits_temperate,50.5,very_low,kharif,hill_regions,3430,1944,23400,43.6,472,19,35,6,7.3,871
Manipur,fig,fruits_temperate,40.6,very_low,kharif,hill_regions,1089,1351,77778,42.4,534,17,25,5.6,7.9,474
Manipur,persimmon,fruits_temperate,50.4,very_low,kharif,hill_regions,21898,1936,93821,47.6,1203,11,35,6.4,7.7,1053
Manipur,orange,fruits_citrus,47.4,very_low,kharif,hill_regions,1897,1326,19060,45.2,1045,21,37,5.9,7.3,1133
Manipur,lime,fruits_citrus,47.7,very_low,kharif,hill_regions,19546,3687,134105,43.8,502,11,44,5.9,7,749
Manipur,lemon,fruits_citrus,49.3,very_low,kharif,hill_regions,24080,7406,191966,6.4,1125,13,28,6.3,7.6,1124
Manipur,grapefruit,fruits_citrus,40.6,very_low,kharif,hill_regions,3788,2236,99591,22.8,832,24,38,5.8,7.3,678
Manipur,mandarin,fruits_citrus,46.8,very_low,kharif,hill_regions,6020,6372,17547,30.2,1010,13,41,6.1,8,747
Manipur,sweet_lime,fruits_citrus,53.6,very_low,kharif,hill_regions,9265,2670,13796,12.4,1490,16,42,5.7,7.6,1164
Manipur,kinnow,fruits_citrus,41.4,very_low,kharif,hill_regions,20128,7647,148116,43.5,1047,13,39,6.5,7.8,534
Manipur,spinach,vegetables_leafy,48.6,very_low,kharif,hill_regions,5148,6034,112002,32.6,597,12,37,6.1,7.5,566
Manipur,fenugreek_leaves,vegetables_leafy,45.2,very_low,kharif,hill_regions,19304,6344,134929,27.8,883,13,39,5.9,8.1,668
Manipur,amaranth,vegetables_leafy,41.6,very_low,kharif,hill_regions,10949,2810,28566,46.8,1054,11,27,5.8,7.9,977
Manipur,cabbage,vegetables_leafy,88.6,high,kharif,hill_regions,33135,2453,2178553,11.1,1354,20,26,6,7.8,1138
Manipur,cauliflower,vegetables_leafy,90.5,high,kharif,hill_regions,26336,5474,367854,8.5,1495,14,27,6.2,8.2,357
Manipur,lettuce,vegetables_leafy,41.6,very_low,kharif,hill_regions,666,5616,55601,34.8,857,22,35,6.4,7.7,1011
Manipur,kale,vegetables_leafy,46.1,very_low,kharif,hill_regions,15908,1753,84613,37.7,1175,18,33,5.8,8.4,632
Manipur,mustard_leaves,vegetables_leafy,52,very_low,kharif,hill_regions,2550,3419,57163,19.4,253,12,30,5.7,7.3,992
Manipur,curry_leaves,vegetables_leafy,46.2,very_low,kharif,hill_regions,17505,4126,134364,18.5,720,15,35,6.1,7.4,1014
Manipur,coriander_leaves,vegetables_leafy,47.4,very_low,kharif,hill_regions,6038,6586,20395,6.7,1249,24,26,6.4,7.5,1147
Manipur,potato,vegetables_root,93.4,high,rabi,hill_regions,223419,1195,151092,28.7,368,16,44,5.8,7.7,645
Manipur,sweet_potato,vegetables_root,49.4,very_low,kharif,hill_regions,3709,7011,90096,40.5,1202,16,39,5.9,7.2,654
Manipur,carrot,vegetables_root,42.4,very_low,kharif,hill_regions,5424,5194,51646,36.8,865,23,26,6.2,8,1155
Manipur,radish,vegetables_root,45.6,very_low,kharif,hill_regions,2910,2857,64758,42.7,569,12,30,5.6,8.4,1085
Manipur,turnip,vegetables_root,44.6,very_low,kharif,hill_regions,13540,1012,71839,46.2,861,10,29,6.4,7,655
Manipur,beetroot,vegetables_root,51.8,very_low,kharif,hill_regions,12921,2627,128500,16.9,531,22,28,5.5,7.5,741
Manipur,onion_vegetable,vegetables_root,50.6,very_low,kharif,hill_regions,17087,5385,136549,17.2,697,19,26,5.8,7.6,780
Manipur,garlic_vegetable,vegetables_root,47.3,very_low,kharif,hill_regions,11662,7328,74275,28.6,204,14,42,5.8,7.4,789
Manipur,ginger_vegetable,vegetables_root,41.2,very_low,kharif,hill_regions,6408,3681,130663,34.8,779,18,40,6.2,7.3,570
Manipur,turmeric_vegetable,vegetables_root,45.2,very_low,kharif,hill_regions,303,2217,88938,29.6,644,19,39,5.9,7.7,357
Manipur,yam,vegetables_root,49,very_low,kharif,hill_regions,7522,3958,86718,30.8,748,10,37,6.4,8.2,1183
Manipur,taro,vegetables_root,42.1,very_low,kharif,hill_regions,7859,2651,4133,23.1,573,13,44,5.7,7.2,412
Manipur,cassava,vegetables_root,52.1,very_low,kharif,hill_regions,3357,2538,145326,17.4,1476,18,28,6.4,7.5,559
Manipur,tomato,vegetables_fruit,44.9,very_low,kharif,hill_regions,4603,3672,6502,42.2,642,13,36,6.2,8.2,613
Manipur,brinjal_eggplant,vegetables_fruit,52.2,very_low,kharif,hill_regions,2125,6924,84631,32.1,1418,18,25,6.4,7.4,751
Manipur,okra_ladyfinger,vegetables_fruit,43.1,very_low,kharif,hill_regions,10994,4007,80029,42.1,643,18,40,6.2,7.8,645
Manipur,bottle_gourd,vegetables_fruit,46.1,very_low,kharif,hill_regions,6631,5893,18887,48.5,1212,14,25,6.2,8.1,1167
Manipur,bitter_gourd,vegetables_fruit,43.8,very_low,kharif,hill_regions,10675,2810,67305,7.7,1188,11,38,6,8.4,333
Manipur,ridge_gourd,vegetables_fruit,44.4,very_low,kharif,hill_regions,10027,5157,48800,10.9,835,15,31,6.3,7.1,882
Manipur,snake_gourd,vegetables_fruit,52.3,very_low,kharif,hill_regions,21066,2977,135328,11.4,352,19,42,5.6,7.2,809
Manipur,ash_gourd,vegetables_fruit,43.3,very_low,kharif,hill_regions,4945,1815,97153,43.8,1090,22,30,6.4,7.6,1067
Manipur,pumpkin,vegetables_fruit,47.1,very_low,kharif,hill_regions,4110,4973,9848,46.9,552,15,29,5.5,8,831
Manipur,cucumber,vegetables_fruit,52.1,very_low,zaid,hill_regions,10055,3316,79046,9.8,1167,18,32,5.6,7.9,323
Manipur,watermelon,vegetables_fruit,47.5,very_low,zaid,hill_regions,16236,7939,46115,19.5,643,20,43,6.5,8.4,1091
Manipur,muskmelon,vegetables_fruit,54.9,very_low,zaid,hill_regions,16622,6327,23755,7,478,21,37,5.7,8.1,427
Manipur,capsicum,vegetables_fruit,52.3,very_low,kharif,hill_regions,25180,2051,187752,20.3,740,17,37,6.5,7.9,1134
Manipur,chilli_vegetable,vegetables_fruit,43.8,very_low,kharif,hill_regions,9153,3260,140424,37.7,822,21,34,5.5,7.8,862
Manipur,drumstick,vegetables_fruit,54.7,very_low,kharif,hill_regions,5591,1687,12984,32.5,501,21,35,5.7,7.7,300
Manipur,green_peas,vegetables_legume,52.9,very_low,kharif,hill_regions,173,5280,79859,43.5,527,12,37,6.3,7.5,689
Manipur,french_bean,vegetables_legume,41.7,very_low,kharif,hill_regions,7477,1718,21208,15.6,777,10,34,6.4,7,867
Manipur,cluster_bean_vegetable,vegetables_legume,52.5,very_low,kharif,hill_regions,2278,1303,83761,29.9,498,22,39,5.8,8.1,520
Manipur,broad_bean,vegetables_legume,50.1,very_low,kharif,hill_regions,8601,2671,56708,12.8,1143,10,28,5.7,7.1,970
Manipur,berseem,fodder,54.7,very_low,kharif,hill_regions,22040,1042,24335,30.2,1471,19,32,5.6,7.2,626
Manipur,lucerne_alfalfa,fodder,50.7,very_low,kharif,hill_regions,9079,7590,75642,46.1,219,24,32,6.4,7.3,701
Manipur,oats_fodder,fodder,40.7,very_low,kharif,hill_regions,10194,6674,45834,28.6,1173,15,40,6,8,1168
Manipur,sorghum_fodder,fodder,47.1,very_low,kharif,hill_regions,16654,7318,145832,29.8,647,13,25,6.2,7.4,845
Manipur,maize_fodder,fodder,53.7,very_low,kharif,hill_regions,416,3219,194347,29.1,1249,22,33,5.9,7.7,887
Manipur,bajra_fodder,fodder,45.5,very_low,kharif,hill_regions,23076,2976,196865,33,1341,11,30,5.8,7.5,454
Manipur,cowpea_fodder,fodder,53,very_low,kharif,hill_regions,17701,5084,20499,29.6,1491,18,25,6.4,7.4,919
Manipur,stylo,fodder,47.7,very_low,kharif,hill_regions,4784,7501,120452,28.1,536,11,28,6,7.5,337
Manipur,para_grass,fodder,46.8,very_low,kharif,hill_regions,22251,5096,144286,21.4,845,20,39,5.9,7.8,1131
Manipur,guinea_grass,fodder,49.5,very_low,kharif,hill_regions,17978,1806,95698,48.2,670,14,37,5.7,7.8,440
Manipur,napier_grass,fodder,48.7,very_low,kharif,hill_regions,9352,3679,43460,19.9,847,13,40,6.2,7.4,387
Manipur,tulsi,medicinal,40,very_low,kharif,hill_regions,4809,1088,63151,48.3,1096,22,27,5.6,7,1160
Manipur,neem,medicinal,44.5,very_low,kharif,hill_regions,7687,6113,47718,29.1,1494,16,36,6,8.2,540
Manipur,aloe_vera,medicinal,42.6,very_low,kharif,hill_regions,10571,7396,129342,30.4,291,20,38,6.1,7.4,1152
Manipur,ashwagandha,medicinal,44.8,very_low,kharif,hill_regions,12879,6223,43362,47.1,318,11,38,5.7,8.4,1056
Manipur,brahmi,medicinal,44.6,very_low,kharif,hill_regions,1457,4840,207913,43.5,662,12,29,6,7.9,329
Manipur,kalmegh,medicinal,46.2,very_low,kharif,hill_regions,11970,2184,203265,17,1237,12,33,6,7.8,764
Manipur,giloy,medicinal,43.4,very_low,kharif,hill_regions,9892,2461,160629,44,1353,20,28,6.1,8.2,334
Manipur,stevia,medicinal,47.4,very_low,kharif,hill_regions,3943,3647,141016,37.5,589,19,29,6.1,8.3,801
Manipur,mentha_mint,medicinal,51,very_low,kharif,hill_regions,10084,5865,123955,34.7,1470,22,40,6.3,7.4,688
Manipur,lemongrass,medicinal,48.5,very_low,kharif,hill_regions,16340,1189,32361,44.7,276,13,32,6.3,7.8,1159
Manipur,citronella,medicinal,43.4,very_low,kharif,hill_regions,7960,2718,109550,8.2,699,15,28,6.4,7.6,1183
Manipur,palmarosa,medicinal,53.5,very_low,kharif,hill_regions,7088,5212,91068,44.9,1011,10,34,6.4,8.1,1083
Manipur,vetiver,medicinal,50.1,very_low,kharif,hill_regions,10536,7426,11113,10.1,900,21,32,5.6,7.8,603
Manipur,rosemary,medicinal,45.3,very_low,kharif,hill_regions,20306,4910,126038,34.7,916,14,32,5.8,8.4,1043
Manipur,lavender,medicinal,48.7,very_low,kharif,hill_regions,25068,7493,50331,37.3,991,21,30,6.2,7.6,1050
Manipur,bamboo,timber,51.9,very_low,kharif,hill_regions,2731,6024,62717,30.1,1178,22,29,6.1,8.2,1085
Manipur,eucalyptus,timber,44.3,very_low,kharif,hill_regions,2905,7618,44770,23.8,217,10,38,6.1,7.9,399
Manipur,teak,timber,45.3,very_low,kharif,hill_regions,4807,7178,25738,12.6,821,24,31,6.2,7.9,434
Manipur,sal,timber,43.7,very_low,kharif,hill_regions,5519,5865,220755,10.4,718,13,29,5.6,8,971
Manipur,sandalwood,timber,50.2,very_low,kharif,hill_regions,4394,3238,78730,15.4,384,17,41,6.5,7.2,1040
Manipur,rosewood,timber,52.4,very_low,kharif,hill_regions,2114,7930,93310,49.2,828,15,29,6.5,7.4,321
Manipur,pine,timber,47.7,very_low,kharif,hill_regions,4714,5442,51228,23.1,229,18,27,5.7,8.1,581
Manipur,deodar,timber,42.4,very_low,kharif,hill_regions,4800,2896,107192,38.3,1161,17,34,6.3,7.3,436
Manipur,button_mushroom,mushroom,50,very_low,kharif,hill_regions,12967,2796,47398,45.4,748,18,27,5.7,7.1,681
Manipur,oyster_mushroom,mushroom,54.8,very_low,kharif,hill_regions,17491,7027,130721,21.6,425,19,28,5.9,8.2,416
Manipur,shiitake,mushroom,41.9,very_low,kharif,hill_regions,8061,2762,58394,18.6,858,14,44,6,8.1,930
Manipur,milky_mushroom,mushroom,47.4,very_low,kharif,hill_regions,7619,5766,54450,8.7,223,14,28,6.4,7.3,654
Manipur,rose,flowers,50.7,very_low,kharif,hill_regions,12705,2267,57206,23.9,673,15,27,6.4,7,696
Manipur,jasmine,flowers,54.7,very_low,kharif,hill_regions,8393,2022,178860,5.6,1085,23,25,6.2,8.5,875
Manipur,marigold,flowers,46.2,very_low,kharif,hill_regions,15355,6246,129368,6.7,477,11,27,5.5,7.6,460
Manipur,chrysanthemum,flowers,52.8,very_low,kharif,hill_regions,14436,4423,51361,26.4,1033,21,26,6.2,8.1,803
Manipur,tuberose,flowers,43.2,very_low,kharif,hill_regions,10551,4329,76702,10,437,11,29,5.8,7.4,489
Manipur,gladiolus,flowers,51,very_low,kharif,hill_regions,8803,3135,178107,33.1,581,20,31,6.1,8.5,571
Manipur,lily,flowers,54,very_low,kharif,hill_regions,8943,4219,102867,7.7,1015,21,34,5.6,7.4,911
Manipur,orchid,flowers,53.4,very_low,kharif,hill_regions,10410,2598,60892,20.2,1052,24,41,5.7,7.9,359
Manipur,carnation,flowers,43.7,very_low,kharif,hill_regions,4600,5751,53779,47,476,15,31,5.7,8.5,648
Manipur,gerbera,flowers,54.1,very_low,kharif,hill_regions,3776,1834,121922,6.4,1453,16,29,6.1,7.2,364
Manipur,anthurium,flowers,52.4,very_low,kharif,hill_regions,9673,2236,9261,21.5,857,21,35,6.3,7.2,357
Meghalaya,rice,cereals,72.4,medium,kharif,hill_regions,102103,1989,34528,35.8,1311,21,29,6.1,8.1,530
Meghalaya,wheat,cereals,91.9,high,rabi,hill_regions,46003,7787,1439635,25.1,377,20,30,5.7,7.6,776
Meghalaya,maize,cereals,71.5,medium,kharif,hill_regions,3023,7243,884171,38,806,13,39,6.4,7.2,719
Meghalaya,barley,cereals,89.1,high,rabi,hill_regions,83785,7662,422593,27.2,1436,17,42,5.6,8.4,468
Meghalaya,jowar_sorghum,cereals,54.7,very_low,kharif,hill_regions,6079,3160,46905,16.3,1454,14,38,5.6,8.2,788
Meghalaya,bajra_pearl_millet,cereals,54.7,very_low,kharif,hill_regions,3758,3422,108931,34.7,1211,11,36,6.4,7.2,384
Meghalaya,ragi_finger_millet,cereals,50.7,very_low,kharif,hill_regions,10792,4817,128614,45,1081,13,30,6.4,7.9,1010
Meghalaya,foxtail_millet,cereals,46.7,very_low,kharif,hill_regions,4093,2128,75466,36.5,314,19,42,6.2,7.8,580
Meghalaya,proso_millet,cereals,53.3,very_low,kharif,hill_regions,15813,6480,120548,49.5,1173,10,29,5.5,7.3,355
Meghalaya,barnyard_millet,cereals,47.5,very_low,kharif,hill_regions,5048,7291,63290,47.5,494,17,31,6,7.8,332
Meghalaya,little_millet,cereals,43.5,very_low,kharif,hill_regions,18678,4986,52381,23.2,324,24,42,5.6,7.2,822
Meghalaya,kodo_millet,cereals,43.5,very_low,kharif,hill_regions,21746,2913,1685,41,751,19,30,5.6,8,705
Meghalaya,oats,cereals,43.5,very_low,kharif,hill_regions,7456,6078,29053,38.1,438,15,39,6.2,7.4,409
Meghalaya,gram_chickpea,pulses,40.6,very_low,rabi,hill_regions,2258,1803,51089,25.1,1226,13,35,5.6,7.7,459
Meghalaya,tur_arhar,pulses,43.2,very_low,kharif,hill_regions,13240,6207,57655,10.3,564,17,42,6.5,8,615
Meghalaya,moong_green_gram,pulses,50.4,very_low,kharif,hill_regions,10523,2706,35844,8.4,746,19,40,6.3,8.5,378
Meghalaya,urad_black_gram,pulses,47.4,very_low,kharif,hill_regions,16474,2864,11526,19.1,1479,23,32,6.4,7,582
Meghalaya,masur_lentil,pulses,50.9,very_low,kharif,hill_regions,2978,7032,71156,49.5,375,15,31,6.4,7.4,618
Meghalaya,rajma_kidney_bean,pulses,72.1,medium,kharif,hill_regions,32941,1478,468163,22.6,430,12,42,5.6,7.1,520
Meghalaya,cowpea_lobhia,pulses,54.3,very_low,kharif,hill_regions,9575,7244,35464,18.2,1080,20,40,6.3,7.4,918
Meghalaya,field_pea,pulses,42,very_low,kharif,hill_regions,12467,2132,12559,13.8,746,23,35,6.2,7.3,395
Meghalaya,black_eyed_pea,pulses,43.6,very_low,kharif,hill_regions,8995,7168,55579,28.3,205,10,26,6.2,7.7,473
Meghalaya,horse_gram,pulses,48.9,very_low,kharif,hill_regions,2045,5482,128269,17.9,1093,12,40,6.4,7.7,520
Meghalaya,moth_bean,pulses,46,very_low,kharif,hill_regions,168,5553,5247,14.5,1139,19,26,6.2,8.4,367
Meghalaya,cluster_bean_guar,pulses,46.2,very_low,kharif,hill_regions,16500,2585,32282,40.3,1443,21,44,6.1,8.4,921
Meghalaya,groundnut_peanut,oilseeds,53.6,very_low,kharif,hill_regions,10815,2377,3032,28.3,613,10,44,6.2,8.4,1199
Meghalaya,mustard,oilseeds,75.9,medium,rabi,hill_regions,18788,4606,474736,26.3,703,12,33,5.6,8.3,342
Meghalaya,rapeseed,oilseeds,60.7,low,rabi,hill_regions,27208,3189,31986,28.9,1391,23,29,6.2,7,418
Meghalaya,sesame_til,oilseeds,47.5,very_low,kharif,hill_regions,11664,7517,650,15.5,771,18,43,6.4,8,531
Meghalaya,sunflower,oilseeds,66.7,low,kharif,hill_regions,38748,1040,183103,9,729,19,38,6.3,7.9,526
Meghalaya,safflower,oilseeds,53.3,very_low,kharif,hill_regions,4417,6785,204045,33.7,566,19,31,6.2,7.8,1136
Meghalaya,niger,oilseeds,49.3,very_low,kharif,hill_regions,10393,3106,31221,22.6,215,24,35,6.3,7.4,971
Meghalaya,linseed_flax,oilseeds,48.5,very_low,kharif,hill_regions,17946,4456,97277,5.7,591,23,40,6,8.4,737
Meghalaya,castor,oilseeds,48.5,very_low,kharif,hill_regions,11006,3233,54518,48.5,344,11,25,5.8,7.6,385
Meghalaya,coconut,oilseeds,48.2,very_low,perennial,hill_regions,16325,7831,107433,10,315,21,38,5.7,7.4,975
Meghalaya,palm_oil,oilseeds,48.5,very_low,kharif,hill_regions,4728,5403,133830,44.8,1157,18,38,6,7.3,1093
Meghalaya,olive,oilseeds,48,very_low,kharif,hill_regions,21672,7895,102748,6.5,714,24,30,6.5,7.1,811
Meghalaya,walnut,oilseeds,47.7,very_low,kharif,hill_regions,14338,5334,27940,22.3,1137,14,42,5.7,7.4,430
Meghalaya,almond,oilseeds,41.6,very_low,kharif,hill_regions,15993,1660,27400,17.2,1004,21,40,5.5,8,867
Meghalaya,cotton,fiber,47.8,very_low,kharif,hill_regions,14058,3407,32491,19,771,13,37,6.4,7.9,702
Meghalaya,jute,fiber,52,very_low,kharif,hill_regions,9320,5229,145806,16,676,11,44,5.6,7.3,731
Meghalaya,mesta,fiber,53,very_low,kharif,hill_regions,13196,5732,87521,43,218,23,41,6.4,8.2,1090
Meghalaya,flax,fiber,43,very_low,kharif,hill_regions,5276,1764,95675,11.1,268,21,43,6.3,8.2,836
Meghalaya,hemp,fiber,53.3,very_low,kharif,hill_regions,19703,1723,129080,33.9,954,20,41,6.4,7.3,477
Meghalaya,sisal,fiber,40.2,very_low,kharif,hill_regions,3427,6047,48163,39.1,832,18,27,6.3,8.1,576
Meghalaya,coir,fiber,44.9,very_low,kharif,hill_regions,11740,6229,70199,15.7,423,10,25,5.7,7.2,800
Meghalaya,sugarcane,sugar,45.4,very_low,perennial,hill_regions,11303,5613,98068,16.7,1252,23,31,5.5,8.3,1131
Meghalaya,sugar_beet,sugar,40.8,very_low,kharif,hill_regions,8263,3110,73900,14.8,1319,11,30,6.5,7.3,419
Meghalaya,turmeric,spices,67.9,low,kharif,hill_regions,3821,3263,182546,37,1345,18,32,5.9,8.3,951
Meghalaya,coriander,spices,53.6,very_low,kharif,hill_regions,8990,4707,148109,12.4,269,23,35,6.1,7.8,979
Meghalaya,cumin,spices,42.2,very_low,kharif,hill_regions,10578,7278,92728,47.4,659,24,42,6.1,7.5,638
Meghalaya,fennel,spices,51.6,very_low,kharif,hill_regions,8808,5452,126834,6,316,11,29,5.9,8.2,615
Meghalaya,fenugreek,spices,40.3,very_low,kharif,hill_regions,19601,3443,151249,9.6,425,20,35,6.3,8.3,525
Meghalaya,ajwain,spices,50.2,very_low,kharif,hill_regions,19115,4010,9402,30.8,1446,10,29,5.8,8.1,590
Meghalaya,black_pepper,spices,43.6,very_low,kharif,hill_regions,1285,2194,75119,21,651,11,32,6.3,7.6,827
Meghalaya,cardamom_small,spices,42.5,very_low,kharif,hill_regions,10040,3319,32008,44.5,1120,21,38,5.6,8.4,1118
Meghalaya,cardamom_large,spices,43.5,very_low,kharif,hill_regions,10831,5786,34768,29.2,364,18,29,6,8,1089
Meghalaya,cinnamon,spices,42.5,very_low,kharif,hill_regions,11038,6906,114394,43.8,1061,17,31,6.5,8.2,643
Meghalaya,clove,spices,42.5,very_low,kharif,hill_regions,25335,2952,187522,10.6,1437,21,31,5.8,8,834
Meghalaya,nutmeg,spices,53.8,very_low,kharif,hill_regions,13801,7492,120189,43.2,1293,23,26,6.1,7.7,741
Meghalaya,ginger,spices,61.9,low,kharif,hill_regions,23376,4239,115964,16.3,1058,11,28,6,7.1,414
Meghalaya,garlic,spices,53,very_low,kharif,hill_regions,9538,3435,201727,6.2,954,18,40,6.5,7.5,694
Meghalaya,onion,spices,50.1,very_low,rabi,hill_regions,26172,5669,201169,8.8,690,10,28,6.1,8.3,869
Meghalaya,chilli,spices,50,very_low,kharif,hill_regions,8069,4180,62978,19.7,955,16,36,5.6,7.6,636
Meghalaya,tamarind,spices,51,very_low,kharif,hill_regions,21951,5424,60881,40.2,846,12,39,5.6,7.3,982
Meghalaya,vanilla,spices,51.6,very_low,kharif,hill_regions,7754,7066,149320,42.5,1121,18,27,6.2,8,581
Meghalaya,saffron,spices,51,very_low,kharif,hill_regions,11845,3573,19813,14.8,1199,14,25,6.5,7.3,889
Meghalaya,mint,spices,53.9,very_low,kharif,hill_regions,17618,7834,151415,30.1,672,17,41,6.4,8.3,837
Meghalaya,basil,spices,47.2,very_low,kharif,hill_regions,216,6351,36075,19.8,1296,10,43,5.5,8.4,709
Meghalaya,oregano,spices,41.5,very_low,kharif,hill_regions,21062,4066,129954,49.1,512,22,30,5.9,7.4,701
Meghalaya,thyme,spices,40.1,very_low,kharif,hill_regions,7244,5425,81991,31.3,580,24,32,5.7,7.8,974
Meghalaya,tea,plantation,70.2,medium,perennial,hill_regions,82130,4549,325234,46.9,316,19,31,5.6,7.3,865
Meghalaya,coffee_arabica,plantation,40.4,very_low,perennial,hill_regions,20911,6565,60539,11.2,804,15,44,6.5,7.6,433
Meghalaya,coffee_robusta,plantation,53.7,very_low,perennial,hill_regions,13353,3557,92898,45.6,440,22,25,6.4,7.8,504
Meghalaya,rubber,plantation,40,very_low,perennial,hill_regions,5341,5418,47818,9,856,18,34,6,7.9,773
Meghalaya,cocoa,plantation,42,very_low,kharif,hill_regions,2096,5853,59022,24.3,1237,14,36,5.6,8.1,925
Meghalaya,cashew,plantation,52,very_low,kharif,hill_regions,21056,6911,76749,20.5,1427,23,35,5.9,8.3,591
Meghalaya,areca_nut,plantation,42.3,very_low,kharif,hill_regions,1189,3653,147296,18.3,1410,24,41,6.5,7.8,812
Meghalaya,betelvine,plantation,52.5,very_low,kharif,hill_regions,8193,5303,104536,38.8,1068,21,38,6,7.2,1006
Meghalaya,black_pepper_plantation,plantation,40.5,very_low,kharif,hill_regions,24780,5696,230835,32.6,273,18,30,5.9,7.7,997
Meghalaya,mango,fruits_tropical,47.5,very_low,kharif,hill_regions,6022,4779,38882,16.7,1184,15,26,5.8,8,1032
Meghalaya,banana,fruits_tropical,54.4,very_low,perennial,hill_regions,10831,3093,26064,33.2,862,20,29,5.8,7.4,1017
Meghalaya,papaya,fruits_tropical,42.6,very_low,kharif,hill_regions,1348,4846,11543,12.9,346,15,31,6.3,7.3,377
Meghalaya,pineapple,fruits_tropical,49.1,very_low,kharif,hill_regions,7169,5219,147497,20.6,882,12,25,6.5,7.4,551
Meghalaya,jackfruit,fruits_tropical,54.6,very_low,kharif,hill_regions,14479,5895,139584,39.4,287,16,30,5.6,7.6,854
Meghalaya,guava,fruits_tropical,42.7,very_low,kharif,hill_regions,10349,5055,111924,40.6,1455,18,38,6.4,8.3,946
Meghalaya,coconut_fruit,fruits_tropical,47.5,very_low,kharif,hill_regions,13584,6436,103685,11.3,609,16,41,6.4,7.4,917
Meghalaya,passion_fruit,fruits_tropical,41.2,very_low,kharif,hill_regions,8946,6359,129829,20.2,886,19,31,6.5,8.3,566
Meghalaya,dragon_fruit,fruits_tropical,47.6,very_low,kharif,hill_regions,7591,5783,10134,44.2,971,24,25,6.3,8.2,419
Meghalaya,rambutan,fruits_tropical,45,very_low,kharif,hill_regions,14492,3808,200654,9.2,815,19,37,5.8,7.8,937
Meghalaya,sapota,fruits_tropical,48.8,very_low,kharif,hill_regions,6242,6829,85352,49.4,230,15,28,6.1,7.4,963
Meghalaya,custard_apple,fruits_tropical,53.2,very_low,kharif,hill_regions,2403,7127,41182,24.6,487,16,29,6.2,7.7,1009
Meghalaya,wood_apple,fruits_tropical,44.7,very_low,kharif,hill_regions,5368,7541,84073,12.8,554,11,25,6,7.5,1167
Meghalaya,apple,fruits_temperate,87.2,high,kharif,hill_regions,86864,2564,2087414,41.1,1019,20,44,6.1,7.2,358
Meghalaya,pear,fruits_temperate,50,very_low,kharif,hill_regions,17380,1761,175023,29.8,1044,10,44,6.1,7.8,1149
Meghalaya,peach,fruits_temperate,53.9,very_low,kharif,hill_regions,13423,6156,2319,15.8,736,18,39,5.7,8.3,1061
Meghalaya,plum,fruits_temperate,49.5,very_low,kharif,hill_regions,23159,2551,181656,47.9,378,24,25,6,8.2,1011
Meghalaya,apricot,fruits_temperate,51,very_low,kharif,hill_regions,13473,5899,81552,31.8,1300,14,35,5.5,8,475
Meghalaya,cherry,fruits_temperate,47.2,very_low,kharif,hill_regions,472,4382,48356,24.1,471,24,25,6.4,8.1,454
Meghalaya,strawberry,fruits_temperate,47.1,very_low,kharif,hill_regions,19273,1891,109179,26.1,1242,23,26,5.8,7.4,1196
Meghalaya,kiwi,fruits_temperate,48.4,very_low,kharif,hill_regions,11915,6059,63467,46,791,22,30,6.2,7.6,328
Meghalaya,grape,fruits_temperate,46.2,very_low,kharif,hill_regions,3365,2287,78210,20.4,772,16,27,5.7,8.3,446
Meghalaya,pomegranate,fruits_temperate,50,very_low,kharif,hill_regions,17792,1462,122068,27.1,206,13,33,5.8,7.5,1125
Meghalaya,fig,fruits_temperate,45.4,very_low,kharif,hill_regions,14030,6556,12530,36.7,827,12,30,5.5,7.5,529
Meghalaya,persimmon,fruits_temperate,45.7,very_low,kharif,hill_regions,15881,5237,117330,44,1335,22,28,5.8,7.8,622
Meghalaya,orange,fruits_citrus,42,very_low,kharif,hill_regions,15371,3428,52891,5.3,1135,16,27,6.5,8.2,953
Meghalaya,lime,fruits_citrus,54.4,very_low,kharif,hill_regions,13092,2443,101274,5.6,364,16,25,6,7.8,859
Meghalaya,lemon,fruits_citrus,41.5,very_low,kharif,hill_regions,8405,5607,2954,29.3,1220,11,33,5.8,8.4,467
Meghalaya,grapefruit,fruits_citrus,44.8,very_low,kharif,hill_regions,9435,4719,7662,49.3,1272,19,26,5.6,7.8,556
Meghalaya,mandarin,fruits_citrus,49.3,very_low,kharif,hill_regions,18455,2969,101629,40,838,22,27,6.2,8.4,598
Meghalaya,sweet_lime,fruits_citrus,45.5,very_low,kharif,hill_regions,7528,4867,3879,38.8,1278,23,35,6,8.3,658
Meghalaya,kinnow,fruits_citrus,49.8,very_low,kharif,hill_regions,8441,1608,4040,24.3,825,22,33,5.8,7.7,514
Meghalaya,spinach,vegetables_leafy,41.4,very_low,kharif,hill_regions,3996,1088,21694,40.4,505,11,43,6.1,7.1,356
Meghalaya,fenugreek_leaves,vegetables_leafy,49.2,very_low,kharif,hill_regions,1616,2570,154626,30.7,772,13,27,5.9,8.4,343
Meghalaya,amaranth,vegetables_leafy,54.9,very_low,kharif,hill_regions,5870,1315,66285,26.8,1066,18,32,6.2,7,786
Meghalaya,cabbage,vegetables_leafy,86.5,high,kharif,hill_regions,170859,1997,1612736,45,739,10,40,6.4,7.3,1124
Meghalaya,cauliflower,vegetables_leafy,96.9,high,kharif,hill_regions,176566,4114,996813,19.4,407,21,25,6.1,8.3,499
Meghalaya,lettuce,vegetables_leafy,45,very_low,kharif,hill_regions,5533,6932,63925,31.2,493,10,28,5.5,7.7,827
Meghalaya,kale,vegetables_leafy,40.7,very_low,kharif,hill_regions,5794,6594,59376,9.7,1353,23,31,6.1,7.7,1147
Meghalaya,mustard_leaves,vegetables_leafy,47.6,very_low,kharif,hill_regions,6054,3418,182581,40.3,1151,22,39,6.1,7.7,720
Meghalaya,curry_leaves,vegetables_leafy,46.1,very_low,kharif,hill_regions,9243,2032,19293,46.6,232,11,33,5.8,7.6,405
Meghalaya,coriander_leaves,vegetables_leafy,42,very_low,kharif,hill_regions,19809,1729,139057,32.4,1127,17,30,6.2,7.6,497
Meghalaya,potato,vegetables_root,90.3,high,rabi,hill_regions,127229,3099,1760615,44.7,763,15,37,5.6,8,1004
Meghalaya,sweet_potato,vegetables_root,46,very_low,kharif,hill_regions,519,5460,29133,25.9,702,12,35,6,7.9,526
Meghalaya,carrot,vegetables_root,43.2,very_low,kharif,hill_regions,18536,6405,26157,15.1,948,22,42,6.3,7.1,1038
Meghalaya,radish,vegetables_root,53.5,very_low,kharif,hill_regions,4700,4756,20818,28.3,1351,23,43,6,7.6,899
Meghalaya,turnip,vegetables_root,46.3,very_low,kharif,hill_regions,7833,2966,4359,5.9,1410,13,33,6.5,7.7,370
Meghalaya,beetroot,vegetables_root,48.3,very_low,kharif,hill_regions,1225,6960,27321,35.5,861,13,35,5.6,7.5,770
Meghalaya,onion_vegetable,vegetables_root,43.4,very_low,kharif,hill_regions,1422,4393,132790,24.3,1336,19,44,5.8,8.4,846
Meghalaya,garlic_vegetable,vegetables_root,51.2,very_low,kharif,hill_regions,15583,7035,121655,32,778,12,36,6.5,8.2,972
Meghalaya,ginger_vegetable,vegetables_root,49.6,very_low,kharif,hill_regions,3017,2571,1026,35.3,1255,14,26,5.8,7.4,705
Meghalaya,turmeric_vegetable,vegetables_root,44,very_low,kharif,hill_regions,15257,3343,105576,33.2,638,22,36,5.5,7.1,977
Meghalaya,yam,vegetables_root,46.7,very_low,kharif,hill_regions,2795,2101,115615,42.3,928,14,43,6.1,8.2,302
Meghalaya,taro,vegetables_root,46.8,very_low,kharif,hill_regions,9455,6085,144356,11.8,1207,11,39,6.5,8.4,1020
Meghalaya,cassava,vegetables_root,48,very_low,kharif,hill_regions,17171,1058,19452,31.9,208,23,34,5.8,7.6,1065
Meghalaya,tomato,vegetables_fruit,53.9,very_low,kharif,hill_regions,9615,5047,57780,40.1,489,17,31,5.6,7.2,422
Meghalaya,brinjal_eggplant,vegetables_fruit,49.2,very_low,kharif,hill_regions,6959,5118,87628,33.2,1481,10,39,5.5,8.1,647
Meghalaya,okra_ladyfinger,vegetables_fruit,49.2,very_low,kharif,hill_regions,2712,6064,117187,13.3,1396,12,39,6.5,7.2,691
Meghalaya,bottle_gourd,vegetables_fruit,45.1,very_low,kharif,hill_regions,13426,5628,137710,13.3,906,16,43,5.5,8.5,731
Meghalaya,bitter_gourd,vegetables_fruit,49.4,very_low,kharif,hill_regions,14689,4933,91266,34.2,673,11,41,5.8,8.3,847
Meghalaya,ridge_gourd,vegetables_fruit,45.3,very_low,kharif,hill_regions,14204,5946,144013,12.2,1427,16,42,5.7,7,816
Meghalaya,snake_gourd,vegetables_fruit,44.9,very_low,kharif,hill_regions,3367,1331,10975,14.8,952,17,32,5.6,7.4,465
Meghalaya,ash_gourd,vegetables_fruit,51.2,very_low,kharif,hill_regions,19947,7783,181113,27.4,739,23,37,5.8,7.8,1192
Meghalaya,pumpkin,vegetables_fruit,52.7,very_low,kharif,hill_regions,14897,7870,29017,45.3,1348,10,38,5.8,8,1122
Meghalaya,cucumber,vegetables_fruit,47.5,very_low,zaid,hill_regions,16867,7818,9277,46.5,307,15,40,6.3,8.1,335
Meghalaya,watermelon,vegetables_fruit,42,very_low,zaid,hill_regions,2603,1549,192074,33.9,657,12,42,6.5,7.1,798
Meghalaya,muskmelon,vegetables_fruit,43.9,very_low,zaid,hill_regions,9396,6002,115139,29.4,1315,17,41,5.9,7.3,709
Meghalaya,capsicum,vegetables_fruit,47.5,very_low,kharif,hill_regions,15854,4952,139100,28.1,492,11,42,5.6,7.2,357
Meghalaya,chilli_vegetable,vegetables_fruit,46.4,very_low,kharif,hill_regions,612,4609,65181,39.8,1278,20,34,5.7,8.3,607
Meghalaya,drumstick,vegetables_fruit,45.3,very_low,kharif,hill_regions,27636,7286,226162,44.1,1115,14,44,6.4,7.4,740
Meghalaya,green_peas,vegetables_legume,41.1,very_low,kharif,hill_regions,16772,2716,68197,49.1,1000,16,34,5.6,7.1,833
Meghalaya,french_bean,vegetables_legume,47.7,very_low,kharif,hill_regions,9802,1508,129774,18.2,293,12,26,5.7,7.6,964
Meghalaya,cluster_bean_vegetable,vegetables_legume,44.1,very_low,kharif,hill_regions,17398,3070,119046,12.1,431,16,29,6.4,7.1,837
Meghalaya,broad_bean,vegetables_legume,49.1,very_low,kharif,hill_regions,8323,4282,65515,42.2,619,17,30,5.7,7,1167
Meghalaya,berseem,fodder,46.6,very_low,kharif,hill_regions,193,3018,1245,21.9,281,10,38,6.4,7.6,1053
Meghalaya,lucerne_alfalfa,fodder,40.4,very_low,kharif,hill_regions,1844,6869,180412,40.4,1266,18,30,6.1,7.7,304
Meghalaya,oats_fodder,fodder,47.2,very_low,kharif,hill_regions,546,5349,120269,12.1,760,24,42,5.9,7.5,411
Meghalaya,sorghum_fodder,fodder,40.5,very_low,kharif,hill_regions,15006,7710,103702,20.8,386,18,37,5.9,8,972
Meghalaya,maize_fodder,fodder,51.7,very_low,kharif,hill_regions,15910,1178,109178,15.6,551,11,28,6.5,7.6,1134
Meghalaya,bajra_fodder,fodder,42.4,very_low,kharif,hill_regions,7916,3446,72586,24,1255,16,36,5.8,8.1,889
Meghalaya,cowpea_fodder,fodder,46,very_low,kharif,hill_regions,9591,7602,16604,41,905,17,44,6.1,8.2,763
Meghalaya,stylo,fodder,43.7,very_low,kharif,hill_regions,22072,6888,38102,19.3,871,18,28,5.7,8.1,957
Meghalaya,para_grass,fodder,52.6,very_low,kharif,hill_regions,9032,7017,152791,48.1,553,14,39,6.4,8.2,954
Meghalaya,guinea_grass,fodder,45.8,very_low,kharif,hill_regions,19559,6272,131950,7.1,1057,17,44,6.1,7.9,1194
Meghalaya,napier_grass,fodder,41.4,very_low,kharif,hill_regions,10239,3206,43097,45.2,953,11,31,5.6,7.8,455
Meghalaya,tulsi,medicinal,52.9,very_low,kharif,hill_regions,1481,3106,106320,20.1,867,23,32,5.8,8.2,586
Meghalaya,neem,medicinal,41.2,very_low,kharif,hill_regions,12928,7533,24599,29.9,378,20,28,5.5,8.2,592
Meghalaya,aloe_vera,medicinal,41.6,very_low,kharif,hill_regions,20402,5786,194506,27,366,10,31,5.6,7.8,313
Meghalaya,ashwagandha,medicinal,46.7,very_low,kharif,hill_regions,5082,5725,38186,20.4,1487,20,35,6.1,7.9,322
Meghalaya,brahmi,medicinal,41.2,very_low,kharif,hill_regions,8522,1388,54865,10.9,1391,13,27,6.1,7.8,818
Meghalaya,kalmegh,medicinal,46.5,very_low,kharif,hill_regions,15107,2539,61478,48.1,446,14,28,5.5,7.4,341
Meghalaya,giloy,medicinal,42.3,very_low,kharif,hill_regions,526,6270,109849,23.5,1480,20,39,5.7,8.3,1150
Meghalaya,stevia,medicinal,43.5,very_low,kharif,hill_regions,17784,3136,90297,9.4,425,10,36,6.1,8.4,787
Meghalaya,mentha_mint,medicinal,43.9,very_low,kharif,hill_regions,9915,4352,66031,5.7,834,14,25,6.3,7.8,599
Meghalaya,lemongrass,medicinal,52.1,very_low,kharif,hill_regions,254,7611,38878,42.4,1261,12,34,5.5,7.5,957
Meghalaya,citronella,medicinal,43.6,very_low,kharif,hill_regions,6320,4758,66771,39.2,1104,22,29,6.1,7.5,1165
Meghalaya,palmarosa,medicinal,46.6,very_low,kharif,hill_regions,22519,6029,114955,25,884,14,43,6.3,8.2,689
Meghalaya,vetiver,medicinal,41.1,very_low,kharif,hill_regions,9007,7093,147764,11.5,982,20,36,6,7.3,512
Meghalaya,rosemary,medicinal,51.5,very_low,kharif,hill_regions,8103,4687,77704,49.9,1062,16,34,5.7,7.1,820
Meghalaya,lavender,medicinal,52.1,very_low,kharif,hill_regions,6481,4883,110671,11.2,507,23,25,6.2,8,644
Meghalaya,bamboo,timber,47,very_low,kharif,hill_regions,4697,2620,111202,23.4,946,23,43,5.7,7.5,445
Meghalaya,eucalyptus,timber,53.9,very_low,kharif,hill_regions,8174,6618,73780,10.4,769,19,39,6.1,7.2,573
Meghalaya,teak,timber,51,very_low,kharif,hill_regions,1565,1295,142181,29.7,401,18,44,6.1,7.7,1044
Meghalaya,sal,timber,43.2,very_low,kharif,hill_regions,9737,4531,134745,18.2,273,23,29,5.9,7.8,1178
Meghalaya,sandalwood,timber,48,very_low,kharif,hill_regions,11141,7795,124066,12.6,1244,22,38,6.2,7.7,877
Meghalaya,rosewood,timber,51.1,very_low,kharif,hill_regions,3297,2358,83847,35.6,786,22,39,6.4,7.1,758
Meghalaya,pine,timber,50.6,very_low,kharif,hill_regions,4724,3932,89945,27.2,840,16,29,6.4,7.5,810
Meghalaya,deodar,timber,42.2,very_low,kharif,hill_regions,16905,7968,54193,11.9,608,14,37,6,8.2,931
Meghalaya,button_mushroom,mushroom,43.8,very_low,kharif,hill_regions,21806,5188,190636,40.2,974,23,37,6,7.5,1094
Meghalaya,oyster_mushroom,mushroom,41.8,very_low,kharif,hill_regions,10553,4883,101606,27.8,533,22,38,6.4,7.4,873
Meghalaya,shiitake,mushroom,50.7,very_low,kharif,hill_regions,14383,1017,84160,32.6,893,19,28,6.2,7.5,706
Meghalaya,milky_mushroom,mushroom,45,very_low,kharif,hill_regions,12181,6868,75434,19.5,834,20,31,5.9,7.8,564
Meghalaya,rose,flowers,43.1,very_low,kharif,hill_regions,4599,1338,59838,12.9,690,14,37,6.4,7.9,788
Meghalaya,jasmine,flowers,50,very_low,kharif,hill_regions,1395,1664,8422,16.7,891,11,43,6.4,8.5,338
Meghalaya,marigold,flowers,52.8,very_low,kharif,hill_regions,23547,4695,164406,7.3,298,11,43,5.6,7.2,1137
Meghalaya,chrysanthemum,flowers,41.6,very_low,kharif,hill_regions,21679,1281,5056,29,1496,23,31,5.9,7.6,960
Meghalaya,tuberose,flowers,45.1,very_low,kharif,hill_regions,9712,4206,8077,40.6,960,17,38,6,8,1080
Meghalaya,gladiolus,flowers,49.2,very_low,kharif,hill_regions,14326,4718,32099,20.1,1101,16,33,6.3,7,911
Meghalaya,lily,flowers,47.3,very_low,kharif,hill_regions,6087,2210,47006,22.6,768,20,34,6.3,8,470
Meghalaya,orchid,flowers,44.2,very_low,kharif,hill_regions,10962,7205,7964,30.8,1448,21,34,5.7,7.4,962
Meghalaya,carnation,flowers,51.7,very_low,kharif,hill_regions,2669,7537,139072,11.3,273,18,30,5.8,7.1,1158
Meghalaya,gerbera,flowers,52.5,very_low,kharif,hill_regions,10776,5780,32045,44.2,977,22,34,6,7.4,648
Meghalaya,anthurium,flowers,48.5,very_low,kharif,hill_regions,17483,2031,1907,43.3,673,14,41,6.4,8.1,456
Mizoram,rice,cereals,75.9,medium,kharif,hill_regions,120888,7990,545597,42,260,14,32,6.5,7,577
Mizoram,wheat,cereals,97.1,high,rabi,hill_regions,45632,6110,1169200,26.2,1430,13,43,6.3,7.6,1026
Mizoram,maize,cereals,72,medium,kharif,hill_regions,82983,1663,3798,22.5,335,22,43,6,7.6,785
Mizoram,barley,cereals,87.9,high,rabi,hill_regions,21410,4125,953501,46.9,1160,20,31,6.4,8.4,1139
Mizoram,jowar_sorghum,cereals,40.6,very_low,kharif,hill_regions,14285,3065,175357,18.1,481,17,31,6.4,7.7,669
Mizoram,bajra_pearl_millet,cereals,49.4,very_low,kharif,hill_regions,8823,6378,44135,48,953,20,43,6.2,7.6,322
Mizoram,ragi_finger_millet,cereals,50.9,very_low,kharif,hill_regions,13931,3378,121844,37.8,200,23,42,6,7.2,904
Mizoram,foxtail_millet,cereals,42.1,very_low,kharif,hill_regions,2069,5123,51412,42.4,1239,24,30,5.6,7.7,375
Mizoram,proso_millet,cereals,42.7,very_low,kharif,hill_regions,13084,1303,77882,28.9,548,23,28,5.8,7.2,404
Mizoram,barnyard_millet,cereals,53.2,very_low,kharif,hill_regions,11283,3995,79195,46.8,1297,11,41,6,7.5,905
Mizoram,little_millet,cereals,54.3,very_low,kharif,hill_regions,9154,2424,36210,44.3,909,11,35,6.3,7.8,450
Mizoram,kodo_millet,cereals,46.7,very_low,kharif,hill_regions,18847,6109,179172,9.1,955,15,27,5.7,8.2,445
Mizoram,oats,cereals,44.7,very_low,kharif,hill_regions,912,4235,96222,6,346,20,36,6.2,7.3,1023
Mizoram,gram_chickpea,pulses,47.2,very_low,rabi,hill_regions,2247,2435,137436,15.1,320,18,35,6.1,7.9,750
Mizoram,tur_arhar,pulses,47.4,very_low,kharif,hill_regions,15339,5321,61042,44.2,231,18,32,6.1,7.5,945
Mizoram,moong_green_gram,pulses,40.3,very_low,kharif,hill_regions,15091,2751,7817,27.3,1469,10,26,6.1,7.4,669
Mizoram,urad_black_gram,pulses,52.5,very_low,kharif,hill_regions,10092,4531,101201,48.8,830,18,39,5.8,7.3,1168
Mizoram,masur_lentil,pulses,46.5,very_low,kharif,hill_regions,8420,5197,13610,6.4,578,23,43,5.8,8.3,697
Mizoram,rajma_kidney_bean,pulses,79.8,medium,kharif,hill_regions,53857,3056,51530,11.3,577,24,44,6.3,7.3,697
Mizoram,cowpea_lobhia,pulses,46.6,very_low,kharif,hill_regions,965,4741,10497,41.1,1098,15,37,5.7,7.4,582
Mizoram,field_pea,pulses,52,very_low,kharif,hill_regions,8061,2403,32513,15.6,1038,17,39,5.7,7,912
Mizoram,black_eyed_pea,pulses,41.7,very_low,kharif,hill_regions,4666,6227,74792,13.3,977,20,32,5.7,8,849
Mizoram,horse_gram,pulses,41.2,very_low,kharif,hill_regions,11518,6273,35789,16.6,906,17,32,6.2,7.8,939
Mizoram,moth_bean,pulses,42.3,very_low,kharif,hill_regions,11476,1236,46298,6.2,793,14,44,6.4,8.2,751
Mizoram,cluster_bean_guar,pulses,52.1,very_low,kharif,hill_regions,8666,3750,21150,8.3,925,11,39,6.4,7.2,723
Mizoram,groundnut_peanut,oilseeds,51.1,very_low,kharif,hill_regions,14502,7219,13203,6.2,1469,24,33,5.6,7.9,564
Mizoram,mustard,oilseeds,84.1,medium,rabi,hill_regions,88577,2991,761289,18,248,17,34,6.3,8.3,619
Mizoram,rapeseed,oilseeds,61.7,low,rabi,hill_regions,17714,6203,223798,46.1,1045,13,28,5.9,7.5,666
Mizoram,sesame_til,oilseeds,42.8,very_low,kharif,hill_regions,4560,5568,3382,23.3,601,15,34,6.1,7.9,867
Mizoram,sunflower,oilseeds,67.7,low,kharif,hill_regions,54999,1552,571696,47.6,1125,17,30,6.3,8.3,898
Mizoram,safflower,oilseeds,49.4,very_low,kharif,hill_regions,5048,6061,2010,33.9,1196,15,26,6.3,7.2,633
Mizoram,niger,oilseeds,50.6,very_low,kharif,hill_regions,22751,4712,100412,43.2,932,18,33,5.9,7.7,628
Mizoram,linseed_flax,oilseeds,45.2,very_low,kharif,hill_regions,10242,2794,84776,31.6,1384,21,41,6.4,8.4,511
Mizoram,castor,oilseeds,46.9,very_low,kharif,hill_regions,6870,5565,57013,32.7,696,14,32,6.3,7.9,1176
Mizoram,coconut,oilseeds,52.5,very_low,perennial,hill_regions,4927,5717,114664,25.9,498,18,30,6.4,7.9,562
Mizoram,palm_oil,oilseeds,43.2,very_low,kharif,hill_regions,17294,5179,119683,32.2,668,24,34,5.5,7.5,417
Mizoram,olive,oilseeds,45.5,very_low,kharif,hill_regions,718,7091,108307,18.3,604,16,29,5.5,7,621
Mizoram,walnut,oilseeds,41.9,very_low,kharif,hill_regions,8991,2918,42101,13.1,260,21,27,5.5,7.9,312
Mizoram,almond,oilseeds,46.5,very_low,kharif,hill_regions,5146,1027,121719,28.3,944,19,40,6.1,8.1,703
Mizoram,cotton,fiber,45.6,very_low,kharif,hill_regions,22934,1964,115002,35.8,308,23,35,6.1,7.3,537
Mizoram,jute,fiber,41.8,very_low,kharif,hill_regions,7601,6835,65313,16,258,19,33,6.5,8.2,1027
Mizoram,mesta,fiber,40.2,very_low,kharif,hill_regions,5179,5100,91615,30.7,373,16,25,5.5,8,1156
Mizoram,flax,fiber,51.7,very_low,kharif,hill_regions,1265,1315,24646,48.9,718,22,39,6.1,8.4,507
Mizoram,hemp,fiber,46.8,very_low,kharif,hill_regions,15182,2725,45834,38.9,216,23,25,6.1,7.9,820
Mizoram,sisal,fiber,47.1,very_low,kharif,hill_regions,17926,6473,25236,7.2,237,12,38,6,8.1,472
Mizoram,coir,fiber,45.5,very_low,kharif,hill_regions,26002,7452,181844,36,1387,20,44,5.5,8.4,800
Mizoram,sugarcane,sugar,41.7,very_low,perennial,hill_regions,12205,4542,112422,10.3,736,14,35,6.1,8,301
Mizoram,sugar_beet,sugar,41.3,very_low,kharif,hill_regions,9266,3193,31492,25.3,1304,10,27,6.2,8.4,878
Mizoram,turmeric,spices,58.9,low,kharif,hill_regions,54606,4696,167661,22.3,1457,20,38,5.7,7.8,621
Mizoram,coriander,spices,43.6,very_low,kharif,hill_regions,10866,2979,208061,13.9,1169,19,43,6.3,8.1,583
Mizoram,cumin,spices,47.4,very_low,kharif,hill_regions,952,6560,58414,13.3,501,10,44,6.4,7.8,943
Mizoram,fennel,spices,48.3,very_low,kharif,hill_regions,22200,2629,96620,33.6,1471,20,42,6.3,7.9,1104
Mizoram,fenugreek,spices,45.7,very_low,kharif,hill_regions,13772,1941,43147,32.4,746,24,44,6,7.8,952
Mizoram,ajwain,spices,46.9,very_low,kharif,hill_regions,10344,6164,27153,42.5,997,13,38,5.7,7.4,1063
Mizoram,black_pepper,spices,53.9,very_low,kharif,hill_regions,14059,2671,14334,7.6,514,15,43,5.7,7.5,960
Mizoram,cardamom_small,spices,44.5,very_low,kharif,hill_regions,10369,2375,139166,6.2,580,15,34,6.2,7.7,834
Mizoram,cardamom_large,spices,48.9,very_low,kharif,hill_regions,16323,7690,81371,8.2,838,12,34,5.7,8.1,372
Mizoram,cinnamon,spices,54.3,very_low,kharif,hill_regions,9235,7418,27684,47,705,24,44,5.7,8.2,474
Mizoram,clove,spices,43.4,very_low,kharif,hill_regions,1927,5425,42051,40.6,631,24,25,5.6,8.1,1098
Mizoram,nutmeg,spices,51.9,very_low,kharif,hill_regions,5482,1094,80779,26.4,647,18,39,6.2,7.4,826
Mizoram,ginger,spices,57.2,low,kharif,hill_regions,28431,5856,221739,11.9,1389,11,42,5.9,7.2,558
Mizoram,garlic,spices,42.7,very_low,kharif,hill_regions,18827,3295,97098,45.1,1019,15,44,5.7,7.8,1017
Mizoram,onion,spices,40,very_low,rabi,hill_regions,6583,2188,52909,48.5,1359,13,27,5.9,7.9,1080
Mizoram,chilli,spices,54.5,very_low,kharif,hill_regions,15089,1996,15051,31.8,900,22,31,5.5,7.6,1172
Mizoram,tamarind,spices,51.9,very_low,kharif,hill_regions,9350,4301,31220,20.6,973,17,38,6.1,7.2,531
Mizoram,vanilla,spices,52.6,very_low,kharif,hill_regions,10560,2278,1662,19,271,17,41,5.8,8.3,934
Mizoram,saffron,spices,41.9,very_low,kharif,hill_regions,3666,5583,26331,22.7,936,10,28,5.8,7.7,1072
Mizoram,mint,spices,42.8,very_low,kharif,hill_regions,8152,3070,84911,16.5,1204,17,26,6.1,7.9,604
Mizoram,basil,spices,40.2,very_low,kharif,hill_regions,5768,2399,64803,37.1,1312,19,38,6.1,8.5,534
Mizoram,oregano,spices,44,very_low,kharif,hill_regions,6148,1673,27163,26.7,1444,24,39,5.9,8.3,1087
Mizoram,thyme,spices,53.7,very_low,kharif,hill_regions,4782,1637,166878,7.5,584,17,25,6.4,7.4,325
Mizoram,tea,plantation,84.9,medium,perennial,hill_regions,89377,4174,540379,15.8,853,13,44,5.6,7.4,1103
Mizoram,coffee_arabica,plantation,47.2,very_low,perennial,hill_regions,14414,1496,3338,47.2,552,15,38,5.7,8.1,712
Mizoram,coffee_robusta,plantation,52.8,very_low,perennial,hill_regions,3297,6821,40754,23.5,1231,19,33,5.7,8.1,462
Mizoram,rubber,plantation,53.9,very_low,perennial,hill_regions,10494,3969,19459,23.1,488,12,29,6.4,7.2,1175
Mizoram,cocoa,plantation,40.1,very_low,kharif,hill_regions,19874,7537,26881,36.4,339,15,39,5.8,7.5,404
Mizoram,cashew,plantation,41,very_low,kharif,hill_regions,10788,1078,68246,39.6,938,20,38,6,7.6,1147
Mizoram,areca_nut,plantation,54.6,very_low,kharif,hill_regions,4727,4135,91579,39.1,1068,17,38,5.5,8.2,490
Mizoram,betelvine,plantation,49.8,very_low,kharif,hill_regions,1514,1249,89428,32.2,670,21,37,6.1,7.7,307
Mizoram,black_pepper_plantation,plantation,43.9,very_low,kharif,hill_regions,8110,2740,43936,20.9,386,24,43,5.6,8.2,739
Mizoram,mango,fruits_tropical,51.6,very_low,kharif,hill_regions,1835,7235,93552,26,1331,20,28,5.8,7.2,996
Mizoram,banana,fruits_tropical,54.8,very_low,perennial,hill_regions,13797,6222,37707,20.1,736,18,42,5.8,7.7,976
Mizoram,papaya,fruits_tropical,41.3,very_low,kharif,hill_regions,3098,4774,124482,15.7,1304,15,28,6,8.3,362
Mizoram,pineapple,fruits_tropical,44.9,very_low,kharif,hill_regions,8395,1495,61409,41.9,1458,10,36,5.6,8,307
Mizoram,jackfruit,fruits_tropical,40.2,very_low,kharif,hill_regions,2137,3136,195739,49.3,409,18,36,6,8.4,978
Mizoram,guava,fruits_tropical,51.5,very_low,kharif,hill_regions,6771,4411,36913,9.3,364,12,29,5.7,7.4,710
Mizoram,coconut_fruit,fruits_tropical,47.6,very_low,kharif,hill_regions,14692,4871,101950,46.6,412,16,33,5.9,7,1034
Mizoram,passion_fruit,fruits_tropical,41.7,very_low,kharif,hill_regions,23186,5060,37246,28.2,539,13,41,5.9,7.7,1058
Mizoram,dragon_fruit,fruits_tropical,41.3,very_low,kharif,hill_regions,12750,3976,145363,47.4,804,16,35,6.2,8,500
Mizoram,rambutan,fruits_tropical,41,very_low,kharif,hill_regions,7781,5470,192148,18.5,1026,11,44,5.6,7.7,783
Mizoram,sapota,fruits_tropical,51.9,very_low,kharif,hill_regions,5545,3097,31093,40,207,21,41,6.4,7.9,600
Mizoram,custard_apple,fruits_tropical,46.4,very_low,kharif,hill_regions,25937,4244,221785,42,1371,20,42,6.4,7.1,1168
Mizoram,wood_apple,fruits_tropical,45,very_low,kharif,hill_regions,14925,5654,134321,23,685,10,34,6.2,7.5,716
Mizoram,apple,fruits_temperate,87.9,high,kharif,hill_regions,18589,5937,807787,6.9,1309,17,36,6.2,8,957
Mizoram,pear,fruits_temperate,51.4,very_low,kharif,hill_regions,8102,2701,157364,48.6,664,11,29,6.2,7.3,1002
Mizoram,peach,fruits_temperate,53.8,very_low,kharif,hill_regions,562,7707,173417,8.8,739,20,44,5.7,7.2,725
Mizoram,plum,fruits_temperate,54.5,very_low,kharif,hill_regions,6934,3235,213796,38.1,1464,23,29,6.3,7.1,1036
Mizoram,apricot,fruits_temperate,49,very_low,kharif,hill_regions,27969,1355,37642,26.8,1343,22,44,6.1,7.4,322
Mizoram,cherry,fruits_temperate,43.3,very_low,kharif,hill_regions,21789,3246,164699,22.8,600,17,33,6.4,7.7,549
Mizoram,strawberry,fruits_temperate,52.6,very_low,kharif,hill_regions,19534,2753,57496,7.6,300,23,26,6,8,1065
Mizoram,kiwi,fruits_temperate,42.6,very_low,kharif,hill_regions,4857,2790,45720,31.4,221,16,28,6.5,7.9,1081
Mizoram,grape,fruits_temperate,42.9,very_low,kharif,hill_regions,11020,2243,159621,39.3,1494,21,27,5.8,7.7,413
Mizoram,pomegranate,fruits_temperate,51.8,very_low,kharif,hill_regions,19404,5125,85995,8.2,394,22,44,5.9,8.2,864
Mizoram,fig,fruits_temperate,54.4,very_low,kharif,hill_regions,8110,3861,64045,17.1,847,19,26,6.2,8.1,1092
Mizoram,persimmon,fruits_temperate,46.4,very_low,kharif,hill_regions,5244,1963,58223,7.1,686,11,25,6.5,8.5,799
Mizoram,orange,fruits_citrus,43.6,very_low,kharif,hill_regions,26071,6981,123034,8.4,314,23,42,5.9,7.5,879
Mizoram,lime,fruits_citrus,52.1,very_low,kharif,hill_regions,15259,2620,51913,37.6,1243,11,28,6.2,7.6,806
Mizoram,lemon,fruits_citrus,49.2,very_low,kharif,hill_regions,20614,2960,110645,10.6,1294,22,30,5.7,7.1,817
Mizoram,grapefruit,fruits_citrus,41.4,very_low,kharif,hill_regions,16087,5297,165607,22,1372,10,27,5.9,7.9,329
Mizoram,mandarin,fruits_citrus,48.5,very_low,kharif,hill_regions,14343,4732,76012,47.6,1193,16,34,6.1,7.3,379
Mizoram,sweet_lime,fruits_citrus,44.7,very_low,kharif,hill_regions,6769,1915,44998,35.6,998,20,31,6.4,7.7,762
Mizoram,kinnow,fruits_citrus,54.2,very_low,kharif,hill_regions,19672,7613,128301,18.8,609,18,37,5.9,8.3,684
Mizoram,spinach,vegetables_leafy,44.1,very_low,kharif,hill_regions,9863,6770,50069,42.4,1253,23,32,6.1,7.1,1168
Mizoram,fenugreek_leaves,vegetables_leafy,54.8,very_low,kharif,hill_regions,11848,4475,89941,18.2,886,10,44,5.9,8.4,951
Mizoram,amaranth,vegetables_leafy,44.3,very_low,kharif,hill_regions,14379,6404,28951,8,1105,14,29,6.2,8,733
Mizoram,cabbage,vegetables_leafy,97.3,high,kharif,hill_regions,225361,2333,599681,9.7,595,24,44,6.3,7.8,1002
Mizoram,cauliflower,vegetables_leafy,92.2,high,kharif,hill_regions,76246,5192,321122,14.1,555,19,27,6.2,7.6,618
Mizoram,lettuce,vegetables_leafy,52.1,very_low,kharif,hill_regions,7738,7147,59404,43.7,855,13,37,5.8,7.2,377
Mizoram,kale,vegetables_leafy,43.6,very_low,kharif,hill_regions,20764,7032,53628,34.7,499,19,42,5.5,8.5,1044
Mizoram,mustard_leaves,vegetables_leafy,51.4,very_low,kharif,hill_regions,18408,7962,146867,20.8,998,15,44,6.4,7.9,1003
Mizoram,curry_leaves,vegetables_leafy,53.6,very_low,kharif,hill_regions,8680,4372,91834,22.1,1121,16,27,5.6,7.2,329
Mizoram,coriander_leaves,vegetables_leafy,48,very_low,kharif,hill_regions,3174,5283,112173,11.6,725,21,25,5.6,8.5,960
Mizoram,potato,vegetables_root,91,high,rabi,hill_regions,207251,6896,636689,27.1,1029,11,43,5.9,7.6,1116
Mizoram,sweet_potato,vegetables_root,41.8,very_low,kharif,hill_regions,7421,3695,65985,8.1,698,13,39,5.7,7.7,1036
Mizoram,carrot,vegetables_root,53.7,very_low,kharif,hill_regions,10635,5003,134990,44.4,1355,23,41,5.6,8.1,1033
Mizoram,radish,vegetables_root,53.2,very_low,kharif,hill_regions,14649,5585,2459,30.8,815,24,43,6.3,7.1,661
Mizoram,turnip,vegetables_root,50.4,very_low,kharif,hill_regions,2578,7212,11090,7.3,954,24,41,6.5,8.1,693
Mizoram,beetroot,vegetables_root,54.2,very_low,kharif,hill_regions,6608,4137,120715,46.3,664,16,42,5.5,8.2,708
Mizoram,onion_vegetable,vegetables_root,45.6,very_low,kharif,hill_regions,8039,6296,140604,27.1,1282,20,31,6.1,8,321
Mizoram,garlic_vegetable,vegetables_root,45.9,very_low,kharif,hill_regions,19132,3339,59935,14.4,722,12,27,5.9,7.9,431
Mizoram,ginger_vegetable,vegetables_root,40.7,very_low,kharif,hill_regions,2937,2330,46177,25.5,622,22,35,5.6,7.4,1176
Mizoram,turmeric_vegetable,vegetables_root,54.7,very_low,kharif,hill_regions,2649,4469,58213,23.5,888,13,27,6.1,8.4,423
Mizoram,yam,vegetables_root,50.6,very_low,kharif,hill_regions,5646,6971,68604,31.2,775,11,36,5.9,7.1,836
Mizoram,taro,vegetables_root,40.1,very_low,kharif,hill_regions,11099,1265,73360,47.7,422,16,36,6,7.9,663
Mizoram,cassava,vegetables_root,42.2,very_low,kharif,hill_regions,8800,2670,79887,38.4,264,13,30,6.1,8.2,354
Mizoram,tomato,vegetables_fruit,43.7,very_low,kharif,hill_regions,3356,4817,67104,19.2,871,15,31,5.8,7.8,699
Mizoram,brinjal_eggplant,vegetables_fruit,42.9,very_low,kharif,hill_regions,1635,1299,35481,15.1,746,14,35,6.2,7.7,355
Mizoram,okra_ladyfinger,vegetables_fruit,40.3,very_low,kharif,hill_regions,6144,1314,37495,44.9,317,24,42,6.3,8.3,372
Mizoram,bottle_gourd,vegetables_fruit,42.3,very_low,kharif,hill_regions,1524,3293,84288,16.3,517,20,26,5.9,7.4,1062
Mizoram,bitter_gourd,vegetables_fruit,47.7,very_low,kharif,hill_regions,3158,7502,59304,36.8,1441,17,35,5.6,7.6,1067
Mizoram,ridge_gourd,vegetables_fruit,42,very_low,kharif,hill_regions,19012,3946,124074,11.8,482,14,32,6.4,7.6,771
Mizoram,snake_gourd,vegetables_fruit,42.4,very_low,kharif,hill_regions,13958,4079,187324,45.1,1057,23,36,6.3,7.6,378
Mizoram,ash_gourd,vegetables_fruit,54.9,very_low,kharif,hill_regions,3447,2141,36030,18,981,24,26,6.3,7.2,317
Mizoram,pumpkin,vegetables_fruit,49.6,very_low,kharif,hill_regions,5068,3391,37307,45.8,551,16,42,6.1,8.4,1133
Mizoram,cucumber,vegetables_fruit,46.9,very_low,zaid,hill_regions,5152,7933,48355,40.2,606,14,27,6.1,7.4,433
Mizoram,watermelon,vegetables_fruit,43.4,very_low,zaid,hill_regions,7646,3701,9210,29.1,1224,18,44,5.6,8.2,755
Mizoram,muskmelon,vegetables_fruit,47.8,very_low,zaid,hill_regions,6768,3271,103101,7,965,20,32,5.7,7.3,373
Mizoram,capsicum,vegetables_fruit,41.3,very_low,kharif,hill_regions,386,2863,32776,49.8,1489,12,29,6,7.2,753
Mizoram,chilli_vegetable,vegetables_fruit,46,very_low,kharif,hill_regions,13596,6796,130343,15,1354,18,36,6.4,8.4,954
Mizoram,drumstick,vegetables_fruit,45.2,very_low,kharif,hill_regions,12250,6800,104251,21.4,743,10,43,5.6,7.9,1084
Mizoram,green_peas,vegetables_legume,46.3,very_low,kharif,hill_regions,20952,1418,85887,36.1,749,18,36,5.7,7.6,325
Mizoram,french_bean,vegetables_legume,42.2,very_low,kharif,hill_regions,11698,2023,122430,21.8,1396,15,27,6.3,7.9,648
Mizoram,cluster_bean_vegetable,vegetables_legume,45.3,very_low,kharif,hill_regions,4521,1205,52376,45.4,1233,10,42,6,7.3,977
Mizoram,broad_bean,vegetables_legume,44.8,very_low,kharif,hill_regions,2556,4406,11393,40.4,811,16,25,6.3,7.7,695
Mizoram,berseem,fodder,51.4,very_low,kharif,hill_regions,4199,5030,41542,13.2,589,14,44,5.8,7.3,1040
Mizoram,lucerne_alfalfa,fodder,46.3,very_low,kharif,hill_regions,10446,5169,89261,6.6,1264,12,30,5.7,8.2,825
Mizoram,oats_fodder,fodder,51.3,very_low,kharif,hill_regions,2609,3110,93726,18.7,469,23,39,5.8,8.1,864
Mizoram,sorghum_fodder,fodder,40.1,very_low,kharif,hill_regions,5239,2525,35566,47.4,832,22,29,5.7,8.3,746
Mizoram,maize_fodder,fodder,53.4,very_low,kharif,hill_regions,10329,3908,14091,35.8,1235,10,44,6.2,7.5,436
Mizoram,bajra_fodder,fodder,45.9,very_low,kharif,hill_regions,7194,6473,76155,24.6,354,24,30,5.8,8,993
Mizoram,cowpea_fodder,fodder,54.8,very_low,kharif,hill_regions,26874,4047,39423,31.3,222,12,25,5.7,7.7,653
Mizoram,stylo,fodder,45.5,very_low,kharif,hill_regions,18054,7555,94984,17.3,359,20,41,5.7,8.3,773
Mizoram,para_grass,fodder,42.2,very_low,kharif,hill_regions,11996,1197,73142,40.3,922,14,43,5.7,7.4,619
Mizoram,guinea_grass,fodder,53.4,very_low,kharif,hill_regions,13811,7833,126326,12.8,1224,21,29,5.8,8.1,514
Mizoram,napier_grass,fodder,43.1,very_low,kharif,hill_regions,21224,1525,85995,32.3,1079,24,38,6.1,8.5,354
Mizoram,tulsi,medicinal,41.1,very_low,kharif,hill_regions,7744,1676,52154,35.3,1344,11,35,5.8,8,794
Mizoram,neem,medicinal,53.9,very_low,kharif,hill_regions,5111,2349,46228,43.4,1384,15,41,5.8,7,1069
Mizoram,aloe_vera,medicinal,41.8,very_low,kharif,hill_regions,3729,3655,6490,41.6,727,17,30,6,8.2,1115
Mizoram,ashwagandha,medicinal,54.6,very_low,kharif,hill_regions,18351,3064,1218,39.5,431,10,43,6.3,7.2,999
Mizoram,brahmi,medicinal,52.7,very_low,kharif,hill_regions,15409,5923,171455,36,1040,18,34,6.5,7.5,379
Mizoram,kalmegh,medicinal,51.5,very_low,kharif,hill_regions,7671,1670,70783,47.5,1139,13,44,5.8,7.7,748
Mizoram,giloy,medicinal,54.9,very_low,kharif,hill_regions,7961,3533,7234,47.1,966,21,29,6.3,8.2,687
Mizoram,stevia,medicinal,48.6,very_low,kharif,hill_regions,24970,4113,156605,40.3,231,18,44,6.4,8.2,395
Mizoram,mentha_mint,medicinal,54.9,very_low,kharif,hill_regions,5118,5719,152087,10.1,1391,23,25,6.4,8.4,333
Mizoram,lemongrass,medicinal,44.4,very_low,kharif,hill_regions,6206,6313,50138,48,1493,14,35,6.1,7.9,636
Mizoram,citronella,medicinal,42.5,very_low,kharif,hill_regions,1278,7309,24957,8.5,1010,11,26,6.1,7.9,337
Mizoram,palmarosa,medicinal,46.9,very_low,kharif,hill_regions,10316,6164,42475,24.5,1230,23,42,6,7.8,776
Mizoram,vetiver,medicinal,53,very_low,kharif,hill_regions,8533,2139,81414,18,1436,13,28,6.4,7.1,534
Mizoram,rosemary,medicinal,46.6,very_low,kharif,hill_regions,7323,4473,35014,30.8,730,22,33,5.9,7.9,410
Mizoram,lavender,medicinal,42.4,very_low,kharif,hill_regions,7242,5792,20345,42,1484,15,35,5.9,8.3,308
Mizoram,bamboo,timber,49.8,very_low,kharif,hill_regions,8955,2535,44367,41,285,18,31,5.8,7.8,1108
Mizoram,eucalyptus,timber,49.3,very_low,kharif,hill_regions,15583,5884,89299,46.7,852,18,35,5.8,7.3,366
Mizoram,teak,timber,50.8,very_low,kharif,hill_regions,6240,7439,71601,9.4,1239,13,36,6,7.4,404
Mizoram,sal,timber,43.2,very_low,kharif,hill_regions,3379,7981,38501,43.9,913,19,28,5.8,7.8,1093
Mizoram,sandalwood,timber,40.6,very_low,kharif,hill_regions,1218,4197,101389,38.5,380,12,34,6.5,7.5,684
Mizoram,rosewood,timber,46.5,very_low,kharif,hill_regions,9017,2771,65413,26.4,995,10,42,5.7,8,1018
Mizoram,pine,timber,48.1,very_low,kharif,hill_regions,16380,2949,127104,12,705,12,25,5.8,7.1,1187
Mizoram,deodar,timber,51.4,very_low,kharif,hill_regions,2331,5690,32181,42.4,856,19,36,6.1,7.3,635
Mizoram,button_mushroom,mushroom,40.8,very_low,kharif,hill_regions,10107,6325,36087,24.7,434,19,41,6.3,8.4,1174
Mizoram,oyster_mushroom,mushroom,51.6,very_low,kharif,hill_regions,3573,4132,125119,23.6,458,24,32,6.2,8.2,1058
Mizoram,shiitake,mushroom,52.3,very_low,kharif,hill_regions,17931,3826,142754,42.7,655,14,31,6.1,7.1,1001
Mizoram,milky_mushroom,mushroom,42.1,very_low,kharif,hill_regions,2603,5038,29005,21.6,1411,22,42,6.1,8.3,1000
Mizoram,rose,flowers,54.3,very_low,kharif,hill_regions,433,2225,83903,32.3,753,17,41,6.4,8.1,983
Mizoram,jasmine,flowers,44.8,very_low,kharif,hill_regions,17142,6501,105935,7.9,251,11,36,6,8.4,925
Mizoram,marigold,flowers,44.4,very_low,kharif,hill_regions,11259,4217,69208,30.4,339,10,32,5.9,8,868
Mizoram,chrysanthemum,flowers,54.5,very_low,kharif,hill_regions,13624,4500,146574,10.1,1499,17,43,6.5,7.9,393
Mizoram,tuberose,flowers,48.6,very_low,kharif,hill_regions,17371,1337,82012,46.5,1488,12,42,5.6,8.3,549
Mizoram,gladiolus,flowers,54.4,very_low,kharif,hill_regions,9686,2966,45178,35.6,1364,21,41,6.3,8.5,982
Mizoram,lily,flowers,43.2,very_low,kharif,hill_regions,8494,7970,78002,18.2,510,19,27,6.5,7.4,565
Mizoram,orchid,flowers,40.7,very_low,kharif,hill_regions,6338,3587,32696,6.8,590,21,33,5.8,7.5,798
Mizoram,carnation,flowers,44.5,very_low,kharif,hill_regions,22379,1288,30717,13.1,781,10,34,6.4,7,628
Mizoram,gerbera,flowers,51.4,very_low,kharif,hill_regions,1135,5415,1171,41.1,286,17,39,5.7,7.2,458
Mizoram,anthurium,flowers,52.8,very_low,kharif,hill_regions,4970,6012,136780,49.9,709,22,33,6.4,7.1,457
Nagaland,rice,cereals,82.7,medium,kharif,hill_regions,42905,5177,421361,5.5,233,10,36,5.8,7.2,1147
Nagaland,wheat,cereals,86.6,high,rabi,hill_regions,224786,2146,433316,30.8,860,17,36,6.4,7.1,984
Nagaland,maize,cereals,73.5,medium,kharif,hill_regions,10445,4119,683198,9.4,558,15,27,6.3,8.2,1052
Nagaland,barley,cereals,92.6,high,rabi,hill_regions,61026,5586,805331,48.7,1458,23,32,5.9,8.3,956
Nagaland,jowar_sorghum,cereals,50.6,very_low,kharif,hill_regions,13019,5055,55827,43.9,712,19,34,6.1,7.1,715
Nagaland,bajra_pearl_millet,cereals,48.3,very_low,kharif,hill_regions,16855,3177,140445,23.2,1102,11,29,6.3,7,1171
Nagaland,ragi_finger_millet,cereals,42.9,very_low,kharif,hill_regions,14595,4952,19119,21.4,403,17,36,6.2,8.3,721
Nagaland,foxtail_millet,cereals,43.5,very_low,kharif,hill_regions,14147,2021,83720,5.6,519,18,34,6,8,511
Nagaland,proso_millet,cereals,44.2,very_low,kharif,hill_regions,12861,1102,127114,32.9,302,21,35,5.7,7.8,835
Nagaland,barnyard_millet,cereals,53.8,very_low,kharif,hill_regions,7674,1826,169600,43.1,427,10,39,6.2,7.3,901
Nagaland,little_millet,cereals,44.2,very_low,kharif,hill_regions,5039,4642,97930,27.4,587,23,26,6.3,8.2,528
Nagaland,kodo_millet,cereals,43,very_low,kharif,hill_regions,15486,1322,195970,20.7,644,19,38,5.9,7.2,797
Nagaland,oats,cereals,49.4,very_low,kharif,hill_regions,13319,5519,12098,45.3,625,19,43,6.3,8,933
Nagaland,gram_chickpea,pulses,53.8,very_low,rabi,hill_regions,16106,5610,31140,26.2,591,16,38,5.6,7,657
Nagaland,tur_arhar,pulses,44.8,very_low,kharif,hill_regions,17155,5949,48348,13.1,1004,19,34,5.7,7,539
Nagaland,moong_green_gram,pulses,46.9,very_low,kharif,hill_regions,22029,3890,164109,49.7,1131,20,43,5.8,7,1188
Nagaland,urad_black_gram,pulses,47.4,very_low,kharif,hill_regions,20940,3782,111462,29.3,486,11,35,5.6,7.5,467
Nagaland,masur_lentil,pulses,50.6,very_low,kharif,hill_regions,15973,3871,218785,6,595,14,32,5.7,7.4,531
Nagaland,rajma_kidney_bean,pulses,77.6,medium,kharif,hill_regions,69029,4600,158434,41.5,813,12,28,6.3,8.1,755
Nagaland,cowpea_lobhia,pulses,44.6,very_low,kharif,hill_regions,12296,7154,85513,17.5,255,12,38,5.7,7.7,929
Nagaland,field_pea,pulses,44.6,very_low,kharif,hill_regions,13684,4072,167860,36.1,668,22,39,6.3,8,641
Nagaland,black_eyed_pea,pulses,45.2,very_low,kharif,hill_regions,3222,6739,68533,33.4,848,17,39,6.1,7.4,366
Nagaland,horse_gram,pulses,52.6,very_low,kharif,hill_regions,4787,3166,62761,47.2,466,12,28,6.2,8.3,654
Nagaland,moth_bean,pulses,42,very_low,kharif,hill_regions,4730,1449,153976,44.2,1468,17,30,6.3,7.3,518
Nagaland,cluster_bean_guar,pulses,43.8,very_low,kharif,hill_regions,21266,1935,21827,42.9,1242,20,28,6,7.9,1138
Nagaland,groundnut_peanut,oilseeds,42.5,very_low,kharif,hill_regions,3374,4106,32678,42.6,531,16,33,6.4,8.1,351
Nagaland,mustard,oilseeds,71,medium,rabi,hill_regions,51399,2929,752181,10.8,1466,10,27,5.8,7.8,494
Nagaland,rapeseed,oilseeds,66,low,rabi,hill_regions,2305,7144,361543,32.8,1248,11,30,5.8,8.4,761
Nagaland,sesame_til,oilseeds,40.1,very_low,kharif,hill_regions,311,2664,64131,19.6,242,11,36,6.2,7.6,958
Nagaland,sunflower,oilseeds,57.4,low,kharif,hill_regions,30364,3374,125048,47.6,751,10,43,5.5,8,590
Nagaland,safflower,oilseeds,47.1,very_low,kharif,hill_regions,8679,6420,155968,8.9,1240,11,26,6.5,7.7,437
Nagaland,niger,oilseeds,48.5,very_low,kharif,hill_regions,7169,5372,106173,5.1,478,11,26,6.4,8.4,974
Nagaland,linseed_flax,oilseeds,49.6,very_low,kharif,hill_regions,1828,1836,68577,42.5,813,17,29,6.1,8.3,596
Nagaland,castor,oilseeds,49.3,very_low,kharif,hill_regions,13224,4324,45297,23.9,318,22,44,6,7.3,898
Nagaland,coconut,oilseeds,46.8,very_low,perennial,hill_regions,722,7227,95931,42.3,771,21,36,5.9,8.3,1198
Nagaland,palm_oil,oilseeds,53.5,very_low,kharif,hill_regions,19143,5551,174338,27.2,436,21,43,5.8,8.2,546
Nagaland,olive,oilseeds,54.1,very_low,kharif,hill_regions,13576,6459,154032,45.2,1371,10,27,6.3,8.4,576
Nagaland,walnut,oilseeds,40.1,very_low,kharif,hill_regions,6401,6327,6420,14.6,1362,12,40,5.9,8,366
Nagaland,almond,oilseeds,44.3,very_low,kharif,hill_regions,15881,4944,6868,41.1,270,24,29,6,7.1,805
Nagaland,cotton,fiber,47.5,very_low,kharif,hill_regions,823,7152,116931,33.5,943,20,27,6.4,7.4,890
Nagaland,jute,fiber,49.1,very_low,kharif,hill_regions,20008,3071,136259,31.9,298,16,41,5.8,7.7,739
Nagaland,mesta,fiber,49.3,very_low,kharif,hill_regions,5032,4532,94110,18.3,1395,10,27,6.2,7.4,950
Nagaland,flax,fiber,52.5,very_low,kharif,hill_regions,3018,2017,24279,17,1329,21,25,6.4,7.1,889
Nagaland,hemp,fiber,42.3,very_low,kharif,hill_regions,8571,4270,53939,24.1,287,21,41,5.5,7.6,801
Nagaland,sisal,fiber,49.1,very_low,kharif,hill_regions,15008,7767,67509,30,1108,18,32,6.1,8,826
Nagaland,coir,fiber,43.1,very_low,kharif,hill_regions,17816,7080,120894,36.4,399,16,27,6.3,7.4,990
Nagaland,sugarcane,sugar,52.2,very_low,perennial,hill_regions,21062,4953,133387,19.4,430,11,28,6.4,7.2,951
Nagaland,sugar_beet,sugar,42.8,very_low,kharif,hill_regions,11003,3884,95659,41.7,483,22,38,5.7,7.1,997
Nagaland,turmeric,spices,58.3,low,kharif,hill_regions,10310,5314,412503,34.6,610,23,40,6,7.9,809
Nagaland,coriander,spices,54.2,very_low,kharif,hill_regions,6790,2839,219284,15.6,1439,19,26,5.8,7.7,1049
Nagaland,cumin,spices,44.9,very_low,kharif,hill_regions,14931,1553,71600,27.7,274,11,32,5.6,7.7,847
Nagaland,fennel,spices,50.4,very_low,kharif,hill_regions,8075,1908,41595,23.9,1401,13,33,6.2,8.1,1169
Nagaland,fenugreek,spices,42.9,very_low,kharif,hill_regions,3399,2047,45373,45.4,1094,12,27,6.4,7.7,1131
Nagaland,ajwain,spices,51,very_low,kharif,hill_regions,26059,3899,181239,26.2,502,13,32,5.6,7.3,750
Nagaland,black_pepper,spices,54.3,very_low,kharif,hill_regions,8932,2698,33952,34.6,1302,15,36,6.2,7.1,615
Nagaland,cardamom_small,spices,50.9,very_low,kharif,hill_regions,1488,2664,128954,17.2,1258,10,28,5.8,8.4,1016
Nagaland,cardamom_large,spices,53.3,very_low,kharif,hill_regions,15505,6974,60297,49.8,1306,24,42,6.3,8.4,677
Nagaland,cinnamon,spices,51.8,very_low,kharif,hill_regions,10486,6497,81769,43.2,737,18,25,5.6,8,806
Nagaland,clove,spices,43,very_low,kharif,hill_regions,5213,6014,72586,8.1,1187,13,38,5.6,8.5,372
Nagaland,nutmeg,spices,51.1,very_low,kharif,hill_regions,1980,1187,60557,41.1,253,20,38,5.8,7.1,1123
Nagaland,ginger,spices,59.5,low,kharif,hill_regions,24354,2516,135528,7.3,1490,16,44,5.9,7.5,1123
Nagaland,garlic,spices,44.9,very_low,kharif,hill_regions,1627,7688,12868,39.7,900,10,25,6.4,8.1,917
Nagaland,onion,spices,46.6,very_low,rabi,hill_regions,10090,5258,85878,21.5,1483,11,26,6.4,8,593
Nagaland,chilli,spices,51.4,very_low,kharif,hill_regions,589,5557,37205,10.2,492,17,25,6.4,7.8,563
Nagaland,tamarind,spices,50.3,very_low,kharif,hill_regions,16114,2417,23246,43.7,505,10,37,5.7,8.5,1082
Nagaland,vanilla,spices,49.1,very_low,kharif,hill_regions,12693,6519,138076,6.3,1433,22,44,6.2,7.6,486
Nagaland,saffron,spices,42.7,very_low,kharif,hill_regions,2946,4854,70594,19.1,913,15,38,6.5,8,353
Nagaland,mint,spices,47.2,very_low,kharif,hill_regions,13893,7657,11373,18.1,486,21,35,5.6,7.4,770
Nagaland,basil,spices,54.9,very_low,kharif,hill_regions,2856,4479,43013,30.5,806,20,43,5.7,8.2,1154
Nagaland,oregano,spices,45.6,very_low,kharif,hill_regions,10109,5907,20981,25,951,12,39,6.2,8.3,810
Nagaland,thyme,spices,48.6,very_low,kharif,hill_regions,6291,6310,118730,42.8,1199,19,28,6.4,7.6,1167
Nagaland,tea,plantation,76,medium,perennial,hill_regions,79930,6565,567682,9,1343,18,34,6.4,8,419
Nagaland,coffee_arabica,plantation,47.8,very_low,perennial,hill_regions,20449,2959,144485,41,366,10,36,6.3,7.8,1032
Nagaland,coffee_robusta,plantation,49.3,very_low,perennial,hill_regions,873,1620,133850,39.3,904,18,37,5.6,8,730
Nagaland,rubber,plantation,49,very_low,perennial,hill_regions,16273,3229,63671,22.6,1191,16,28,6.5,7.7,398
Nagaland,cocoa,plantation,50.1,very_low,kharif,hill_regions,12521,5525,34440,21.6,410,15,36,5.9,7.9,751
Nagaland,cashew,plantation,44.8,very_low,kharif,hill_regions,3347,2404,72864,41.9,1136,19,31,6.2,7.9,342
Nagaland,areca_nut,plantation,53.6,very_low,kharif,hill_regions,5888,4591,77686,46.1,1421,18,38,5.6,7.7,1108
Nagaland,betelvine,plantation,46.8,very_low,kharif,hill_regions,2376,4006,21734,22.7,632,14,26,6.4,8,861
Nagaland,black_pepper_plantation,plantation,49.1,very_low,kharif,hill_regions,14793,7510,984,8.6,1077,13,43,6.2,7.6,673
Nagaland,mango,fruits_tropical,50.4,very_low,kharif,hill_regions,11339,1033,100397,12.5,1164,10,33,6.1,7.1,698
Nagaland,banana,fruits_tropical,44.5,very_low,perennial,hill_regions,10172,6496,19901,8.7,722,23,42,6.1,8.3,1024
Nagaland,papaya,fruits_tropical,44.2,very_low,kharif,hill_regions,4129,2589,66816,31.3,977,12,40,5.9,7.7,1197
Nagaland,pineapple,fruits_tropical,44.2,very_low,kharif,hill_regions,12154,7162,18293,38.1,1393,16,30,6.2,7.4,645
Nagaland,jackfruit,fruits_tropical,53.5,very_low,kharif,hill_regions,2268,3307,109509,26.7,1058,21,34,6.5,8.4,353
Nagaland,guava,fruits_tropical,44,very_low,kharif,hill_regions,3081,3184,54506,7.3,365,11,25,6,7.5,1141
Nagaland,coconut_fruit,fruits_tropical,41.5,very_low,kharif,hill_regions,2728,5334,56738,42.2,279,24,25,5.7,7.7,980
Nagaland,passion_fruit,fruits_tropical,54.3,very_low,kharif,hill_regions,14101,6090,84890,36.1,249,16,40,6,8.3,1050
Nagaland,dragon_fruit,fruits_tropical,53,very_low,kharif,hill_regions,3171,1207,99067,15.6,677,14,25,5.8,7.1,654
Nagaland,rambutan,fruits_tropical,54.5,very_low,kharif,hill_regions,17011,4172,155590,45.9,1450,11,42,5.7,7.6,610
Nagaland,sapota,fruits_tropical,50.1,very_low,kharif,hill_regions,2591,6479,77354,5.1,738,17,26,5.7,8.5,1084
Nagaland,custard_apple,fruits_tropical,42,very_low,kharif,hill_regions,8328,4806,81446,7.2,610,11,34,6.4,8.5,1149
Nagaland,wood_apple,fruits_tropical,54.8,very_low,kharif,hill_regions,7544,2910,71374,41.6,750,17,30,5.8,8.5,1099
Nagaland,apple,fruits_temperate,87.5,high,kharif,hill_regions,22492,7922,1388779,29.8,1100,21,29,6.4,7.8,383
Nagaland,pear,fruits_temperate,46,very_low,kharif,hill_regions,7916,5894,155499,39.7,1035,17,30,6,7.4,1140
Nagaland,peach,fruits_temperate,53.6,very_low,kharif,hill_regions,10813,5920,102334,25.8,1138,17,26,5.5,7.2,566
Nagaland,plum,fruits_temperate,43.9,very_low,kharif,hill_regions,17657,7799,61171,47.2,996,17,38,6.2,7.3,976
Nagaland,apricot,fruits_temperate,50.9,very_low,kharif,hill_regions,27339,5792,170772,47.6,1457,22,40,5.6,8.2,527
Nagaland,cherry,fruits_temperate,48.5,very_low,kharif,hill_regions,6376,3171,123942,39.6,880,19,44,5.9,7.8,780
Nagaland,strawberry,fruits_temperate,54,very_low,kharif,hill_regions,16799,3132,14990,13.6,754,19,35,5.9,7.8,1054
Nagaland,kiwi,fruits_temperate,52.6,very_low,kharif,hill_regions,23370,5131,1745,18.1,626,18,43,6.3,7.3,767
Nagaland,grape,fruits_temperate,49.9,very_low,kharif,hill_regions,1219,4247,235175,49,629,10,36,6.4,7.5,1140
Nagaland,pomegranate,fruits_temperate,45,very_low,kharif,hill_regions,16094,3417,62707,26.1,1285,11,37,6.2,7.8,1142
Nagaland,fig,fruits_temperate,49,very_low,kharif,hill_regions,13700,6054,24777,45.2,255,19,37,5.7,7.1,424
Nagaland,persimmon,fruits_temperate,44.1,very_low,kharif,hill_regions,23694,1446,64164,45,507,24,30,6.2,7.6,422
Nagaland,orange,fruits_citrus,43.8,very_low,kharif,hill_regions,8077,5228,38830,25.2,865,16,28,6,8,1168
Nagaland,lime,fruits_citrus,51.8,very_low,kharif,hill_regions,3703,1551,14470,16.3,459,13,29,5.8,7.2,550
Nagaland,lemon,fruits_citrus,50.3,very_low,kharif,hill_regions,2652,1473,58982,42.9,276,18,38,6.1,8.3,1079
Nagaland,grapefruit,fruits_citrus,40.9,very_low,kharif,hill_regions,11607,7667,110879,12.9,562,21,34,6,7.9,392
Nagaland,mandarin,fruits_citrus,52.8,very_low,kharif,hill_regions,12910,5387,144018,13.5,346,10,43,5.8,7.1,719
Nagaland,sweet_lime,fruits_citrus,41.1,very_low,kharif,hill_regions,5782,4561,54373,34.5,1068,16,37,5.8,7.7,653
Nagaland,kinnow,fruits_citrus,44.9,very_low,kharif,hill_regions,1295,4541,63560,20.1,1468,18,42,6.1,7.3,1177
Nagaland,spinach,vegetables_leafy,53.3,very_low,kharif,hill_regions,4868,2558,125296,8.1,1029,19,28,6.2,8.1,615
Nagaland,fenugreek_leaves,vegetables_leafy,47.3,very_low,kharif,hill_regions,14071,5327,88176,11.7,1497,17,31,6.2,7.9,509
Nagaland,amaranth,vegetables_leafy,53.2,very_low,kharif,hill_regions,6960,4345,29143,42.2,1053,21,33,6.4,7.5,777
Nagaland,cabbage,vegetables_leafy,97.1,high,kharif,hill_regions,19127,7959,1262686,39.7,829,17,30,5.9,7.6,332
Nagaland,cauliflower,vegetables_leafy,90.9,high,kharif,hill_regions,148525,4615,1530443,21.5,732,18,29,5.9,8,670
Nagaland,lettuce,vegetables_leafy,53.6,very_low,kharif,hill_regions,3618,4412,136525,34,1350,21,26,5.6,8,514
Nagaland,kale,vegetables_leafy,48.8,very_low,kharif,hill_regions,15019,3908,133710,11.5,1140,20,35,5.8,8.2,759
Nagaland,mustard_leaves,vegetables_leafy,40.9,very_low,kharif,hill_regions,21847,5093,99309,48.2,1207,18,38,5.8,7.3,545
Nagaland,curry_leaves,vegetables_leafy,44.4,very_low,kharif,hill_regions,3686,6443,103937,22.3,590,17,31,5.9,8.1,863
Nagaland,coriander_leaves,vegetables_leafy,51.2,very_low,kharif,hill_regions,19818,2411,193130,26.4,1133,20,36,6.5,7.3,679
Nagaland,potato,vegetables_root,86.7,high,rabi,hill_regions,126899,1033,1262141,33.5,773,14,27,6.4,8.1,602
Nagaland,sweet_potato,vegetables_root,41.1,very_low,kharif,hill_regions,3183,6503,95111,27.4,1351,12,34,6.2,7.1,635
Nagaland,carrot,vegetables_root,48.6,very_low,kharif,hill_regions,8414,5256,51201,9.8,381,17,28,6.4,8.3,614
Nagaland,radish,vegetables_root,52.5,very_low,kharif,hill_regions,3460,5299,112386,8.8,608,10,31,5.8,7.9,479
Nagaland,turnip,vegetables_root,40.5,very_low,kharif,hill_regions,13496,3794,54265,26.1,1177,17,26,5.7,7.3,757
Nagaland,beetroot,vegetables_root,40.4,very_low,kharif,hill_regions,9577,3482,88777,22.6,1473,24,40,6.5,7.3,975
Nagaland,onion_vegetable,vegetables_root,44.8,very_low,kharif,hill_regions,9316,3025,187979,14.4,1186,20,31,6,7.2,1129
Nagaland,garlic_vegetable,vegetables_root,54.5,very_low,kharif,hill_regions,20974,1578,75868,19.9,934,12,36,6.2,7.2,418
Nagaland,ginger_vegetable,vegetables_root,40.5,very_low,kharif,hill_regions,8516,2577,157030,11.4,755,21,36,6.1,7.2,462
Nagaland,turmeric_vegetable,vegetables_root,48.7,very_low,kharif,hill_regions,9114,3453,34961,16.6,1339,19,33,6.1,7.6,719
Nagaland,yam,vegetables_root,45.4,very_low,kharif,hill_regions,5861,1543,5616,12.8,527,23,37,6.5,7.5,661
Nagaland,taro,vegetables_root,50.8,very_low,kharif,hill_regions,11481,5028,100832,39.5,1068,24,43,5.9,7.1,309
Nagaland,cassava,vegetables_root,41.8,very_low,kharif,hill_regions,4364,1370,57524,13.6,868,11,41,6.3,7.6,1119
Nagaland,tomato,vegetables_fruit,42.8,very_low,kharif,hill_regions,14463,3307,17975,12.7,1321,19,29,6,7.2,388
Nagaland,brinjal_eggplant,vegetables_fruit,53.6,very_low,kharif,hill_regions,7048,7643,61264,20.1,554,18,36,5.5,8,1009
Nagaland,okra_ladyfinger,vegetables_fruit,49.2,very_low,kharif,hill_regions,7771,2343,152913,13.5,318,11,40,5.5,7.4,416
Nagaland,bottle_gourd,vegetables_fruit,51.3,very_low,kharif,hill_regions,4283,6252,120528,28.5,558,18,43,5.6,7.4,556
Nagaland,bitter_gourd,vegetables_fruit,49.5,very_low,kharif,hill_regions,4932,2512,170980,39,1414,22,33,5.6,7.9,616
Nagaland,ridge_gourd,vegetables_fruit,46.4,very_low,kharif,hill_regions,17353,1482,28755,32.4,1348,23,36,5.5,7.5,1126
Nagaland,snake_gourd,vegetables_fruit,47.5,very_low,kharif,hill_regions,6783,1175,113611,42.6,1487,22,36,6.1,8.2,317
Nagaland,ash_gourd,vegetables_fruit,54.3,very_low,kharif,hill_regions,19645,6351,25306,12.4,659,13,33,6.1,7.7,350
Nagaland,pumpkin,vegetables_fruit,54.6,very_low,kharif,hill_regions,15774,1517,119940,12.8,1083,19,43,5.8,7.2,1078
Nagaland,cucumber,vegetables_fruit,45,very_low,zaid,hill_regions,7198,2022,34908,22.3,560,16,32,6.3,8.4,390
Nagaland,watermelon,vegetables_fruit,52.3,very_low,zaid,hill_regions,19751,7974,76943,42.4,1075,14,39,6,7.3,456
Nagaland,muskmelon,vegetables_fruit,50.7,very_low,zaid,hill_regions,12978,4509,35109,24.3,1332,22,38,6.5,8.3,430
Nagaland,capsicum,vegetables_fruit,46,very_low,kharif,hill_regions,5958,6434,15858,44.6,939,21,25,5.6,7.9,1054
Nagaland,chilli_vegetable,vegetables_fruit,53.1,very_low,kharif,hill_regions,4965,2365,167609,10.1,1091,18,33,5.9,8.4,1075
Nagaland,drumstick,vegetables_fruit,53,very_low,kharif,hill_regions,2101,7984,21238,28.2,544,17,31,6.4,8.5,669
Nagaland,green_peas,vegetables_legume,41.1,very_low,kharif,hill_regions,8907,7901,16847,10.4,1109,21,34,5.8,7.5,604
Nagaland,french_bean,vegetables_legume,43.4,very_low,kharif,hill_regions,2010,3850,161627,5.2,1341,20,26,6.4,7.7,887
Nagaland,cluster_bean_vegetable,vegetables_legume,53.2,very_low,kharif,hill_regions,11454,2663,57091,39.5,1408,11,25,6.3,7.6,548
Nagaland,broad_bean,vegetables_legume,42.8,very_low,kharif,hill_regions,16451,7839,45012,48.4,589,22,29,6.3,7.5,476
Nagaland,berseem,fodder,54,very_low,kharif,hill_regions,14168,1760,1286,44.2,962,16,26,6.1,7.6,735
Nagaland,lucerne_alfalfa,fodder,49.5,very_low,kharif,hill_regions,21909,5585,62054,19.8,820,13,32,6.3,8.3,865
Nagaland,oats_fodder,fodder,48.7,very_low,kharif,hill_regions,11858,6642,109497,6.6,1150,20,26,5.7,8.2,803
Nagaland,sorghum_fodder,fodder,52.3,very_low,kharif,hill_regions,552,2133,49658,28.5,1315,20,44,5.6,7.2,375
Nagaland,maize_fodder,fodder,48.1,very_low,kharif,hill_regions,10533,1928,12798,25.7,688,22,41,5.6,8.2,807
Nagaland,bajra_fodder,fodder,47.6,very_low,kharif,hill_regions,8829,1417,26511,9.3,889,19,42,6.2,8.4,984
Nagaland,cowpea_fodder,fodder,44.5,very_low,kharif,hill_regions,9708,4961,95979,36.6,307,21,27,5.5,7.8,823
Nagaland,stylo,fodder,40.5,very_low,kharif,hill_regions,10950,1367,115662,14.5,1232,14,34,6.4,8.2,1003
Nagaland,para_grass,fodder,42.4,very_low,kharif,hill_regions,6684,3874,79738,20.7,733,17,40,5.8,8.4,785
Nagaland,guinea_grass,fodder,52.6,very_low,kharif,hill_regions,15882,1359,131191,28.6,784,11,39,5.6,7.3,413
Nagaland,napier_grass,fodder,40.1,very_low,kharif,hill_regions,6463,2046,59642,27.5,854,15,34,5.9,8.2,326
Nagaland,tulsi,medicinal,53,very_low,kharif,hill_regions,10780,3835,35138,32.7,1199,16,34,5.6,8.4,1062
Nagaland,neem,medicinal,46,very_low,kharif,hill_regions,8099,6112,104696,25.7,273,24,41,6.3,7.5,560
Nagaland,aloe_vera,medicinal,48.6,very_low,kharif,hill_regions,25181,2882,130940,37.6,494,16,28,6.2,8.3,1089
Nagaland,ashwagandha,medicinal,50.1,very_low,kharif,hill_regions,11257,7049,84894,23.6,1395,22,42,6.4,7.6,1073
Nagaland,brahmi,medicinal,48.6,very_low,kharif,hill_regions,6882,4294,23770,48.7,271,24,28,5.9,7.6,957
Nagaland,kalmegh,medicinal,43.2,very_low,kharif,hill_regions,22336,6529,25571,26.4,1429,14,27,6,8.4,738
Nagaland,giloy,medicinal,46.1,very_low,kharif,hill_regions,21567,1343,28426,11,310,14,29,6,7.5,664
Nagaland,stevia,medicinal,54.1,very_low,kharif,hill_regions,5174,2799,57669,38.1,1262,17,42,6.3,7.2,520
Nagaland,mentha_mint,medicinal,50.1,very_low,kharif,hill_regions,11278,2608,205124,14,1106,10,25,6,8,428
Nagaland,lemongrass,medicinal,51.5,very_low,kharif,hill_regions,6769,3158,75706,41.2,285,12,42,5.9,7.7,451
Nagaland,citronella,medicinal,54.9,very_low,kharif,hill_regions,341,4855,198640,24.4,767,15,25,6.3,7.7,777
Nagaland,palmarosa,medicinal,43.8,very_low,kharif,hill_regions,20438,4870,185888,10.2,1222,18,29,5.6,7.5,1070
Nagaland,vetiver,medicinal,51.8,very_low,kharif,hill_regions,2277,7683,56122,32.3,1244,11,38,5.5,7.2,950
Nagaland,rosemary,medicinal,42.3,very_low,kharif,hill_regions,4827,3948,11831,39,302,22,38,5.9,8.3,467
Nagaland,lavender,medicinal,44,very_low,kharif,hill_regions,4940,7907,16522,42.4,1047,10,43,6.5,8.4,751
Nagaland,bamboo,timber,43.3,very_low,kharif,hill_regions,11016,3651,101038,40.8,472,16,44,5.7,7.5,332
Nagaland,eucalyptus,timber,45,very_low,kharif,hill_regions,1895,1010,80256,18.6,223,22,36,5.7,8.3,528
Nagaland,teak,timber,43.4,very_low,kharif,hill_regions,5234,7152,179231,18.9,244,11,27,6.4,7.6,329
Nagaland,sal,timber,48.3,very_low,kharif,hill_regions,3437,2125,86354,5,770,11,36,5.8,7,714
Nagaland,sandalwood,timber,48.6,very_low,kharif,hill_regions,11481,3597,89677,31.1,1330,18,28,6.3,8.2,1175
Nagaland,rosewood,timber,41.4,very_low,kharif,hill_regions,10841,5696,171140,29,1091,15,30,5.8,7.1,556
Nagaland,pine,timber,42.6,very_low,kharif,hill_regions,8927,6356,77040,25.8,501,22,26,6.5,7.7,467
Nagaland,deodar,timber,45.3,very_low,kharif,hill_regions,1802,3347,45762,10.8,1078,22,36,5.8,7.2,313
Nagaland,button_mushroom,mushroom,51,very_low,kharif,hill_regions,10867,1713,37558,41.7,823,24,44,6.3,7.4,508
Nagaland,oyster_mushroom,mushroom,43.8,very_low,kharif,hill_regions,10169,5945,228148,41.9,976,12,28,6,8.4,1114
Nagaland,shiitake,mushroom,42.5,very_low,kharif,hill_regions,9341,4342,15182,21.6,1441,24,36,6.1,7.3,967
Nagaland,milky_mushroom,mushroom,40.8,very_low,kharif,hill_regions,228,3699,98064,49.2,1068,21,30,6,8.1,747
Nagaland,rose,flowers,41.3,very_low,kharif,hill_regions,5642,1683,95042,8.4,1018,19,30,6.5,8.2,398
Nagaland,jasmine,flowers,51.2,very_low,kharif,hill_regions,12843,6605,20806,34.8,1321,14,26,5.5,7.2,303
Nagaland,marigold,flowers,44.9,very_low,kharif,hill_regions,1906,5557,126858,45.5,528,21,43,6.4,8.3,1007
Nagaland,chrysanthemum,flowers,44.4,very_low,kharif,hill_regions,5753,1383,93227,21.1,1445,21,33,5.6,7.4,905
Nagaland,tuberose,flowers,52.4,very_low,kharif,hill_regions,4167,2091,10329,16.7,1267,12,35,5.9,7.5,856
Nagaland,gladiolus,flowers,47.5,very_low,kharif,hill_regions,11552,2959,85964,48.1,1147,16,39,6.3,7.5,934
Nagaland,lily,flowers,46.5,very_low,kharif,hill_regions,7975,7564,121371,20.9,745,15,27,5.6,7.5,712
Nagaland,orchid,flowers,45.4,very_low,kharif,hill_regions,5994,2013,17431,10.4,876,11,30,6,7.3,701
Nagaland,carnation,flowers,45.1,very_low,kharif,hill_regions,21686,7949,115269,30.9,1430,15,36,5.9,7.8,372
Nagaland,gerbera,flowers,51.8,very_low,kharif,hill_regions,2230,6607,57672,13.9,1101,10,34,5.5,7.8,715
Nagaland,anthurium,flowers,53.7,very_low,kharif,hill_regions,3288,3481,181901,37.6,972,18,32,6.1,8.2,414
Odisha,rice,cereals,97.6,high,kharif,eastern_india,84264,1159,819331,22.2,524,24,33,5.9,7.7,404
Odisha,wheat,cereals,75.9,medium,rabi,eastern_india,48716,6996,160536,32.3,248,14,34,5.6,7.8,579
Odisha,maize,cereals,84.9,medium,kharif,eastern_india,31257,1718,41639,9.1,1084,22,28,5.9,7.5,880
Odisha,barley,cereals,42.7,very_low,rabi,eastern_india,21255,7685,64707,31.4,1151,20,25,6.5,8.4,407
Odisha,jowar_sorghum,cereals,48.2,very_low,kharif,eastern_india,14337,5882,29257,6.5,579,10,27,6.1,8.1,721
Odisha,bajra_pearl_millet,cereals,49,very_low,kharif,eastern_india,4245,5990,38375,20.7,452,18,41,6,7.2,1054
Odisha,ragi_finger_millet,cereals,41.1,very_low,kharif,eastern_india,5217,7554,114721,30.5,1068,17,27,6.2,7.7,870
Odisha,foxtail_millet,cereals,40.7,very_low,kharif,eastern_india,7620,4216,23405,15.8,1021,10,33,6,7.5,1038
Odisha,proso_millet,cereals,40.9,very_low,kharif,eastern_india,19831,4123,202040,36.6,1410,17,34,6,7.1,1117
Odisha,barnyard_millet,cereals,50,very_low,kharif,eastern_india,20724,7955,29403,38.7,953,16,44,6.4,8,644
Odisha,little_millet,cereals,50,very_low,kharif,eastern_india,5300,4152,35192,27.5,1136,10,40,5.5,7.8,816
Odisha,kodo_millet,cereals,51.4,very_low,kharif,eastern_india,10675,1464,140001,28,632,13,27,5.8,7.7,729
Odisha,oats,cereals,48.7,very_low,kharif,eastern_india,15881,4471,58571,7.2,978,19,36,6.4,8.1,1080
Odisha,gram_chickpea,pulses,55.9,low,rabi,eastern_india,14943,5599,165007,40,699,13,30,5.7,7.3,495
Odisha,tur_arhar,pulses,40.2,very_low,kharif,eastern_india,9865,1158,72147,45.7,864,24,35,6.5,7.3,560
Odisha,moong_green_gram,pulses,50.5,very_low,kharif,eastern_india,24593,4875,20529,21.4,312,14,30,5.9,8.3,435
Odisha,urad_black_gram,pulses,44.6,very_low,kharif,eastern_india,4615,3524,29867,47.4,746,11,34,5.7,7.3,556
Odisha,masur_lentil,pulses,41.9,very_low,kharif,eastern_india,19392,3759,134690,22.5,413,15,36,5.5,8,968
Odisha,rajma_kidney_bean,pulses,52.9,very_low,kharif,eastern_india,121,1512,89134,39.5,1286,17,35,5.8,8.3,1046
Odisha,cowpea_lobhia,pulses,45.9,very_low,kharif,eastern_india,12289,1183,114123,25.1,773,20,37,5.8,8.4,1187
Odisha,field_pea,pulses,47.9,very_low,kharif,eastern_india,11861,4400,160524,16,340,23,29,6.2,7.3,1164
Odisha,black_eyed_pea,pulses,51.9,very_low,kharif,eastern_india,26997,1590,98537,34.2,1243,13,43,5.7,8.3,761
Odisha,horse_gram,pulses,47.7,very_low,kharif,eastern_india,1965,3429,59775,26.6,1160,15,33,6.4,8.1,320
Odisha,moth_bean,pulses,52.2,very_low,kharif,eastern_india,28021,6851,150099,17.5,1050,20,30,5.8,7.6,877
Odisha,cluster_bean_guar,pulses,44.4,very_low,kharif,eastern_india,19007,3065,163166,26.3,331,10,31,5.8,8.3,963
Odisha,groundnut_peanut,oilseeds,68.3,low,kharif,eastern_india,26229,2893,277633,32.8,710,24,37,6.3,7.9,584
Odisha,mustard,oilseeds,94.6,high,rabi,eastern_india,110841,3816,222844,23.6,603,11,41,6,7.5,754
Odisha,rapeseed,oilseeds,51.3,very_low,rabi,eastern_india,5714,4354,74070,30,378,15,37,5.5,8.3,361
Odisha,sesame_til,oilseeds,85.4,high,kharif,eastern_india,103243,4191,124978,43.5,463,14,28,6.4,8.1,951
Odisha,sunflower,oilseeds,55.7,low,kharif,eastern_india,32541,3677,144875,43.3,229,19,32,6.2,7.3,514
Odisha,safflower,oilseeds,48.8,very_low,kharif,eastern_india,28856,2742,24501,31.6,745,21,35,6,8,413
Odisha,niger,oilseeds,50.2,very_low,kharif,eastern_india,16250,1970,47705,47.8,918,23,38,6.4,7.5,381
Odisha,linseed_flax,oilseeds,52,very_low,kharif,eastern_india,16244,5056,190977,12.9,1001,10,27,5.9,8.2,959
Odisha,castor,oilseeds,54.6,very_low,kharif,eastern_india,4222,2111,3327,16.9,517,16,27,6,8.4,973
Odisha,coconut,oilseeds,52.6,very_low,perennial,eastern_india,10326,5962,157520,14.3,1318,16,25,6.1,8,796
Odisha,palm_oil,oilseeds,43.2,very_low,kharif,eastern_india,7978,7822,129644,39.3,435,14,32,6,7,833
Odisha,olive,oilseeds,45.4,very_low,kharif,eastern_india,401,3250,130621,27.5,1225,20,42,5.5,7.4,793
Odisha,walnut,oilseeds,54.1,very_low,kharif,eastern_india,10901,1910,93222,24.8,1211,16,31,5.6,7.1,695
Odisha,almond,oilseeds,45.2,very_low,kharif,eastern_india,15087,1280,83893,43.8,791,17,34,5.9,7.2,413
Odisha,cotton,fiber,57.7,low,kharif,eastern_india,19675,7636,451417,35.8,1136,10,36,6.4,7.1,561
Odisha,jute,fiber,85.7,high,kharif,eastern_india,29441,4354,1356820,12.4,1181,10,27,5.8,8.2,1065
Odisha,mesta,fiber,43.3,very_low,kharif,eastern_india,10122,5545,15147,30.1,1334,11,26,5.8,8,460
Odisha,flax,fiber,52.2,very_low,kharif,eastern_india,14139,1812,197714,27.1,787,24,42,6,7.6,386
Odisha,hemp,fiber,53.9,very_low,kharif,eastern_india,8516,6273,164053,15.3,997,13,40,5.7,8,593
Odisha,sisal,fiber,40.5,very_low,kharif,eastern_india,8212,2679,63018,23.7,1100,17,31,5.6,7.5,871
Odisha,coir,fiber,51.1,very_low,kharif,eastern_india,8817,2254,23538,28.9,575,19,44,5.6,7.9,1130
Odisha,sugarcane,sugar,72.6,medium,perennial,eastern_india,13989,5494,566067,34.9,904,21,25,6.5,7.3,409
Odisha,sugar_beet,sugar,54.1,very_low,kharif,eastern_india,20414,1733,171949,32.4,1151,24,28,6,8.1,690
Odisha,turmeric,spices,40.8,very_low,kharif,eastern_india,7411,2995,13590,20.3,461,10,28,6.4,7,996
Odisha,coriander,spices,51.3,very_low,kharif,eastern_india,4605,7146,81006,12.8,757,12,32,6,7.5,891
Odisha,cumin,spices,54,very_low,kharif,eastern_india,6143,6168,72082,24.3,1257,23,36,5.7,7.7,753
Odisha,fennel,spices,46.5,very_low,kharif,eastern_india,7282,4125,25676,45.7,1350,21,33,5.9,8.1,847
Odisha,fenugreek,spices,49,very_low,kharif,eastern_india,7765,7313,8683,20.3,861,20,26,6.4,7.1,1071
Odisha,ajwain,spices,40.4,very_low,kharif,eastern_india,10486,7021,102711,10.2,884,11,28,5.7,7.1,1103
Odisha,black_pepper,spices,41.9,very_low,kharif,eastern_india,14218,2390,180407,20.6,1376,24,43,6.3,7.4,408
Odisha,cardamom_small,spices,48.5,very_low,kharif,eastern_india,14323,6214,38168,5.8,508,18,26,6.2,8,452
Odisha,cardamom_large,spices,48.9,very_low,kharif,eastern_india,10697,7672,19354,23.3,1347,15,33,6.2,8,320
Odisha,cinnamon,spices,46.8,very_low,kharif,eastern_india,10525,4889,86858,34.4,531,13,32,5.7,8,842
Odisha,clove,spices,43.2,very_low,kharif,eastern_india,12901,1889,47380,29.3,639,22,34,6.4,7.2,901
Odisha,nutmeg,spices,53.3,very_low,kharif,eastern_india,2288,4196,121969,33.5,1037,20,25,5.9,7.1,584
Odisha,ginger,spices,52.3,very_low,kharif,eastern_india,23024,2205,73595,41.4,480,12,33,5.9,8.5,710
Odisha,garlic,spices,52.9,very_low,kharif,eastern_india,4616,6007,61849,9.3,1337,14,31,5.8,7.3,691
Odisha,onion,spices,76.4,medium,rabi,eastern_india,99612,3378,27449,13,1137,18,44,6.2,7.3,408
Odisha,chilli,spices,47.8,very_low,kharif,eastern_india,4054,5211,161309,37.7,1063,21,27,5.7,7.1,430
Odisha,tamarind,spices,53.7,very_low,kharif,eastern_india,9611,5840,74614,29.9,831,16,43,5.5,7.1,743
Odisha,vanilla,spices,45,very_low,kharif,eastern_india,18125,6425,127524,21.6,511,21,41,6,8.3,1170
Odisha,saffron,spices,47.1,very_low,kharif,eastern_india,7543,7926,33972,32.8,1102,13,36,5.8,8.3,943
Odisha,mint,spices,52.4,very_low,kharif,eastern_india,618,6953,43382,13.1,319,17,28,6.1,8.1,781
Odisha,basil,spices,53.6,very_low,kharif,eastern_india,6542,2142,91890,47,719,14,30,6.4,8,1092
Odisha,oregano,spices,41.8,very_low,kharif,eastern_india,13262,7279,59778,19.1,1386,10,34,6,7.2,655
Odisha,thyme,spices,50.8,very_low,kharif,eastern_india,5488,6473,137135,40.1,1300,24,41,6.5,8.1,895
Odisha,tea,plantation,94,high,perennial,eastern_india,195569,6328,494758,46.1,781,12,40,5.9,7.3,530
Odisha,coffee_arabica,plantation,40.5,very_low,perennial,eastern_india,7048,7063,42451,33.2,1252,15,38,5.9,8,495
Odisha,coffee_robusta,plantation,54.7,very_low,perennial,eastern_india,5879,3004,55436,24.3,598,13,28,6.3,7.3,996
Odisha,rubber,plantation,47.3,very_low,perennial,eastern_india,1988,7250,55237,13.3,1114,22,31,6.1,7.4,372
Odisha,cocoa,plantation,46,very_low,kharif,eastern_india,11615,3836,73443,25.7,613,19,26,6.3,7.3,870
Odisha,cashew,plantation,46.7,very_low,kharif,eastern_india,21085,2429,138063,13.5,361,23,28,5.7,7.2,723
Odisha,areca_nut,plantation,53.8,very_low,kharif,eastern_india,8350,3880,41178,30.7,926,15,42,5.6,7.1,1191
Odisha,betelvine,plantation,51.2,very_low,kharif,eastern_india,15821,3939,131371,9.2,1185,18,44,6.1,7.2,729
Odisha,black_pepper_plantation,plantation,40.9,very_low,kharif,eastern_india,12624,3587,193009,47.3,1438,13,39,6.4,7.9,492
Odisha,mango,fruits_tropical,52.3,very_low,kharif,eastern_india,19490,3054,42326,33.1,827,20,27,5.6,7.5,532
Odisha,banana,fruits_tropical,79.3,medium,perennial,eastern_india,72648,6381,159169,46.4,1223,19,43,5.8,7.6,377
Odisha,papaya,fruits_tropical,46.8,very_low,kharif,eastern_india,12477,1448,5422,23.9,445,21,38,5.8,7.1,464
Odisha,pineapple,fruits_tropical,80.4,medium,kharif,eastern_india,49749,6613,1035938,7.2,1391,16,44,6,7.4,1177
Odisha,jackfruit,fruits_tropical,43.6,very_low,kharif,eastern_india,5015,5723,91139,48.7,440,16,37,6.5,7.5,657
Odisha,guava,fruits_tropical,46.9,very_low,kharif,eastern_india,12331,1643,84923,29,514,17,41,5.9,7.2,336
Odisha,coconut_fruit,fruits_tropical,51.7,very_low,kharif,eastern_india,15478,5320,58062,30.4,794,23,34,5.6,7.9,860
Odisha,passion_fruit,fruits_tropical,51.5,very_low,kharif,eastern_india,12860,3464,112692,45.5,1473,24,29,6,7.4,631
Odisha,dragon_fruit,fruits_tropical,40.5,very_low,kharif,eastern_india,5325,3552,29566,15.4,1173,14,39,5.9,8.2,450
Odisha,rambutan,fruits_tropical,42.4,very_low,kharif,eastern_india,21606,2000,14130,47.1,352,13,43,6.3,7.5,1159
Odisha,sapota,fruits_tropical,48.5,very_low,kharif,eastern_india,8080,4760,52474,49.7,398,19,34,5.8,8,901
Odisha,custard_apple,fruits_tropical,52.8,very_low,kharif,eastern_india,15614,3279,116965,21.2,560,18,38,6.1,8.4,568
Odisha,wood_apple,fruits_tropical,45.6,very_low,kharif,eastern_india,14113,1013,58502,16.4,1291,22,30,5.6,7.3,458
Odisha,apple,fruits_temperate,43.6,very_low,kharif,eastern_india,7126,3237,65867,20.5,1259,24,33,5.5,7.4,391
Odisha,pear,fruits_temperate,45.2,very_low,kharif,eastern_india,11994,2700,140629,10.9,496,20,28,6.2,8.5,1048
Odisha,peach,fruits_temperate,42.4,very_low,kharif,eastern_india,8737,7941,157474,10.7,1381,12,31,5.9,7.4,1067
Odisha,plum,fruits_temperate,44.9,very_low,kharif,eastern_india,26188,6885,73096,37,894,21,28,6.1,8.2,985
Odisha,apricot,fruits_temperate,54.5,very_low,kharif,eastern_india,3934,4335,27753,18.9,428,22,43,5.6,7.2,505
Odisha,cherry,fruits_temperate,47.6,very_low,kharif,eastern_india,2085,5457,31070,48.7,1368,24,27,6,7.2,840
Odisha,strawberry,fruits_temperate,43.5,very_low,kharif,eastern_india,16456,5001,167813,27.5,550,19,44,6.1,7.9,1141
Odisha,kiwi,fruits_temperate,47.7,very_low,kharif,eastern_india,5029,4759,51207,25.4,421,13,29,5.8,7.2,1028
Odisha,grape,fruits_temperate,43.3,very_low,kharif,eastern_india,474,1734,131458,42.7,1293,16,27,5.6,7.9,1045
Odisha,pomegranate,fruits_temperate,53.5,very_low,kharif,eastern_india,5171,1706,97763,17.4,825,23,40,5.6,7,1008
Odisha,fig,fruits_temperate,48.3,very_low,kharif,eastern_india,4033,7104,151049,45.1,643,14,28,6.4,7.3,407
Odisha,persimmon,fruits_temperate,42.9,very_low,kharif,eastern_india,22646,6676,114685,49.7,289,23,33,6,7.2,330
Odisha,orange,fruits_citrus,44.7,very_low,kharif,eastern_india,6593,2031,15009,44.5,1397,24,38,6.3,8.3,893
Odisha,lime,fruits_citrus,45,very_low,kharif,eastern_india,3214,6882,73145,25.5,238,13,39,6,7.7,582
Odisha,lemon,fruits_citrus,49.1,very_low,kharif,eastern_india,26456,1213,112994,19.8,863,19,29,6.3,7.7,1192
Odisha,grapefruit,fruits_citrus,40.4,very_low,kharif,eastern_india,9555,5866,64305,48.7,739,16,43,6,7.5,947
Odisha,mandarin,fruits_citrus,49.3,very_low,kharif,eastern_india,4918,3769,9390,47.4,437,12,37,6.2,8.1,637
Odisha,sweet_lime,fruits_citrus,53.1,very_low,kharif,eastern_india,9274,6672,40842,43.7,900,23,29,6.4,8,856
Odisha,kinnow,fruits_citrus,46.3,very_low,kharif,eastern_india,13091,4489,182160,17.8,578,21,27,6.3,7.9,785
Odisha,spinach,vegetables_leafy,43.4,very_low,kharif,eastern_india,20759,4380,80255,16.1,1180,19,29,6.3,8.3,353
Odisha,fenugreek_leaves,vegetables_leafy,51.6,very_low,kharif,eastern_india,26828,2663,80473,48.5,322,17,35,6.1,7.5,1133
Odisha,amaranth,vegetables_leafy,44.1,very_low,kharif,eastern_india,11519,2866,34926,48,929,19,40,5.6,8.1,448
Odisha,cabbage,vegetables_leafy,51.1,very_low,kharif,eastern_india,10699,5767,39675,21.1,393,23,27,6,7.4,1196
Odisha,cauliflower,vegetables_leafy,48.8,very_low,kharif,eastern_india,8715,7941,62935,25.6,581,11,29,6.1,8.1,1090
Odisha,lettuce,vegetables_leafy,51.9,very_low,kharif,eastern_india,9703,5071,47012,30.8,210,11,35,5.7,7.8,618
Odisha,kale,vegetables_leafy,53.6,very_low,kharif,eastern_india,28413,7292,228680,36.8,1448,19,41,5.6,8,1137
Odisha,mustard_leaves,vegetables_leafy,48.1,very_low,kharif,eastern_india,7302,5948,84624,28.6,482,23,40,5.8,8.2,613
Odisha,curry_leaves,vegetables_leafy,44.7,very_low,kharif,eastern_india,23840,3789,2216,13.4,1382,23,34,5.8,7.5,1107
Odisha,coriander_leaves,vegetables_leafy,44.9,very_low,kharif,eastern_india,14843,2466,41235,21.1,1050,22,35,5.6,7.7,414
Odisha,potato,vegetables_root,86.1,high,rabi,eastern_india,228106,6863,1477872,37.7,1366,21,37,5.9,7.2,714
Odisha,sweet_potato,vegetables_root,53.9,very_low,kharif,eastern_india,4173,5543,80778,46.9,409,20,38,6.5,7.8,1084
Odisha,carrot,vegetables_root,40.4,very_low,kharif,eastern_india,4391,5335,44825,14.1,965,18,35,5.6,8.4,833
Odisha,radish,vegetables_root,44,very_low,kharif,eastern_india,7711,4540,64967,44.6,1492,12,25,5.7,7.9,456
Odisha,turnip,vegetables_root,52.2,very_low,kharif,eastern_india,11166,4189,131349,6.6,1148,19,37,5.9,7,920
Odisha,beetroot,vegetables_root,52.4,very_low,kharif,eastern_india,5234,2138,57251,40.4,1066,14,27,6.3,7.5,319
Odisha,onion_vegetable,vegetables_root,48.6,very_low,kharif,eastern_india,12585,2002,52029,16.4,1096,18,40,6,7,493
Odisha,garlic_vegetable,vegetables_root,55,very_low,kharif,eastern_india,11299,7334,3150,34.7,574,14,29,6.3,7.6,360
Odisha,ginger_vegetable,vegetables_root,41.5,very_low,kharif,eastern_india,11674,3992,95076,41.8,1289,14,30,6.1,7.6,758
Odisha,turmeric_vegetable,vegetables_root,40.8,very_low,kharif,eastern_india,1989,2251,159780,12,338,12,26,5.8,7.4,748
Odisha,yam,vegetables_root,46.6,very_low,kharif,eastern_india,12071,2616,21154,44.5,1024,10,44,6.2,7.2,1172
Odisha,taro,vegetables_root,45.5,very_low,kharif,eastern_india,3332,2119,156253,6,224,21,28,6.4,7.6,1086
Odisha,cassava,vegetables_root,46.3,very_low,kharif,eastern_india,6662,5606,52591,15,305,10,31,6.2,7.3,569
Odisha,tomato,vegetables_fruit,83.6,medium,kharif,eastern_india,114827,7378,64447,48,266,23,35,6,8.1,1091
Odisha,brinjal_eggplant,vegetables_fruit,49.3,very_low,kharif,eastern_india,2235,6524,19156,37.7,886,15,37,6.3,8.4,538
Odisha,okra_ladyfinger,vegetables_fruit,54.2,very_low,kharif,eastern_india,23827,7170,161945,6.8,947,21,43,6.1,8.2,934
Odisha,bottle_gourd,vegetables_fruit,44.2,very_low,kharif,eastern_india,9865,2636,25731,34,1225,18,42,5.7,7.4,873
Odisha,bitter_gourd,vegetables_fruit,52.4,very_low,kharif,eastern_india,421,5738,135334,17.4,270,17,25,5.9,7,502
Odisha,ridge_gourd,vegetables_fruit,45.8,very_low,kharif,eastern_india,1504,6789,4171,36,1258,11,28,6.1,7.5,728
Odisha,snake_gourd,vegetables_fruit,52.5,very_low,kharif,eastern_india,7955,7596,5986,7.7,921,24,29,5.8,7.1,626
Odisha,ash_gourd,vegetables_fruit,40.7,very_low,kharif,eastern_india,9956,7825,116452,42,496,11,37,6,7.8,398
Odisha,pumpkin,vegetables_fruit,47.4,very_low,kharif,eastern_india,5565,1435,89184,5.6,1421,22,40,6.5,7.1,877
Odisha,cucumber,vegetables_fruit,52.7,very_low,zaid,eastern_india,7380,3757,43766,46.1,900,11,43,5.7,8.3,1173
Odisha,watermelon,vegetables_fruit,53.2,very_low,zaid,eastern_india,17565,5899,86862,17.3,570,20,37,6.1,8,997
Odisha,muskmelon,vegetables_fruit,51.2,very_low,zaid,eastern_india,4472,2847,52191,7.8,1191,11,30,6.3,7.1,894
Odisha,capsicum,vegetables_fruit,53.9,very_low,kharif,eastern_india,15994,6545,39916,31.1,601,13,28,6.1,8.2,1088
Odisha,chilli_vegetable,vegetables_fruit,46.4,very_low,kharif,eastern_india,12053,6462,35509,18.4,893,16,39,6,7.2,449
Odisha,drumstick,vegetables_fruit,53.5,very_low,kharif,eastern_india,866,6120,79653,32,852,24,27,6,7.8,320
Odisha,green_peas,vegetables_legume,46.2,very_low,kharif,eastern_india,12222,7126,132435,39.5,1245,20,39,6.2,7.8,809
Odisha,french_bean,vegetables_legume,42.8,very_low,kharif,eastern_india,8469,4750,53200,36.3,1467,22,37,6.1,7.7,484
Odisha,cluster_bean_vegetable,vegetables_legume,45.2,very_low,kharif,eastern_india,17133,3979,85086,46.5,873,13,32,5.9,8.1,566
Odisha,broad_bean,vegetables_legume,51,very_low,kharif,eastern_india,9522,1947,142037,21.2,894,19,33,6.4,7.6,576
Odisha,berseem,fodder,53.3,very_low,kharif,eastern_india,1692,7549,21375,11.7,895,10,37,6,8,555
Odisha,lucerne_alfalfa,fodder,53.6,very_low,kharif,eastern_india,9881,7615,49509,12.3,288,24,40,6.4,8,608
Odisha,oats_fodder,fodder,41.8,very_low,kharif,eastern_india,14142,3775,132255,9.8,601,19,27,5.6,7.8,861
Odisha,sorghum_fodder,fodder,42.8,very_low,kharif,eastern_india,10222,1192,281,19.6,489,18,42,6,8.2,1118
Odisha,maize_fodder,fodder,42.8,very_low,kharif,eastern_india,12762,3323,117028,36.7,747,11,25,5.9,7.1,1003
Odisha,bajra_fodder,fodder,45,very_low,kharif,eastern_india,8230,6571,165782,42.7,829,11,32,5.9,8.4,808
Odisha,cowpea_fodder,fodder,49.6,very_low,kharif,eastern_india,14679,5189,50515,7.6,1137,22,33,6,7.5,705
Odisha,stylo,fodder,43.1,very_low,kharif,eastern_india,12523,4830,7718,33,463,15,33,5.9,7.3,1065
Odisha,para_grass,fodder,46.4,very_low,kharif,eastern_india,13741,5248,99623,42,1256,16,37,5.6,7.1,731
Odisha,guinea_grass,fodder,53.5,very_low,kharif,eastern_india,15468,2103,83533,23,1217,12,35,6.4,8.3,1067
Odisha,napier_grass,fodder,45.6,very_low,kharif,eastern_india,23266,6957,214998,47.2,512,11,38,6.1,7.5,916
Odisha,tulsi,medicinal,40.9,very_low,kharif,eastern_india,3948,2356,62942,47.7,1060,19,25,6,8.2,888
Odisha,neem,medicinal,43.4,very_low,kharif,eastern_india,26018,2952,44895,20.2,282,23,43,6.1,8.1,901
Odisha,aloe_vera,medicinal,45.7,very_low,kharif,eastern_india,18972,6669,14889,25.8,716,21,35,5.8,8.1,726
Odisha,ashwagandha,medicinal,43.8,very_low,kharif,eastern_india,3390,1126,32253,12.4,899,19,33,5.7,7.2,742
Odisha,brahmi,medicinal,48.5,very_low,kharif,eastern_india,3669,1564,3532,9.8,1164,15,25,6,7.8,685
Odisha,kalmegh,medicinal,41.7,very_low,kharif,eastern_india,17373,3763,76621,12,1179,18,26,5.9,8.4,707
Odisha,giloy,medicinal,44.9,very_low,kharif,eastern_india,4825,4666,122601,43.5,1100,15,40,6.4,7.7,304
Odisha,stevia,medicinal,53.2,very_low,kharif,eastern_india,1797,3153,40539,41,705,10,37,6.2,8.2,658
Odisha,mentha_mint,medicinal,41.3,very_low,kharif,eastern_india,2733,1119,131230,23.2,882,19,33,5.6,7.4,474
Odisha,lemongrass,medicinal,54.7,very_low,kharif,eastern_india,11329,1443,23194,41.6,1429,10,43,5.9,7.3,392
Odisha,citronella,medicinal,51.6,very_low,kharif,eastern_india,16163,2583,105257,10.3,316,12,41,6.2,7.2,646
Odisha,palmarosa,medicinal,51.5,very_low,kharif,eastern_india,14488,7402,69574,33.4,1049,13,32,5.6,8.4,951
Odisha,vetiver,medicinal,40.7,very_low,kharif,eastern_india,7338,6707,57862,34,415,18,30,5.7,7.9,874
Odisha,rosemary,medicinal,54.8,very_low,kharif,eastern_india,12171,7388,154975,29.7,864,24,37,6.2,7.1,946
Odisha,lavender,medicinal,44,very_low,kharif,eastern_india,10478,5838,40212,24.4,456,10,31,5.6,7.6,1050
Odisha,bamboo,timber,41.7,very_low,kharif,eastern_india,10688,6215,5136,8.6,1090,15,39,5.9,8.5,924
Odisha,eucalyptus,timber,40.7,very_low,kharif,eastern_india,9434,1993,500,8.6,881,19,26,6.2,7.9,1145
Odisha,teak,timber,52.6,very_low,kharif,eastern_india,27896,4085,112815,17.7,860,12,38,5.5,7.4,487
Odisha,sal,timber,54.1,very_low,kharif,eastern_india,11503,1870,67186,19.4,610,24,29,5.7,7.9,966
Odisha,sandalwood,timber,54.7,very_low,kharif,eastern_india,13606,3863,114493,32,483,20,29,6,7.4,581
Odisha,rosewood,timber,49.2,very_low,kharif,eastern_india,247,1914,15331,13.9,1206,16,34,6.1,8.1,303
Odisha,pine,timber,52.9,very_low,kharif,eastern_india,3887,5557,871,7.2,570,22,38,5.9,7.7,719
Odisha,deodar,timber,44.7,very_low,kharif,eastern_india,15766,4387,102666,47.1,1140,12,33,5.8,8.5,673
Odisha,button_mushroom,mushroom,41,very_low,kharif,eastern_india,5980,5197,33101,6.6,324,14,31,6.3,7.4,328
Odisha,oyster_mushroom,mushroom,51.7,very_low,kharif,eastern_india,13617,2994,169181,5.4,1401,22,35,5.8,7,1199
Odisha,shiitake,mushroom,51.4,very_low,kharif,eastern_india,487,5475,132438,36.8,308,16,27,6.4,7.5,960
Odisha,milky_mushroom,mushroom,41.3,very_low,kharif,eastern_india,8580,6904,20355,23.8,1005,21,37,5.6,7.8,1096
Odisha,rose,flowers,53,very_low,kharif,eastern_india,21607,1735,83198,39.9,383,24,32,5.9,7.3,559
Odisha,jasmine,flowers,48.7,very_low,kharif,eastern_india,3744,6663,9429,42.6,557,17,32,6.1,8.2,1190
Odisha,marigold,flowers,44.6,very_low,kharif,eastern_india,9934,7992,136430,22.9,819,13,40,6.3,8.4,809
Odisha,chrysanthemum,flowers,50.1,very_low,kharif,eastern_india,11599,3441,111713,6,236,20,43,6.1,8.1,1041
Odisha,tuberose,flowers,45.4,very_low,kharif,eastern_india,11356,7569,43058,14.8,1360,20,25,5.6,8.5,334
Odisha,gladiolus,flowers,44.2,very_low,kharif,eastern_india,4036,2624,59349,17.1,1244,17,30,5.8,7.1,344
Odisha,lily,flowers,50.8,very_low,kharif,eastern_india,5896,6896,36210,20.6,1334,22,42,6.1,8.4,1037
Odisha,orchid,flowers,46.2,very_low,kharif,eastern_india,2949,4859,47725,17.8,363,15,34,6.1,7.5,1013
Odisha,carnation,flowers,47.8,very_low,kharif,eastern_india,6495,6698,113758,43.8,407,15,27,5.7,7.6,1105
Odisha,gerbera,flowers,48.4,very_low,kharif,eastern_india,12446,1137,49275,32,958,19,29,5.8,8.4,1176
Odisha,anthurium,flowers,44.7,very_low,kharif,eastern_india,5696,3579,145140,27.6,1304,19,37,5.5,8.1,1180
Punjab,rice,cereals,91.1,high,kharif,northern_plains,169826,3030,569933,8.5,344,13,35,6.1,7.9,825
Punjab,wheat,cereals,91.4,high,rabi,northern_plains,252625,2888,283897,24.1,234,23,29,6,7.2,797
Punjab,maize,cereals,85.5,high,kharif,northern_plains,253611,3148,550046,25.2,1005,12,41,5.7,7,771
Punjab,barley,cereals,86.5,high,rabi,northern_plains,44781,6721,959906,30.5,442,12,37,5.8,7.6,731
Punjab,jowar_sorghum,cereals,58.4,low,kharif,northern_plains,65587,4023,512205,44.7,415,12,34,6,7.5,581
Punjab,bajra_pearl_millet,cereals,61.5,low,kharif,northern_plains,6036,5974,478165,39.4,449,11,34,6.5,8.2,806
Punjab,ragi_finger_millet,cereals,42.1,very_low,kharif,northern_plains,19782,7545,118975,28.2,1004,24,37,5.8,8,1091
Punjab,foxtail_millet,cereals,48.5,very_low,kharif,northern_plains,14760,5626,9283,37.6,729,24,44,5.9,8.5,579
Punjab,proso_millet,cereals,50.2,very_low,kharif,northern_plains,1765,7051,82248,29,641,16,42,5.7,7.4,1006
Punjab,barnyard_millet,cereals,54,very_low,kharif,northern_plains,9554,5515,21984,39,1146,12,35,6.3,7.3,716
Punjab,little_millet,cereals,41.8,very_low,kharif,northern_plains,3643,4535,18368,22.2,557,21,38,5.6,8.4,970
Punjab,kodo_millet,cereals,49.2,very_low,kharif,northern_plains,3639,7734,1423,36.2,859,23,32,6,8.1,342
Punjab,oats,cereals,40.8,very_low,kharif,northern_plains,2205,1045,70992,40.8,1444,16,30,6.4,8.3,862
Punjab,gram_chickpea,pulses,88.6,high,rabi,northern_plains,53424,1305,1825014,30.4,520,20,40,6.3,7.4,323
Punjab,tur_arhar,pulses,47.7,very_low,kharif,northern_plains,5851,3947,55837,5.6,1368,12,40,5.8,7.4,1146
Punjab,moong_green_gram,pulses,49.9,very_low,kharif,northern_plains,18090,3386,107147,17.2,1284,18,29,6.4,7.9,745
Punjab,urad_black_gram,pulses,40.5,very_low,kharif,northern_plains,26863,4938,99974,21.2,548,18,27,6.4,7.3,970
Punjab,masur_lentil,pulses,44.6,very_low,kharif,northern_plains,8165,6355,84465,15.5,629,23,39,6.2,7.4,1012
Punjab,rajma_kidney_bean,pulses,45.4,very_low,kharif,northern_plains,5312,1849,60734,5.8,792,20,44,5.6,7.4,744
Punjab,cowpea_lobhia,pulses,42.6,very_low,kharif,northern_plains,5647,5065,80970,49.9,1206,13,39,6,7.7,1142
Punjab,field_pea,pulses,50.5,very_low,kharif,northern_plains,511,7055,150038,18.5,579,10,26,6.2,7.3,1131
Punjab,black_eyed_pea,pulses,52.6,very_low,kharif,northern_plains,6557,3290,12703,6.4,787,24,43,6.3,7.9,1070
Punjab,horse_gram,pulses,47.7,very_low,kharif,northern_plains,9349,7444,2266,16.3,545,11,29,5.9,8.4,1074
Punjab,moth_bean,pulses,54.2,very_low,kharif,northern_plains,468,1769,90792,12.1,944,13,25,5.6,8.1,464
Punjab,cluster_bean_guar,pulses,43.4,very_low,kharif,northern_plains,11591,4285,132596,24.5,458,18,34,6.3,8.4,1052
Punjab,groundnut_peanut,oilseeds,60.8,low,kharif,northern_plains,37351,3701,251524,49.5,950,17,38,5.7,7.7,581
Punjab,mustard,oilseeds,87.1,high,rabi,northern_plains,140069,6328,1687028,14.9,1213,15,37,6.4,7.4,840
Punjab,rapeseed,oilseeds,47.2,very_low,rabi,northern_plains,18075,6387,59641,36.7,987,16,32,5.8,7,452
Punjab,sesame_til,oilseeds,40.9,very_low,kharif,northern_plains,23231,6923,176504,15,839,23,40,5.5,7.7,309
Punjab,sunflower,oilseeds,74.2,medium,kharif,northern_plains,98786,5580,321150,27.1,1262,14,37,5.8,7.7,322
Punjab,safflower,oilseeds,52.8,very_low,kharif,northern_plains,2545,3334,54890,37.4,304,10,40,6.2,8.2,908
Punjab,niger,oilseeds,51.3,very_low,kharif,northern_plains,10447,6637,24353,24,1162,17,38,5.8,7,326
Punjab,linseed_flax,oilseeds,54.1,very_low,kharif,northern_plains,6331,2032,4476,15.4,634,13,40,6.2,7.1,927
Punjab,castor,oilseeds,47.8,very_low,kharif,northern_plains,9383,1602,18022,11.7,1420,20,33,6.3,7.3,1137
Punjab,coconut,oilseeds,50.5,very_low,perennial,northern_plains,16883,5513,150418,42.3,457,13,26,5.7,7.5,325
Punjab,palm_oil,oilseeds,44.7,very_low,kharif,northern_plains,21410,1062,1706,11.6,1334,17,44,6.4,8.3,415
Punjab,olive,oilseeds,47.1,very_low,kharif,northern_plains,4706,5019,82470,22.5,1358,18,40,6.2,7.8,1012
Punjab,walnut,oilseeds,54.6,very_low,kharif,northern_plains,23221,4411,38537,7,500,15,27,5.7,7.1,771
Punjab,almond,oilseeds,41.9,very_low,kharif,northern_plains,8434,5704,175511,8.9,1485,19,26,5.8,8.3,836
Punjab,cotton,fiber,74.3,medium,kharif,northern_plains,115118,6148,1036670,39.6,572,18,41,5.7,7.2,443
Punjab,jute,fiber,42.9,very_low,kharif,northern_plains,10125,6728,14712,36.7,1015,14,29,5.8,8.1,587
Punjab,mesta,fiber,44.2,very_low,kharif,northern_plains,9500,6268,39578,47.4,581,20,31,5.8,8.3,1008
Punjab,flax,fiber,44.4,very_low,kharif,northern_plains,4232,6320,9457,35.2,1356,12,42,5.6,8,1011
Punjab,hemp,fiber,46.7,very_low,kharif,northern_plains,13025,1139,62561,21.8,799,18,35,5.7,8,317
Punjab,sisal,fiber,40.3,very_low,kharif,northern_plains,10694,2924,86456,28.2,653,19,44,6,8.2,522
Punjab,coir,fiber,51.4,very_low,kharif,northern_plains,14781,7251,43071,21.6,307,20,41,5.9,7.5,892
Punjab,sugarcane,sugar,86,high,perennial,northern_plains,72303,4630,740942,14.4,903,23,25,6.2,7.9,1131
Punjab,sugar_beet,sugar,49.7,very_low,kharif,northern_plains,17369,2874,107307,28.4,770,11,30,5.8,8.1,1128
Punjab,turmeric,spices,43.5,very_low,kharif,northern_plains,11491,5838,81515,11.5,1240,22,28,5.7,7.4,495
Punjab,coriander,spices,54.6,very_low,kharif,northern_plains,13180,6635,53393,35.7,340,15,44,5.7,7.6,1011
Punjab,cumin,spices,50,very_low,kharif,northern_plains,19342,1203,139665,44.7,221,18,31,5.6,7.6,879
Punjab,fennel,spices,53.8,very_low,kharif,northern_plains,19232,1851,37920,48.7,1353,13,37,5.9,7.7,1074
Punjab,fenugreek,spices,51,very_low,kharif,northern_plains,4767,3027,92268,27.1,1435,22,29,6.3,7.8,528
Punjab,ajwain,spices,45.4,very_low,kharif,northern_plains,14400,6037,112526,21.7,1235,22,26,5.8,7.8,584
Punjab,black_pepper,spices,51.8,very_low,kharif,northern_plains,9833,5325,28548,20.5,437,13,39,5.9,8,762
Punjab,cardamom_small,spices,42.2,very_low,kharif,northern_plains,15163,3083,103667,14,376,15,32,6.3,7.7,373
Punjab,cardamom_large,spices,49.5,very_low,kharif,northern_plains,6558,6615,24105,46.1,634,16,43,6.3,7.1,820
Punjab,cinnamon,spices,44.7,very_low,kharif,northern_plains,15037,4473,11647,28.8,231,15,34,6.1,7.8,436
Punjab,clove,spices,54,very_low,kharif,northern_plains,7449,7761,162463,11.5,1052,18,28,5.7,7.8,589
Punjab,nutmeg,spices,52.5,very_low,kharif,northern_plains,10937,6883,70671,16.8,1129,16,37,5.8,8.3,336
Punjab,ginger,spices,50.4,very_low,kharif,northern_plains,17271,2343,60771,28.2,628,10,25,6.3,7.1,1135
Punjab,garlic,spices,46.6,very_low,kharif,northern_plains,3378,7485,7049,6.9,270,11,34,6.3,7.4,971
Punjab,onion,spices,81.6,medium,rabi,northern_plains,22665,1948,141503,21.2,836,16,30,6.1,7.5,629
Punjab,chilli,spices,41.6,very_low,kharif,northern_plains,14389,6305,158002,39.5,506,13,43,6.3,8.2,947
Punjab,tamarind,spices,44,very_low,kharif,northern_plains,4081,3450,74871,30.2,802,16,36,5.9,7.4,897
Punjab,vanilla,spices,51.9,very_low,kharif,northern_plains,12785,4747,9425,24,212,19,35,5.6,7.8,1108
Punjab,saffron,spices,45.1,very_low,kharif,northern_plains,28455,6497,193071,23.5,723,24,32,5.6,7.2,939
Punjab,mint,spices,45.7,very_low,kharif,northern_plains,11408,4420,63576,11.9,450,11,35,6.3,8.1,535
Punjab,basil,spices,52.8,very_low,kharif,northern_plains,1488,6945,23777,36.9,211,11,37,5.7,7,720
Punjab,oregano,spices,45,very_low,kharif,northern_plains,21373,5300,61240,25.8,1112,11,31,6.3,7.6,862
Punjab,thyme,spices,41.4,very_low,kharif,northern_plains,2795,7030,22009,45.1,672,19,41,5.5,7.4,1117
Punjab,tea,plantation,45.8,very_low,perennial,northern_plains,3585,5748,14345,37.3,620,16,28,6.1,7.5,645
Punjab,coffee_arabica,plantation,49.8,very_low,perennial,northern_plains,11588,6175,62809,10.8,1093,10,41,5.8,7.2,448
Punjab,coffee_robusta,plantation,54.4,very_low,perennial,northern_plains,6254,7744,28776,38,1053,22,32,5.9,7.9,658
Punjab,rubber,plantation,40.6,very_low,perennial,northern_plains,15851,3965,59754,19.4,1163,20,41,6.3,8.1,526
Punjab,cocoa,plantation,41.5,very_low,kharif,northern_plains,2716,7874,176694,29,657,17,39,6.3,7.1,1024
Punjab,cashew,plantation,49.6,very_low,kharif,northern_plains,3460,4574,16387,12,218,23,26,5.9,7.3,966
Punjab,areca_nut,plantation,50.6,very_low,kharif,northern_plains,16213,5141,85239,33.6,349,20,27,6.4,7.8,777
Punjab,betelvine,plantation,48.8,very_low,kharif,northern_plains,12344,3993,59050,10.8,447,10,42,6.3,7.3,302
Punjab,black_pepper_plantation,plantation,47.4,very_low,kharif,northern_plains,14204,3820,126195,9.3,675,24,25,5.9,7.4,778
Punjab,mango,fruits_tropical,44.2,very_low,kharif,northern_plains,25693,6943,87524,49.5,1155,15,26,6.2,8.1,410
Punjab,banana,fruits_tropical,48.2,very_low,perennial,northern_plains,9903,3113,214955,10.3,1413,21,32,5.6,7,638
Punjab,papaya,fruits_tropical,50.6,very_low,kharif,northern_plains,14640,5693,90606,48.5,1146,23,29,6.2,7.9,1131
Punjab,pineapple,fruits_tropical,47.7,very_low,kharif,northern_plains,6096,2531,27561,26.2,1360,12,30,6.4,7.5,1166
Punjab,jackfruit,fruits_tropical,44,very_low,kharif,northern_plains,1971,7945,134203,41.8,404,24,43,5.9,8,1193
Punjab,guava,fruits_tropical,46.1,very_low,kharif,northern_plains,10655,4335,96810,29.8,238,17,39,5.5,7.6,440
Punjab,coconut_fruit,fruits_tropical,49.6,very_low,kharif,northern_plains,18314,5864,92644,30.3,907,21,42,6.2,8.5,1045
Punjab,passion_fruit,fruits_tropical,41.9,very_low,kharif,northern_plains,18219,7607,61412,37.7,733,11,42,6.4,7.8,316
Punjab,dragon_fruit,fruits_tropical,52.2,very_low,kharif,northern_plains,1646,2325,23943,35.9,589,11,43,6.5,7.2,507
Punjab,rambutan,fruits_tropical,48.9,very_low,kharif,northern_plains,2172,3356,98797,48.3,1294,20,39,6,7.8,871
Punjab,sapota,fruits_tropical,51,very_low,kharif,northern_plains,2776,7740,32083,17.1,748,14,26,5.7,8,500
Punjab,custard_apple,fruits_tropical,49.7,very_low,kharif,northern_plains,617,7030,73001,35,240,13,41,5.6,8.2,825
Punjab,wood_apple,fruits_tropical,51.1,very_low,kharif,northern_plains,9678,3043,123265,41.3,258,15,32,6.1,7.2,1140
Punjab,apple,fruits_temperate,48.2,very_low,kharif,northern_plains,23314,2341,30393,43.8,896,10,43,6,7.5,764
Punjab,pear,fruits_temperate,52.3,very_low,kharif,northern_plains,4459,3232,82008,40,720,19,32,6.1,8.5,782
Punjab,peach,fruits_temperate,54.8,very_low,kharif,northern_plains,3230,6571,32394,29,997,23,29,6.4,8.4,380
Punjab,plum,fruits_temperate,53.3,very_low,kharif,northern_plains,1369,7710,47732,33,918,13,38,5.5,7.3,1150
Punjab,apricot,fruits_temperate,54.3,very_low,kharif,northern_plains,3486,3951,137921,8.2,366,23,33,5.6,7.2,1094
Punjab,cherry,fruits_temperate,47.4,very_low,kharif,northern_plains,11869,6916,2571,31.1,517,17,30,5.8,7.9,784
Punjab,strawberry,fruits_temperate,45.9,very_low,kharif,northern_plains,11783,2222,61590,8.7,1094,11,29,6.1,7.4,779
Punjab,kiwi,fruits_temperate,41.9,very_low,kharif,northern_plains,10345,1245,12689,14.7,226,11,30,5.6,8.3,359
Punjab,grape,fruits_temperate,52.9,very_low,kharif,northern_plains,2903,1176,10832,31.6,1071,19,35,5.7,8.3,594
Punjab,pomegranate,fruits_temperate,54.8,very_low,kharif,northern_plains,4784,7259,80409,37.5,730,23,43,5.9,7.4,882
Punjab,fig,fruits_temperate,54.3,very_low,kharif,northern_plains,21431,3406,164359,10.1,666,17,38,5.8,8.4,1113
Punjab,persimmon,fruits_temperate,52,very_low,kharif,northern_plains,1075,4486,75260,10.5,1033,17,39,5.9,8,443
Punjab,orange,fruits_citrus,43.2,very_low,kharif,northern_plains,9432,7898,10642,27.3,622,24,44,5.7,7.4,974
Punjab,lime,fruits_citrus,53.3,very_low,kharif,northern_plains,20156,1443,119344,36.5,447,21,43,6.4,7.4,591
Punjab,lemon,fruits_citrus,47.5,very_low,kharif,northern_plains,12566,2131,80238,20.4,945,10,29,5.9,8,999
Punjab,grapefruit,fruits_citrus,40.5,very_low,kharif,northern_plains,9558,6691,24797,15.3,314,12,25,6.1,8.4,434
Punjab,mandarin,fruits_citrus,51.3,very_low,kharif,northern_plains,20196,6586,146518,33.8,1254,15,29,6.4,8.1,381
Punjab,sweet_lime,fruits_citrus,53,very_low,kharif,northern_plains,5183,5363,77302,29.2,531,24,44,5.5,7.5,340
Punjab,kinnow,fruits_citrus,52.8,very_low,kharif,northern_plains,14506,6877,156117,27.5,672,13,30,6.1,7.3,457
Punjab,spinach,vegetables_leafy,40.2,very_low,kharif,northern_plains,22141,7224,125771,40.3,741,14,32,5.6,8,457
Punjab,fenugreek_leaves,vegetables_leafy,51.4,very_low,kharif,northern_plains,3254,7701,11758,27.4,281,11,37,6.1,7.3,1085
Punjab,amaranth,vegetables_leafy,50.5,very_low,kharif,northern_plains,4097,6279,94018,11.7,653,13,30,5.8,8.5,975
Punjab,cabbage,vegetables_leafy,81.7,medium,kharif,northern_plains,1046,1407,440276,17.8,450,10,42,6.1,7.2,989
Punjab,cauliflower,vegetables_leafy,81.3,medium,kharif,northern_plains,19705,6697,265004,43.1,256,17,28,6.2,8.5,671
Punjab,lettuce,vegetables_leafy,41.5,very_low,kharif,northern_plains,14596,6360,30505,47.9,1008,12,36,6,8.2,609
Punjab,kale,vegetables_leafy,53.1,very_low,kharif,northern_plains,17786,2810,203694,29.7,1379,13,44,6.3,8.4,491
Punjab,mustard_leaves,vegetables_leafy,46.5,very_low,kharif,northern_plains,1740,2987,91001,35,609,24,39,6.4,8.4,975
Punjab,curry_leaves,vegetables_leafy,43.6,very_low,kharif,northern_plains,9932,5701,202340,12.9,991,15,29,5.5,8.3,422
Punjab,coriander_leaves,vegetables_leafy,53.2,very_low,kharif,northern_plains,13755,6800,89825,21.1,380,18,36,5.8,7.9,695
Punjab,potato,vegetables_root,95.5,high,rabi,northern_plains,218563,4625,1661107,28.4,925,15,33,6.4,7.3,409
Punjab,sweet_potato,vegetables_root,52.5,very_low,kharif,northern_plains,6284,4026,90546,31.6,1267,15,38,6.3,8.3,528
Punjab,carrot,vegetables_root,45.3,very_low,kharif,northern_plains,19421,6533,102392,49.3,770,22,41,6.4,8.5,746
Punjab,radish,vegetables_root,42.9,very_low,kharif,northern_plains,16437,6852,51780,7.1,862,17,26,6.3,7.4,881
Punjab,turnip,vegetables_root,41.5,very_low,kharif,northern_plains,20189,3718,137148,13.4,1481,21,40,5.7,7,826
Punjab,beetroot,vegetables_root,42.2,very_low,kharif,northern_plains,10804,3370,15325,49.8,1442,11,31,5.9,7.4,1141
Punjab,onion_vegetable,vegetables_root,50.8,very_low,kharif,northern_plains,25500,6281,162444,44,1089,12,37,6,8.5,758
Punjab,garlic_vegetable,vegetables_root,40.6,very_low,kharif,northern_plains,14033,7736,89115,7.6,230,17,44,6.4,8.4,861
Punjab,ginger_vegetable,vegetables_root,52.9,very_low,kharif,northern_plains,608,7427,28775,37.8,1056,12,28,5.8,8.1,335
Punjab,turmeric_vegetable,vegetables_root,46.1,very_low,kharif,northern_plains,4188,1835,72884,17.9,1043,24,25,6.4,7.6,897
Punjab,yam,vegetables_root,52.8,very_low,kharif,northern_plains,2283,1984,135606,15.3,939,16,31,6.3,8.1,881
Punjab,taro,vegetables_root,45.6,very_low,kharif,northern_plains,7565,6719,66974,48.7,220,24,38,6.3,7.5,757
Punjab,cassava,vegetables_root,52,very_low,kharif,northern_plains,8589,3270,133776,47,770,15,42,6.2,7.6,351
Punjab,tomato,vegetables_fruit,80.8,medium,kharif,northern_plains,8361,5286,271264,20.2,822,20,30,5.6,7.6,349
Punjab,brinjal_eggplant,vegetables_fruit,50.5,very_low,kharif,northern_plains,19325,2927,42662,15.5,488,14,26,6.4,8.3,853
Punjab,okra_ladyfinger,vegetables_fruit,40.9,very_low,kharif,northern_plains,1856,1744,68045,24.4,660,12,27,6.4,7.5,496
Punjab,bottle_gourd,vegetables_fruit,47.3,very_low,kharif,northern_plains,6487,2739,51423,32.6,1251,13,34,6.5,8.1,1177
Punjab,bitter_gourd,vegetables_fruit,53.9,very_low,kharif,northern_plains,6026,6298,124136,31.5,1107,19,35,5.9,7.1,1079
Punjab,ridge_gourd,vegetables_fruit,53,very_low,kharif,northern_plains,6021,1196,468,8.3,667,12,30,6.2,8.4,486
Punjab,snake_gourd,vegetables_fruit,47,very_low,kharif,northern_plains,27811,3466,76492,15.9,402,16,31,6.2,7.4,962
Punjab,ash_gourd,vegetables_fruit,44.3,very_low,kharif,northern_plains,14031,5702,30835,17.7,519,18,26,6,7.1,603
Punjab,pumpkin,vegetables_fruit,50.3,very_low,kharif,northern_plains,5247,5311,108134,16.5,589,19,44,5.7,8,1115
Punjab,cucumber,vegetables_fruit,46.9,very_low,zaid,northern_plains,10949,1220,47175,16.6,492,12,39,6.5,7.6,344
Punjab,watermelon,vegetables_fruit,50.8,very_low,zaid,northern_plains,15083,5535,150424,11.3,419,15,34,6.4,8.4,1084
Punjab,muskmelon,vegetables_fruit,43.3,very_low,zaid,northern_plains,9583,7518,42402,11.4,1295,20,41,5.7,8.3,909
Punjab,capsicum,vegetables_fruit,49.8,very_low,kharif,northern_plains,16611,3909,23194,29.3,1172,12,29,6.2,7.4,452
Punjab,chilli_vegetable,vegetables_fruit,53.3,very_low,kharif,northern_plains,4635,3999,50417,21.3,1386,19,32,5.9,7.8,330
Punjab,drumstick,vegetables_fruit,53.9,very_low,kharif,northern_plains,10135,6444,95777,12.5,897,11,41,6,7.2,946
Punjab,green_peas,vegetables_legume,45,very_low,kharif,northern_plains,5732,2646,93432,21.3,944,24,32,5.9,7.2,1144
Punjab,french_bean,vegetables_legume,52,very_low,kharif,northern_plains,4893,7404,62048,30,1042,21,43,6.3,8.4,1038
Punjab,cluster_bean_vegetable,vegetables_legume,40.7,very_low,kharif,northern_plains,10943,1193,78494,43.2,740,15,28,5.5,8.1,366
Punjab,broad_bean,vegetables_legume,54.2,very_low,kharif,northern_plains,12688,1417,68438,20.7,239,19,43,5.5,7.4,933
Punjab,berseem,fodder,53.1,very_low,kharif,northern_plains,1105,1060,23894,8.2,667,16,34,5.6,7.7,308
Punjab,lucerne_alfalfa,fodder,43.6,very_low,kharif,northern_plains,2210,6698,28118,39,816,17,37,5.5,7.1,594
Punjab,oats_fodder,fodder,46.3,very_low,kharif,northern_plains,12649,1004,142713,12.9,523,23,25,6.5,7.1,408
Punjab,sorghum_fodder,fodder,43.6,very_low,kharif,northern_plains,9824,1733,11239,6.4,533,23,32,6.3,7.3,358
Punjab,maize_fodder,fodder,48.3,very_low,kharif,northern_plains,23783,4823,62384,9.9,1068,14,41,6.1,8.3,809
Punjab,bajra_fodder,fodder,51.6,very_low,kharif,northern_plains,8070,1135,77310,29,1181,20,37,5.6,8.4,316
Punjab,cowpea_fodder,fodder,52,very_low,kharif,northern_plains,16057,4255,101441,21.3,1166,13,39,5.7,8.1,564
Punjab,stylo,fodder,44.2,very_low,kharif,northern_plains,21391,5839,193892,12,550,14,31,5.8,8,543
Punjab,para_grass,fodder,44.3,very_low,kharif,northern_plains,4312,3554,10124,47.9,612,22,35,5.7,7.3,925
Punjab,guinea_grass,fodder,54.5,very_low,kharif,northern_plains,1697,3709,43122,41.3,809,10,43,5.9,8,900
Punjab,napier_grass,fodder,40.8,very_low,kharif,northern_plains,978,7695,63998,10.9,999,19,25,5.9,8.1,468
Punjab,tulsi,medicinal,52.8,very_low,kharif,northern_plains,391,6984,3829,45,633,20,40,5.8,7.5,758
Punjab,neem,medicinal,48.7,very_low,kharif,northern_plains,15721,6159,34857,33.8,765,22,31,5.7,7.1,1185
Punjab,aloe_vera,medicinal,45.4,very_low,kharif,northern_plains,7159,3041,26959,32.7,297,17,32,6,7.5,813
Punjab,ashwagandha,medicinal,41.2,very_low,kharif,northern_plains,4295,4066,55946,33.4,1017,16,28,6.1,8.4,466
Punjab,brahmi,medicinal,41,very_low,kharif,northern_plains,6403,3143,102135,27.2,519,24,27,5.6,7.4,369
Punjab,kalmegh,medicinal,51.3,very_low,kharif,northern_plains,11908,6339,31013,28.3,875,23,25,5.8,8.3,513
Punjab,giloy,medicinal,42.1,very_low,kharif,northern_plains,6732,4271,141230,28.4,870,14,40,6.2,7.4,588
Punjab,stevia,medicinal,51.8,very_low,kharif,northern_plains,7025,3550,22325,20.3,1243,17,34,5.7,7.3,338
Punjab,mentha_mint,medicinal,40.2,very_low,kharif,northern_plains,8203,2927,156510,22.9,1225,13,29,6.1,7,315
Punjab,lemongrass,medicinal,42.1,very_low,kharif,northern_plains,7702,5803,36183,15.8,1269,12,38,6.4,7.3,378
Punjab,citronella,medicinal,54.7,very_low,kharif,northern_plains,4361,4386,28613,49.7,255,16,35,6,7.8,1188
Punjab,palmarosa,medicinal,53.2,very_low,kharif,northern_plains,8989,1002,53073,12.4,1124,13,39,5.8,8.4,700
Punjab,vetiver,medicinal,52.6,very_low,kharif,northern_plains,22058,6199,131416,16.9,856,14,25,6.2,7.4,657
Punjab,rosemary,medicinal,44.3,very_low,kharif,northern_plains,1069,3365,9279,29.3,225,24,44,5.8,7.4,393
Punjab,lavender,medicinal,53.6,very_low,kharif,northern_plains,13347,7270,158403,42.3,1205,23,42,5.9,8.5,938
Punjab,bamboo,timber,45.6,very_low,kharif,northern_plains,13005,3527,124618,11.7,1379,14,28,6.4,7.4,1059
Punjab,eucalyptus,timber,44.4,very_low,kharif,northern_plains,6506,1487,214875,12.5,1427,22,26,5.9,7.1,596
Punjab,teak,timber,45.3,very_low,kharif,northern_plains,21467,2188,58058,31.4,422,20,33,6.4,7.9,626
Punjab,sal,timber,50.8,very_low,kharif,northern_plains,21486,2839,89474,25.3,704,14,40,5.5,7.4,427
Punjab,sandalwood,timber,41.9,very_low,kharif,northern_plains,11880,7785,64049,20.3,1277,11,26,5.8,7.7,1018
Punjab,rosewood,timber,53.9,very_low,kharif,northern_plains,10326,2491,74560,46.6,710,13,31,6,7.9,689
Punjab,pine,timber,51.4,very_low,kharif,northern_plains,14496,7040,150236,14.2,1010,20,27,6.3,7.3,1019
Punjab,deodar,timber,42.4,very_low,kharif,northern_plains,3890,3651,28727,17.2,1479,11,33,6.2,7.1,398
Punjab,button_mushroom,mushroom,42.1,very_low,kharif,northern_plains,20844,6781,180097,31,1449,14,33,5.9,7.1,1046
Punjab,oyster_mushroom,mushroom,40.4,very_low,kharif,northern_plains,10158,1043,57230,20.6,1454,19,35,5.6,7.6,332
Punjab,shiitake,mushroom,51.4,very_low,kharif,northern_plains,7933,5895,38950,33.5,1193,12,37,6.2,7.5,446
Punjab,milky_mushroom,mushroom,44.3,very_low,kharif,northern_plains,10429,1753,19231,13.1,365,17,31,6.3,8.3,725
Punjab,rose,flowers,53.3,very_low,kharif,northern_plains,12271,2137,8176,12.2,527,21,28,5.6,8.4,919
Punjab,jasmine,flowers,47.1,very_low,kharif,northern_plains,10153,1757,58214,35,720,23,26,6.3,7.8,850
Punjab,marigold,flowers,54.8,very_low,kharif,northern_plains,17301,2074,140229,39.2,1458,24,29,6,8.4,876
Punjab,chrysanthemum,flowers,47,very_low,kharif,northern_plains,4362,5656,75722,25.1,272,19,43,6,8.4,618
Punjab,tuberose,flowers,53.3,very_low,kharif,northern_plains,24752,6537,66339,45.5,1070,12,25,5.9,8.2,856
Punjab,gladiolus,flowers,47.9,very_low,kharif,northern_plains,4444,2104,36691,49.6,1343,14,36,6,7.2,1190
Punjab,lily,flowers,46.4,very_low,kharif,northern_plains,13096,2340,35913,13.7,699,12,43,6.2,8.3,1063
Punjab,orchid,flowers,50.5,very_low,kharif,northern_plains,9197,2304,15872,33.5,1012,12,32,5.6,8.1,1188
Punjab,carnation,flowers,51.1,very_low,kharif,northern_plains,12946,1669,156340,16.5,704,20,43,6,8.4,767
Punjab,gerbera,flowers,41.8,very_low,kharif,northern_plains,17558,4766,121897,29.7,909,14,29,5.8,7.7,1028
Punjab,anthurium,flowers,52.4,very_low,kharif,northern_plains,7394,3912,60656,34.1,563,23,43,5.6,8.1,329
Rajasthan,rice,cereals,55.7,low,kharif,western_india,54359,3271,417671,43.1,1332,10,41,6.4,7.9,731
Rajasthan,wheat,cereals,71.7,medium,rabi,western_india,47958,7055,621964,27.3,1221,21,36,5.7,7.5,447
Rajasthan,maize,cereals,55.1,low,kharif,western_india,25929,1234,109048,49.4,1233,21,30,6.1,7.7,861
Rajasthan,barley,cereals,46.5,very_low,rabi,western_india,20382,3305,35866,25.2,881,11,41,5.9,7.6,892
Rajasthan,jowar_sorghum,cereals,95.1,high,kharif,western_india,54151,3418,403456,44.6,913,22,44,6.1,7.2,625
Rajasthan,bajra_pearl_millet,cereals,85.5,high,kharif,western_india,7686,5145,238006,5.3,532,18,26,6.1,8,1172
Rajasthan,ragi_finger_millet,cereals,53.5,very_low,kharif,western_india,16971,3545,100061,23.2,638,20,30,5.9,7.6,1083
Rajasthan,foxtail_millet,cereals,42.6,very_low,kharif,western_india,15672,1107,133692,45.5,743,19,44,6.1,7.1,1068
Rajasthan,proso_millet,cereals,42,very_low,kharif,western_india,13248,2792,90315,25.1,1187,13,33,5.8,7.4,582
Rajasthan,barnyard_millet,cereals,44.8,very_low,kharif,western_india,15656,4234,117347,49.8,1049,20,31,6,7.3,916
Rajasthan,little_millet,cereals,45.2,very_low,kharif,western_india,5518,3824,94239,12.5,290,14,35,6.2,7.6,750
Rajasthan,kodo_millet,cereals,48.1,very_low,kharif,western_india,2012,3835,33243,29,1185,18,29,5.7,7.1,683
Rajasthan,oats,cereals,46.5,very_low,kharif,western_india,11291,3705,78924,33.8,986,23,25,5.6,8.1,618
Rajasthan,gram_chickpea,pulses,84.8,medium,rabi,western_india,18229,5117,213381,20.3,1397,10,35,5.8,7.5,523
Rajasthan,tur_arhar,pulses,42,very_low,kharif,western_india,10559,5622,66488,7.9,219,19,39,5.9,7.6,646
Rajasthan,moong_green_gram,pulses,42.3,very_low,kharif,western_india,5593,3270,134754,5,1196,23,26,6.1,7.6,370
Rajasthan,urad_black_gram,pulses,50.2,very_low,kharif,western_india,14376,6694,51221,35.5,1166,12,44,5.8,8.1,978
Rajasthan,masur_lentil,pulses,47.6,very_low,kharif,western_india,3557,2639,52233,16.8,910,14,25,5.9,7.9,996
Rajasthan,rajma_kidney_bean,pulses,40.4,very_low,kharif,western_india,14947,2832,94331,27.9,358,19,44,6.4,8,760
Rajasthan,cowpea_lobhia,pulses,44.8,very_low,kharif,western_india,6045,7454,29109,22,761,16,25,5.8,7.7,984
Rajasthan,field_pea,pulses,48.5,very_low,kharif,western_india,11830,5661,35233,9.7,1244,17,28,5.8,8.1,887
Rajasthan,black_eyed_pea,pulses,54.2,very_low,kharif,western_india,1190,5902,39499,19.6,455,14,41,6.1,7.2,827
Rajasthan,horse_gram,pulses,49.5,very_low,kharif,western_india,23848,1440,192072,7.3,400,11,28,6.3,8,918
Rajasthan,moth_bean,pulses,53.8,very_low,kharif,western_india,236,5478,123894,48.9,673,22,41,5.6,7.9,455
Rajasthan,cluster_bean_guar,pulses,46.7,very_low,kharif,western_india,21835,4992,178520,11.9,453,13,40,6.4,7.8,1162
Rajasthan,groundnut_peanut,oilseeds,94.5,high,kharif,western_india,144361,6946,171350,12.6,546,23,43,5.9,8.4,792
Rajasthan,mustard,oilseeds,77.1,medium,rabi,western_india,76147,4181,19022,5.6,1015,11,39,6.1,7.7,938
Rajasthan,rapeseed,oilseeds,54.9,very_low,rabi,western_india,8381,6899,2161,14.2,877,18,26,5.9,7.8,680
Rajasthan,sesame_til,oilseeds,65.5,low,kharif,western_india,31929,3979,387126,30,1331,17,36,5.6,8.3,680
Rajasthan,sunflower,oilseeds,65.8,low,kharif,western_india,566,3802,61179,22.9,617,13,27,6.2,8.1,538
Rajasthan,safflower,oilseeds,47.4,very_low,kharif,western_india,6973,2943,28852,44.3,1283,16,39,6,7.1,1040
Rajasthan,niger,oilseeds,43.3,very_low,kharif,western_india,12843,5833,91112,36.6,242,10,42,6.2,8.2,710
Rajasthan,linseed_flax,oilseeds,46.9,very_low,kharif,western_india,5195,6134,137260,45.8,872,16,41,6.3,8.3,890
Rajasthan,castor,oilseeds,83.2,medium,kharif,western_india,58876,1621,516860,33.3,220,18,27,5.6,7.2,735
Rajasthan,coconut,oilseeds,41.7,very_low,perennial,western_india,3298,1006,27698,32.8,982,24,27,6.4,7.6,648
Rajasthan,palm_oil,oilseeds,45.2,very_low,kharif,western_india,6043,6511,87521,48.3,1220,19,34,6.4,8.1,445
Rajasthan,olive,oilseeds,50.2,very_low,kharif,western_india,11169,7288,97275,47.2,1326,11,25,5.9,8.3,507
Rajasthan,walnut,oilseeds,50.4,very_low,kharif,western_india,14612,2154,37484,15.9,913,14,41,5.8,8,1153
Rajasthan,almond,oilseeds,49.1,very_low,kharif,western_india,12351,1087,30572,22.4,454,19,36,5.9,7.4,690
Rajasthan,cotton,fiber,88.8,high,kharif,western_india,65537,5216,950867,18.4,1431,13,39,5.6,8,713
Rajasthan,jute,fiber,48.5,very_low,kharif,western_india,6009,6363,83990,15.7,658,10,26,5.6,7.4,983
Rajasthan,mesta,fiber,47.7,very_low,kharif,western_india,19579,5109,103509,46.9,940,17,42,5.6,8,401
Rajasthan,flax,fiber,52.3,very_low,kharif,western_india,13148,5627,159857,26.7,1377,16,42,6.1,7.6,303
Rajasthan,hemp,fiber,44.4,very_low,kharif,western_india,11885,3950,107255,17.9,839,15,43,6.1,8.3,918
Rajasthan,sisal,fiber,43.2,very_low,kharif,western_india,2636,4140,52541,29.2,590,20,43,6.2,7.5,840
Rajasthan,coir,fiber,53.3,very_low,kharif,western_india,1956,1915,61045,37.9,1054,16,39,6.1,7.9,482
Rajasthan,sugarcane,sugar,89.1,high,perennial,western_india,163369,6425,409146,7.5,1198,16,29,5.6,7,684
Rajasthan,sugar_beet,sugar,45.1,very_low,kharif,western_india,23376,2447,46706,20.2,805,20,32,5.6,8.1,1015
Rajasthan,turmeric,spices,43.7,very_low,kharif,western_india,6781,2458,38199,40,485,22,38,5.7,7.8,852
Rajasthan,coriander,spices,73,medium,kharif,western_india,48305,5856,335876,8.2,1402,20,37,6.1,7.6,1185
Rajasthan,cumin,spices,72,medium,kharif,western_india,56209,7167,756307,30.3,1419,23,26,5.7,8,1129
Rajasthan,fennel,spices,76.5,medium,kharif,western_india,53483,2362,365703,22.3,925,23,34,5.5,7.9,593
Rajasthan,fenugreek,spices,51.7,very_low,kharif,western_india,14431,7361,56344,49.5,394,19,25,5.7,8,341
Rajasthan,ajwain,spices,41.5,very_low,kharif,western_india,9173,1111,61129,33.2,723,11,37,6.1,7.8,923
Rajasthan,black_pepper,spices,43.1,very_low,kharif,western_india,4003,3748,12960,41.9,899,24,43,6.5,7.2,845
Rajasthan,cardamom_small,spices,46.1,very_low,kharif,western_india,6519,1336,116999,48.5,892,14,43,5.9,8.4,1070
Rajasthan,cardamom_large,spices,47.9,very_low,kharif,western_india,16554,5487,30466,36.2,204,20,36,5.8,8.2,664
Rajasthan,cinnamon,spices,47.3,very_low,kharif,western_india,4298,2171,23390,16.3,259,16,35,6.1,7.7,1082
Rajasthan,clove,spices,40.6,very_low,kharif,western_india,19323,1287,88558,31.5,448,13,40,6.1,7.5,988
Rajasthan,nutmeg,spices,51.2,very_low,kharif,western_india,8348,5651,46540,33.3,526,14,31,6.4,8.3,808
Rajasthan,ginger,spices,48.5,very_low,kharif,western_india,7263,3296,54527,42.8,259,19,36,5.7,8,799
Rajasthan,garlic,spices,51.5,very_low,kharif,western_india,5485,7985,67379,35.8,613,11,43,5.6,8.5,413
Rajasthan,onion,spices,87.2,high,rabi,western_india,101513,6532,1524579,21.1,226,19,39,5.9,7.3,575
Rajasthan,chilli,spices,49.8,very_low,kharif,western_india,14833,2527,133965,12,628,18,39,5.8,8.4,935
Rajasthan,tamarind,spices,43.3,very_low,kharif,western_india,17145,6268,179645,37,657,21,38,6.1,7.5,1128
Rajasthan,vanilla,spices,47.7,very_low,kharif,western_india,9503,6465,61705,41.5,340,20,34,6.2,7.8,420
Rajasthan,saffron,spices,47.2,very_low,kharif,western_india,22181,3101,221250,40.1,673,19,33,5.6,8.2,471
Rajasthan,mint,spices,46.9,very_low,kharif,western_india,22438,1439,75812,32.7,1213,23,25,6.1,7,1008
Rajasthan,basil,spices,42.2,very_low,kharif,western_india,4562,6350,64753,30.1,990,13,30,5.6,7,515
Rajasthan,oregano,spices,47.7,very_low,kharif,western_india,19311,1488,53072,39.7,825,12,32,5.8,7.1,987
Rajasthan,thyme,spices,44.4,very_low,kharif,western_india,25701,6013,75719,17.6,817,15,43,5.6,8.1,849
Rajasthan,tea,plantation,52.1,very_low,perennial,western_india,13203,7739,15528,9.7,711,17,28,5.6,7,988
Rajasthan,coffee_arabica,plantation,47.3,very_low,perennial,western_india,9866,5924,105142,32.5,681,11,43,6.3,7.5,1162
Rajasthan,coffee_robusta,plantation,44.5,very_low,perennial,western_india,14287,3163,49088,23.5,808,11,25,6.4,7.5,391
Rajasthan,rubber,plantation,51.4,very_low,perennial,western_india,3018,7738,117114,9.8,1369,23,37,6,7.3,409
Rajasthan,cocoa,plantation,49.1,very_low,kharif,western_india,18289,2265,61530,29.6,1012,11,37,6.2,7.3,521
Rajasthan,cashew,plantation,43.9,very_low,kharif,western_india,11891,4714,166939,21.7,337,19,38,5.8,7.1,898
Rajasthan,areca_nut,plantation,50.6,very_low,kharif,western_india,7325,7572,15134,28.5,1105,13,40,6.4,8.2,533
Rajasthan,betelvine,plantation,52.1,very_low,kharif,western_india,5001,2175,132850,24.2,1325,12,40,5.6,7,1195
Rajasthan,black_pepper_plantation,plantation,41.1,very_low,kharif,western_india,16915,6735,72590,32.5,1018,11,30,5.8,7.6,546
Rajasthan,mango,fruits_tropical,43.8,very_low,kharif,western_india,6589,4410,23874,40.5,1318,13,27,6.2,8.4,331
Rajasthan,banana,fruits_tropical,40.2,very_low,perennial,western_india,9403,7753,82086,30.8,1110,13,38,5.8,7.3,512
Rajasthan,papaya,fruits_tropical,50,very_low,kharif,western_india,14851,1446,7950,14.8,572,16,26,6.2,8.1,612
Rajasthan,pineapple,fruits_tropical,48.4,very_low,kharif,western_india,5060,7002,63557,9.7,1301,20,34,6.2,7.3,795
Rajasthan,jackfruit,fruits_tropical,49.3,very_low,kharif,western_india,2176,3623,214023,14.8,1257,10,25,5.8,8.2,393
Rajasthan,guava,fruits_tropical,45.7,very_low,kharif,western_india,2921,4520,32330,14.5,711,20,27,6,7.4,640
Rajasthan,coconut_fruit,fruits_tropical,52.3,very_low,kharif,western_india,7164,5409,154886,42.9,1368,17,44,6.5,7.8,787
Rajasthan,passion_fruit,fruits_tropical,50,very_low,kharif,western_india,11629,4599,5123,43.4,1422,10,40,5.9,7.9,749
Rajasthan,dragon_fruit,fruits_tropical,48.3,very_low,kharif,western_india,17014,5784,65821,36,1454,11,32,6.4,8.1,1141
Rajasthan,rambutan,fruits_tropical,40.6,very_low,kharif,western_india,21637,6705,130339,7.3,900,16,35,6.2,7.9,563
Rajasthan,sapota,fruits_tropical,49,very_low,kharif,western_india,178,3810,70675,42,914,23,27,6.5,8.4,839
Rajasthan,custard_apple,fruits_tropical,40.9,very_low,kharif,western_india,3577,5398,29157,26.7,467,12,29,5.5,8.1,576
Rajasthan,wood_apple,fruits_tropical,50.5,very_low,kharif,western_india,1740,3184,104717,46.3,721,17,40,6.3,8.4,747
Rajasthan,apple,fruits_temperate,42.9,very_low,kharif,western_india,3396,3928,127186,36.1,1152,12,44,5.7,7.1,897
Rajasthan,pear,fruits_temperate,53.6,very_low,kharif,western_india,12702,4769,7448,35.7,665,24,28,5.8,7.8,729
Rajasthan,peach,fruits_temperate,46,very_low,kharif,western_india,2536,6746,58566,30.8,910,18,39,6.1,7.4,798
Rajasthan,plum,fruits_temperate,43.7,very_low,kharif,western_india,9529,1275,127928,17.4,1396,14,44,6,7,368
Rajasthan,apricot,fruits_temperate,41.2,very_low,kharif,western_india,3060,3272,10002,24.7,674,19,28,6.4,7.8,861
Rajasthan,cherry,fruits_temperate,40.6,very_low,kharif,western_india,7930,7469,150100,33.7,1198,19,25,6.2,7.3,914
Rajasthan,strawberry,fruits_temperate,40.2,very_low,kharif,western_india,8461,3332,90091,28.5,1447,15,39,6.3,7.4,978
Rajasthan,kiwi,fruits_temperate,45.9,very_low,kharif,western_india,171,6206,18837,7.3,846,15,38,5.6,7.2,663
Rajasthan,grape,fruits_temperate,47.8,very_low,kharif,western_india,15619,7318,46345,31.8,1051,20,44,6,7.6,1066
Rajasthan,pomegranate,fruits_temperate,42.7,very_low,kharif,western_india,4824,2730,34136,49.4,653,20,30,5.8,7.4,814
Rajasthan,fig,fruits_temperate,43.4,very_low,kharif,western_india,16654,3948,5223,6,892,22,36,5.9,8.3,477
Rajasthan,persimmon,fruits_temperate,45.4,very_low,kharif,western_india,6365,7983,77214,7.3,428,17,36,6.5,7.9,899
Rajasthan,orange,fruits_citrus,43.2,very_low,kharif,western_india,7355,7054,57083,24.9,951,17,27,6.2,7.8,659
Rajasthan,lime,fruits_citrus,48.4,very_low,kharif,western_india,6429,5357,26940,38.7,877,22,41,6,7.3,962
Rajasthan,lemon,fruits_citrus,46.3,very_low,kharif,western_india,2543,5421,65560,20,1473,16,38,6.1,7.2,973
Rajasthan,grapefruit,fruits_citrus,44.8,very_low,kharif,western_india,15887,3219,74215,37.9,915,20,28,6.3,7.5,857
Rajasthan,mandarin,fruits_citrus,41.7,very_low,kharif,western_india,10717,2919,115716,34.8,1331,15,25,6.1,7.5,703
Rajasthan,sweet_lime,fruits_citrus,50.2,very_low,kharif,western_india,895,6385,94929,30.1,587,16,39,6.3,7.6,922
Rajasthan,kinnow,fruits_citrus,43.9,very_low,kharif,western_india,16349,6426,101832,15.3,758,15,31,5.7,8.1,377
Rajasthan,spinach,vegetables_leafy,53.3,very_low,kharif,western_india,13231,7919,43108,49.5,1329,11,43,5.5,7.3,826
Rajasthan,fenugreek_leaves,vegetables_leafy,41.2,very_low,kharif,western_india,12625,7962,84530,28.2,1370,11,43,5.9,8.3,901
Rajasthan,amaranth,vegetables_leafy,54.4,very_low,kharif,western_india,24264,5422,181964,39.1,410,19,27,6.4,7.1,1188
Rajasthan,cabbage,vegetables_leafy,46,very_low,kharif,western_india,12558,1317,50513,39.7,611,17,39,6.5,7.2,441
Rajasthan,cauliflower,vegetables_leafy,47.6,very_low,kharif,western_india,7654,3078,82476,44.7,409,13,38,5.6,8,583
Rajasthan,lettuce,vegetables_leafy,45.4,very_low,kharif,western_india,6449,6888,137083,29.7,956,11,39,6.1,7.1,478
Rajasthan,kale,vegetables_leafy,43,very_low,kharif,western_india,8884,7499,81940,26.5,725,15,37,5.9,7.3,842
Rajasthan,mustard_leaves,vegetables_leafy,45.9,very_low,kharif,western_india,329,2918,42201,20.9,231,13,26,6.4,7.5,313
Rajasthan,curry_leaves,vegetables_leafy,49.9,very_low,kharif,western_india,8365,2055,115320,48.7,1052,20,33,6.5,7.6,515
Rajasthan,coriander_leaves,vegetables_leafy,41.7,very_low,kharif,western_india,8164,2715,74175,22.2,1352,18,37,6.1,8.3,357
Rajasthan,potato,vegetables_root,41,very_low,rabi,western_india,18513,4035,67896,17.5,504,23,30,6.1,8.2,319
Rajasthan,sweet_potato,vegetables_root,40.5,very_low,kharif,western_india,11648,2825,364,18,317,13,31,5.6,8.1,530
Rajasthan,carrot,vegetables_root,49.9,very_low,kharif,western_india,19762,1615,37910,43.9,1268,12,27,6.4,7.3,1083
Rajasthan,radish,vegetables_root,54.4,very_low,kharif,western_india,12138,3966,90999,23.3,291,20,28,6.4,7.6,373
Rajasthan,turnip,vegetables_root,43.4,very_low,kharif,western_india,8934,6994,37784,26.1,1341,10,31,6.4,7.9,944
Rajasthan,beetroot,vegetables_root,52.6,very_low,kharif,western_india,17337,5471,112357,11.9,1420,21,30,6.1,7.6,894
Rajasthan,onion_vegetable,vegetables_root,54.9,very_low,kharif,western_india,10401,1506,40292,26.7,549,18,41,5.8,7.1,869
Rajasthan,garlic_vegetable,vegetables_root,51.3,very_low,kharif,western_india,4885,7309,112352,15.6,1451,13,39,6.3,7.6,920
Rajasthan,ginger_vegetable,vegetables_root,48.6,very_low,kharif,western_india,10550,7496,54175,49.7,756,17,38,5.7,8.4,1021
Rajasthan,turmeric_vegetable,vegetables_root,53.1,very_low,kharif,western_india,19637,5759,90925,46.9,771,17,28,6.4,7.3,481
Rajasthan,yam,vegetables_root,41.5,very_low,kharif,western_india,5355,6185,47040,37.4,454,13,41,5.9,7.2,1165
Rajasthan,taro,vegetables_root,42.7,very_low,kharif,western_india,4743,1669,16298,43.1,422,11,42,5.9,7.2,823
Rajasthan,cassava,vegetables_root,40.6,very_low,kharif,western_india,11024,7699,48566,39.4,372,16,29,6,7.6,1181
Rajasthan,tomato,vegetables_fruit,53.8,very_low,kharif,western_india,3998,4898,137196,6.7,764,10,29,5.6,8.4,451
Rajasthan,brinjal_eggplant,vegetables_fruit,42.3,very_low,kharif,western_india,15333,6305,77290,29,208,16,36,6,7.6,1009
Rajasthan,okra_ladyfinger,vegetables_fruit,47.5,very_low,kharif,western_india,4380,7030,66100,26.7,657,23,43,5.7,8.1,392
Rajasthan,bottle_gourd,vegetables_fruit,40.4,very_low,kharif,western_india,3738,2083,129826,41.8,446,11,26,5.5,7.2,1148
Rajasthan,bitter_gourd,vegetables_fruit,41.4,very_low,kharif,western_india,20233,5394,5962,31.8,1373,14,31,5.7,7.8,514
Rajasthan,ridge_gourd,vegetables_fruit,50.9,very_low,kharif,western_india,9313,6057,18248,38.7,983,19,26,6.1,7.7,737
Rajasthan,snake_gourd,vegetables_fruit,44.8,very_low,kharif,western_india,4349,3806,34398,32.5,589,14,34,6.1,7.9,1093
Rajasthan,ash_gourd,vegetables_fruit,51.5,very_low,kharif,western_india,6271,3924,31969,48.1,793,20,44,5.7,7.1,582
Rajasthan,pumpkin,vegetables_fruit,40.7,very_low,kharif,western_india,12234,7721,68256,38.9,382,18,28,5.9,7.5,852
Rajasthan,cucumber,vegetables_fruit,41.2,very_low,zaid,western_india,7408,5452,32896,11.6,1351,10,39,5.6,8,897
Rajasthan,watermelon,vegetables_fruit,52.1,very_low,zaid,western_india,565,6677,63691,43.1,1208,17,44,6,8,902
Rajasthan,muskmelon,vegetables_fruit,47.8,very_low,zaid,western_india,17379,5001,78290,34.8,246,11,27,5.9,8.3,878
Rajasthan,capsicum,vegetables_fruit,54.6,very_low,kharif,western_india,7826,3199,2117,42.2,411,13,31,6.3,7.9,538
Rajasthan,chilli_vegetable,vegetables_fruit,42.5,very_low,kharif,western_india,1930,7077,89996,48.6,1285,23,41,6.5,8.3,715
Rajasthan,drumstick,vegetables_fruit,44.8,very_low,kharif,western_india,13272,5024,122662,36.5,313,14,42,6.1,7.5,1065
Rajasthan,green_peas,vegetables_legume,43.7,very_low,kharif,western_india,5155,7099,105995,25.7,1411,23,39,6.4,8.1,865
Rajasthan,french_bean,vegetables_legume,46.3,very_low,kharif,western_india,1077,6606,15254,23.5,505,16,31,6.3,8.5,1147
Rajasthan,cluster_bean_vegetable,vegetables_legume,49.3,very_low,kharif,western_india,12032,4657,61012,45.4,433,19,40,6.1,7.1,850
Rajasthan,broad_bean,vegetables_legume,51.5,very_low,kharif,western_india,10174,7150,108564,23.5,232,16,38,6.4,8.4,1118
Rajasthan,berseem,fodder,49.9,very_low,kharif,western_india,292,3546,171602,36,808,11,29,6.1,8.3,386
Rajasthan,lucerne_alfalfa,fodder,42.3,very_low,kharif,western_india,6957,2187,33164,27.2,958,23,35,6.2,7.3,942
Rajasthan,oats_fodder,fodder,49.7,very_low,kharif,western_india,9635,2480,68075,35.1,1101,23,43,6.3,8.3,317
Rajasthan,sorghum_fodder,fodder,45.4,very_low,kharif,western_india,2510,3672,74934,28,1043,15,37,6.3,7.5,1139
Rajasthan,maize_fodder,fodder,43.2,very_low,kharif,western_india,1079,4799,223725,32.4,921,20,30,5.6,7.4,458
Rajasthan,bajra_fodder,fodder,53.9,very_low,kharif,western_india,8777,6852,46028,14,1197,14,26,6.2,8.5,809
Rajasthan,cowpea_fodder,fodder,44,very_low,kharif,western_india,11385,5909,123809,45.9,1319,19,33,6.2,8,496
Rajasthan,stylo,fodder,47.6,very_low,kharif,western_india,12749,3262,91293,22,1192,13,40,5.7,7.7,402
Rajasthan,para_grass,fodder,47.9,very_low,kharif,western_india,20021,1355,104138,43.4,1045,10,31,6.1,7.3,913
Rajasthan,guinea_grass,fodder,49.5,very_low,kharif,western_india,7795,6682,42215,16.1,1111,11,41,6.4,8.4,689
Rajasthan,napier_grass,fodder,49.3,very_low,kharif,western_india,6276,1193,83686,44.8,856,17,38,6.1,7.1,804
Rajasthan,tulsi,medicinal,49.7,very_low,kharif,western_india,16691,4639,164423,25.9,873,21,41,6.1,7.2,598
Rajasthan,neem,medicinal,40.3,very_low,kharif,western_india,9140,6636,74602,6.8,536,18,39,6.4,8.5,1102
Rajasthan,aloe_vera,medicinal,47,very_low,kharif,western_india,6187,1446,11222,15.9,248,22,34,6.3,8.4,1194
Rajasthan,ashwagandha,medicinal,54.1,very_low,kharif,western_india,10889,5185,158974,45.4,1443,20,35,6.5,8.4,729
Rajasthan,brahmi,medicinal,49.7,very_low,kharif,western_india,11488,6805,23580,26.7,827,20,27,5.6,8.4,573
Rajasthan,kalmegh,medicinal,44.9,very_low,kharif,western_india,10745,6830,82172,39.2,882,24,31,5.9,8.5,963
Rajasthan,giloy,medicinal,51.6,very_low,kharif,western_india,8544,3194,33213,29.1,1484,13,29,5.7,8.2,759
Rajasthan,stevia,medicinal,45.8,very_low,kharif,western_india,8184,3745,16077,10.4,377,15,35,5.5,7.3,458
Rajasthan,mentha_mint,medicinal,43.8,very_low,kharif,western_india,2706,7887,63436,39.3,1265,20,39,6.1,8,1135
Rajasthan,lemongrass,medicinal,42.8,very_low,kharif,western_india,1585,6861,55711,45.8,735,16,33,6.1,8.1,616
Rajasthan,citronella,medicinal,49.5,very_low,kharif,western_india,7863,4826,100115,45.3,833,10,41,5.5,7.7,317
Rajasthan,palmarosa,medicinal,45.3,very_low,kharif,western_india,8582,7488,116625,34.1,686,10,39,6.2,7.8,674
Rajasthan,vetiver,medicinal,48.1,very_low,kharif,western_india,17845,5606,180318,32.4,218,19,37,5.6,7.6,885
Rajasthan,rosemary,medicinal,50.6,very_low,kharif,western_india,23485,1815,135799,31.8,594,12,28,5.7,8.2,433
Rajasthan,lavender,medicinal,44,very_low,kharif,western_india,10274,2108,2903,21.8,596,15,40,5.5,7.1,530
Rajasthan,bamboo,timber,53.3,very_low,kharif,western_india,13342,6639,48903,38.7,874,18,36,6.1,7.1,854
Rajasthan,eucalyptus,timber,50.8,very_low,kharif,western_india,15870,2011,118113,35.4,1063,23,41,5.8,8.1,345
Rajasthan,teak,timber,47,very_low,kharif,western_india,8090,1349,134223,21,693,18,37,5.9,7.8,1193
Rajasthan,sal,timber,54.4,very_low,kharif,western_india,4101,3519,170615,24.1,1441,17,42,5.5,7.7,930
Rajasthan,sandalwood,timber,53,very_low,kharif,western_india,4028,7200,102147,9.9,803,20,34,6.4,7.6,825
Rajasthan,rosewood,timber,43.2,very_low,kharif,western_india,4671,2576,45498,7,412,16,27,5.6,8.5,684
Rajasthan,pine,timber,46.1,very_low,kharif,western_india,7943,5172,51458,22.7,1110,24,42,5.6,8,306
Rajasthan,deodar,timber,49.5,very_low,kharif,western_india,9570,5116,114638,37.8,257,21,41,5.6,7.5,1012
Rajasthan,button_mushroom,mushroom,47.4,very_low,kharif,western_india,12123,7847,178999,17.7,701,16,27,5.9,8.2,1062
Rajasthan,oyster_mushroom,mushroom,53.3,very_low,kharif,western_india,8139,4518,17054,27.4,1297,16,44,6.1,7.7,565
Rajasthan,shiitake,mushroom,40.2,very_low,kharif,western_india,12920,4617,95646,43,611,18,38,5.7,8.4,963
Rajasthan,milky_mushroom,mushroom,40.8,very_low,kharif,western_india,25406,6555,93251,49.7,361,18,28,5.9,8.4,1014
Rajasthan,rose,flowers,51.7,very_low,kharif,western_india,15965,3577,5624,33.7,671,12,43,6.1,8.4,824
Rajasthan,jasmine,flowers,41,very_low,kharif,western_india,9555,1271,52201,18.4,1093,14,25,6.2,7.5,795
Rajasthan,marigold,flowers,51.6,very_low,kharif,western_india,8542,6234,178166,32.4,1114,22,41,5.9,8.5,325
Rajasthan,chrysanthemum,flowers,54.8,very_low,kharif,western_india,6654,7185,29275,15.1,1036,20,25,6,7.7,544
Rajasthan,tuberose,flowers,48.2,very_low,kharif,western_india,4325,5992,91530,31.5,297,20,42,6,7.7,1192
Rajasthan,gladiolus,flowers,49.5,very_low,kharif,western_india,16979,2546,59549,35,792,16,25,6.4,8.3,714
Rajasthan,lily,flowers,50.5,very_low,kharif,western_india,6897,4072,71257,26.1,847,14,25,6.4,7,553
Rajasthan,orchid,flowers,46.7,very_low,kharif,western_india,9114,4231,33603,9,378,17,41,5.6,8,1012
Rajasthan,carnation,flowers,44.2,very_low,kharif,western_india,16116,5954,166534,22.9,516,18,26,5.8,8.3,778
Rajasthan,gerbera,flowers,46.6,very_low,kharif,western_india,3948,2656,101615,49.3,895,11,40,6.4,8.4,865
Rajasthan,anthurium,flowers,47.6,very_low,kharif,western_india,511,5587,127293,37.5,931,20,37,5.6,8.3,860
Sikkim,rice,cereals,80.9,medium,kharif,hill_regions,95686,4518,565278,47.8,1390,19,28,6.5,8.5,393
Sikkim,wheat,cereals,90.9,high,rabi,hill_regions,23493,2327,1000080,48.3,236,23,42,6.4,7.6,741
Sikkim,maize,cereals,76.1,medium,kharif,hill_regions,76990,1564,321889,25.8,1439,18,38,5.6,8.3,785
Sikkim,barley,cereals,97,high,rabi,hill_regions,148794,4295,249136,17.2,287,16,37,5.7,7.7,713
Sikkim,jowar_sorghum,cereals,48,very_low,kharif,hill_regions,7374,3549,31428,31.4,392,23,43,6.2,7.5,863
Sikkim,bajra_pearl_millet,cereals,49,very_low,kharif,hill_regions,5247,2179,31138,34.4,1351,15,27,5.5,7.6,509
Sikkim,ragi_finger_millet,cereals,44.8,very_low,kharif,hill_regions,9901,5469,108273,36.5,414,21,28,6.1,7.1,342
Sikkim,foxtail_millet,cereals,47,very_low,kharif,hill_regions,3794,3371,74506,20,842,21,29,6.3,8.2,1189
Sikkim,proso_millet,cereals,46.7,very_low,kharif,hill_regions,12275,1407,5704,20.1,1148,11,37,5.8,8,711
Sikkim,barnyard_millet,cereals,41.7,very_low,kharif,hill_regions,3400,2152,56077,48,1055,22,44,6,7.4,1135
Sikkim,little_millet,cereals,50.5,very_low,kharif,hill_regions,19098,6426,207933,39.2,931,17,41,6.3,7.5,748
Sikkim,kodo_millet,cereals,49.5,very_low,kharif,hill_regions,2695,2751,74680,19.9,908,22,30,5.6,8.4,934
Sikkim,oats,cereals,42.7,very_low,kharif,hill_regions,20831,6862,58514,25.2,1101,15,26,5.6,7.9,637
Sikkim,gram_chickpea,pulses,40.1,very_low,rabi,hill_regions,10705,3196,144700,25.5,1103,10,25,6.1,8.5,545
Sikkim,tur_arhar,pulses,50.2,very_low,kharif,hill_regions,4281,1546,94755,19,499,20,28,5.7,7.2,1166
Sikkim,moong_green_gram,pulses,43.7,very_low,kharif,hill_regions,5515,1144,214376,31.1,656,17,30,6.1,7.9,372
Sikkim,urad_black_gram,pulses,53.7,very_low,kharif,hill_regions,3903,3151,133150,22.2,930,24,38,6.2,7.4,901
Sikkim,masur_lentil,pulses,45.9,very_low,kharif,hill_regions,3901,2999,15164,22.1,392,22,43,6.2,7.2,607
Sikkim,rajma_kidney_bean,pulses,84.5,medium,kharif,hill_regions,50225,3470,715729,17.8,262,20,31,6.2,7.2,770
Sikkim,cowpea_lobhia,pulses,45.6,very_low,kharif,hill_regions,17727,7809,124982,39.5,887,11,38,5.6,7.4,936
Sikkim,field_pea,pulses,49.9,very_low,kharif,hill_regions,12611,7575,71117,35.5,553,24,30,6.4,8.4,947
Sikkim,black_eyed_pea,pulses,52.2,very_low,kharif,hill_regions,17631,6198,50204,6.6,903,22,42,6.3,7.3,683
Sikkim,horse_gram,pulses,49.2,very_low,kharif,hill_regions,7968,5848,110480,30.5,1061,19,28,6.4,7.4,970
Sikkim,moth_bean,pulses,42.6,very_low,kharif,hill_regions,20821,1067,181984,6.3,214,22,39,5.6,8.4,904
Sikkim,cluster_bean_guar,pulses,41.7,very_low,kharif,hill_regions,13227,2946,179649,38.2,1009,23,42,5.7,8.3,636
Sikkim,groundnut_peanut,oilseeds,46.5,very_low,kharif,hill_regions,22446,3250,152737,29.3,351,23,41,6.3,7.8,498
Sikkim,mustard,oilseeds,83.3,medium,rabi,hill_regions,3132,7872,721502,33,216,13,34,6.1,8.1,1009
Sikkim,rapeseed,oilseeds,63.3,low,rabi,hill_regions,51072,6038,479796,44.4,420,24,29,6.5,8.1,864
Sikkim,sesame_til,oilseeds,44.9,very_low,kharif,hill_regions,1708,7066,43877,30.2,1411,13,40,6,7.3,1067
Sikkim,sunflower,oilseeds,65.2,low,kharif,hill_regions,18983,6962,18929,23.7,1246,22,40,5.8,7.8,967
Sikkim,safflower,oilseeds,42.3,very_low,kharif,hill_regions,15837,6949,19759,19.8,904,20,39,5.8,7,924
Sikkim,niger,oilseeds,53.6,very_low,kharif,hill_regions,16251,7842,90063,28.6,215,24,36,5.9,7.1,626
Sikkim,linseed_flax,oilseeds,40.1,very_low,kharif,hill_regions,15694,2079,72011,13.4,1218,18,29,6.4,8.2,1156
Sikkim,castor,oilseeds,40,very_low,kharif,hill_regions,19139,6678,127334,33,1126,22,26,6.2,8.2,336
Sikkim,coconut,oilseeds,44.5,very_low,perennial,hill_regions,14107,6462,86600,41.2,789,23,29,6.2,7.4,335
Sikkim,palm_oil,oilseeds,44.3,very_low,kharif,hill_regions,16780,4561,28623,49.7,551,24,43,6,7.1,925
Sikkim,olive,oilseeds,52.7,very_low,kharif,hill_regions,4663,6619,82528,13.9,1434,24,32,5.6,7.9,585
Sikkim,walnut,oilseeds,41,very_low,kharif,hill_regions,27784,3452,165917,8,680,11,26,6.1,8.2,707
Sikkim,almond,oilseeds,47.9,very_low,kharif,hill_regions,11391,3527,8467,12.4,367,16,26,6.3,8.4,523
Sikkim,cotton,fiber,47.3,very_low,kharif,hill_regions,20078,1459,108965,20.6,852,13,28,5.7,7.1,550
Sikkim,jute,fiber,50.4,very_low,kharif,hill_regions,12872,1002,23375,42.9,553,23,42,5.7,8.3,865
Sikkim,mesta,fiber,49.5,very_low,kharif,hill_regions,11119,6146,144613,39.7,1058,11,30,6.4,7.3,725
Sikkim,flax,fiber,45.4,very_low,kharif,hill_regions,2220,3006,43525,44.4,870,19,33,6.4,8,381
Sikkim,hemp,fiber,47.2,very_low,kharif,hill_regions,19545,7337,48551,49,570,10,34,5.6,8,1110
Sikkim,sisal,fiber,53.8,very_low,kharif,hill_regions,11954,7957,102724,46.7,1391,14,25,5.9,8.3,1052
Sikkim,coir,fiber,49.1,very_low,kharif,hill_regions,1530,7682,44350,34.2,1377,23,36,6,8.1,614
Sikkim,sugarcane,sugar,49.4,very_low,perennial,hill_regions,8643,7986,79917,21.2,890,13,31,6,8.1,316
Sikkim,sugar_beet,sugar,45.9,very_low,kharif,hill_regions,4712,1549,91306,33.7,1033,15,29,5.7,7.1,466
Sikkim,turmeric,spices,67.3,low,kharif,hill_regions,1611,1889,101545,20,431,11,43,6.4,8.2,526
Sikkim,coriander,spices,44.9,very_low,kharif,hill_regions,6966,4714,121568,28.4,737,15,40,6.2,8,637
Sikkim,cumin,spices,51.6,very_low,kharif,hill_regions,20177,3855,185824,32.4,1340,20,40,6.2,7.1,736
Sikkim,fennel,spices,40.8,very_low,kharif,hill_regions,13630,3948,436,21.6,288,21,40,6.3,7,329
Sikkim,fenugreek,spices,53.6,very_low,kharif,hill_regions,8399,6568,44760,29.6,495,23,31,5.7,7.8,471
Sikkim,ajwain,spices,50.3,very_low,kharif,hill_regions,3173,1470,22418,11.1,606,22,26,5.6,7.5,797
Sikkim,black_pepper,spices,51.4,very_low,kharif,hill_regions,11880,1740,48774,17.9,1221,20,29,6.3,8.3,1094
Sikkim,cardamom_small,spices,44.1,very_low,kharif,hill_regions,1431,3800,43604,44.1,548,19,40,5.8,7.4,902
Sikkim,cardamom_large,spices,50.9,very_low,kharif,hill_regions,24858,6754,161788,10.3,1252,24,32,5.8,7.8,1160
Sikkim,cinnamon,spices,40.8,very_low,kharif,hill_regions,19741,6521,109730,46.4,374,13,31,5.5,7.6,444
Sikkim,clove,spices,50.9,very_low,kharif,hill_regions,12945,3055,19470,10.9,464,11,29,6.1,7.4,608
Sikkim,nutmeg,spices,40.8,very_low,kharif,hill_regions,4086,3440,84703,39.7,828,15,38,6.1,7.1,581
Sikkim,ginger,spices,69.7,low,kharif,hill_regions,23289,2049,363684,11,336,16,33,6.5,7.2,735
Sikkim,garlic,spices,43,very_low,kharif,hill_regions,9560,5539,65229,30.4,809,15,35,5.9,8.2,745
Sikkim,onion,spices,53.5,very_low,rabi,hill_regions,1749,3666,21357,22.7,469,23,36,6,8.2,417
Sikkim,chilli,spices,52.9,very_low,kharif,hill_regions,2852,6735,72599,32.2,1361,23,42,5.9,8.1,509
Sikkim,tamarind,spices,52.5,very_low,kharif,hill_regions,7899,7239,108546,47.9,672,12,43,6,8.3,958
Sikkim,vanilla,spices,53.1,very_low,kharif,hill_regions,18804,1842,178905,13.1,231,17,39,6.2,7.5,978
Sikkim,saffron,spices,52.6,very_low,kharif,hill_regions,8705,5295,153164,45.5,240,11,25,6,7.7,791
Sikkim,mint,spices,50.3,very_low,kharif,hill_regions,3748,3763,1419,42.3,698,19,31,6.1,7.8,487
Sikkim,basil,spices,49.4,very_low,kharif,hill_regions,5928,6039,53610,38.6,555,10,26,5.8,7.6,783
Sikkim,oregano,spices,51.4,very_low,kharif,hill_regions,18667,4242,56886,24.3,555,19,41,6,7.1,1145
Sikkim,thyme,spices,44.4,very_low,kharif,hill_regions,23054,3891,13100,47.6,1056,13,35,6.1,7.3,384
Sikkim,tea,plantation,74,medium,perennial,hill_regions,6607,2096,106304,16.2,1418,18,33,6.1,7,1105
Sikkim,coffee_arabica,plantation,48,very_low,perennial,hill_regions,17932,6112,51503,47.1,1307,24,26,6.5,7.8,904
Sikkim,coffee_robusta,plantation,43.2,very_low,perennial,hill_regions,1134,3956,22780,8.7,1441,21,35,6.2,7.9,460
Sikkim,rubber,plantation,49.5,very_low,perennial,hill_regions,5789,3241,72574,32.1,364,21,31,6.2,8.4,1082
Sikkim,cocoa,plantation,51.1,very_low,kharif,hill_regions,10188,5450,85731,44.1,604,19,30,5.8,7.8,690
Sikkim,cashew,plantation,49,very_low,kharif,hill_regions,15330,7788,148724,49.3,1166,17,33,6.2,8,901
Sikkim,areca_nut,plantation,50.8,very_low,kharif,hill_regions,6462,4954,132562,18.2,1484,21,31,5.9,8.1,310
Sikkim,betelvine,plantation,47,very_low,kharif,hill_regions,14425,6539,44911,43.9,1387,18,28,6.3,7.5,774
Sikkim,black_pepper_plantation,plantation,40.7,very_low,kharif,hill_regions,7729,5802,6717,33.1,1203,10,39,5.6,8,709
Sikkim,mango,fruits_tropical,48.3,very_low,kharif,hill_regions,4237,1497,115869,32.5,1477,22,42,6.1,7.1,1122
Sikkim,banana,fruits_tropical,41.8,very_low,perennial,hill_regions,17460,4306,27131,21.8,1484,24,39,6.4,7.1,548
Sikkim,papaya,fruits_tropical,45.5,very_low,kharif,hill_regions,3923,1651,42435,5.2,551,22,29,5.6,7.4,1044
Sikkim,pineapple,fruits_tropical,48.8,very_low,kharif,hill_regions,229,4305,46316,20.1,978,23,28,6.3,7.1,594
Sikkim,jackfruit,fruits_tropical,43.3,very_low,kharif,hill_regions,5272,5050,37558,26.3,737,10,41,6.3,7.4,852
Sikkim,guava,fruits_tropical,45.4,very_low,kharif,hill_regions,17656,1633,171474,13.1,426,21,28,5.6,7.5,1054
Sikkim,coconut_fruit,fruits_tropical,42.7,very_low,kharif,hill_regions,4923,3492,95940,23.2,1187,19,32,5.9,8.1,781
Sikkim,passion_fruit,fruits_tropical,53,very_low,kharif,hill_regions,20653,7924,136907,6.8,856,13,31,6,7.4,578
Sikkim,dragon_fruit,fruits_tropical,46,very_low,kharif,hill_regions,2796,6358,49825,42.4,1347,21,32,6.2,7.2,895
Sikkim,rambutan,fruits_tropical,46.1,very_low,kharif,hill_regions,17502,4938,118878,14.6,970,16,33,5.9,7.5,574
Sikkim,sapota,fruits_tropical,50.5,very_low,kharif,hill_regions,838,1339,96582,43.1,257,17,42,5.5,7.4,1127
Sikkim,custard_apple,fruits_tropical,41.2,very_low,kharif,hill_regions,11342,2061,7737,27.6,1155,12,38,6,7.5,897
Sikkim,wood_apple,fruits_tropical,42.9,very_low,kharif,hill_regions,10599,4210,60976,38.3,1052,19,42,6.5,7.9,613
Sikkim,apple,fruits_temperate,95.1,high,kharif,hill_regions,88703,4671,1347889,49.6,1238,17,35,5.8,8.2,971
Sikkim,pear,fruits_temperate,51.6,very_low,kharif,hill_regions,5168,4761,12850,21.6,313,24,40,6.1,7.3,600
Sikkim,peach,fruits_temperate,42.2,very_low,kharif,hill_regions,17040,1133,17312,15.3,1128,23,40,6,7.2,979
Sikkim,plum,fruits_temperate,41.6,very_low,kharif,hill_regions,5338,3514,44807,39.6,423,22,42,6,7.2,817
Sikkim,apricot,fruits_temperate,52.3,very_low,kharif,hill_regions,13253,5738,124706,42.1,461,16,27,5.6,8.1,1121
Sikkim,cherry,fruits_temperate,54.6,very_low,kharif,hill_regions,3232,4921,24884,18.3,1288,22,42,6,7.8,993
Sikkim,strawberry,fruits_temperate,43.6,very_low,kharif,hill_regions,724,6583,164315,18.6,1146,13,36,6.2,8.1,1184
Sikkim,kiwi,fruits_temperate,42.7,very_low,kharif,hill_regions,17287,4930,137554,24.5,1233,23,41,6.4,7.3,695
Sikkim,grape,fruits_temperate,42.6,very_low,kharif,hill_regions,6709,7720,64506,43.4,1418,11,28,5.8,7.9,355
Sikkim,pomegranate,fruits_temperate,51.8,very_low,kharif,hill_regions,1881,3671,50359,44.7,1452,23,27,6.1,7.7,413
Sikkim,fig,fruits_temperate,48.3,very_low,kharif,hill_regions,6036,1661,134170,37.7,564,23,43,6.3,8,638
Sikkim,persimmon,fruits_temperate,46.5,very_low,kharif,hill_regions,18131,6320,44755,33.1,972,22,26,6.2,7.5,416
Sikkim,orange,fruits_citrus,51,very_low,kharif,hill_regions,12188,2137,131193,41.2,575,21,27,6.2,7.1,600
Sikkim,lime,fruits_citrus,54.7,very_low,kharif,hill_regions,7469,1494,66544,17.5,602,15,29,6.4,8.4,1083
Sikkim,lemon,fruits_citrus,41.6,very_low,kharif,hill_regions,9037,7792,71033,19.7,1262,12,42,6.5,8.5,432
Sikkim,grapefruit,fruits_citrus,48.2,very_low,kharif,hill_regions,4404,4827,112307,19.8,610,10,44,6.3,8.1,319
Sikkim,mandarin,fruits_citrus,49.4,very_low,kharif,hill_regions,9053,5348,92795,16.5,235,23,43,6,7.1,748
Sikkim,sweet_lime,fruits_citrus,47.9,very_low,kharif,hill_regions,19031,1495,149239,11.1,316,15,26,6.3,7.7,828
Sikkim,kinnow,fruits_citrus,48.7,very_low,kharif,hill_regions,27097,6943,90824,11.5,969,16,29,5.6,7.7,885
Sikkim,spinach,vegetables_leafy,49.4,very_low,kharif,hill_regions,12022,3251,109919,48.9,258,17,31,5.6,7.7,877
Sikkim,fenugreek_leaves,vegetables_leafy,47.9,very_low,kharif,hill_regions,6173,2624,28981,19,1316,10,31,5.9,7.9,1010
Sikkim,amaranth,vegetables_leafy,50.9,very_low,kharif,hill_regions,5022,7382,83150,5.5,1068,19,27,6.5,7.8,722
Sikkim,cabbage,vegetables_leafy,90.2,high,kharif,hill_regions,172999,5915,824844,33.4,1292,19,27,6.2,7.8,1169
Sikkim,cauliflower,vegetables_leafy,94.5,high,kharif,hill_regions,29039,4375,1096311,13,1044,22,28,6.2,7.1,307
Sikkim,lettuce,vegetables_leafy,40.5,very_low,kharif,hill_regions,22033,6399,46227,8.2,1001,10,40,5.7,7.4,609
Sikkim,kale,vegetables_leafy,51.5,very_low,kharif,hill_regions,4466,4786,56808,48,542,11,35,5.7,7.6,468
Sikkim,mustard_leaves,vegetables_leafy,53.2,very_low,kharif,hill_regions,12860,7640,124531,28.6,1478,19,27,6.4,7.7,437
Sikkim,curry_leaves,vegetables_leafy,51.9,very_low,kharif,hill_regions,19863,6791,57742,16.5,1153,18,26,5.7,7.2,830
Sikkim,coriander_leaves,vegetables_leafy,41.3,very_low,kharif,hill_regions,7783,1931,28218,45.8,1106,14,42,5.8,7.9,631
Sikkim,potato,vegetables_root,94.8,high,rabi,hill_regions,52745,5253,1227283,29.1,1131,16,40,6.1,7.3,1101
Sikkim,sweet_potato,vegetables_root,52.6,very_low,kharif,hill_regions,16785,5730,202312,7.4,1385,14,26,5.7,7.9,343
Sikkim,carrot,vegetables_root,40,very_low,kharif,hill_regions,10456,6910,47119,17.6,300,18,32,5.8,7.7,1064
Sikkim,radish,vegetables_root,41.6,very_low,kharif,hill_regions,4185,2486,42198,25.7,842,23,42,6.1,7.4,1036
Sikkim,turnip,vegetables_root,51.9,very_low,kharif,hill_regions,680,6277,177124,32.2,1176,21,35,6.3,8.2,1124
Sikkim,beetroot,vegetables_root,53.8,very_low,kharif,hill_regions,848,1133,154704,20.2,690,17,30,6.1,8.2,531
Sikkim,onion_vegetable,vegetables_root,51.1,very_low,kharif,hill_regions,12431,3278,163695,23.1,687,19,43,6,8.1,711
Sikkim,garlic_vegetable,vegetables_root,43.3,very_low,kharif,hill_regions,1809,1149,55253,10.9,1325,24,34,5.9,7.5,874
Sikkim,ginger_vegetable,vegetables_root,49.1,very_low,kharif,hill_regions,5899,5513,74906,37.3,1423,21,31,6.3,7.7,999
Sikkim,turmeric_vegetable,vegetables_root,53.3,very_low,kharif,hill_regions,3693,4028,6325,35.9,1174,15,34,6.1,7.1,940
Sikkim,yam,vegetables_root,47.9,very_low,kharif,hill_regions,16337,5728,17350,40.2,993,20,30,5.7,8.2,651
Sikkim,taro,vegetables_root,48.6,very_low,kharif,hill_regions,12394,1486,51039,8,824,23,32,6.3,7.4,1070
Sikkim,cassava,vegetables_root,46.3,very_low,kharif,hill_regions,11981,4589,46270,7.6,416,21,43,5.7,7.9,330
Sikkim,tomato,vegetables_fruit,44.4,very_low,kharif,hill_regions,14013,1308,118637,14.1,1187,19,31,6.2,7.4,497
Sikkim,brinjal_eggplant,vegetables_fruit,40.9,very_low,kharif,hill_regions,1906,3936,1577,12,1412,21,29,6.2,8,459
Sikkim,okra_ladyfinger,vegetables_fruit,45.6,very_low,kharif,hill_regions,20960,6322,127670,34.9,861,21,39,5.5,7.9,866
Sikkim,bottle_gourd,vegetables_fruit,41,very_low,kharif,hill_regions,16383,7674,113977,11.8,687,12,38,6.3,8.3,1074
Sikkim,bitter_gourd,vegetables_fruit,41.5,very_low,kharif,hill_regions,11394,6906,46154,24.4,918,18,30,5.9,7.9,485
Sikkim,ridge_gourd,vegetables_fruit,55,very_low,kharif,hill_regions,8720,4879,56643,15.9,934,11,32,5.7,7.2,1132
Sikkim,snake_gourd,vegetables_fruit,50.5,very_low,kharif,hill_regions,12706,2511,25315,11,1146,18,26,5.5,7.8,886
Sikkim,ash_gourd,vegetables_fruit,52.3,very_low,kharif,hill_regions,13299,6135,96032,20.8,371,19,40,5.7,7.7,657
Sikkim,pumpkin,vegetables_fruit,43.1,very_low,kharif,hill_regions,3656,3932,46653,29.9,321,18,25,5.8,7.8,918
Sikkim,cucumber,vegetables_fruit,51.6,very_low,zaid,hill_regions,5806,3481,59579,17.8,1166,19,40,6.5,8.4,833
Sikkim,watermelon,vegetables_fruit,53.4,very_low,zaid,hill_regions,687,4731,101819,36.9,596,20,25,6,7.4,344
Sikkim,muskmelon,vegetables_fruit,43.7,very_low,zaid,hill_regions,13585,1164,80286,38.8,1440,23,25,5.7,7.3,671
Sikkim,capsicum,vegetables_fruit,49.7,very_low,kharif,hill_regions,11971,6439,43892,31.3,904,18,42,5.7,8,396
Sikkim,chilli_vegetable,vegetables_fruit,46.9,very_low,kharif,hill_regions,508,1756,16792,21.9,1008,24,30,5.6,7.6,431
Sikkim,drumstick,vegetables_fruit,40.4,very_low,kharif,hill_regions,18742,7025,17348,11.6,838,15,39,6,7,556
Sikkim,green_peas,vegetables_legume,53.5,very_low,kharif,hill_regions,16183,3816,109626,12.6,1157,21,26,5.7,7.7,873
Sikkim,french_bean,vegetables_legume,49.6,very_low,kharif,hill_regions,16758,4540,107546,5.4,416,17,39,6.3,8.1,737
Sikkim,cluster_bean_vegetable,vegetables_legume,44.2,very_low,kharif,hill_regions,362,5185,11445,11.5,1013,10,36,6.1,8.2,361
Sikkim,broad_bean,vegetables_legume,40,very_low,kharif,hill_regions,7529,7210,37699,31.3,342,16,42,6.1,8,503
Sikkim,berseem,fodder,53.8,very_low,kharif,hill_regions,2580,1108,3083,7.3,1385,15,30,5.9,7.6,514
Sikkim,lucerne_alfalfa,fodder,41.4,very_low,kharif,hill_regions,7342,3777,87893,25.9,854,23,35,6,7.5,939
Sikkim,oats_fodder,fodder,45.9,very_low,kharif,hill_regions,9858,4701,144049,23.6,499,18,43,6.2,7.5,1166
Sikkim,sorghum_fodder,fodder,45.1,very_low,kharif,hill_regions,5935,7997,18288,37.1,1162,20,40,6,7.1,621
Sikkim,maize_fodder,fodder,49.6,very_low,kharif,hill_regions,4659,2771,89377,37.8,1308,11,43,6.4,7,755
Sikkim,bajra_fodder,fodder,48.8,very_low,kharif,hill_regions,13057,4523,49682,9.3,470,21,29,6.3,7.6,673
Sikkim,cowpea_fodder,fodder,53,very_low,kharif,hill_regions,2824,7897,61849,13.6,415,22,36,5.6,8.3,699
Sikkim,stylo,fodder,54.8,very_low,kharif,hill_regions,8341,2211,55086,12.9,599,14,30,6.5,7.1,747
Sikkim,para_grass,fodder,49.4,very_low,kharif,hill_regions,17573,6326,177468,39,1270,17,38,6,7.4,582
Sikkim,guinea_grass,fodder,45.4,very_low,kharif,hill_regions,9042,2733,69571,46.2,727,13,31,6.4,8.4,1098
Sikkim,napier_grass,fodder,44.3,very_low,kharif,hill_regions,17316,3266,19736,17.7,1453,16,43,5.6,8.1,384
Sikkim,tulsi,medicinal,43,very_low,kharif,hill_regions,9824,5666,173833,7.4,449,19,42,6.3,7.7,970
Sikkim,neem,medicinal,43.1,very_low,kharif,hill_regions,5900,6692,35685,30.6,748,17,42,6,7,1019
Sikkim,aloe_vera,medicinal,49.3,very_low,kharif,hill_regions,22198,3003,99158,32.1,649,22,38,6.2,8.2,532
Sikkim,ashwagandha,medicinal,51.2,very_low,kharif,hill_regions,21501,4419,102884,9.4,1307,18,36,5.6,7.9,337
Sikkim,brahmi,medicinal,53.8,very_low,kharif,hill_regions,5518,5156,131596,41.2,1183,24,32,5.6,7.9,987
Sikkim,kalmegh,medicinal,44.3,very_low,kharif,hill_regions,11844,6276,24075,44.1,375,11,32,6.4,8,655
Sikkim,giloy,medicinal,42.4,very_low,kharif,hill_regions,14638,7913,148695,9.6,1146,13,44,5.5,7.4,749
Sikkim,stevia,medicinal,41.2,very_low,kharif,hill_regions,8478,4128,62293,44.6,856,24,27,5.8,8,554
Sikkim,mentha_mint,medicinal,45.2,very_low,kharif,hill_regions,15220,3342,174173,8.2,932,11,28,5.6,8.4,343
Sikkim,lemongrass,medicinal,47.7,very_low,kharif,hill_regions,5651,4455,52285,38.7,1385,14,25,6.4,8.5,690
Sikkim,citronella,medicinal,46.8,very_low,kharif,hill_regions,6193,3123,102486,13.3,692,19,31,6,8.5,757
Sikkim,palmarosa,medicinal,53.7,very_low,kharif,hill_regions,1397,7611,11280,38.1,779,16,38,6.2,8.4,531
Sikkim,vetiver,medicinal,50.5,very_low,kharif,hill_regions,12136,1994,61752,13.3,637,20,29,6.2,7.7,382
Sikkim,rosemary,medicinal,45.8,very_low,kharif,hill_regions,27093,3582,12280,10.9,1224,19,30,5.9,8.2,671
Sikkim,lavender,medicinal,51.3,very_low,kharif,hill_regions,11571,4264,69459,31.9,785,16,30,6.5,8.4,774
Sikkim,bamboo,timber,40.5,very_low,kharif,hill_regions,11435,7515,17362,38.1,1009,14,33,6.2,7.2,470
Sikkim,eucalyptus,timber,40.5,very_low,kharif,hill_regions,16213,4663,158529,49.5,423,11,30,6.4,7.6,1014
Sikkim,teak,timber,43,very_low,kharif,hill_regions,2706,3890,41843,29.7,1214,24,30,6.2,8.3,412
Sikkim,sal,timber,48.8,very_low,kharif,hill_regions,6218,1157,45831,31.3,455,14,39,5.9,7.1,659
Sikkim,sandalwood,timber,55,very_low,kharif,hill_regions,4149,2189,33187,30.9,1453,19,33,5.9,7,302
Sikkim,rosewood,timber,52,very_low,kharif,hill_regions,849,3002,56634,40.2,764,21,37,5.5,8.5,463
Sikkim,pine,timber,44.1,very_low,kharif,hill_regions,5183,3807,181239,33.7,592,19,41,5.9,7.9,1189
Sikkim,deodar,timber,54.5,very_low,kharif,hill_regions,2122,5904,43515,35.1,657,20,32,6.4,7.2,361
Sikkim,button_mushroom,mushroom,51.7,very_low,kharif,hill_regions,8489,7536,85147,34.7,225,20,32,6,8.2,771
Sikkim,oyster_mushroom,mushroom,54.8,very_low,kharif,hill_regions,18967,5120,85720,7.4,224,10,44,5.8,8.1,834
Sikkim,shiitake,mushroom,48.6,very_low,kharif,hill_regions,6675,7205,158744,34,1323,10,27,6.1,8.3,583
Sikkim,milky_mushroom,mushroom,48.2,very_low,kharif,hill_regions,10064,6368,29554,49.2,320,16,26,5.8,7.3,584
Sikkim,rose,flowers,54.2,very_low,kharif,hill_regions,6149,5485,101436,49.3,909,21,32,5.7,7.6,676
Sikkim,jasmine,flowers,46.3,very_low,kharif,hill_regions,9847,7679,187972,28.6,925,16,32,6.5,7.1,669
Sikkim,marigold,flowers,42.3,very_low,kharif,hill_regions,4966,7192,73627,46.3,1482,21,37,5.6,8.4,999
Sikkim,chrysanthemum,flowers,44.3,very_low,kharif,hill_regions,1491,5613,19580,34.3,1073,14,43,6.3,7.7,1126
Sikkim,tuberose,flowers,52.8,very_low,kharif,hill_regions,3849,4479,164925,32.4,909,24,25,5.5,8.3,334
Sikkim,gladiolus,flowers,45,very_low,kharif,hill_regions,19772,5537,149790,19.3,889,19,31,6.3,7.5,364
Sikkim,lily,flowers,43,very_low,kharif,hill_regions,16514,3910,13217,13.8,907,12,26,6.2,8.2,1065
Sikkim,orchid,flowers,52.7,very_low,kharif,hill_regions,12962,5084,3458,23.1,268,11,26,6.5,8.3,695
Sikkim,carnation,flowers,43.7,very_low,kharif,hill_regions,5001,5202,73031,7.3,743,24,27,5.9,7.4,420
Sikkim,gerbera,flowers,52.6,very_low,kharif,hill_regions,9994,3583,158586,9.1,390,23,41,6.3,7.9,563
Sikkim,anthurium,flowers,54,very_low,kharif,hill_regions,5709,3559,2867,16.5,444,12,25,5.7,7.2,340
Tamil Nadu,rice,cereals,86.8,high,kharif,southern_india,76076,5085,466214,11.4,1422,17,39,6.2,7.4,803
Tamil Nadu,wheat,cereals,64,low,rabi,southern_india,32078,6534,138963,5.7,654,11,28,5.9,7.3,1141
Tamil Nadu,maize,cereals,64.8,low,kharif,southern_india,1097,1725,352840,22.5,259,22,31,5.9,8.5,313
Tamil Nadu,barley,cereals,50.8,very_low,rabi,southern_india,2121,7062,96662,44.5,600,24,37,6.1,8.2,692
Tamil Nadu,jowar_sorghum,cereals,88.4,high,kharif,southern_india,63897,5321,1270899,27.5,724,21,30,6.2,7.2,401
Tamil Nadu,bajra_pearl_millet,cereals,93.4,high,kharif,southern_india,26554,5370,570270,30.3,1470,19,36,5.9,7.9,311
Tamil Nadu,ragi_finger_millet,cereals,92.2,high,kharif,southern_india,36551,4941,857297,22.3,744,17,40,5.5,7.7,312
Tamil Nadu,foxtail_millet,cereals,44.8,very_low,kharif,southern_india,1817,4396,150883,35.8,1216,18,42,5.6,7.7,837
Tamil Nadu,proso_millet,cereals,53.1,very_low,kharif,southern_india,179,7820,3515,11.9,748,17,41,5.9,7.8,479
Tamil Nadu,barnyard_millet,cereals,48.5,very_low,kharif,southern_india,1828,7625,11243,35.5,1380,12,29,5.9,7.4,983
Tamil Nadu,little_millet,cereals,45.1,very_low,kharif,southern_india,25562,7267,15413,12.9,420,20,25,6.3,7.8,809
Tamil Nadu,kodo_millet,cereals,48.1,very_low,kharif,southern_india,4263,2982,80882,35.5,553,22,41,5.8,7.8,614
Tamil Nadu,oats,cereals,42.9,very_low,kharif,southern_india,25899,4960,191000,33.9,935,17,29,5.6,7.7,805
Tamil Nadu,gram_chickpea,pulses,47.6,very_low,rabi,southern_india,4786,3479,79634,13.4,1378,20,26,6.2,7.8,771
Tamil Nadu,tur_arhar,pulses,54.8,very_low,kharif,southern_india,20077,7394,18345,5.4,765,21,41,6.3,7.7,974
Tamil Nadu,moong_green_gram,pulses,50.8,very_low,kharif,southern_india,2881,5349,88216,30.6,477,14,39,6.5,8.4,767
Tamil Nadu,urad_black_gram,pulses,53.3,very_low,kharif,southern_india,9133,4333,66228,5.3,1329,18,29,5.8,7.3,681
Tamil Nadu,masur_lentil,pulses,45,very_low,kharif,southern_india,16896,7875,41776,9.8,714,12,41,6,7.9,435
Tamil Nadu,rajma_kidney_bean,pulses,51.2,very_low,kharif,southern_india,14369,7737,8469,6.6,1448,20,28,5.9,7.8,932
Tamil Nadu,cowpea_lobhia,pulses,52.6,very_low,kharif,southern_india,7691,4336,55760,27.9,785,13,34,5.7,7.1,636
Tamil Nadu,field_pea,pulses,40.4,very_low,kharif,southern_india,1735,4062,166635,5.4,676,20,28,6.1,7.4,500
Tamil Nadu,black_eyed_pea,pulses,53.4,very_low,kharif,southern_india,5384,2187,32045,18.2,624,19,39,6,7.9,1031
Tamil Nadu,horse_gram,pulses,55,very_low,kharif,southern_india,17926,4432,119719,30.8,1349,16,38,6,8.3,1194
Tamil Nadu,moth_bean,pulses,43.6,very_low,kharif,southern_india,1762,1986,144862,29.5,713,20,36,5.8,7.3,831
Tamil Nadu,cluster_bean_guar,pulses,42.8,very_low,kharif,southern_india,4157,7029,3888,42.5,1007,10,37,5.9,8.3,1116
Tamil Nadu,groundnut_peanut,oilseeds,88.7,high,kharif,southern_india,84758,3069,414600,35.5,540,16,41,6.3,8.3,444
Tamil Nadu,mustard,oilseeds,48.8,very_low,rabi,southern_india,1460,6561,55955,35.1,1132,23,35,6.3,7.1,678
Tamil Nadu,rapeseed,oilseeds,46.6,very_low,rabi,southern_india,10103,7775,13238,16.9,1459,16,36,5.6,7.4,335
Tamil Nadu,sesame_til,oilseeds,42.1,very_low,kharif,southern_india,17362,7090,45767,20,940,11,41,6,8.4,405
Tamil Nadu,sunflower,oilseeds,57,low,kharif,southern_india,10182,5876,359274,9,514,13,35,6,8.1,959
Tamil Nadu,safflower,oilseeds,48.6,very_low,kharif,southern_india,18414,3778,2370,14.6,245,15,32,5.6,8.1,797
Tamil Nadu,niger,oilseeds,43.4,very_low,kharif,southern_india,16903,2341,198017,13,1203,24,39,6.2,8.4,542
Tamil Nadu,linseed_flax,oilseeds,44.2,very_low,kharif,southern_india,20160,5321,178400,15,1273,23,33,6.5,7.3,1157
Tamil Nadu,castor,oilseeds,68.5,low,kharif,southern_india,17523,4701,15495,6.8,206,17,34,6.4,7.5,892
Tamil Nadu,coconut,oilseeds,85.1,high,perennial,southern_india,228152,3483,628646,33.2,627,16,30,5.8,8,1130
Tamil Nadu,palm_oil,oilseeds,48.7,very_low,kharif,southern_india,2766,7665,74296,10.2,1380,24,31,6.2,7.8,603
Tamil Nadu,olive,oilseeds,42.3,very_low,kharif,southern_india,16099,6678,45983,29.6,727,16,40,6,7.3,542
Tamil Nadu,walnut,oilseeds,48.5,very_low,kharif,southern_india,12239,5341,150703,29.5,1470,13,43,5.7,7.8,710
Tamil Nadu,almond,oilseeds,45.6,very_low,kharif,southern_india,8178,5724,188239,13.9,1465,18,43,6.2,8,611
Tamil Nadu,cotton,fiber,81.6,medium,kharif,southern_india,45989,1224,202085,9.3,1385,19,38,6.4,8.1,411
Tamil Nadu,jute,fiber,49.3,very_low,kharif,southern_india,6562,5337,133427,22.6,1441,15,26,6.5,8.1,608
Tamil Nadu,mesta,fiber,44.2,very_low,kharif,southern_india,8020,4760,49338,49.8,1200,18,39,6.4,8.4,1007
Tamil Nadu,flax,fiber,52.7,very_low,kharif,southern_india,7144,6658,109161,45.5,372,20,37,6.3,7,1043
Tamil Nadu,hemp,fiber,44.9,very_low,kharif,southern_india,14729,4081,141760,48.3,620,21,31,6.3,7.7,704
Tamil Nadu,sisal,fiber,51.6,very_low,kharif,southern_india,5458,7968,98931,34,1040,23,28,5.6,7.6,808
Tamil Nadu,coir,fiber,44.3,very_low,kharif,southern_india,1978,6534,136699,14.6,587,22,40,6.3,7.5,1172
Tamil Nadu,sugarcane,sugar,80.7,medium,perennial,southern_india,40840,5651,114796,45.6,1180,11,43,5.9,7.7,1004
Tamil Nadu,sugar_beet,sugar,49.7,very_low,kharif,southern_india,5006,4618,86958,33.4,986,19,34,6.1,7.4,442
Tamil Nadu,turmeric,spices,79.1,medium,kharif,southern_india,6209,2731,130154,21.8,682,11,29,5.5,7.5,1016
Tamil Nadu,coriander,spices,44,very_low,kharif,southern_india,2452,1085,91289,25.8,448,14,25,6.3,7.5,497
Tamil Nadu,cumin,spices,52.1,very_low,kharif,southern_india,3145,2839,22769,5.5,1415,22,33,5.9,7.8,730
Tamil Nadu,fennel,spices,51.7,very_low,kharif,southern_india,3893,1818,145238,7.2,1366,20,33,5.7,7.5,776
Tamil Nadu,fenugreek,spices,49.9,very_low,kharif,southern_india,10790,3617,146523,46.6,1388,18,26,5.6,7.6,959
Tamil Nadu,ajwain,spices,47.5,very_low,kharif,southern_india,19049,1282,166653,19.9,260,22,43,6.3,8.2,1084
Tamil Nadu,black_pepper,spices,77.8,medium,kharif,southern_india,37471,2747,622265,38.1,716,16,44,6,8.5,1076
Tamil Nadu,cardamom_small,spices,79.6,medium,kharif,southern_india,24431,3923,421421,22.8,1276,19,31,6.3,7.5,356
Tamil Nadu,cardamom_large,spices,42.6,very_low,kharif,southern_india,8385,5389,45938,34.8,1049,18,41,5.9,8.2,1007
Tamil Nadu,cinnamon,spices,43,very_low,kharif,southern_india,15958,6815,3849,15,751,10,30,5.8,7.3,656
Tamil Nadu,clove,spices,52.2,very_low,kharif,southern_india,8724,4903,97407,22.7,490,23,41,6.1,7.1,314
Tamil Nadu,nutmeg,spices,42.7,very_low,kharif,southern_india,2018,2835,37754,38.9,1122,11,44,6.3,7.2,412
Tamil Nadu,ginger,spices,41.3,very_low,kharif,southern_india,6009,1510,83278,36.9,595,17,28,5.9,7.5,690
Tamil Nadu,garlic,spices,47,very_low,kharif,southern_india,1213,2824,11074,16.4,231,15,29,6.4,8.3,570
Tamil Nadu,onion,spices,47.1,very_low,rabi,southern_india,15398,6939,192535,47.4,597,10,27,6.1,7.8,568
Tamil Nadu,chilli,spices,43.7,very_low,kharif,southern_india,8395,5227,137899,24.4,451,22,26,6.3,8.3,813
Tamil Nadu,tamarind,spices,49.4,very_low,kharif,southern_india,14469,2845,76923,5.1,1421,24,39,5.9,7.3,743
Tamil Nadu,vanilla,spices,51.9,very_low,kharif,southern_india,11765,6946,55527,43.7,771,10,39,6.4,7.7,709
Tamil Nadu,saffron,spices,52.1,very_low,kharif,southern_india,26994,3419,131873,42,891,16,36,5.9,7.3,359
Tamil Nadu,mint,spices,49.1,very_low,kharif,southern_india,15545,2560,43826,48.7,923,15,42,6.2,7.9,1100
Tamil Nadu,basil,spices,41.4,very_low,kharif,southern_india,14534,3701,132646,11.9,637,16,38,5.7,7,1178
Tamil Nadu,oregano,spices,53.5,very_low,kharif,southern_india,7820,4422,111312,31.9,1274,23,36,5.8,7.7,1065
Tamil Nadu,thyme,spices,48.8,very_low,kharif,southern_india,25024,3613,100224,35.5,344,16,27,6.3,8.4,427
Tamil Nadu,tea,plantation,50,very_low,perennial,southern_india,17331,5870,39662,18.1,414,23,35,6.5,7.7,797
Tamil Nadu,coffee_arabica,plantation,81.8,medium,perennial,southern_india,32435,3017,107487,41.2,1232,11,30,5.9,7.8,770
Tamil Nadu,coffee_robusta,plantation,54.7,very_low,perennial,southern_india,3085,3054,70031,19.2,1221,15,34,6,7.4,590
Tamil Nadu,rubber,plantation,66.7,low,perennial,southern_india,3425,5236,371888,38.2,1102,23,26,5.9,8.2,1061
Tamil Nadu,cocoa,plantation,44,very_low,kharif,southern_india,4101,6956,126894,15,1010,17,30,6.4,7.2,720
Tamil Nadu,cashew,plantation,78.7,medium,kharif,southern_india,21841,5264,8590,42,505,20,37,5.6,7.3,540
Tamil Nadu,areca_nut,plantation,53.3,very_low,kharif,southern_india,17936,1332,1224,47.7,1141,21,43,6.5,7.1,442
Tamil Nadu,betelvine,plantation,42.8,very_low,kharif,southern_india,9545,5152,180444,35.7,285,16,26,6,7.3,301
Tamil Nadu,black_pepper_plantation,plantation,52.2,very_low,kharif,southern_india,28344,3094,194896,35.5,1240,22,44,5.7,8.2,960
Tamil Nadu,mango,fruits_tropical,44.3,very_low,kharif,southern_india,3302,7392,125603,32.6,865,13,40,5.5,7.7,1074
Tamil Nadu,banana,fruits_tropical,49.3,very_low,perennial,southern_india,1816,3006,122460,7.2,630,15,34,5.9,7.7,792
Tamil Nadu,papaya,fruits_tropical,41.9,very_low,kharif,southern_india,11352,4218,38755,24.5,427,13,35,5.9,7.7,434
Tamil Nadu,pineapple,fruits_tropical,42.3,very_low,kharif,southern_india,6807,7183,4901,49.7,1443,18,39,6.4,7.4,584
Tamil Nadu,jackfruit,fruits_tropical,41.7,very_low,kharif,southern_india,3571,7516,73580,46.4,466,20,37,5.9,8.3,691
Tamil Nadu,guava,fruits_tropical,43,very_low,kharif,southern_india,13206,2456,86120,32.6,865,19,38,5.6,7.5,973
Tamil Nadu,coconut_fruit,fruits_tropical,49.8,very_low,kharif,southern_india,3788,7519,81162,35.2,294,19,25,6.2,8.1,747
Tamil Nadu,passion_fruit,fruits_tropical,40.1,very_low,kharif,southern_india,19168,5101,132444,9.1,1129,19,31,6.2,8,839
Tamil Nadu,dragon_fruit,fruits_tropical,42.7,very_low,kharif,southern_india,15788,4031,7720,45.5,424,16,30,6.5,7.6,937
Tamil Nadu,rambutan,fruits_tropical,49,very_low,kharif,southern_india,4240,3730,85993,41.5,1313,14,31,6,7.9,955
Tamil Nadu,sapota,fruits_tropical,52.3,very_low,kharif,southern_india,944,6572,134315,28.9,1017,23,35,5.7,7.7,1132
Tamil Nadu,custard_apple,fruits_tropical,52.2,very_low,kharif,southern_india,10081,2793,39297,26.1,773,10,40,6.3,7.8,455
Tamil Nadu,wood_apple,fruits_tropical,43.7,very_low,kharif,southern_india,2227,7134,48183,10,531,24,35,6,7.8,400
Tamil Nadu,apple,fruits_temperate,54.6,very_low,kharif,southern_india,8218,1404,41548,45.5,1198,15,36,5.7,8.4,937
Tamil Nadu,pear,fruits_temperate,45.6,very_low,kharif,southern_india,4028,6505,56970,19.9,1376,12,30,5.8,7.4,826
Tamil Nadu,peach,fruits_temperate,49,very_low,kharif,southern_india,1698,2389,6345,10.6,511,15,40,5.7,8,352
Tamil Nadu,plum,fruits_temperate,49.9,very_low,kharif,southern_india,15763,2409,68619,41.2,761,13,43,6.1,8.2,322
Tamil Nadu,apricot,fruits_temperate,45.1,very_low,kharif,southern_india,11344,2329,76494,35.9,649,20,32,6,7.2,886
Tamil Nadu,cherry,fruits_temperate,43.4,very_low,kharif,southern_india,14827,4921,194030,12.5,889,15,44,6.3,8.1,483
Tamil Nadu,strawberry,fruits_temperate,43.6,very_low,kharif,southern_india,6796,3595,26492,33.7,1277,11,43,5.5,7.1,1054
Tamil Nadu,kiwi,fruits_temperate,47.4,very_low,kharif,southern_india,13443,7482,55400,32.7,1492,15,25,5.6,8.3,742
Tamil Nadu,grape,fruits_temperate,48.1,very_low,kharif,southern_india,21140,4341,178434,26.1,1077,10,27,6.4,7.5,601
Tamil Nadu,pomegranate,fruits_temperate,49.9,very_low,kharif,southern_india,1996,6360,107977,43.5,896,16,32,5.5,7.1,418
Tamil Nadu,fig,fruits_temperate,53.9,very_low,kharif,southern_india,13867,2261,32512,16.5,1381,17,41,6,7.9,849
Tamil Nadu,persimmon,fruits_temperate,40.5,very_low,kharif,southern_india,16360,4423,65948,28.7,694,17,27,6.5,7.1,734
Tamil Nadu,orange,fruits_citrus,43.1,very_low,kharif,southern_india,7316,7896,66995,16.4,841,10,35,5.6,8.2,351
Tamil Nadu,lime,fruits_citrus,40.1,very_low,kharif,southern_india,25682,1605,60958,38.4,901,24,32,5.5,7,808
Tamil Nadu,lemon,fruits_citrus,51.3,very_low,kharif,southern_india,23551,2603,152547,42.2,1287,16,37,6.1,7.9,553
Tamil Nadu,grapefruit,fruits_citrus,50.2,very_low,kharif,southern_india,4936,4105,81860,38.7,1066,17,38,5.8,7.3,515
Tamil Nadu,mandarin,fruits_citrus,40.4,very_low,kharif,southern_india,23487,3163,177217,32.3,492,10,39,6.2,7.3,599
Tamil Nadu,sweet_lime,fruits_citrus,53.5,very_low,kharif,southern_india,11003,2184,50725,27.5,813,14,30,6.2,7.4,848
Tamil Nadu,kinnow,fruits_citrus,52.7,very_low,kharif,southern_india,4692,5583,128949,17.7,708,14,35,6.3,8.3,950
Tamil Nadu,spinach,vegetables_leafy,47.3,very_low,kharif,southern_india,16570,4349,199922,13.3,405,21,42,5.6,8.1,682
Tamil Nadu,fenugreek_leaves,vegetables_leafy,50.6,very_low,kharif,southern_india,12360,7168,41320,45.2,1363,16,43,6.5,7.3,360
Tamil Nadu,amaranth,vegetables_leafy,45,very_low,kharif,southern_india,2012,1984,153741,38.2,1337,24,32,6.2,7.3,796
Tamil Nadu,cabbage,vegetables_leafy,43.1,very_low,kharif,southern_india,1419,5058,100376,10.5,853,20,34,6.4,7.2,321
Tamil Nadu,cauliflower,vegetables_leafy,45.7,very_low,kharif,southern_india,5529,2179,135960,13.5,775,24,37,6,7.5,768
Tamil Nadu,lettuce,vegetables_leafy,51,very_low,kharif,southern_india,17281,6532,18950,5.6,1154,13,42,6,7.7,995
Tamil Nadu,kale,vegetables_leafy,51.1,very_low,kharif,southern_india,16691,4607,178534,45.1,628,22,42,6.1,7.8,904
Tamil Nadu,mustard_leaves,vegetables_leafy,42.4,very_low,kharif,southern_india,9655,5013,11615,23.7,587,23,35,6.1,7.4,1019
Tamil Nadu,curry_leaves,vegetables_leafy,54,very_low,kharif,southern_india,12871,6845,39079,10.1,769,12,30,6.1,7.6,1079
Tamil Nadu,coriander_leaves,vegetables_leafy,43.4,very_low,kharif,southern_india,10950,4607,31951,31.1,1449,21,29,5.9,7.6,388
Tamil Nadu,potato,vegetables_root,53.3,very_low,rabi,southern_india,8802,3038,21642,45.6,248,15,39,5.8,7.7,808
Tamil Nadu,sweet_potato,vegetables_root,54.9,very_low,kharif,southern_india,24346,5852,54351,17.9,1269,16,32,6.4,7,772
Tamil Nadu,carrot,vegetables_root,51.6,very_low,kharif,southern_india,9244,4749,1348,29.1,967,23,29,6.3,8.1,899
Tamil Nadu,radish,vegetables_root,45.9,very_low,kharif,southern_india,12252,7931,56362,46.3,962,23,29,6.3,8.3,1048
Tamil Nadu,turnip,vegetables_root,51.8,very_low,kharif,southern_india,8471,3097,44235,18.6,569,20,38,5.7,8,561
Tamil Nadu,beetroot,vegetables_root,43,very_low,kharif,southern_india,9210,4985,40136,32.6,470,12,32,6.3,7.3,405
Tamil Nadu,onion_vegetable,vegetables_root,40.5,very_low,kharif,southern_india,5298,3044,143911,13.7,795,24,25,6.2,7.6,1115
Tamil Nadu,garlic_vegetable,vegetables_root,53.7,very_low,kharif,southern_india,4067,3996,137035,17.7,1475,22,30,6.3,7.1,793
Tamil Nadu,ginger_vegetable,vegetables_root,45.4,very_low,kharif,southern_india,8863,4518,97416,36.4,1468,21,38,5.9,7.2,352
Tamil Nadu,turmeric_vegetable,vegetables_root,47.2,very_low,kharif,southern_india,15272,7670,71628,33.3,1354,16,34,6.4,7.8,1019
Tamil Nadu,yam,vegetables_root,54,very_low,kharif,southern_india,2529,6751,140181,10.2,912,17,41,5.8,7.6,844
Tamil Nadu,taro,vegetables_root,47.8,very_low,kharif,southern_india,27967,1571,69544,5.3,743,19,34,5.6,7.3,455
Tamil Nadu,cassava,vegetables_root,47.7,very_low,kharif,southern_india,7611,1913,150526,43.6,559,16,26,5.7,8.2,628
Tamil Nadu,tomato,vegetables_fruit,49.1,very_low,kharif,southern_india,21010,4174,85075,13.6,1182,11,26,5.6,7.4,864
Tamil Nadu,brinjal_eggplant,vegetables_fruit,52.9,very_low,kharif,southern_india,21916,2021,66536,10.9,350,18,43,6.2,8.2,757
Tamil Nadu,okra_ladyfinger,vegetables_fruit,47.1,very_low,kharif,southern_india,20836,4215,76685,9.2,1267,12,35,6.1,8.1,375
Tamil Nadu,bottle_gourd,vegetables_fruit,40.2,very_low,kharif,southern_india,11091,2267,189497,40.6,952,20,28,6.5,8.5,883
Tamil Nadu,bitter_gourd,vegetables_fruit,50,very_low,kharif,southern_india,16118,4069,104306,17.7,780,16,30,6.3,7.6,796
Tamil Nadu,ridge_gourd,vegetables_fruit,42.3,very_low,kharif,southern_india,14894,4111,87090,36.6,705,15,26,6.1,8.1,823
Tamil Nadu,snake_gourd,vegetables_fruit,44.3,very_low,kharif,southern_india,2559,1328,52155,12.2,1098,24,26,6.4,8,1074
Tamil Nadu,ash_gourd,vegetables_fruit,42.3,very_low,kharif,southern_india,26956,7346,176826,9.1,486,23,29,5.8,7.1,865
Tamil Nadu,pumpkin,vegetables_fruit,48.4,very_low,kharif,southern_india,26119,4541,142628,23.6,372,23,35,5.9,7.1,898
Tamil Nadu,cucumber,vegetables_fruit,46,very_low,zaid,southern_india,13234,2285,62180,40.8,1303,22,42,5.6,8.4,309
Tamil Nadu,watermelon,vegetables_fruit,43.8,very_low,zaid,southern_india,11050,3967,29540,12.5,402,19,25,6.1,8.2,840
Tamil Nadu,muskmelon,vegetables_fruit,52.4,very_low,zaid,southern_india,1322,6046,101423,27.6,1266,16,28,6,7.3,724
Tamil Nadu,capsicum,vegetables_fruit,42.2,very_low,kharif,southern_india,12121,1811,24706,49.8,948,18,41,6,7.3,680
Tamil Nadu,chilli_vegetable,vegetables_fruit,51.3,very_low,kharif,southern_india,7698,2833,72124,31.8,562,23,44,6.2,8.5,559
Tamil Nadu,drumstick,vegetables_fruit,52.2,very_low,kharif,southern_india,6376,3228,92251,40.6,1333,19,39,5.8,8.1,844
Tamil Nadu,green_peas,vegetables_legume,43.3,very_low,kharif,southern_india,15016,6561,122095,47,383,18,25,5.7,7.4,725
Tamil Nadu,french_bean,vegetables_legume,52.3,very_low,kharif,southern_india,10934,7468,117055,7.3,429,10,26,5.8,8.1,519
Tamil Nadu,cluster_bean_vegetable,vegetables_legume,45.9,very_low,kharif,southern_india,10626,7250,140624,32.2,856,20,38,6,8.1,742
Tamil Nadu,broad_bean,vegetables_legume,54.9,very_low,kharif,southern_india,4927,3779,67688,13.6,764,20,37,6,7.7,976
Tamil Nadu,berseem,fodder,49.7,very_low,kharif,southern_india,20226,1982,136374,7,703,16,42,5.7,8,473
Tamil Nadu,lucerne_alfalfa,fodder,54.2,very_low,kharif,southern_india,14642,5525,50158,45.6,1015,17,35,6.4,7.1,650
Tamil Nadu,oats_fodder,fodder,52.6,very_low,kharif,southern_india,6910,3822,17680,32.5,1280,17,27,5.8,8.5,399
Tamil Nadu,sorghum_fodder,fodder,42.4,very_low,kharif,southern_india,26324,5949,36251,15.8,434,19,32,5.5,7.4,1074
Tamil Nadu,maize_fodder,fodder,51.9,very_low,kharif,southern_india,2164,7179,97860,27.3,1414,10,36,6.3,7.1,621
Tamil Nadu,bajra_fodder,fodder,54.7,very_low,kharif,southern_india,7628,6222,44544,23.4,282,12,42,6.3,7.5,643
Tamil Nadu,cowpea_fodder,fodder,46.6,very_low,kharif,southern_india,11122,1089,119151,18.5,1334,16,40,6.3,7.5,876
Tamil Nadu,stylo,fodder,49.1,very_low,kharif,southern_india,9269,3136,48574,29.7,241,24,37,5.9,7.1,867
Tamil Nadu,para_grass,fodder,40.3,very_low,kharif,southern_india,1930,5592,76763,34.8,380,11,29,5.9,7.4,373
Tamil Nadu,guinea_grass,fodder,44.9,very_low,kharif,southern_india,14161,7743,84234,20,1101,16,37,6.4,7.7,748
Tamil Nadu,napier_grass,fodder,51.6,very_low,kharif,southern_india,13090,1453,197115,22,611,24,42,5.8,7.5,948
Tamil Nadu,tulsi,medicinal,45,very_low,kharif,southern_india,14726,4959,91710,37.1,1182,23,35,6.3,8.2,1151
Tamil Nadu,neem,medicinal,50.7,very_low,kharif,southern_india,2899,1882,35516,11.5,313,11,44,5.8,7.7,1039
Tamil Nadu,aloe_vera,medicinal,41.8,very_low,kharif,southern_india,2741,1437,125652,43.6,1343,23,28,6.3,8.1,1132
Tamil Nadu,ashwagandha,medicinal,43.3,very_low,kharif,southern_india,5520,2805,95472,12.4,804,19,27,5.8,8.5,1015
Tamil Nadu,brahmi,medicinal,50.2,very_low,kharif,southern_india,646,1042,33633,27.3,940,11,26,6.3,7.7,1193
Tamil Nadu,kalmegh,medicinal,43.4,very_low,kharif,southern_india,18500,7108,56384,13.7,493,20,35,6.1,7,651
Tamil Nadu,giloy,medicinal,44.7,very_low,kharif,southern_india,21233,4007,137685,7.1,1028,11,39,6.1,7.5,633
Tamil Nadu,stevia,medicinal,41.4,very_low,kharif,southern_india,15915,4403,62518,33.3,829,15,27,6.1,8.1,1130
Tamil Nadu,mentha_mint,medicinal,40,very_low,kharif,southern_india,10204,5418,86854,24.4,741,15,27,5.9,7,758
Tamil Nadu,lemongrass,medicinal,52.7,very_low,kharif,southern_india,1703,7816,17089,28.8,1251,13,41,6.1,7.5,1079
Tamil Nadu,citronella,medicinal,49.3,very_low,kharif,southern_india,11353,2923,54560,9,516,14,26,5.6,7.4,909
Tamil Nadu,palmarosa,medicinal,42.8,very_low,kharif,southern_india,10480,6838,99675,46.3,1016,10,32,6.2,7.7,677
Tamil Nadu,vetiver,medicinal,50.1,very_low,kharif,southern_india,14298,3892,79412,49.2,1221,17,42,6.1,7.7,1086
Tamil Nadu,rosemary,medicinal,40.4,very_low,kharif,southern_india,6344,5998,2006,34.7,650,11,44,5.7,7.5,486
Tamil Nadu,lavender,medicinal,49.9,very_low,kharif,southern_india,22111,3176,107761,34.8,1018,20,40,5.6,7.3,960
Tamil Nadu,bamboo,timber,47.2,very_low,kharif,southern_india,8545,3604,87746,19.5,1027,13,40,6.3,7.9,632
Tamil Nadu,eucalyptus,timber,40.2,very_low,kharif,southern_india,1104,1071,71855,48,214,11,42,6.2,7.6,1193
Tamil Nadu,teak,timber,48.6,very_low,kharif,southern_india,15360,2558,91465,14.7,862,10,32,5.9,7.4,371
Tamil Nadu,sal,timber,51.6,very_low,kharif,southern_india,15018,6850,31601,24,1137,17,42,6.1,7.9,1008
Tamil Nadu,sandalwood,timber,41.8,very_low,kharif,southern_india,2050,2823,37047,30.5,1297,11,40,5.6,7.3,1125
Tamil Nadu,rosewood,timber,40.1,very_low,kharif,southern_india,3114,2973,40624,9.6,808,15,37,6.4,7.4,791
Tamil Nadu,pine,timber,45.6,very_low,kharif,southern_india,8891,5439,295,16.2,601,22,40,5.9,7.2,647
Tamil Nadu,deodar,timber,52.2,very_low,kharif,southern_india,2375,1269,50921,11.7,1168,14,42,6.1,7.6,849
Tamil Nadu,button_mushroom,mushroom,44.4,very_low,kharif,southern_india,12371,4942,879,19,407,13,26,5.7,8,1038
Tamil Nadu,oyster_mushroom,mushroom,45.2,very_low,kharif,southern_india,1050,1635,90383,42.8,314,16,44,6.2,7.3,556
Tamil Nadu,shiitake,mushroom,54.2,very_low,kharif,southern_india,6438,3489,56603,15.6,1068,13,37,5.9,7.4,925
Tamil Nadu,milky_mushroom,mushroom,54.5,very_low,kharif,southern_india,2628,4180,152309,30.3,1144,24,31,6.3,7.1,1082
Tamil Nadu,rose,flowers,51.7,very_low,kharif,southern_india,16801,5666,90300,47.6,369,24,28,6,7.3,544
Tamil Nadu,jasmine,flowers,49.5,very_low,kharif,southern_india,10066,2957,23393,43.9,1194,20,27,6.3,7.5,1194
Tamil Nadu,marigold,flowers,50.1,very_low,kharif,southern_india,19676,5159,153183,31.9,266,15,31,6.2,7.9,849
Tamil Nadu,chrysanthemum,flowers,52.7,very_low,kharif,southern_india,4636,1087,26337,6.4,508,19,28,5.6,8.5,1197
Tamil Nadu,tuberose,flowers,49.6,very_low,kharif,southern_india,10020,4774,17828,30.9,251,24,41,5.8,7.6,655
Tamil Nadu,gladiolus,flowers,52.9,very_low,kharif,southern_india,982,2502,29611,47.7,1401,14,25,6,8.2,541
Tamil Nadu,lily,flowers,46.6,very_low,kharif,southern_india,4495,6311,46179,25.1,1226,21,28,5.9,8.3,711
Tamil Nadu,orchid,flowers,49.9,very_low,kharif,southern_india,1111,2154,51899,20.9,1364,18,37,6.2,7.8,992
Tamil Nadu,carnation,flowers,51.7,very_low,kharif,southern_india,1599,7904,87599,36.9,1183,19,34,6.5,8.1,1061
Tamil Nadu,gerbera,flowers,46.6,very_low,kharif,southern_india,20645,6222,19795,32.8,635,20,36,5.6,7.8,706
Tamil Nadu,anthurium,flowers,51.6,very_low,kharif,southern_india,9752,6036,107322,49.6,657,20,28,6.3,8.2,953
Telangana,rice,cereals,86.5,high,kharif,southern_india,281193,3590,1378189,45,843,18,37,6.1,7.9,665
Telangana,wheat,cereals,63.1,low,rabi,southern_india,63673,6407,244165,40.4,704,19,36,5.8,7.7,1047
Telangana,maize,cereals,68.7,low,kharif,southern_india,18588,4034,157726,48.9,874,22,38,5.6,8,882
Telangana,barley,cereals,51.4,very_low,rabi,southern_india,2859,6385,34136,46,872,10,38,6,7.5,318
Telangana,jowar_sorghum,cereals,87.6,high,kharif,southern_india,102282,6386,328354,36.4,1369,19,40,5.7,7.1,628
Telangana,bajra_pearl_millet,cereals,94.2,high,kharif,southern_india,241667,5409,833648,40.9,398,22,32,5.7,7.2,1185
Telangana,ragi_finger_millet,cereals,93.1,high,kharif,southern_india,48592,3604,80431,9.9,1190,21,44,5.6,8.3,585
Telangana,foxtail_millet,cereals,44.9,very_low,kharif,southern_india,12375,7866,86815,9.1,1294,19,27,5.8,8,1023
Telangana,proso_millet,cereals,52.7,very_low,kharif,southern_india,11258,5789,129936,12.7,1161,15,32,5.6,7.9,384
Telangana,barnyard_millet,cereals,53.7,very_low,kharif,southern_india,22203,2719,121961,48.4,588,11,37,5.9,7.4,1194
Telangana,little_millet,cereals,51.3,very_low,kharif,southern_india,1172,2341,47244,26.9,846,10,43,6,7,931
Telangana,kodo_millet,cereals,41.1,very_low,kharif,southern_india,17205,7894,66990,11.5,319,11,41,6.2,8.5,578
Telangana,oats,cereals,52,very_low,kharif,southern_india,10731,1362,74781,18.8,435,20,42,6.3,7.5,618
Telangana,gram_chickpea,pulses,42.8,very_low,rabi,southern_india,3072,7322,127455,31.5,1289,20,31,5.8,7.3,717
Telangana,tur_arhar,pulses,41.7,very_low,kharif,southern_india,4094,7047,129294,45.1,313,21,42,5.5,8.5,570
Telangana,moong_green_gram,pulses,43.2,very_low,kharif,southern_india,339,7201,39436,28.5,1010,21,30,6.2,7.2,933
Telangana,urad_black_gram,pulses,53.8,very_low,kharif,southern_india,1468,4900,4454,13.4,447,17,29,6,7.8,957
Telangana,masur_lentil,pulses,54.2,very_low,kharif,southern_india,7256,2810,101999,47.4,1194,13,42,6.2,7.2,941
Telangana,rajma_kidney_bean,pulses,44.3,very_low,kharif,southern_india,6091,1588,121961,42.3,501,13,33,6.3,7.1,1027
Telangana,cowpea_lobhia,pulses,53.8,very_low,kharif,southern_india,1481,2886,19106,16.7,1255,10,30,6,8.3,524
Telangana,field_pea,pulses,51.7,very_low,kharif,southern_india,14727,7032,4790,28.8,1171,23,27,5.8,7.1,1051
Telangana,black_eyed_pea,pulses,52.9,very_low,kharif,southern_india,601,1715,98331,49.2,1290,21,33,6.5,8.2,602
Telangana,horse_gram,pulses,51.2,very_low,kharif,southern_india,12381,7790,36912,40.8,967,24,27,6.2,7.1,521
Telangana,moth_bean,pulses,44.8,very_low,kharif,southern_india,18004,1473,25360,14.1,751,10,44,6.1,8.2,995
Telangana,cluster_bean_guar,pulses,49.9,very_low,kharif,southern_india,25373,1894,202695,28.6,548,19,30,6,8.2,328
Telangana,groundnut_peanut,oilseeds,87.4,high,kharif,southern_india,132259,3123,2167992,46,257,15,43,5.7,7.9,588
Telangana,mustard,oilseeds,51,very_low,rabi,southern_india,7900,1000,26698,12.3,472,22,43,6.3,7.9,507
Telangana,rapeseed,oilseeds,44.1,very_low,rabi,southern_india,12621,2770,126138,40.8,1499,16,36,5.8,7.9,1176
Telangana,sesame_til,oilseeds,40.5,very_low,kharif,southern_india,4553,7876,16888,41.6,556,22,34,5.7,8.1,1057
Telangana,sunflower,oilseeds,62.1,low,kharif,southern_india,12467,7563,51287,15,574,12,33,6,7.8,336
Telangana,safflower,oilseeds,43.3,very_low,kharif,southern_india,21251,3310,96638,13.3,1268,24,30,6.3,7.5,302
Telangana,niger,oilseeds,49,very_low,kharif,southern_india,13853,6241,137812,24.7,827,16,30,6.1,8.2,442
Telangana,linseed_flax,oilseeds,54.7,very_low,kharif,southern_india,18522,7991,95585,8.2,1227,23,28,5.5,7.2,591
Telangana,castor,oilseeds,68.9,low,kharif,southern_india,24272,6983,195509,8.7,1082,24,27,5.5,8.3,880
Telangana,coconut,oilseeds,93.4,high,perennial,southern_india,227501,3782,1029078,11.5,595,16,30,6.4,7,828
Telangana,palm_oil,oilseeds,51.6,very_low,kharif,southern_india,15950,3872,181086,19.8,1175,23,27,6.4,8.2,854
Telangana,olive,oilseeds,45.6,very_low,kharif,southern_india,1505,4022,170070,41.5,462,10,41,5.9,7.2,377
Telangana,walnut,oilseeds,49.6,very_low,kharif,southern_india,18525,1220,150484,44.9,780,11,43,5.6,7.9,743
Telangana,almond,oilseeds,52.5,very_low,kharif,southern_india,9513,7164,154650,29.7,791,22,41,5.8,7.9,438
Telangana,cotton,fiber,79.5,medium,kharif,southern_india,27072,3261,497748,43,1150,14,29,6.2,7.7,834
Telangana,jute,fiber,49.7,very_low,kharif,southern_india,13062,7212,147092,11.7,962,16,30,6.1,7.8,997
Telangana,mesta,fiber,41.4,very_low,kharif,southern_india,570,6221,117199,31.4,1002,10,35,6,7.1,1004
Telangana,flax,fiber,44.2,very_low,kharif,southern_india,10005,7969,41732,7.6,1473,13,37,5.9,8,836
Telangana,hemp,fiber,50.6,very_low,kharif,southern_india,8687,4350,43089,23.5,1486,22,31,6.3,7.7,1083
Telangana,sisal,fiber,40.5,very_low,kharif,southern_india,7450,6209,25090,17.9,1141,11,29,6.3,8.3,955
Telangana,coir,fiber,47.9,very_low,kharif,southern_india,9931,1868,36983,7.3,1122,17,43,5.6,8.2,759
Telangana,sugarcane,sugar,75.5,medium,perennial,southern_india,99103,4081,233857,46.2,606,24,40,6.2,7,703
Telangana,sugar_beet,sugar,47.5,very_low,kharif,southern_india,2777,3572,10674,18.1,308,21,38,6.4,7.6,1007
Telangana,turmeric,spices,78.8,medium,kharif,southern_india,69123,6454,43267,8.6,324,14,36,6.1,8.1,552
Telangana,coriander,spices,49.8,very_low,kharif,southern_india,245,5862,70759,33,536,23,42,6,8.5,568
Telangana,cumin,spices,47.4,very_low,kharif,southern_india,13351,4297,18401,14.5,405,18,31,5.6,7.8,902
Telangana,fennel,spices,51,very_low,kharif,southern_india,13031,3734,146488,5.6,1023,16,34,5.8,7.2,661
Telangana,fenugreek,spices,44.6,very_low,kharif,southern_india,27570,5507,211149,38.8,649,19,29,6.2,7.1,1048
Telangana,ajwain,spices,48.7,very_low,kharif,southern_india,9750,7143,76215,39.8,1081,15,27,5.8,7.5,622
Telangana,black_pepper,spices,78.5,medium,kharif,southern_india,18705,6018,6614,11.7,765,12,44,6.2,7.6,401
Telangana,cardamom_small,spices,75.8,medium,kharif,southern_india,121666,4308,695801,13.8,1010,13,28,6,7.3,949
Telangana,cardamom_large,spices,54.1,very_low,kharif,southern_india,5884,2231,55926,30.2,684,19,38,5.6,8,1110
Telangana,cinnamon,spices,40.4,very_low,kharif,southern_india,12780,5968,65021,41.8,901,16,39,6.4,8.2,1137
Telangana,clove,spices,44,very_low,kharif,southern_india,6667,1311,66799,15.8,790,19,34,5.7,8.3,988
Telangana,nutmeg,spices,49,very_low,kharif,southern_india,10095,3631,30905,41.2,695,20,30,6.3,7.2,862
Telangana,ginger,spices,52.1,very_low,kharif,southern_india,16223,4681,103881,8,526,20,43,6,8.1,915
Telangana,garlic,spices,55,very_low,kharif,southern_india,16352,1806,75308,16.3,1309,16,35,6.5,8.3,1010
Telangana,onion,spices,42.1,very_low,rabi,southern_india,1404,6181,34415,10.3,1160,12,36,6.2,7.9,1194
Telangana,chilli,spices,46.5,very_low,kharif,southern_india,3396,4526,110751,47.6,1463,17,37,6.1,7.7,437
Telangana,tamarind,spices,41,very_low,kharif,southern_india,3639,7206,114194,32.8,261,19,37,5.9,8,1072
Telangana,vanilla,spices,51.4,very_low,kharif,southern_india,5249,4344,147344,41.9,235,21,28,6.1,8.2,805
Telangana,saffron,spices,46.1,very_low,kharif,southern_india,5125,6861,108442,42.1,567,21,25,5.7,7.8,666
Telangana,mint,spices,41.7,very_low,kharif,southern_india,6663,3194,1490,24.4,598,18,43,5.8,8.5,377
Telangana,basil,spices,41.3,very_low,kharif,southern_india,18222,3960,55687,40.7,1443,24,37,6.2,8.2,1018
Telangana,oregano,spices,54.9,very_low,kharif,southern_india,17453,3633,125484,44.6,597,10,31,6.5,8.2,468
Telangana,thyme,spices,40.2,very_low,kharif,southern_india,13637,1580,180706,32.8,1046,22,31,6.1,7.9,1170
Telangana,tea,plantation,42,very_low,perennial,southern_india,14588,6917,167619,5.5,533,12,34,6.4,7,739
Telangana,coffee_arabica,plantation,83.3,medium,perennial,southern_india,95696,6808,376469,17.9,263,17,34,5.9,7.2,507
Telangana,coffee_robusta,plantation,43.1,very_low,perennial,southern_india,27920,1023,39642,45,249,24,32,6,8.1,519
Telangana,rubber,plantation,56.5,low,perennial,southern_india,69424,5611,465532,47.4,497,15,29,5.6,8.1,431
Telangana,cocoa,plantation,41.4,very_low,kharif,southern_india,1199,2256,9756,44.5,1213,22,42,6.4,7.3,1110
Telangana,cashew,plantation,77.9,medium,kharif,southern_india,60407,3289,34940,8.5,750,22,31,6.3,7.1,654
Telangana,areca_nut,plantation,41.9,very_low,kharif,southern_india,26405,3279,215740,38.9,201,17,41,6,7.8,702
Telangana,betelvine,plantation,45.9,very_low,kharif,southern_india,6597,6367,66700,33.1,643,10,42,5.9,7.9,475
Telangana,black_pepper_plantation,plantation,42.1,very_low,kharif,southern_india,9398,5525,58365,46.4,406,12,28,5.9,8.3,1093
Telangana,mango,fruits_tropical,48.9,very_low,kharif,southern_india,20818,5369,42760,36.7,1200,19,30,5.9,7.7,430
Telangana,banana,fruits_tropical,46.8,very_low,perennial,southern_india,6670,1355,100353,16.1,807,10,28,6.2,7.2,865
Telangana,papaya,fruits_tropical,40,very_low,kharif,southern_india,13975,7484,76192,42.8,1243,14,42,6.1,7.2,1145
Telangana,pineapple,fruits_tropical,42.7,very_low,kharif,southern_india,9154,5376,103304,15.5,658,12,27,6.3,8.1,698
Telangana,jackfruit,fruits_tropical,41.4,very_low,kharif,southern_india,5728,6445,14859,25.3,968,24,26,5.6,8.5,665
Telangana,guava,fruits_tropical,51.2,very_low,kharif,southern_india,8250,2500,56882,39.4,1292,20,33,5.8,7.6,1123
Telangana,coconut_fruit,fruits_tropical,52.9,very_low,kharif,southern_india,5511,6459,56291,30.8,749,13,28,5.6,7,552
Telangana,passion_fruit,fruits_tropical,42.6,very_low,kharif,southern_india,1289,3390,63129,47.5,651,10,32,6.3,7.5,562
Telangana,dragon_fruit,fruits_tropical,53.8,very_low,kharif,southern_india,15475,6828,87330,31.9,492,20,31,6,7.2,566
Telangana,rambutan,fruits_tropical,47.9,very_low,kharif,southern_india,6777,4303,115428,25.7,858,20,41,6,8.4,618
Telangana,sapota,fruits_tropical,43.8,very_low,kharif,southern_india,4390,7299,73941,36.4,941,10,39,6.3,8.5,674
Telangana,custard_apple,fruits_tropical,47.5,very_low,kharif,southern_india,7603,2323,29475,49,551,21,33,5.7,8.4,717
Telangana,wood_apple,fruits_tropical,48.5,very_low,kharif,southern_india,4781,6233,39750,27.8,348,22,39,6.3,7.3,745
Telangana,apple,fruits_temperate,40.4,very_low,kharif,southern_india,5779,7395,129474,32.8,871,16,25,6.3,8,884
Telangana,pear,fruits_temperate,52.1,very_low,kharif,southern_india,11299,3984,222815,34.9,1306,13,31,5.9,7.5,1095
Telangana,peach,fruits_temperate,47.7,very_low,kharif,southern_india,9539,1260,32361,14.8,1031,12,32,6.3,7.2,372
Telangana,plum,fruits_temperate,48.1,very_low,kharif,southern_india,21849,5633,181386,16,644,22,41,6.2,7.8,315
Telangana,apricot,fruits_temperate,44.2,very_low,kharif,southern_india,798,6432,13946,21.1,1470,16,27,6.2,8.2,551
Telangana,cherry,fruits_temperate,52.1,very_low,kharif,southern_india,10742,1873,52900,28.4,1142,19,42,5.7,8,414
Telangana,strawberry,fruits_temperate,47.2,very_low,kharif,southern_india,757,1492,137614,17.9,649,19,29,5.7,7.6,353
Telangana,kiwi,fruits_temperate,53.8,very_low,kharif,southern_india,13068,2464,108581,9.5,717,11,39,5.8,7.8,312
Telangana,grape,fruits_temperate,47.9,very_low,kharif,southern_india,9319,4508,8148,20.3,259,17,27,6,7.5,985
Telangana,pomegranate,fruits_temperate,47.2,very_low,kharif,southern_india,25398,7786,56326,39.5,769,16,42,5.6,7.7,833
Telangana,fig,fruits_temperate,41,very_low,kharif,southern_india,8765,5597,202640,37.4,1351,11,34,6.1,8,405
Telangana,persimmon,fruits_temperate,49.9,very_low,kharif,southern_india,994,4285,62105,48.1,1108,18,29,5.7,7.9,500
Telangana,orange,fruits_citrus,50.6,very_low,kharif,southern_india,4255,6411,81725,20.5,468,24,40,6.3,7.3,681
Telangana,lime,fruits_citrus,41,very_low,kharif,southern_india,2787,3122,97229,24,1107,23,29,5.6,7.4,1094
Telangana,lemon,fruits_citrus,50,very_low,kharif,southern_india,15641,2657,36550,30.5,1227,13,29,6,7.2,973
Telangana,grapefruit,fruits_citrus,48.7,very_low,kharif,southern_india,17689,6127,24354,23.9,617,22,39,6,8.2,669
Telangana,mandarin,fruits_citrus,52.1,very_low,kharif,southern_india,1524,6291,9832,35.8,1140,19,41,6,8.3,812
Telangana,sweet_lime,fruits_citrus,47.6,very_low,kharif,southern_india,18430,2705,112311,15.9,319,24,27,6.2,7.6,1053
Telangana,kinnow,fruits_citrus,51.6,very_low,kharif,southern_india,6091,1192,44315,36.5,501,22,26,5.5,7,552
Telangana,spinach,vegetables_leafy,47,very_low,kharif,southern_india,12109,7996,50578,30.6,1404,21,28,6.3,7.3,687
Telangana,fenugreek_leaves,vegetables_leafy,48,very_low,kharif,southern_india,3861,1533,168684,42.2,880,19,39,6,7.4,733
Telangana,amaranth,vegetables_leafy,54.3,very_low,kharif,southern_india,12599,2579,190454,33.7,726,11,40,5.8,7.9,812
Telangana,cabbage,vegetables_leafy,50.5,very_low,kharif,southern_india,13159,1570,110518,13.7,709,17,38,6.2,8.1,385
Telangana,cauliflower,vegetables_leafy,45.8,very_low,kharif,southern_india,6314,5528,24223,27.6,1350,20,39,6.3,7.6,983
Telangana,lettuce,vegetables_leafy,40.9,very_low,kharif,southern_india,3766,2377,46218,13.2,1468,22,44,6.3,8.4,631
Telangana,kale,vegetables_leafy,47.5,very_low,kharif,southern_india,9461,6517,59108,18.3,859,10,39,6,8.3,1130
Telangana,mustard_leaves,vegetables_leafy,41.9,very_low,kharif,southern_india,29028,5389,197646,5.8,1461,16,43,5.9,8.2,676
Telangana,curry_leaves,vegetables_leafy,45.4,very_low,kharif,southern_india,20316,6880,125910,46.3,1161,11,40,5.5,8.2,598
Telangana,coriander_leaves,vegetables_leafy,49,very_low,kharif,southern_india,16006,5706,178470,21.8,911,12,34,5.7,8,591
Telangana,potato,vegetables_root,52.9,very_low,rabi,southern_india,4959,4438,23803,14.2,1218,17,29,5.5,7.7,968
Telangana,sweet_potato,vegetables_root,45.3,very_low,kharif,southern_india,6019,7713,50727,16.7,940,22,25,6.1,8.3,494
Telangana,carrot,vegetables_root,53.8,very_low,kharif,southern_india,11241,7745,22543,38.3,1264,17,25,6,7.2,806
Telangana,radish,vegetables_root,51.1,very_low,kharif,southern_india,13084,1727,16195,43.3,264,14,43,6,8,499
Telangana,turnip,vegetables_root,44.1,very_low,kharif,southern_india,12949,7723,92820,9.3,676,13,30,6,7.5,560
Telangana,beetroot,vegetables_root,54.5,very_low,kharif,southern_india,5835,2931,140700,44.9,1082,16,40,6.4,7.2,1075
Telangana,onion_vegetable,vegetables_root,52.7,very_low,kharif,southern_india,5179,4957,37877,11.5,1439,17,34,5.6,7.8,968
Telangana,garlic_vegetable,vegetables_root,43.7,very_low,kharif,southern_india,3251,3485,119761,15.7,238,18,36,5.8,8,334
Telangana,ginger_vegetable,vegetables_root,45.1,very_low,kharif,southern_india,3061,3677,50951,9.2,331,20,33,5.7,7.4,948
Telangana,turmeric_vegetable,vegetables_root,40.8,very_low,kharif,southern_india,7398,6678,127564,36,700,19,37,5.8,8.3,1186
Telangana,yam,vegetables_root,44.7,very_low,kharif,southern_india,13165,4245,80640,18.1,1395,21,33,6.3,8.1,540
Telangana,taro,vegetables_root,42.6,very_low,kharif,southern_india,21736,7978,4402,29.3,1111,18,39,5.6,7,383
Telangana,cassava,vegetables_root,45.7,very_low,kharif,southern_india,14510,1584,58808,48.1,853,11,30,6.1,7,1171
Telangana,tomato,vegetables_fruit,48.5,very_low,kharif,southern_india,12137,7705,113619,34.8,1319,22,25,5.8,7.4,305
Telangana,brinjal_eggplant,vegetables_fruit,53.2,very_low,kharif,southern_india,5776,1697,129400,42.2,943,21,40,6.2,7.3,948
Telangana,okra_ladyfinger,vegetables_fruit,48.5,very_low,kharif,southern_india,13416,7694,122895,30.8,1295,15,31,6,7.9,498
Telangana,bottle_gourd,vegetables_fruit,50.2,very_low,kharif,southern_india,15147,4660,61581,45.9,1180,17,38,5.8,7.1,483
Telangana,bitter_gourd,vegetables_fruit,41.2,very_low,kharif,southern_india,12619,3663,85612,8.8,1200,10,37,5.9,7.3,770
Telangana,ridge_gourd,vegetables_fruit,51.7,very_low,kharif,southern_india,6833,1997,86979,42.3,929,12,38,5.5,8.3,1129
Telangana,snake_gourd,vegetables_fruit,49,very_low,kharif,southern_india,2588,2598,70330,39.8,829,15,28,6.3,7,603
Telangana,ash_gourd,vegetables_fruit,43.6,very_low,kharif,southern_india,2268,4456,42951,28.3,1145,23,27,5.6,7.5,791
Telangana,pumpkin,vegetables_fruit,41.5,very_low,kharif,southern_india,13631,6239,69790,23,1249,14,32,5.5,7.8,1066
Telangana,cucumber,vegetables_fruit,40.4,very_low,zaid,southern_india,18867,4457,55935,49.8,284,13,42,5.8,8.2,599
Telangana,watermelon,vegetables_fruit,52.2,very_low,zaid,southern_india,11236,4660,33899,10.2,1132,22,39,6.4,8.3,1000
Telangana,muskmelon,vegetables_fruit,53.5,very_low,zaid,southern_india,9795,6275,16550,45.9,211,16,25,6,7.6,860
Telangana,capsicum,vegetables_fruit,51.5,very_low,kharif,southern_india,18394,1713,84876,41.7,1050,20,29,5.8,8.4,1062
Telangana,chilli_vegetable,vegetables_fruit,42.5,very_low,kharif,southern_india,10355,4105,78774,33.9,1457,23,42,6.2,7,696
Telangana,drumstick,vegetables_fruit,47.7,very_low,kharif,southern_india,24798,4160,64726,20.2,952,14,43,5.9,8.5,398
Telangana,green_peas,vegetables_legume,42.8,very_low,kharif,southern_india,17594,3477,135580,24.1,1308,14,34,5.8,7.3,679
Telangana,french_bean,vegetables_legume,45,very_low,kharif,southern_india,19311,3509,204354,48.8,1393,18,33,5.8,7,868
Telangana,cluster_bean_vegetable,vegetables_legume,48.3,very_low,kharif,southern_india,13110,1964,125779,21.2,871,15,25,6.4,7.2,823
Telangana,broad_bean,vegetables_legume,53.2,very_low,kharif,southern_india,6028,3644,10428,24.1,823,10,34,5.6,8.3,885
Telangana,berseem,fodder,40.8,very_low,kharif,southern_india,9766,2579,54112,31.9,306,10,37,6.5,7.7,671
Telangana,lucerne_alfalfa,fodder,54.2,very_low,kharif,southern_india,3677,7335,76751,7.4,1076,22,30,5.9,7.3,870
Telangana,oats_fodder,fodder,50,very_low,kharif,southern_india,7742,5609,3305,30,998,16,43,5.8,7.1,904
Telangana,sorghum_fodder,fodder,49.1,very_low,kharif,southern_india,7117,3768,110036,43.8,738,21,28,5.9,7.2,1154
Telangana,maize_fodder,fodder,42.7,very_low,kharif,southern_india,1680,7449,91802,48.3,254,12,32,6.1,7.5,940
Telangana,bajra_fodder,fodder,42.5,very_low,kharif,southern_india,8892,4557,100408,7.7,1401,21,33,6,7,748
Telangana,cowpea_fodder,fodder,46.4,very_low,kharif,southern_india,14292,2273,24812,28.5,1093,10,35,5.8,8.1,721
Telangana,stylo,fodder,52.5,very_low,kharif,southern_india,14868,6015,118899,41.6,832,15,40,5.9,7.1,1072
Telangana,para_grass,fodder,46,very_low,kharif,southern_india,8224,7228,87161,30,314,20,37,5.7,8.4,378
Telangana,guinea_grass,fodder,45.6,very_low,kharif,southern_india,10854,1247,40569,43.8,526,11,27,5.9,7.6,946
Telangana,napier_grass,fodder,43.6,very_low,kharif,southern_india,24012,7049,122304,47.3,1488,18,30,6.4,8.3,376
Telangana,tulsi,medicinal,54,very_low,kharif,southern_india,5697,3402,44470,28.2,953,16,33,6.2,7,1152
Telangana,neem,medicinal,50.7,very_low,kharif,southern_india,10327,7760,303,8.4,1245,21,30,6.1,7.8,774
Telangana,aloe_vera,medicinal,48.9,very_low,kharif,southern_india,29500,7871,131269,19.3,928,19,31,6.1,7.9,1113
Telangana,ashwagandha,medicinal,43.6,very_low,kharif,southern_india,10928,1909,60749,7.6,615,11,43,5.6,8.2,1115
Telangana,brahmi,medicinal,47,very_low,kharif,southern_india,6645,2643,15748,30.5,663,20,36,6.3,7.1,511
Telangana,kalmegh,medicinal,48.5,very_low,kharif,southern_india,22509,5756,126912,33.4,477,18,34,5.9,8.3,1046
Telangana,giloy,medicinal,41.2,very_low,kharif,southern_india,7062,2507,224377,25,1246,14,42,6.3,7.8,934
Telangana,stevia,medicinal,54.5,very_low,kharif,southern_india,9506,6059,58980,48.3,252,16,39,5.9,7.4,672
Telangana,mentha_mint,medicinal,53.2,very_low,kharif,southern_india,7156,5700,102578,30.2,708,11,37,5.9,7.6,510
Telangana,lemongrass,medicinal,43.7,very_low,kharif,southern_india,12477,1765,9690,15.1,833,19,27,5.9,7.1,333
Telangana,citronella,medicinal,53,very_low,kharif,southern_india,18146,2273,59863,25,1055,18,36,5.7,7.7,1041
Telangana,palmarosa,medicinal,47.6,very_low,kharif,southern_india,5867,6283,15234,31.1,1454,15,25,6.1,7.1,472
Telangana,vetiver,medicinal,40.7,very_low,kharif,southern_india,11486,6143,36770,45.4,1064,16,26,6.2,7.6,572
Telangana,rosemary,medicinal,44.3,very_low,kharif,southern_india,7567,2017,42342,5.7,1016,15,37,5.6,7.4,399
Telangana,lavender,medicinal,49.7,very_low,kharif,southern_india,7557,1942,91859,23.7,364,10,31,6.4,7.2,1011
Telangana,bamboo,timber,46.3,very_low,kharif,southern_india,22815,7984,14459,40.8,290,14,37,5.9,7.8,1169
Telangana,eucalyptus,timber,52.3,very_low,kharif,southern_india,10432,1339,62679,32.4,1129,23,30,6.4,8,369
Telangana,teak,timber,45.7,very_low,kharif,southern_india,7011,1811,86275,10.9,1389,22,34,5.6,7.8,833
Telangana,sal,timber,53.3,very_low,kharif,southern_india,7890,4939,15963,10.5,1102,15,44,6.4,7.8,877
Telangana,sandalwood,timber,42.4,very_low,kharif,southern_india,12945,4649,194778,5.3,842,19,28,5.6,7.8,792
Telangana,rosewood,timber,45,very_low,kharif,southern_india,8516,4615,41518,5.5,753,17,40,5.9,7.4,843
Telangana,pine,timber,45.7,very_low,kharif,southern_india,13366,4756,23642,35.2,1244,21,36,6,8.2,937
Telangana,deodar,timber,48.6,very_low,kharif,southern_india,4096,1139,172495,47.1,1224,15,28,5.9,8.1,601
Telangana,button_mushroom,mushroom,51.9,very_low,kharif,southern_india,14866,7511,167703,37,459,24,29,5.9,8.2,487
Telangana,oyster_mushroom,mushroom,49.6,very_low,kharif,southern_india,12026,7706,123921,18.3,274,24,36,5.7,7.9,337
Telangana,shiitake,mushroom,42.8,very_low,kharif,southern_india,9252,3275,118867,44,1082,16,38,6.2,8.2,576
Telangana,milky_mushroom,mushroom,41.7,very_low,kharif,southern_india,3069,4234,43807,19.9,811,23,38,5.7,8.3,750
Telangana,rose,flowers,43.1,very_low,kharif,southern_india,4089,3571,132460,34.6,821,13,30,6.5,7.5,854
Telangana,jasmine,flowers,47.5,very_low,kharif,southern_india,9889,1615,55167,41.5,1173,22,39,5.9,8.3,1121
Telangana,marigold,flowers,46.6,very_low,kharif,southern_india,9666,2952,18284,16.8,1297,18,42,6.2,7.5,466
Telangana,chrysanthemum,flowers,48.5,very_low,kharif,southern_india,24151,6346,175626,28.7,420,14,36,5.8,8.2,635
Telangana,tuberose,flowers,41.7,very_low,kharif,southern_india,17985,2772,201336,23.1,1084,23,28,6.4,8.1,450
Telangana,gladiolus,flowers,50,very_low,kharif,southern_india,22021,6324,35713,13.6,912,18,43,6,7.5,471
Telangana,lily,flowers,40.8,very_low,kharif,southern_india,6578,2233,77500,31.8,1324,16,36,6,8.5,1017
Telangana,orchid,flowers,48.9,very_low,kharif,southern_india,5672,6143,174018,10.8,1028,17,42,5.5,7.2,333
Telangana,carnation,flowers,42.4,very_low,kharif,southern_india,3582,5356,167829,6.6,234,24,38,5.6,7.5,1186
Telangana,gerbera,flowers,43.4,very_low,kharif,southern_india,6233,3789,176569,6.3,599,17,37,5.5,7.6,609
Telangana,anthurium,flowers,40.4,very_low,kharif,southern_india,15950,2922,80214,18.4,338,14,34,5.8,7.9,1154
Tripura,rice,cereals,85.9,high,kharif,eastern_india,2895,1007,276100,26.6,262,20,25,6,8,513
Tripura,wheat,cereals,78.7,medium,rabi,eastern_india,21823,6728,262524,41.6,481,15,27,6,7.6,305
Tripura,maize,cereals,77,medium,kharif,eastern_india,71455,4455,470652,42,266,15,25,5.5,7.1,730
Tripura,barley,cereals,46.8,very_low,rabi,eastern_india,3027,2711,26714,33.8,1106,15,40,5.9,7.8,430
Tripura,jowar_sorghum,cereals,43.5,very_low,kharif,eastern_india,23993,5932,10877,11.4,779,20,28,6.3,7.8,997
Tripura,bajra_pearl_millet,cereals,48.4,very_low,kharif,eastern_india,5650,6041,148921,44.2,238,19,44,6.1,7.3,1089
Tripura,ragi_finger_millet,cereals,44,very_low,kharif,eastern_india,4754,1701,10145,25.8,996,23,39,6.3,7.6,586
Tripura,foxtail_millet,cereals,48.9,very_low,kharif,eastern_india,13690,2851,70871,25.2,218,23,35,6.3,7.3,800
Tripura,proso_millet,cereals,53.9,very_low,kharif,eastern_india,5034,3718,43893,32,711,20,34,5.7,8.4,515
Tripura,barnyard_millet,cereals,48.4,very_low,kharif,eastern_india,10310,7495,32774,10.4,1200,13,39,6.4,7.9,1075
Tripura,little_millet,cereals,43.4,very_low,kharif,eastern_india,6611,2580,198592,30,1239,22,37,5.7,8,357
Tripura,kodo_millet,cereals,43,very_low,kharif,eastern_india,20772,6401,60947,42.1,1456,14,28,5.7,7.6,347
Tripura,oats,cereals,47.3,very_low,kharif,eastern_india,13189,7790,91165,5.6,811,23,26,5.7,8.1,564
Tripura,gram_chickpea,pulses,66.5,low,rabi,eastern_india,40676,4860,34092,22.4,633,22,37,6.3,7.6,922
Tripura,tur_arhar,pulses,41,very_low,kharif,eastern_india,3162,6415,45915,23.4,1365,17,37,6.5,7.8,1005
Tripura,moong_green_gram,pulses,46.2,very_low,kharif,eastern_india,8968,7610,37336,27.7,751,24,43,5.5,8.2,840
Tripura,urad_black_gram,pulses,40.4,very_low,kharif,eastern_india,2989,7111,2106,44.3,1423,11,39,6,8.4,1018
Tripura,masur_lentil,pulses,50.4,very_low,kharif,eastern_india,4810,3631,192304,9.6,1416,21,33,5.8,7.2,384
Tripura,rajma_kidney_bean,pulses,46.4,very_low,kharif,eastern_india,14412,4158,68743,12.1,1487,10,31,6.3,7.8,582
Tripura,cowpea_lobhia,pulses,54.9,very_low,kharif,eastern_india,6764,6935,27079,25.9,1291,24,32,5.6,7.9,1149
Tripura,field_pea,pulses,50,very_low,kharif,eastern_india,6970,5244,156034,21.9,514,17,32,6,7.1,602
Tripura,black_eyed_pea,pulses,52.4,very_low,kharif,eastern_india,17434,5961,52842,16.3,1090,14,43,5.6,7,498
Tripura,horse_gram,pulses,49.1,very_low,kharif,eastern_india,4763,5093,31018,30.3,223,18,35,5.5,8,815
Tripura,moth_bean,pulses,49.3,very_low,kharif,eastern_india,14927,4675,151972,47.5,1144,23,43,5.8,8.5,540
Tripura,cluster_bean_guar,pulses,40.3,very_low,kharif,eastern_india,6769,5088,227102,7.2,550,19,40,6.3,8.3,451
Tripura,groundnut_peanut,oilseeds,60.6,low,kharif,eastern_india,47192,3156,160387,19.4,1359,23,25,5.8,7.6,1184
Tripura,mustard,oilseeds,97.3,high,rabi,eastern_india,13518,2338,849816,48.2,323,21,28,6,8.2,923
Tripura,rapeseed,oilseeds,51.6,very_low,rabi,eastern_india,8214,3548,171496,6.7,868,23,42,6.3,7,1098
Tripura,sesame_til,oilseeds,96.9,high,kharif,eastern_india,76343,4429,1523088,41.6,646,14,39,6.2,7.8,678
Tripura,sunflower,oilseeds,64.9,low,kharif,eastern_india,2685,5011,53444,39.9,1204,20,43,5.6,7.4,527
Tripura,safflower,oilseeds,51.7,very_low,kharif,eastern_india,5314,1954,145954,36.1,887,24,41,5.7,7.8,737
Tripura,niger,oilseeds,52.7,very_low,kharif,eastern_india,5936,5455,98175,45.5,894,19,42,6.2,8.3,1106
Tripura,linseed_flax,oilseeds,52.5,very_low,kharif,eastern_india,3237,3824,55283,18.8,620,16,44,5.9,7.2,305
Tripura,castor,oilseeds,43.5,very_low,kharif,eastern_india,27494,4703,148900,40.8,272,15,37,6.4,8.1,615
Tripura,coconut,oilseeds,53.6,very_low,perennial,eastern_india,19377,3698,634,12.5,1405,10,36,5.9,7.6,660
Tripura,palm_oil,oilseeds,41,very_low,kharif,eastern_india,900,1377,8638,36.3,348,13,38,5.6,8.4,729
Tripura,olive,oilseeds,54.4,very_low,kharif,eastern_india,558,5131,36517,30.8,815,16,42,5.7,7.7,674
Tripura,walnut,oilseeds,50.1,very_low,kharif,eastern_india,5876,4349,85698,39,401,17,40,6,7.5,638
Tripura,almond,oilseeds,45.5,very_low,kharif,eastern_india,7625,5276,22428,33.4,601,13,39,6.3,7.9,1005
Tripura,cotton,fiber,60.5,low,kharif,eastern_india,20450,2791,209000,21.1,1071,18,41,6.3,7.1,565
Tripura,jute,fiber,96.3,high,kharif,eastern_india,109452,2283,932100,16.9,1278,13,32,5.6,7.9,1147
Tripura,mesta,fiber,42.6,very_low,kharif,eastern_india,4451,6238,81089,7.3,1221,15,28,5.7,8.4,1028
Tripura,flax,fiber,44.7,very_low,kharif,eastern_india,3289,3257,150552,50,805,22,43,5.5,7.4,390
Tripura,hemp,fiber,51.6,very_low,kharif,eastern_india,2232,3945,87852,36.4,1213,11,34,5.7,8.1,891
Tripura,sisal,fiber,50.8,very_low,kharif,eastern_india,5924,6884,65659,43.8,467,14,33,6,7.4,643
Tripura,coir,fiber,50.3,very_low,kharif,eastern_india,2734,7899,103229,26.8,1457,12,35,6.3,7.6,962
Tripura,sugarcane,sugar,83.5,medium,perennial,eastern_india,24485,3524,329686,10,500,23,36,5.8,8.4,996
Tripura,sugar_beet,sugar,45.4,very_low,kharif,eastern_india,15187,5786,65255,14.4,529,11,34,5.9,7,1070
Tripura,turmeric,spices,50.2,very_low,kharif,eastern_india,18316,7583,14576,32.7,1262,12,27,5.8,7.4,1168
Tripura,coriander,spices,51.7,very_low,kharif,eastern_india,8828,2187,32065,19.3,554,14,40,5.8,8.2,381
Tripura,cumin,spices,48.9,very_low,kharif,eastern_india,2412,5444,111706,19.9,330,20,31,5.8,8.1,1150
Tripura,fennel,spices,45,very_low,kharif,eastern_india,23863,1684,105681,5.5,1272,14,31,6.2,8.2,659
Tripura,fenugreek,spices,50,very_low,kharif,eastern_india,25865,5909,219766,44.4,1147,23,41,6,7.8,307
Tripura,ajwain,spices,40.5,very_low,kharif,eastern_india,13938,6326,189371,25.4,314,19,26,6.1,7.8,940
Tripura,black_pepper,spices,45.3,very_low,kharif,eastern_india,3140,5785,49326,29.3,619,22,44,5.8,8.1,453
Tripura,cardamom_small,spices,51.1,very_low,kharif,eastern_india,11342,2662,126870,12.8,1407,10,30,6.1,8.3,819
Tripura,cardamom_large,spices,43.2,very_low,kharif,eastern_india,16313,2626,122289,35.4,1084,20,42,6.3,7.9,328
Tripura,cinnamon,spices,51.2,very_low,kharif,eastern_india,9218,5248,181468,33.8,1399,17,35,5.5,8.4,536
Tripura,clove,spices,54.7,very_low,kharif,eastern_india,3663,4392,74246,24.8,657,18,44,6.5,7.5,912
Tripura,nutmeg,spices,50.8,very_low,kharif,eastern_india,2811,4776,140910,14,652,13,42,6.4,7.3,984
Tripura,ginger,spices,45.5,very_low,kharif,eastern_india,11824,4303,167284,33.7,506,11,43,5.7,8.1,746
Tripura,garlic,spices,42.1,very_low,kharif,eastern_india,23118,1850,13942,43.2,851,20,33,5.9,7.4,806
Tripura,onion,spices,72.4,medium,rabi,eastern_india,72125,6932,959476,45.5,981,14,32,6.2,8.1,445
Tripura,chilli,spices,55,very_low,kharif,eastern_india,7423,4717,57494,29,275,24,44,6,7.3,464
Tripura,tamarind,spices,40.9,very_low,kharif,eastern_india,10750,3914,93539,44.3,291,18,39,6.5,8.1,793
Tripura,vanilla,spices,51.5,very_low,kharif,eastern_india,26643,1623,137815,40.4,1073,16,31,6.1,7.6,652
Tripura,saffron,spices,52.6,very_low,kharif,eastern_india,10578,7114,81205,27.2,245,20,44,6.3,8,722
Tripura,mint,spices,43.4,very_low,kharif,eastern_india,4423,7209,67672,23,480,17,38,5.8,8.1,858
Tripura,basil,spices,45.6,very_low,kharif,eastern_india,14024,1083,93148,23.8,1132,17,26,6.5,7.1,442
Tripura,oregano,spices,46.3,very_low,kharif,eastern_india,8671,4980,120662,19.9,1105,17,36,5.7,8.4,399
Tripura,thyme,spices,50.4,very_low,kharif,eastern_india,2582,1201,74059,40.5,1132,22,32,6.5,7.5,1024
Tripura,tea,plantation,89.6,high,perennial,eastern_india,62744,2348,190368,21.4,390,17,25,5.9,8.4,622
Tripura,coffee_arabica,plantation,42.1,very_low,perennial,eastern_india,12776,3195,49505,40.5,538,17,26,5.7,7.3,717
Tripura,coffee_robusta,plantation,52.3,very_low,perennial,eastern_india,6608,3107,43934,23.2,1369,10,37,6.4,7.6,885
Tripura,rubber,plantation,48.8,very_low,perennial,eastern_india,2449,2537,7866,39.4,892,21,30,6.3,7.5,409
Tripura,cocoa,plantation,48,very_low,kharif,eastern_india,12147,4607,104518,25.6,478,16,34,6.2,7.2,814
Tripura,cashew,plantation,49.9,very_low,kharif,eastern_india,9775,5975,65788,20,1272,24,29,6.4,7.8,703
Tripura,areca_nut,plantation,53.4,very_low,kharif,eastern_india,7895,3508,192282,27.1,574,24,29,6.1,7.6,706
Tripura,betelvine,plantation,41.6,very_low,kharif,eastern_india,2654,6247,84572,40.7,1109,11,44,5.7,7.5,936
Tripura,black_pepper_plantation,plantation,42.1,very_low,kharif,eastern_india,11771,3324,71449,43.6,1465,13,27,6.2,7.3,822
Tripura,mango,fruits_tropical,48,very_low,kharif,eastern_india,13848,6956,46251,30,637,14,25,6.1,8.5,985
Tripura,banana,fruits_tropical,73.6,medium,perennial,eastern_india,39602,6275,890198,20,202,14,29,6.1,7.4,332
Tripura,papaya,fruits_tropical,48,very_low,kharif,eastern_india,12559,3634,39490,22.4,630,24,25,5.7,7.1,1071
Tripura,pineapple,fruits_tropical,76.3,medium,kharif,eastern_india,94370,7496,27130,14.3,1112,18,38,6.1,7.9,1139
Tripura,jackfruit,fruits_tropical,53.8,very_low,kharif,eastern_india,4514,4573,30877,7.2,813,24,26,6.3,7.3,819
Tripura,guava,fruits_tropical,45.8,very_low,kharif,eastern_india,14801,7814,52629,33.8,923,11,25,6.3,7.6,576
Tripura,coconut_fruit,fruits_tropical,54.8,very_low,kharif,eastern_india,3234,6997,38927,31.3,262,23,27,5.7,7.2,747
Tripura,passion_fruit,fruits_tropical,52.3,very_low,kharif,eastern_india,2314,3869,120459,5.5,855,20,41,6.2,7.1,715
Tripura,dragon_fruit,fruits_tropical,41.2,very_low,kharif,eastern_india,1932,1338,54988,47.2,1122,10,30,5.5,7.4,916
Tripura,rambutan,fruits_tropical,51.4,very_low,kharif,eastern_india,23757,3560,180023,37.7,899,24,43,6.4,7.3,487
Tripura,sapota,fruits_tropical,53.5,very_low,kharif,eastern_india,14357,5808,109567,6.2,758,22,34,6.2,8.1,408
Tripura,custard_apple,fruits_tropical,42.3,very_low,kharif,eastern_india,1568,3393,179898,30.8,1383,14,37,5.8,7.2,1191
Tripura,wood_apple,fruits_tropical,42.6,very_low,kharif,eastern_india,11614,6615,107718,8.2,322,16,36,5.5,7.2,933
Tripura,apple,fruits_temperate,50,very_low,kharif,eastern_india,10995,2783,83723,46.5,837,16,30,6.3,7.3,859
Tripura,pear,fruits_temperate,48.5,very_low,kharif,eastern_india,14726,6924,2606,24,666,23,30,6.5,7.3,519
Tripura,peach,fruits_temperate,50,very_low,kharif,eastern_india,11765,1769,104006,44.4,1291,16,35,6,8.5,331
Tripura,plum,fruits_temperate,45.7,very_low,kharif,eastern_india,11033,3788,148427,45.8,582,24,30,6.3,7.4,365
Tripura,apricot,fruits_temperate,52.2,very_low,kharif,eastern_india,7540,4009,93040,16.8,508,17,25,6.1,8.2,954
Tripura,cherry,fruits_temperate,47,very_low,kharif,eastern_india,765,7386,95222,19.2,581,19,36,5.7,7.6,908
Tripura,strawberry,fruits_temperate,44.5,very_low,kharif,eastern_india,5295,1501,62819,37.9,478,21,38,6,8.5,1095
Tripura,kiwi,fruits_temperate,48.4,very_low,kharif,eastern_india,6029,7441,151653,38.4,366,20,30,5.7,8.1,1163
Tripura,grape,fruits_temperate,41.6,very_low,kharif,eastern_india,3015,7740,74023,35.5,856,18,30,5.7,8.2,723
Tripura,pomegranate,fruits_temperate,43.8,very_low,kharif,eastern_india,4924,4421,34659,39.2,617,16,40,6.2,7.6,363
Tripura,fig,fruits_temperate,53.8,very_low,kharif,eastern_india,7489,7617,24992,8.4,524,14,34,6,8.1,1110
Tripura,persimmon,fruits_temperate,47,very_low,kharif,eastern_india,3388,3301,23766,36.1,1379,23,31,5.7,7.4,558
Tripura,orange,fruits_citrus,41.2,very_low,kharif,eastern_india,2816,1057,4906,36.4,1005,24,33,5.9,7.1,437
Tripura,lime,fruits_citrus,50.4,very_low,kharif,eastern_india,11401,5939,87919,36.1,1119,18,38,6,7.3,495
Tripura,lemon,fruits_citrus,46.1,very_low,kharif,eastern_india,9151,2877,4335,24.1,1260,15,30,6,7.9,983
Tripura,grapefruit,fruits_citrus,52,very_low,kharif,eastern_india,349,1014,188646,16.9,567,20,36,6,7.2,373
Tripura,mandarin,fruits_citrus,50.6,very_low,kharif,eastern_india,5514,6152,92271,44.3,1323,15,43,6.2,8.3,380
Tripura,sweet_lime,fruits_citrus,40.6,very_low,kharif,eastern_india,15427,3859,131606,15.6,251,21,37,5.9,8.3,1041
Tripura,kinnow,fruits_citrus,44.9,very_low,kharif,eastern_india,9411,5353,41425,16.9,782,14,27,6,7.8,442
Tripura,spinach,vegetables_leafy,42.6,very_low,kharif,eastern_india,423,3510,12511,46.4,459,10,33,5.7,7.1,977
Tripura,fenugreek_leaves,vegetables_leafy,48.4,very_low,kharif,eastern_india,5273,1271,31649,21.3,1269,21,42,5.6,7.8,318
Tripura,amaranth,vegetables_leafy,52.4,very_low,kharif,eastern_india,1362,3272,39904,39.5,364,18,40,6.2,8.4,300
Tripura,cabbage,vegetables_leafy,45.3,very_low,kharif,eastern_india,747,6720,95901,28.8,726,23,30,5.8,8.4,358
Tripura,cauliflower,vegetables_leafy,51.7,very_low,kharif,eastern_india,21994,1633,189136,6.3,639,11,26,6.5,8.1,755
Tripura,lettuce,vegetables_leafy,41.6,very_low,kharif,eastern_india,6707,2901,101548,40.6,776,17,38,5.6,8.2,1053
Tripura,kale,vegetables_leafy,48.1,very_low,kharif,eastern_india,6954,1741,84001,19,604,24,33,6.3,8,584
Tripura,mustard_leaves,vegetables_leafy,41.9,very_low,kharif,eastern_india,19852,2184,51921,39.5,1478,22,38,6.4,7.4,308
Tripura,curry_leaves,vegetables_leafy,44.8,very_low,kharif,eastern_india,25998,1352,118362,8.6,1225,15,43,5.6,8.1,659
Tripura,coriander_leaves,vegetables_leafy,44,very_low,kharif,eastern_india,9983,3441,105700,34.8,300,18,39,5.6,8,1023
Tripura,potato,vegetables_root,95.8,high,rabi,eastern_india,109442,6578,496961,29.4,544,14,35,5.7,7.6,571
Tripura,sweet_potato,vegetables_root,43.6,very_low,kharif,eastern_india,16535,2695,103923,16.4,384,24,37,5.6,7.9,458
Tripura,carrot,vegetables_root,53.3,very_low,kharif,eastern_india,12090,2394,66834,46.1,584,11,36,5.7,8.1,831
Tripura,radish,vegetables_root,45.2,very_low,kharif,eastern_india,5935,7419,67073,39.3,536,20,25,5.8,7.1,706
Tripura,turnip,vegetables_root,46.5,very_low,kharif,eastern_india,16859,2708,108758,25.1,635,13,37,5.8,8.2,1171
Tripura,beetroot,vegetables_root,43.4,very_low,kharif,eastern_india,4053,4269,30361,48.7,1212,24,32,5.8,7.6,770
Tripura,onion_vegetable,vegetables_root,51.1,very_low,kharif,eastern_india,12942,3024,70645,36.4,937,17,29,6.4,8.2,426
Tripura,garlic_vegetable,vegetables_root,45.5,very_low,kharif,eastern_india,9583,3784,119917,7.5,812,13,26,6,7.3,532
Tripura,ginger_vegetable,vegetables_root,47.6,very_low,kharif,eastern_india,20260,2957,90350,23.3,399,12,27,6,8,831
Tripura,turmeric_vegetable,vegetables_root,54.7,very_low,kharif,eastern_india,12349,4266,21991,47.4,809,15,29,5.8,8.5,573
Tripura,yam,vegetables_root,54.7,very_low,kharif,eastern_india,3970,2283,54806,15.7,1106,13,41,6.3,7.4,978
Tripura,taro,vegetables_root,52.9,very_low,kharif,eastern_india,8125,4086,137181,18.2,634,12,32,5.6,7.5,636
Tripura,cassava,vegetables_root,43.8,very_low,kharif,eastern_india,6331,7055,32374,15.7,570,22,35,5.6,8.1,438
Tripura,tomato,vegetables_fruit,70.9,medium,kharif,eastern_india,17270,5234,380009,37.6,865,16,35,5.9,7.1,912
Tripura,brinjal_eggplant,vegetables_fruit,54.4,very_low,kharif,eastern_india,7920,1320,131373,46.8,1257,11,43,5.5,7.7,750
Tripura,okra_ladyfinger,vegetables_fruit,52.5,very_low,kharif,eastern_india,19991,7075,95410,40.1,288,16,25,6.4,8.4,375
Tripura,bottle_gourd,vegetables_fruit,48,very_low,kharif,eastern_india,5761,4154,16655,13.1,950,10,36,5.8,8.2,840
Tripura,bitter_gourd,vegetables_fruit,50.6,very_low,kharif,eastern_india,3357,7976,42701,21.1,1336,10,35,5.7,7.6,479
Tripura,ridge_gourd,vegetables_fruit,40.6,very_low,kharif,eastern_india,14504,7663,91551,22.5,1200,17,32,5.7,8.2,750
Tripura,snake_gourd,vegetables_fruit,54.5,very_low,kharif,eastern_india,11087,6185,94586,8.6,871,22,42,6.1,7.6,309
Tripura,ash_gourd,vegetables_fruit,44.7,very_low,kharif,eastern_india,21728,6023,181490,32.9,961,16,33,6.4,7.6,1056
Tripura,pumpkin,vegetables_fruit,52.6,very_low,kharif,eastern_india,1201,2035,64167,43.1,1335,10,31,6.4,7.4,1178
Tripura,cucumber,vegetables_fruit,47.3,very_low,zaid,eastern_india,12491,3266,83526,44.8,629,20,34,6.4,7.2,685
Tripura,watermelon,vegetables_fruit,41.9,very_low,zaid,eastern_india,8816,1426,146631,21.9,841,16,34,5.5,8.2,599
Tripura,muskmelon,vegetables_fruit,50.9,very_low,zaid,eastern_india,5971,7361,36062,13.9,328,22,29,6.5,7.4,732
Tripura,capsicum,vegetables_fruit,46.9,very_low,kharif,eastern_india,6030,5708,66762,28.5,1256,21,28,5.9,7.2,420
Tripura,chilli_vegetable,vegetables_fruit,50.7,very_low,kharif,eastern_india,12467,6125,45857,23.1,988,11,41,5.8,8,1196
Tripura,drumstick,vegetables_fruit,47.1,very_low,kharif,eastern_india,3207,1422,87793,18.2,424,20,31,6.1,7.6,600
Tripura,green_peas,vegetables_legume,47.3,very_low,kharif,eastern_india,14190,1511,4084,23.3,424,21,32,5.8,7.5,497
Tripura,french_bean,vegetables_legume,44.5,very_low,kharif,eastern_india,18484,3596,54940,40.2,229,14,34,6.1,7.2,689
Tripura,cluster_bean_vegetable,vegetables_legume,48.5,very_low,kharif,eastern_india,11694,5636,61447,7.9,272,22,38,6.3,8.4,975
Tripura,broad_bean,vegetables_legume,50.4,very_low,kharif,eastern_india,6148,7701,100341,15,472,22,30,5.5,7.6,1035
Tripura,berseem,fodder,46.2,very_low,kharif,eastern_india,21611,7003,122932,36.5,540,11,35,5.5,7.7,391
Tripura,lucerne_alfalfa,fodder,41.6,very_low,kharif,eastern_india,17658,5516,88875,23.6,594,16,36,5.7,7.4,745
Tripura,oats_fodder,fodder,45.8,very_low,kharif,eastern_india,21731,3351,95315,48.9,1275,13,30,5.6,8,585
Tripura,sorghum_fodder,fodder,48,very_low,kharif,eastern_india,21245,3277,48331,43.2,695,22,27,6.4,7.7,453
Tripura,maize_fodder,fodder,48,very_low,kharif,eastern_india,10834,2246,126498,42.6,357,10,26,5.7,7,685
Tripura,bajra_fodder,fodder,50.5,very_low,kharif,eastern_india,15502,3073,142595,30.9,1319,17,28,6.1,7.2,1166
Tripura,cowpea_fodder,fodder,50.5,very_low,kharif,eastern_india,17148,1682,93664,34.3,498,20,41,5.8,7.3,1094
Tripura,stylo,fodder,40.1,very_low,kharif,eastern_india,6237,5705,120564,21.7,1433,15,38,5.7,7.7,1084
Tripura,para_grass,fodder,44.8,very_low,kharif,eastern_india,6384,4076,22320,45.8,982,15,44,5.6,8.3,507
Tripura,guinea_grass,fodder,43.6,very_low,kharif,eastern_india,13281,5833,3729,17.9,1058,23,38,5.8,7.8,882
Tripura,napier_grass,fodder,42,very_low,kharif,eastern_india,9967,3356,104324,33.6,1462,16,35,5.7,7.8,332
Tripura,tulsi,medicinal,42.2,very_low,kharif,eastern_india,8542,4971,85735,25.9,817,12,39,5.5,7.6,469
Tripura,neem,medicinal,51.6,very_low,kharif,eastern_india,16655,2040,125642,36.1,203,14,26,6.2,7.3,538
Tripura,aloe_vera,medicinal,41.2,very_low,kharif,eastern_india,840,6919,4341,7.8,1032,23,42,5.6,7.4,768
Tripura,ashwagandha,medicinal,40.4,very_low,kharif,eastern_india,9325,5118,151484,17.4,1030,16,33,6.1,8.4,1076
Tripura,brahmi,medicinal,49.6,very_low,kharif,eastern_india,8264,6509,33722,31.4,856,19,28,6.2,7.9,462
Tripura,kalmegh,medicinal,46.7,very_low,kharif,eastern_india,21276,1854,1881,12.4,1486,21,37,5.6,7.6,943
Tripura,giloy,medicinal,53.4,very_low,kharif,eastern_india,17631,1978,54701,44.4,1044,22,43,6,7.4,924
Tripura,stevia,medicinal,48.5,very_low,kharif,eastern_india,13148,6677,183697,38.7,1166,18,34,6.5,8,1056
Tripura,mentha_mint,medicinal,47.6,very_low,kharif,eastern_india,14056,6099,75788,21,511,16,29,5.9,8.3,1179
Tripura,lemongrass,medicinal,48.7,very_low,kharif,eastern_india,5598,5214,38404,14.2,494,17,29,5.7,8.3,1001
Tripura,citronella,medicinal,40.8,very_low,kharif,eastern_india,8802,1424,89703,22.3,716,13,31,6.4,8.2,1142
Tripura,palmarosa,medicinal,50.5,very_low,kharif,eastern_india,5748,5667,156295,8.1,775,12,41,6.1,8.3,356
Tripura,vetiver,medicinal,53.6,very_low,kharif,eastern_india,3343,2093,13290,12.7,824,21,42,6.1,7.2,371
Tripura,rosemary,medicinal,47.4,very_low,kharif,eastern_india,15790,5079,9990,23.5,915,18,25,5.7,8.4,757
Tripura,lavender,medicinal,50.6,very_low,kharif,eastern_india,9528,3495,38513,23.5,797,14,30,6.1,7.6,481
Tripura,bamboo,timber,51.4,very_low,kharif,eastern_india,21732,4885,54889,43.9,564,19,28,6.1,8.3,785
Tripura,eucalyptus,timber,47.1,very_low,kharif,eastern_india,962,3322,219528,33.9,904,19,31,5.6,7.4,602
Tripura,teak,timber,47.2,very_low,kharif,eastern_india,9400,2372,26469,20.8,815,15,36,5.8,7.3,1076
Tripura,sal,timber,43,very_low,kharif,eastern_india,28967,5877,117946,40.8,1335,20,27,5.5,7.3,469
Tripura,sandalwood,timber,42.7,very_low,kharif,eastern_india,10600,6061,32711,9.2,1065,17,38,5.9,8.1,914
Tripura,rosewood,timber,49.8,very_low,kharif,eastern_india,9069,3636,11538,39,832,10,40,5.9,8.1,980
Tripura,pine,timber,41.5,very_low,kharif,eastern_india,8160,4824,15974,31.5,1210,24,31,5.7,7.5,317
Tripura,deodar,timber,46.1,very_low,kharif,eastern_india,5726,4344,129723,13.1,629,23,30,6.1,7.2,902
Tripura,button_mushroom,mushroom,44.2,very_low,kharif,eastern_india,1944,1327,113246,23.6,1210,23,29,6.4,8.1,820
Tripura,oyster_mushroom,mushroom,52.1,very_low,kharif,eastern_india,3309,1917,87554,9.4,1473,11,38,6.2,8.4,590
Tripura,shiitake,mushroom,45,very_low,kharif,eastern_india,26354,1210,136949,16,1146,21,40,5.9,7.2,826
Tripura,milky_mushroom,mushroom,51.8,very_low,kharif,eastern_india,12939,2719,27096,40.9,895,20,28,5.5,8.5,1029
Tripura,rose,flowers,46,very_low,kharif,eastern_india,17798,2453,122985,5.8,1338,18,34,6.2,7.1,475
Tripura,jasmine,flowers,46.1,very_low,kharif,eastern_india,3422,3656,46828,34.1,1395,12,28,6.1,7.7,946
Tripura,marigold,flowers,44.3,very_low,kharif,eastern_india,8211,2968,121973,40.8,627,19,28,6.3,7.4,453
Tripura,chrysanthemum,flowers,54.1,very_low,kharif,eastern_india,11938,6664,101330,30.4,683,23,27,6.4,8.1,814
Tripura,tuberose,flowers,44.9,very_low,kharif,eastern_india,5797,6486,77073,34,1490,24,33,5.7,7.7,1060
Tripura,gladiolus,flowers,46.9,very_low,kharif,eastern_india,12436,5550,129575,29.7,1457,14,42,5.9,8.2,1133
Tripura,lily,flowers,49.3,very_low,kharif,eastern_india,23564,3626,100680,45.4,1074,23,37,6.2,7,605
Tripura,orchid,flowers,51.6,very_low,kharif,eastern_india,6675,7660,80002,13.7,813,17,44,6.2,7.8,688
Tripura,carnation,flowers,53.7,very_low,kharif,eastern_india,8308,4252,51159,48.2,1112,15,28,5.7,7.7,720
Tripura,gerbera,flowers,46.3,very_low,kharif,eastern_india,26478,3483,63911,39.7,784,13,28,5.8,7,1147
Tripura,anthurium,flowers,46.5,very_low,kharif,eastern_india,2020,3263,51500,36.7,600,24,40,6.3,7.5,642
Uttar Pradesh,rice,cereals,92,high,kharif,northern_plains,58204,7980,1478199,15.7,1360,18,25,5.8,7,378
Uttar Pradesh,wheat,cereals,87.3,high,rabi,northern_plains,86275,2042,704161,18.7,733,12,37,5.5,7.6,1105
Uttar Pradesh,maize,cereals,90.5,high,kharif,northern_plains,16715,5237,1619455,18.1,711,18,26,6.5,7.7,403
Uttar Pradesh,barley,cereals,89.4,high,rabi,northern_plains,72522,5852,570973,19.6,618,21,31,5.5,7.5,550
Uttar Pradesh,jowar_sorghum,cereals,68.6,low,kharif,northern_plains,13055,7871,106792,39.3,1044,16,33,6.4,7.7,637
Uttar Pradesh,bajra_pearl_millet,cereals,60.3,low,kharif,northern_plains,18168,1839,23225,29.4,790,12,27,5.6,7.5,706
Uttar Pradesh,ragi_finger_millet,cereals,42.9,very_low,kharif,northern_plains,5057,1868,199807,25.1,421,23,29,6.4,7.2,1057
Uttar Pradesh,foxtail_millet,cereals,42.8,very_low,kharif,northern_plains,16641,2329,194466,22.6,1152,19,39,5.8,8.4,803
Uttar Pradesh,proso_millet,cereals,41.2,very_low,kharif,northern_plains,8397,6949,63080,17.5,493,18,28,5.9,7.9,556
Uttar Pradesh,barnyard_millet,cereals,45.6,very_low,kharif,northern_plains,8018,5720,107753,34.9,234,23,36,6.4,8.4,721
Uttar Pradesh,little_millet,cereals,53.7,very_low,kharif,northern_plains,4634,1515,62656,36,1469,17,39,6.4,7.8,450
Uttar Pradesh,kodo_millet,cereals,52.7,very_low,kharif,northern_plains,16347,5609,10692,12.6,572,14,41,6.1,7.1,648
Uttar Pradesh,oats,cereals,48.3,very_low,kharif,northern_plains,743,3661,55534,45.7,1380,17,34,6.1,7.4,557
Uttar Pradesh,gram_chickpea,pulses,85,high,rabi,northern_plains,30198,5484,276420,10.6,1001,19,26,6.3,7.9,657
Uttar Pradesh,tur_arhar,pulses,54.7,very_low,kharif,northern_plains,5606,2117,26952,11,1068,16,44,6.2,8.4,516
Uttar Pradesh,moong_green_gram,pulses,44.8,very_low,kharif,northern_plains,14495,2481,130684,7,1356,16,35,6.5,8.3,1113
Uttar Pradesh,urad_black_gram,pulses,48.8,very_low,kharif,northern_plains,20124,6735,168069,40.1,1029,20,33,6.2,7.4,871
Uttar Pradesh,masur_lentil,pulses,47.9,very_low,kharif,northern_plains,18921,5176,70247,43.8,270,23,38,5.7,8.4,593
Uttar Pradesh,rajma_kidney_bean,pulses,42.5,very_low,kharif,northern_plains,15751,6269,120171,18.4,307,18,34,6.2,7.8,656
Uttar Pradesh,cowpea_lobhia,pulses,40.1,very_low,kharif,northern_plains,2505,7454,142731,41.2,405,12,36,6.2,8.4,1104
Uttar Pradesh,field_pea,pulses,42.3,very_low,kharif,northern_plains,4941,6880,140565,35.5,985,23,37,6.3,7.2,1080
Uttar Pradesh,black_eyed_pea,pulses,54.9,very_low,kharif,northern_plains,22686,2539,154154,12.6,870,19,38,6.2,7.5,1176
Uttar Pradesh,horse_gram,pulses,40.1,very_low,kharif,northern_plains,19448,7237,129238,30.9,794,16,33,6.2,8.1,763
Uttar Pradesh,moth_bean,pulses,51.1,very_low,kharif,northern_plains,2188,6961,143266,17,1222,17,27,5.9,7.1,1007
Uttar Pradesh,cluster_bean_guar,pulses,42.9,very_low,kharif,northern_plains,2876,2582,71686,33.7,368,20,31,6,7.2,937
Uttar Pradesh,groundnut_peanut,oilseeds,60.6,low,kharif,northern_plains,26672,1342,346898,29.9,764,13,37,5.8,7.6,350
Uttar Pradesh,mustard,oilseeds,95.1,high,rabi,northern_plains,145835,7073,1270276,45.9,1462,23,27,5.9,7.1,790
Uttar Pradesh,rapeseed,oilseeds,47.9,very_low,rabi,northern_plains,27590,2817,132623,25.9,910,17,43,6.4,7.2,610
Uttar Pradesh,sesame_til,oilseeds,51.3,very_low,kharif,northern_plains,15033,7956,63985,28.2,1472,20,37,5.7,7.4,639
Uttar Pradesh,sunflower,oilseeds,77,medium,kharif,northern_plains,103681,1750,228959,11.5,1155,24,42,6.2,7,612
Uttar Pradesh,safflower,oilseeds,53,very_low,kharif,northern_plains,5015,4265,16430,28.4,1371,10,37,5.7,8.5,358
Uttar Pradesh,niger,oilseeds,49.3,very_low,kharif,northern_plains,13367,1853,52034,13.3,1239,15,28,6.2,8.2,716
Uttar Pradesh,linseed_flax,oilseeds,45.7,very_low,kharif,northern_plains,14828,5625,50115,47.4,477,15,30,6.4,8.2,1030
Uttar Pradesh,castor,oilseeds,40.1,very_low,kharif,northern_plains,5644,7774,100818,30.4,663,18,39,6.1,8,725
Uttar Pradesh,coconut,oilseeds,50.7,very_low,perennial,northern_plains,1694,1751,153616,22,566,12,36,5.8,7.8,1162
Uttar Pradesh,palm_oil,oilseeds,51.4,very_low,kharif,northern_plains,3446,3274,22259,48.6,1086,10,34,5.8,7.8,460
Uttar Pradesh,olive,oilseeds,40.9,very_low,kharif,northern_plains,4981,6018,62588,18.1,941,11,38,5.6,7.4,553
Uttar Pradesh,walnut,oilseeds,47,very_low,kharif,northern_plains,9631,2969,39488,22.6,436,12,42,5.6,8.1,482
Uttar Pradesh,almond,oilseeds,40.2,very_low,kharif,northern_plains,18268,3340,16678,21.2,435,23,35,6.5,7.5,800
Uttar Pradesh,cotton,fiber,72.9,medium,kharif,northern_plains,6923,5869,428805,31,969,20,29,6,7.6,553
Uttar Pradesh,jute,fiber,47.4,very_low,kharif,northern_plains,27570,2951,205454,44.5,524,18,42,6,7.6,885
Uttar Pradesh,mesta,fiber,42.6,very_low,kharif,northern_plains,11041,1293,85111,18.1,828,18,40,6.4,8.2,815
Uttar Pradesh,flax,fiber,45.2,very_low,kharif,northern_plains,815,2714,60270,19.4,323,10,33,5.6,7.4,727
Uttar Pradesh,hemp,fiber,43.1,very_low,kharif,northern_plains,5074,4139,84910,10.8,999,14,27,5.9,7.6,627
Uttar Pradesh,sisal,fiber,51.5,very_low,kharif,northern_plains,4211,2175,90410,19.4,1265,24,28,6.3,7.9,879
Uttar Pradesh,coir,fiber,44,very_low,kharif,northern_plains,6543,5294,92025,35.4,776,24,32,5.7,7.9,539
Uttar Pradesh,sugarcane,sugar,97,high,perennial,northern_plains,33866,1991,1113869,21.5,672,19,29,5.6,8,304
Uttar Pradesh,sugar_beet,sugar,53.6,very_low,kharif,northern_plains,6192,2480,23952,42.6,960,14,30,5.7,7.8,957
Uttar Pradesh,turmeric,spices,43.8,very_low,kharif,northern_plains,12037,6160,27740,22.2,1330,21,28,5.9,8.5,772
Uttar Pradesh,coriander,spices,50.8,very_low,kharif,northern_plains,9877,5233,16731,22.1,307,21,39,6,7.7,717
Uttar Pradesh,cumin,spices,40.6,very_low,kharif,northern_plains,2382,2293,133663,16.8,828,23,33,6,7.3,556
Uttar Pradesh,fennel,spices,47.6,very_low,kharif,northern_plains,828,3805,112829,10.2,224,11,38,6.3,7.1,1098
Uttar Pradesh,fenugreek,spices,49.4,very_low,kharif,northern_plains,5315,3601,154273,46,1013,18,29,6.5,8.1,644
Uttar Pradesh,ajwain,spices,52.2,very_low,kharif,northern_plains,3147,6536,63767,30,945,11,31,6.1,7.4,753
Uttar Pradesh,black_pepper,spices,48.4,very_low,kharif,northern_plains,7309,4075,226587,13.4,1214,12,42,6,8.5,453
Uttar Pradesh,cardamom_small,spices,50.3,very_low,kharif,northern_plains,17252,1706,55355,20.2,621,20,26,6.2,7.8,455
Uttar Pradesh,cardamom_large,spices,43.4,very_low,kharif,northern_plains,5551,5164,55598,48.3,584,21,39,5.6,8.4,1138
Uttar Pradesh,cinnamon,spices,45.9,very_low,kharif,northern_plains,15075,4465,117382,6.6,525,11,34,6.4,7.9,768
Uttar Pradesh,clove,spices,45.5,very_low,kharif,northern_plains,8665,4995,83959,24.4,721,24,27,5.8,7.7,771
Uttar Pradesh,nutmeg,spices,48.2,very_low,kharif,northern_plains,13210,5924,29551,18.2,1344,15,36,5.6,7.4,674
Uttar Pradesh,ginger,spices,49.8,very_low,kharif,northern_plains,14843,2541,97269,21.4,1283,23,28,6,7.2,935
Uttar Pradesh,garlic,spices,52.5,very_low,kharif,northern_plains,7165,2426,43747,19.6,402,14,43,5.8,7.4,646
Uttar Pradesh,onion,spices,84.4,medium,rabi,northern_plains,28002,6267,818776,47.8,1358,11,34,6.2,8.5,376
Uttar Pradesh,chilli,spices,45.5,very_low,kharif,northern_plains,8317,4190,58722,48.7,1244,21,33,6.4,7.1,429
Uttar Pradesh,tamarind,spices,54.3,very_low,kharif,northern_plains,3582,7644,166428,44.7,510,14,33,6.1,8.5,1160
Uttar Pradesh,vanilla,spices,53.8,very_low,kharif,northern_plains,8952,7137,31501,14.9,1172,11,43,5.7,7.7,1184
Uttar Pradesh,saffron,spices,54.8,very_low,kharif,northern_plains,21456,7770,189361,33,1155,18,35,6.4,8.1,1073
Uttar Pradesh,mint,spices,41.4,very_low,kharif,northern_plains,7238,4593,105659,43.1,241,12,43,6.5,7.1,598
Uttar Pradesh,basil,spices,40.1,very_low,kharif,northern_plains,17230,4953,139234,29.2,510,21,40,6.4,8.4,972
Uttar Pradesh,oregano,spices,40.8,very_low,kharif,northern_plains,7734,1392,26400,11.1,1459,14,26,6.4,7.9,332
Uttar Pradesh,thyme,spices,52.5,very_low,kharif,northern_plains,10498,5219,18599,38.9,790,19,42,5.8,7.5,1197
Uttar Pradesh,tea,plantation,47.6,very_low,perennial,northern_plains,6194,3912,85048,16.6,509,19,28,6.1,8.1,478
Uttar Pradesh,coffee_arabica,plantation,51.2,very_low,perennial,northern_plains,17066,7853,109880,20.4,1418,24,34,6.1,7,339
Uttar Pradesh,coffee_robusta,plantation,47.5,very_low,perennial,northern_plains,7083,1693,138893,23.8,1043,19,35,5.7,7.9,589
Uttar Pradesh,rubber,plantation,52.3,very_low,perennial,northern_plains,4134,4082,82112,37.4,638,17,29,6.3,7.3,1037
Uttar Pradesh,cocoa,plantation,54.1,very_low,kharif,northern_plains,25607,2551,99578,9,413,10,37,6,8.4,716
Uttar Pradesh,cashew,plantation,49.6,very_low,kharif,northern_plains,14987,7484,62382,8.7,412,20,31,6.3,8.1,924
Uttar Pradesh,areca_nut,plantation,52.2,very_low,kharif,northern_plains,15989,1029,103798,31.8,1448,19,36,6,7.2,684
Uttar Pradesh,betelvine,plantation,42,very_low,kharif,northern_plains,3716,5518,76667,41.5,583,10,33,5.8,7.6,803
Uttar Pradesh,black_pepper_plantation,plantation,40.5,very_low,kharif,northern_plains,9806,4016,93022,13.4,399,14,27,5.7,7.1,661
Uttar Pradesh,mango,fruits_tropical,50.7,very_low,kharif,northern_plains,215,4899,87126,22.6,586,17,27,6.1,8.1,934
Uttar Pradesh,banana,fruits_tropical,44.9,very_low,perennial,northern_plains,25441,3079,56638,36.7,1120,17,43,5.6,7.7,331
Uttar Pradesh,papaya,fruits_tropical,40.8,very_low,kharif,northern_plains,5502,5122,419,33.5,836,13,25,5.7,7.9,892
Uttar Pradesh,pineapple,fruits_tropical,49.7,very_low,kharif,northern_plains,11915,3876,80291,12.5,811,17,40,6.1,7.6,554
Uttar Pradesh,jackfruit,fruits_tropical,54.6,very_low,kharif,northern_plains,2168,3102,41144,10.8,1120,19,31,6.5,8,932
Uttar Pradesh,guava,fruits_tropical,48.4,very_low,kharif,northern_plains,627,6396,153252,10.5,1234,18,30,6.4,7,546
Uttar Pradesh,coconut_fruit,fruits_tropical,53.3,very_low,kharif,northern_plains,11829,6248,23393,14.7,1498,13,35,5.8,8.3,1165
Uttar Pradesh,passion_fruit,fruits_tropical,42.1,very_low,kharif,northern_plains,17905,6761,77682,15.1,703,21,44,6.1,7.3,337
Uttar Pradesh,dragon_fruit,fruits_tropical,54.2,very_low,kharif,northern_plains,14144,5621,140142,17,774,23,36,5.6,7.3,513
Uttar Pradesh,rambutan,fruits_tropical,54.9,very_low,kharif,northern_plains,12614,1546,21173,44.2,1368,12,29,6,7.1,1150
Uttar Pradesh,sapota,fruits_tropical,45.4,very_low,kharif,northern_plains,2255,1227,74154,10.5,1019,21,25,6.1,8.2,695
Uttar Pradesh,custard_apple,fruits_tropical,54.4,very_low,kharif,northern_plains,4030,2610,97419,18.2,704,22,43,6.4,7.8,896
Uttar Pradesh,wood_apple,fruits_tropical,45.2,very_low,kharif,northern_plains,6858,6222,54574,44.6,386,18,35,5.8,7,433
Uttar Pradesh,apple,fruits_temperate,54.5,very_low,kharif,northern_plains,3692,3624,107416,26.5,588,23,43,5.5,8,366
Uttar Pradesh,pear,fruits_temperate,49,very_low,kharif,northern_plains,17852,4282,209506,38.6,524,15,40,5.5,7.1,1073
Uttar Pradesh,peach,fruits_temperate,40.6,very_low,kharif,northern_plains,7677,6781,159813,47.9,324,16,36,6.4,7.4,364
Uttar Pradesh,plum,fruits_temperate,43,very_low,kharif,northern_plains,13624,5834,12077,39.3,1058,16,36,6.3,7.4,1146
Uttar Pradesh,apricot,fruits_temperate,42.1,very_low,kharif,northern_plains,20849,5623,18858,46.4,583,21,42,5.7,8.4,850
Uttar Pradesh,cherry,fruits_temperate,49.9,very_low,kharif,northern_plains,15035,4084,143418,29.9,279,12,25,5.6,8.1,304
Uttar Pradesh,strawberry,fruits_temperate,44.6,very_low,kharif,northern_plains,17817,3289,118992,23.4,328,11,33,5.6,7.9,744
Uttar Pradesh,kiwi,fruits_temperate,50.5,very_low,kharif,northern_plains,8186,2221,79266,18.8,998,23,34,5.7,8.3,622
Uttar Pradesh,grape,fruits_temperate,51,very_low,kharif,northern_plains,5006,5494,20648,44,703,10,31,6.3,8.3,811
Uttar Pradesh,pomegranate,fruits_temperate,44.4,very_low,kharif,northern_plains,17227,3212,63514,29.3,1353,18,29,5.6,7.1,1155
Uttar Pradesh,fig,fruits_temperate,52.3,very_low,kharif,northern_plains,12694,5707,26010,32.9,1254,10,30,5.6,7.4,995
Uttar Pradesh,persimmon,fruits_temperate,45,very_low,kharif,northern_plains,18453,6716,166276,31.9,564,12,35,5.6,8.4,698
Uttar Pradesh,orange,fruits_citrus,53.1,very_low,kharif,northern_plains,20766,7187,10540,37.6,494,24,40,5.5,8.4,563
Uttar Pradesh,lime,fruits_citrus,46.2,very_low,kharif,northern_plains,20402,7491,100375,19.3,562,15,28,6.2,7.8,996
Uttar Pradesh,lemon,fruits_citrus,41.4,very_low,kharif,northern_plains,4453,4746,67515,25.2,610,20,34,5.7,7.8,837
Uttar Pradesh,grapefruit,fruits_citrus,40.3,very_low,kharif,northern_plains,3518,2736,27002,17.2,541,23,31,5.8,7.4,1170
Uttar Pradesh,mandarin,fruits_citrus,48,very_low,kharif,northern_plains,16394,3335,172146,11.9,795,12,40,5.6,7.8,394
Uttar Pradesh,sweet_lime,fruits_citrus,46.8,very_low,kharif,northern_plains,14112,1371,81198,36.3,1355,23,44,5.8,7.4,657
Uttar Pradesh,kinnow,fruits_citrus,48.1,very_low,kharif,northern_plains,12883,1059,2619,37.2,1348,21,27,6.4,7.8,968
Uttar Pradesh,spinach,vegetables_leafy,43,very_low,kharif,northern_plains,7063,7823,79683,39,984,11,35,6,8.1,589
Uttar Pradesh,fenugreek_leaves,vegetables_leafy,52.9,very_low,kharif,northern_plains,1098,5947,162927,35.7,693,18,28,6.1,7.8,323
Uttar Pradesh,amaranth,vegetables_leafy,44.8,very_low,kharif,northern_plains,5484,2692,92290,36.4,1162,15,25,5.7,8.1,842
Uttar Pradesh,cabbage,vegetables_leafy,78.1,medium,kharif,northern_plains,8467,6494,31769,7.7,583,18,44,5.6,7.7,841
Uttar Pradesh,cauliflower,vegetables_leafy,82.3,medium,kharif,northern_plains,103858,4657,446059,32.8,1371,18,37,5.8,7.9,864
Uttar Pradesh,lettuce,vegetables_leafy,51.3,very_low,kharif,northern_plains,4408,5073,51249,8.9,1273,10,37,6.5,7.1,498
Uttar Pradesh,kale,vegetables_leafy,51.4,very_low,kharif,northern_plains,9960,1001,85005,8,1398,22,35,6.3,7.1,421
Uttar Pradesh,mustard_leaves,vegetables_leafy,45.5,very_low,kharif,northern_plains,18042,4798,110489,35.6,1340,21,44,5.5,7.3,1137
Uttar Pradesh,curry_leaves,vegetables_leafy,51.9,very_low,kharif,northern_plains,14955,7089,8082,41.5,1219,13,38,6.5,8,1032
Uttar Pradesh,coriander_leaves,vegetables_leafy,41.5,very_low,kharif,northern_plains,5221,1502,108534,38.8,910,23,38,5.6,8.4,437
Uttar Pradesh,potato,vegetables_root,94.9,high,rabi,northern_plains,172039,3325,684384,26,332,17,27,6.3,8.4,1027
Uttar Pradesh,sweet_potato,vegetables_root,46.5,very_low,kharif,northern_plains,464,4465,54649,41.9,979,24,34,6.1,7.3,605
Uttar Pradesh,carrot,vegetables_root,50.2,very_low,kharif,northern_plains,8283,1783,60535,7,954,14,32,6.1,7.9,829
Uttar Pradesh,radish,vegetables_root,47.4,very_low,kharif,northern_plains,16264,4272,84837,49.5,435,20,34,6.3,7.6,572
Uttar Pradesh,turnip,vegetables_root,43.1,very_low,kharif,northern_plains,19791,1538,156731,6.6,436,18,34,6.3,7.9,1168
Uttar Pradesh,beetroot,vegetables_root,52.8,very_low,kharif,northern_plains,14045,7089,130369,5.6,1337,11,35,5.9,8.4,664
Uttar Pradesh,onion_vegetable,vegetables_root,48.9,very_low,kharif,northern_plains,687,5136,98896,31.7,298,10,28,6.4,7.5,690
Uttar Pradesh,garlic_vegetable,vegetables_root,45.9,very_low,kharif,northern_plains,6481,1478,73630,37.8,1389,10,41,5.6,7.5,320
Uttar Pradesh,ginger_vegetable,vegetables_root,53.7,very_low,kharif,northern_plains,9061,3642,123631,9,388,22,29,6.2,7.3,379
Uttar Pradesh,turmeric_vegetable,vegetables_root,53.5,very_low,kharif,northern_plains,17079,4234,124091,23.4,1184,21,41,6,8.2,440
Uttar Pradesh,yam,vegetables_root,40.5,very_low,kharif,northern_plains,2627,4854,132526,23.3,257,23,25,6.4,7.1,961
Uttar Pradesh,taro,vegetables_root,53.9,very_low,kharif,northern_plains,25169,7181,115039,30.1,1005,23,41,6.3,8,856
Uttar Pradesh,cassava,vegetables_root,53.8,very_low,kharif,northern_plains,2781,7877,61364,26.8,1305,22,28,5.7,8.2,1007
Uttar Pradesh,tomato,vegetables_fruit,73.4,medium,kharif,northern_plains,67404,4289,1095367,28.4,378,14,31,6.5,7.4,687
Uttar Pradesh,brinjal_eggplant,vegetables_fruit,51.2,very_low,kharif,northern_plains,10908,2452,30154,49.4,679,20,41,5.8,7.5,995
Uttar Pradesh,okra_ladyfinger,vegetables_fruit,49.1,very_low,kharif,northern_plains,12961,7045,32538,6.1,556,20,43,6.4,7.3,1092
Uttar Pradesh,bottle_gourd,vegetables_fruit,52.2,very_low,kharif,northern_plains,17067,6649,170229,41.9,358,20,41,5.7,7.3,1007
Uttar Pradesh,bitter_gourd,vegetables_fruit,45.2,very_low,kharif,northern_plains,6898,2489,135152,41.3,525,11,32,5.9,7,1098
Uttar Pradesh,ridge_gourd,vegetables_fruit,52.8,very_low,kharif,northern_plains,21811,6131,137171,48.2,1125,19,40,5.7,8.5,317
Uttar Pradesh,snake_gourd,vegetables_fruit,49.7,very_low,kharif,northern_plains,9865,7773,37797,43.6,636,12,30,5.8,7.9,1016
Uttar Pradesh,ash_gourd,vegetables_fruit,43.1,very_low,kharif,northern_plains,2699,3075,26418,14.9,805,22,27,6.4,7.7,894
Uttar Pradesh,pumpkin,vegetables_fruit,52.2,very_low,kharif,northern_plains,15357,1586,67982,16.5,730,16,43,5.9,8,1156
Uttar Pradesh,cucumber,vegetables_fruit,47.4,very_low,zaid,northern_plains,17680,6793,136587,22.9,1105,13,42,6.4,7.4,394
Uttar Pradesh,watermelon,vegetables_fruit,43,very_low,zaid,northern_plains,6331,5470,63620,46.3,788,17,31,5.6,7.7,996
Uttar Pradesh,muskmelon,vegetables_fruit,54.3,very_low,zaid,northern_plains,9218,2869,75927,20.4,348,19,42,5.7,7,1095
Uttar Pradesh,capsicum,vegetables_fruit,50.5,very_low,kharif,northern_plains,1812,7233,87919,45.4,284,23,38,6.1,7.1,919
Uttar Pradesh,chilli_vegetable,vegetables_fruit,49,very_low,kharif,northern_plains,17647,4106,40354,46.4,1403,13,37,5.7,8.3,388
Uttar Pradesh,drumstick,vegetables_fruit,54.9,very_low,kharif,northern_plains,726,7173,121724,36.4,557,15,43,6.1,7,594
Uttar Pradesh,green_peas,vegetables_legume,49,very_low,kharif,northern_plains,1390,1415,65427,19.4,685,10,39,6.3,8.2,886
Uttar Pradesh,french_bean,vegetables_legume,51.6,very_low,kharif,northern_plains,10701,2818,9403,18.1,1088,23,30,6.2,7.7,864
Uttar Pradesh,cluster_bean_vegetable,vegetables_legume,40,very_low,kharif,northern_plains,2800,7254,4157,30.6,1407,19,34,5.9,7.9,732
Uttar Pradesh,broad_bean,vegetables_legume,50.6,very_low,kharif,northern_plains,12781,7697,149495,32.4,900,20,41,5.8,8,421
Uttar Pradesh,berseem,fodder,46.5,very_low,kharif,northern_plains,9581,2079,33881,22.7,492,16,39,6.4,7.2,991
Uttar Pradesh,lucerne_alfalfa,fodder,41.6,very_low,kharif,northern_plains,17528,1480,3391,20,1436,10,29,6.1,7.4,348
Uttar Pradesh,oats_fodder,fodder,40.8,very_low,kharif,northern_plains,11995,5945,22509,27.5,981,13,35,6.2,8.5,836
Uttar Pradesh,sorghum_fodder,fodder,52.9,very_low,kharif,northern_plains,25096,6061,45682,18.4,1220,17,30,6.2,8.4,621
Uttar Pradesh,maize_fodder,fodder,48.9,very_low,kharif,northern_plains,2935,1631,153930,47,1375,15,30,6.4,8.3,1037
Uttar Pradesh,bajra_fodder,fodder,45,very_low,kharif,northern_plains,17147,5033,109775,39.1,1196,13,32,6.3,7.4,1124
Uttar Pradesh,cowpea_fodder,fodder,52.6,very_low,kharif,northern_plains,8493,1735,22710,30,597,13,29,6.1,7.8,680
Uttar Pradesh,stylo,fodder,42.1,very_low,kharif,northern_plains,12392,1865,8751,11.9,586,19,44,5.8,8.2,1120
Uttar Pradesh,para_grass,fodder,45.9,very_low,kharif,northern_plains,7474,7276,1472,26.9,1184,19,34,6.1,7.9,913
Uttar Pradesh,guinea_grass,fodder,45.3,very_low,kharif,northern_plains,5714,7887,30652,11.8,549,23,38,6,8.4,1110
Uttar Pradesh,napier_grass,fodder,46,very_low,kharif,northern_plains,19279,3235,69481,40.7,1108,10,27,6.3,7,1127
Uttar Pradesh,tulsi,medicinal,44.1,very_low,kharif,northern_plains,12498,3773,5737,13.7,999,16,33,5.6,7.5,773
Uttar Pradesh,neem,medicinal,41.2,very_low,kharif,northern_plains,5628,4928,23444,19.7,1235,23,31,5.9,8.2,1176
Uttar Pradesh,aloe_vera,medicinal,44.8,very_low,kharif,northern_plains,12497,2846,140663,25.8,548,11,42,6.4,7.1,897
Uttar Pradesh,ashwagandha,medicinal,42.4,very_low,kharif,northern_plains,20829,2821,63963,40.8,1155,16,41,6.4,7.7,335
Uttar Pradesh,brahmi,medicinal,47.6,very_low,kharif,northern_plains,5648,1696,56749,5.5,1130,12,39,5.7,8.5,778
Uttar Pradesh,kalmegh,medicinal,40.6,very_low,kharif,northern_plains,10588,5251,193706,28.3,1245,14,39,5.6,8.3,479
Uttar Pradesh,giloy,medicinal,44.5,very_low,kharif,northern_plains,4773,2780,135486,49.1,1098,11,39,5.9,8.5,865
Uttar Pradesh,stevia,medicinal,48,very_low,kharif,northern_plains,13641,6122,13444,10.9,590,17,31,5.7,8.4,329
Uttar Pradesh,mentha_mint,medicinal,54.1,very_low,kharif,northern_plains,19333,1227,50958,49.1,1377,24,44,5.6,7.9,1050
Uttar Pradesh,lemongrass,medicinal,44.8,very_low,kharif,northern_plains,5443,1266,11057,6,885,19,31,6.3,8.3,425
Uttar Pradesh,citronella,medicinal,40.8,very_low,kharif,northern_plains,11731,4551,64072,11.9,656,24,31,6.1,7.1,357
Uttar Pradesh,palmarosa,medicinal,46.4,very_low,kharif,northern_plains,8360,2253,130071,11.3,1068,24,34,5.7,8.3,754
Uttar Pradesh,vetiver,medicinal,53.8,very_low,kharif,northern_plains,10650,5321,33395,22.4,972,18,36,6.2,7.2,366
Uttar Pradesh,rosemary,medicinal,42.2,very_low,kharif,northern_plains,1918,2576,52875,34.1,722,12,33,6.2,8.2,411
Uttar Pradesh,lavender,medicinal,50.7,very_low,kharif,northern_plains,7336,5627,37886,11.2,1193,11,42,6.3,8.1,978
Uttar Pradesh,bamboo,timber,41,very_low,kharif,northern_plains,25627,4555,171582,38.3,1278,13,32,6.3,8.2,770
Uttar Pradesh,eucalyptus,timber,45.9,very_low,kharif,northern_plains,12360,6347,97123,18.9,1033,22,44,5.6,8.3,771
Uttar Pradesh,teak,timber,41.6,very_low,kharif,northern_plains,8755,7077,32898,37,591,13,26,6,7.6,355
Uttar Pradesh,sal,timber,43.4,very_low,kharif,northern_plains,15997,7506,81499,23.1,1441,24,28,6,8.2,1040
Uttar Pradesh,sandalwood,timber,50.3,very_low,kharif,northern_plains,7958,6644,35235,24.3,936,22,32,6,7.4,1053
Uttar Pradesh,rosewood,timber,51.8,very_low,kharif,northern_plains,1766,4408,28920,35.3,604,21,26,6,7.2,802
Uttar Pradesh,pine,timber,49.1,very_low,kharif,northern_plains,5519,1226,101992,44.2,1153,23,43,5.9,8,657
Uttar Pradesh,deodar,timber,53.8,very_low,kharif,northern_plains,16049,1101,97977,38.4,534,10,39,5.8,7.6,805
Uttar Pradesh,button_mushroom,mushroom,41.7,very_low,kharif,northern_plains,11603,3372,24765,7.1,426,16,31,5.9,8.1,877
Uttar Pradesh,oyster_mushroom,mushroom,47.4,very_low,kharif,northern_plains,22582,5135,24965,23.3,1024,10,25,6.4,8.1,437
Uttar Pradesh,shiitake,mushroom,46.7,very_low,kharif,northern_plains,279,3741,71999,47.9,1200,13,31,6,7.3,1049
Uttar Pradesh,milky_mushroom,mushroom,42.5,very_low,kharif,northern_plains,9192,1862,79007,47.5,1098,22,33,5.9,7.5,894
Uttar Pradesh,rose,flowers,47.8,very_low,kharif,northern_plains,2134,5713,112902,13.8,1187,23,28,6,8.3,738
Uttar Pradesh,jasmine,flowers,52.2,very_low,kharif,northern_plains,1049,1416,111358,12.4,1324,14,25,5.7,7.8,396
Uttar Pradesh,marigold,flowers,53.8,very_low,kharif,northern_plains,4414,6159,103341,49.2,272,17,30,6.2,7.2,865
Uttar Pradesh,chrysanthemum,flowers,54.2,very_low,kharif,northern_plains,8769,4469,63557,25.1,802,24,27,5.8,7.3,789
Uttar Pradesh,tuberose,flowers,40,very_low,kharif,northern_plains,15228,7272,78622,11.7,449,17,25,6.3,8.2,931
Uttar Pradesh,gladiolus,flowers,53.4,very_low,kharif,northern_plains,10169,4704,30724,28.1,904,21,31,5.6,7.9,1009
Uttar Pradesh,lily,flowers,54.5,very_low,kharif,northern_plains,8840,5170,1564,37.3,234,21,39,6.2,7.2,1127
Uttar Pradesh,orchid,flowers,53.5,very_low,kharif,northern_plains,10271,4445,25989,7.3,276,18,31,6.1,7.9,1116
Uttar Pradesh,carnation,flowers,53.2,very_low,kharif,northern_plains,19992,1022,3268,25.6,1049,21,33,6.4,8.2,392
Uttar Pradesh,gerbera,flowers,46.6,very_low,kharif,northern_plains,12432,3703,70549,26.9,1148,10,41,6.4,8.2,1124
Uttar Pradesh,anthurium,flowers,41.4,very_low,kharif,northern_plains,1526,6857,144812,18.4,896,14,32,6,8.2,432
Uttarakhand,rice,cereals,72.4,medium,kharif,hill_regions,5894,5504,143738,24.7,1091,16,43,6.3,7.4,417
Uttarakhand,wheat,cereals,96.6,high,rabi,hill_regions,81443,6670,17757,25.3,1128,22,42,6,8.3,332
Uttarakhand,maize,cereals,74.6,medium,kharif,hill_regions,14037,6073,3661,28.5,738,11,38,6.2,8.1,988
Uttarakhand,barley,cereals,89.1,high,rabi,hill_regions,24594,5533,2323108,15.1,561,18,40,5.8,8.3,516
Uttarakhand,jowar_sorghum,cereals,53.1,very_low,kharif,hill_regions,9355,3504,38873,20.9,848,22,40,5.9,7.4,1068
Uttarakhand,bajra_pearl_millet,cereals,53.1,very_low,kharif,hill_regions,13330,3584,22912,19.5,1086,21,42,5.5,7.7,546
Uttarakhand,ragi_finger_millet,cereals,50.3,very_low,kharif,hill_regions,8505,5983,91866,17.1,314,13,36,5.5,7.2,1195
Uttarakhand,foxtail_millet,cereals,45.7,very_low,kharif,hill_regions,416,5143,52001,28.9,883,24,30,6.1,7.6,679
Uttarakhand,proso_millet,cereals,40.8,very_low,kharif,hill_regions,4833,4279,82711,26.1,688,13,33,5.5,7.4,1006
Uttarakhand,barnyard_millet,cereals,52.6,very_low,kharif,hill_regions,15464,6678,25068,28.6,351,21,35,6.3,8.2,719
Uttarakhand,little_millet,cereals,47.5,very_low,kharif,hill_regions,5581,5742,19830,49.4,1467,14,39,5.5,8,861
Uttarakhand,kodo_millet,cereals,52.3,very_low,kharif,hill_regions,14144,7005,86229,26.3,1003,20,44,5.6,7.5,1002
Uttarakhand,oats,cereals,46.1,very_low,kharif,hill_regions,3324,5964,126528,31.4,1194,23,41,5.6,8.1,704
Uttarakhand,gram_chickpea,pulses,45,very_low,rabi,hill_regions,15562,4508,173254,29.9,1315,11,40,5.7,7.3,461
Uttarakhand,tur_arhar,pulses,43.6,very_low,kharif,hill_regions,16230,2608,53429,9.5,738,15,27,6.3,8.3,398
Uttarakhand,moong_green_gram,pulses,44,very_low,kharif,hill_regions,21539,1501,178489,7.8,1023,10,43,5.9,8,466
Uttarakhand,urad_black_gram,pulses,44.8,very_low,kharif,hill_regions,24279,7944,161633,43.1,1460,10,28,5.6,7.8,1162
Uttarakhand,masur_lentil,pulses,48.7,very_low,kharif,hill_regions,17486,7502,118024,45.3,427,17,32,5.8,7.3,1104
Uttarakhand,rajma_kidney_bean,pulses,76.8,medium,kharif,hill_regions,33208,7739,573123,5,548,24,44,6,7.8,1111
Uttarakhand,cowpea_lobhia,pulses,50.6,very_low,kharif,hill_regions,13873,7831,123772,34,307,19,40,5.9,7.8,653
Uttarakhand,field_pea,pulses,54.5,very_low,kharif,hill_regions,2635,1202,120750,29.6,203,15,43,6.4,7.1,411
Uttarakhand,black_eyed_pea,pulses,40.1,very_low,kharif,hill_regions,2194,1755,50058,46.3,1094,19,40,6.2,8.1,366
Uttarakhand,horse_gram,pulses,48.8,very_low,kharif,hill_regions,14286,1082,42530,48.3,1116,20,38,5.6,7,696
Uttarakhand,moth_bean,pulses,46.7,very_low,kharif,hill_regions,4978,2925,16664,23,532,13,30,5.7,7.5,783
Uttarakhand,cluster_bean_guar,pulses,46.6,very_low,kharif,hill_regions,4863,6923,9179,47.5,601,10,30,5.6,7.8,584
Uttarakhand,groundnut_peanut,oilseeds,52.1,very_low,kharif,hill_regions,11683,4924,120157,17.2,381,15,26,5.8,7.8,786
Uttarakhand,mustard,oilseeds,71.8,medium,rabi,hill_regions,7901,1253,258653,22.5,514,13,32,5.6,7.3,665
Uttarakhand,rapeseed,oilseeds,56.4,low,rabi,hill_regions,48934,3681,87290,13.7,356,12,33,5.7,8.3,1164
Uttarakhand,sesame_til,oilseeds,50.4,very_low,kharif,hill_regions,6872,5655,12391,48.2,1071,14,40,5.5,7.6,1106
Uttarakhand,sunflower,oilseeds,58.9,low,kharif,hill_regions,23234,3746,378474,46,416,14,34,6.1,7.7,1024
Uttarakhand,safflower,oilseeds,51.5,very_low,kharif,hill_regions,908,2361,70622,46.7,937,17,39,5.7,7.2,610
Uttarakhand,niger,oilseeds,54.9,very_low,kharif,hill_regions,18803,3738,122234,18.7,1076,16,27,5.7,7.9,925
Uttarakhand,linseed_flax,oilseeds,41.4,very_low,kharif,hill_regions,21616,6061,143181,15.4,1395,14,28,6.1,7.5,1139
Uttarakhand,castor,oilseeds,46.9,very_low,kharif,hill_regions,12716,4608,55132,22.4,1286,14,25,6,8.4,545
Uttarakhand,coconut,oilseeds,44,very_low,perennial,hill_regions,19259,4048,165182,12.7,677,16,31,5.7,7.5,316
Uttarakhand,palm_oil,oilseeds,50.6,very_low,kharif,hill_regions,10790,3260,82365,47.1,984,20,29,5.6,7.1,724
Uttarakhand,olive,oilseeds,50.8,very_low,kharif,hill_regions,18429,7389,10842,43.5,1058,12,38,6,7.5,523
Uttarakhand,walnut,oilseeds,47,very_low,kharif,hill_regions,1360,6922,70169,21.4,780,22,31,5.9,8.1,480
Uttarakhand,almond,oilseeds,49.9,very_low,kharif,hill_regions,9439,6508,148466,42.4,408,13,33,6.2,7.8,1111
Uttarakhand,cotton,fiber,40.7,very_low,kharif,hill_regions,3444,6209,56487,5.7,1205,15,30,5.7,8.4,1147
Uttarakhand,jute,fiber,41.1,very_low,kharif,hill_regions,9520,5692,49054,30.6,1113,24,39,5.6,8.1,360
Uttarakhand,mesta,fiber,47.5,very_low,kharif,hill_regions,16029,1080,143750,34.9,240,12,25,6.3,7.3,341
Uttarakhand,flax,fiber,42.1,very_low,kharif,hill_regions,10606,2723,159867,43.5,608,17,35,6.3,7.6,791
Uttarakhand,hemp,fiber,46.2,very_low,kharif,hill_regions,14153,6794,11096,45.7,1265,22,27,5.8,8.5,1155
Uttarakhand,sisal,fiber,43.4,very_low,kharif,hill_regions,3067,2838,27725,8.6,953,13,44,6,7.5,1121
Uttarakhand,coir,fiber,49.3,very_low,kharif,hill_regions,6306,4087,76797,36.2,682,17,35,5.9,7.2,1114
Uttarakhand,sugarcane,sugar,50.1,very_low,perennial,hill_regions,11130,2492,82409,38.6,893,17,34,6.3,8.1,975
Uttarakhand,sugar_beet,sugar,43.7,very_low,kharif,hill_regions,17464,4933,139379,43.4,426,14,37,5.8,8.4,474
Uttarakhand,turmeric,spices,60.4,low,kharif,hill_regions,15727,4141,200653,41.4,595,12,43,5.8,8.1,561
Uttarakhand,coriander,spices,42.7,very_low,kharif,hill_regions,1693,3323,162615,28,1096,11,39,5.7,8.2,807
Uttarakhand,cumin,spices,51.1,very_low,kharif,hill_regions,5723,6614,103892,15.2,1231,11,33,6.4,8.4,567
Uttarakhand,fennel,spices,42.9,very_low,kharif,hill_regions,6313,1644,37166,5.8,537,23,33,5.6,8,1160
Uttarakhand,fenugreek,spices,47,very_low,kharif,hill_regions,20691,3933,119625,24.8,1450,17,42,6,8,647
Uttarakhand,ajwain,spices,53.8,very_low,kharif,hill_regions,681,1109,124160,10.1,1131,14,35,5.7,7.4,693
Uttarakhand,black_pepper,spices,50,very_low,kharif,hill_regions,3783,2448,90527,34.2,809,24,39,6.4,7.9,424
Uttarakhand,cardamom_small,spices,50.1,very_low,kharif,hill_regions,4945,4567,17780,5.9,625,22,25,5.6,8.2,575
Uttarakhand,cardamom_large,spices,54.1,very_low,kharif,hill_regions,14061,2811,8873,44.7,1405,20,40,5.5,8.1,724
Uttarakhand,cinnamon,spices,46.8,very_low,kharif,hill_regions,5793,5874,49335,30.1,378,20,28,5.7,7,409
Uttarakhand,clove,spices,43.5,very_low,kharif,hill_regions,4830,1380,108089,10.4,1112,18,36,5.6,7.4,1001
Uttarakhand,nutmeg,spices,47,very_low,kharif,hill_regions,10536,4036,123481,38.7,612,22,35,6.1,8.3,728
Uttarakhand,ginger,spices,66.3,low,kharif,hill_regions,26556,6523,52207,31.2,260,12,36,5.8,7.4,1160
Uttarakhand,garlic,spices,45.5,very_low,kharif,hill_regions,11475,1434,114938,28.1,695,10,30,6.4,7.3,497
Uttarakhand,onion,spices,43.1,very_low,rabi,hill_regions,19554,7172,203358,46.8,831,17,41,5.8,7,598
Uttarakhand,chilli,spices,50.7,very_low,kharif,hill_regions,9814,6708,10180,9.4,458,15,35,6,8.3,428
Uttarakhand,tamarind,spices,50.5,very_low,kharif,hill_regions,15512,3393,79218,6.3,350,15,34,5.6,8.2,1151
Uttarakhand,vanilla,spices,48.9,very_low,kharif,hill_regions,8206,2520,64990,24.5,269,14,33,6.2,7.2,558
Uttarakhand,saffron,spices,41.3,very_low,kharif,hill_regions,10701,7503,132268,40,413,13,35,5.5,8.3,999
Uttarakhand,mint,spices,40.9,very_low,kharif,hill_regions,389,1799,12205,26.6,1219,12,40,5.7,8.5,1068
Uttarakhand,basil,spices,51.1,very_low,kharif,hill_regions,5461,1834,80519,23.1,1076,12,36,6.2,7.4,1002
Uttarakhand,oregano,spices,46.5,very_low,kharif,hill_regions,2687,2952,16876,30.3,1433,23,31,6.4,8.4,564
Uttarakhand,thyme,spices,53.6,very_low,kharif,hill_regions,23949,3731,145916,21.4,1494,11,42,5.6,7.1,1145
Uttarakhand,tea,plantation,83,medium,perennial,hill_regions,100881,7032,760000,31.8,1445,22,43,5.8,7.8,1080
Uttarakhand,coffee_arabica,plantation,48.7,very_low,perennial,hill_regions,25328,6631,65828,10.3,554,19,25,5.7,7.5,1087
Uttarakhand,coffee_robusta,plantation,40.8,very_low,perennial,hill_regions,6118,2244,21395,13.3,956,10,43,5.6,8.4,1000
Uttarakhand,rubber,plantation,52.4,very_low,perennial,hill_regions,9055,6719,60131,29.8,407,16,28,6.5,8,343
Uttarakhand,cocoa,plantation,47.2,very_low,kharif,hill_regions,2382,5654,32469,23.4,1013,15,32,6.3,7.5,889
Uttarakhand,cashew,plantation,52.7,very_low,kharif,hill_regions,724,6778,57609,42.2,476,22,26,6.4,8.2,810
Uttarakhand,areca_nut,plantation,49.1,very_low,kharif,hill_regions,3545,4188,89034,49.9,1262,16,39,5.6,7.6,682
Uttarakhand,betelvine,plantation,55,very_low,kharif,hill_regions,1647,1470,99617,18,1329,17,31,6.3,7.6,963
Uttarakhand,black_pepper_plantation,plantation,50.7,very_low,kharif,hill_regions,21003,6938,130155,48.1,226,23,27,5.7,8.2,660
Uttarakhand,mango,fruits_tropical,46.4,very_low,kharif,hill_regions,3535,1743,24088,30.5,1118,21,32,6.4,7.5,400
Uttarakhand,banana,fruits_tropical,54.2,very_low,perennial,hill_regions,20223,3755,126162,9.9,1310,12,26,5.6,7.8,562
Uttarakhand,papaya,fruits_tropical,54.4,very_low,kharif,hill_regions,21785,6667,192797,43.9,1406,24,30,5.7,8,410
Uttarakhand,pineapple,fruits_tropical,43.2,very_low,kharif,hill_regions,16620,5555,193632,35,760,14,31,5.8,7.1,535
Uttarakhand,jackfruit,fruits_tropical,52.5,very_low,kharif,hill_regions,15368,7315,52085,31,240,23,33,5.7,7.4,1063
Uttarakhand,guava,fruits_tropical,41.6,very_low,kharif,hill_regions,10823,2757,75864,23.4,912,18,33,5.9,7.4,645
Uttarakhand,coconut_fruit,fruits_tropical,47,very_low,kharif,hill_regions,3059,6347,119588,18.4,797,24,25,6.3,7.8,856
Uttarakhand,passion_fruit,fruits_tropical,50.3,very_low,kharif,hill_regions,3822,7367,113271,30.2,782,17,41,5.5,8.3,342
Uttarakhand,dragon_fruit,fruits_tropical,49.2,very_low,kharif,hill_regions,11354,1598,74219,43.5,843,11,25,6.1,7.1,364
Uttarakhand,rambutan,fruits_tropical,46.4,very_low,kharif,hill_regions,3010,4366,31979,14.9,868,14,26,6.2,7.9,490
Uttarakhand,sapota,fruits_tropical,48.7,very_low,kharif,hill_regions,27857,4723,23093,25.6,235,16,43,6,7.8,442
Uttarakhand,custard_apple,fruits_tropical,40.2,very_low,kharif,hill_regions,10300,2955,136630,38.5,526,17,31,6,7.2,759
Uttarakhand,wood_apple,fruits_tropical,40.7,very_low,kharif,hill_regions,16921,7590,128689,13.2,829,19,32,6.1,7.2,999
Uttarakhand,apple,fruits_temperate,96.8,high,kharif,hill_regions,156877,1643,390748,25.8,702,19,36,5.6,7.2,346
Uttarakhand,pear,fruits_temperate,54.3,very_low,kharif,hill_regions,19631,4788,35706,33.2,856,16,32,6.2,7.9,436
Uttarakhand,peach,fruits_temperate,52.2,very_low,kharif,hill_regions,12280,6242,28124,46.4,551,13,41,5.8,8.2,595
Uttarakhand,plum,fruits_temperate,48.3,very_low,kharif,hill_regions,10731,2168,105189,21.7,813,10,44,6.3,7.7,1128
Uttarakhand,apricot,fruits_temperate,54,very_low,kharif,hill_regions,4989,4409,53824,25.2,1384,14,41,6.4,8.2,774
Uttarakhand,cherry,fruits_temperate,48.5,very_low,kharif,hill_regions,1426,6151,111790,22.9,1197,13,42,6.2,7.9,770
Uttarakhand,strawberry,fruits_temperate,43.2,very_low,kharif,hill_regions,16255,1081,65624,42.5,1021,19,29,6.1,8.2,661
Uttarakhand,kiwi,fruits_temperate,42.7,very_low,kharif,hill_regions,5895,5787,15118,24,939,12,30,6.1,8.1,872
Uttarakhand,grape,fruits_temperate,50.7,very_low,kharif,hill_regions,18114,6787,137827,30.9,1492,10,28,6.3,8.2,1036
Uttarakhand,pomegranate,fruits_temperate,53.1,very_low,kharif,hill_regions,17206,2464,138321,30.1,413,21,30,5.7,7.3,326
Uttarakhand,fig,fruits_temperate,51.5,very_low,kharif,hill_regions,19314,4074,133145,48.6,229,11,31,6.4,8.3,630
Uttarakhand,persimmon,fruits_temperate,43,very_low,kharif,hill_regions,15652,1221,167626,48.1,254,14,41,6.1,8.5,1123
Uttarakhand,orange,fruits_citrus,42.7,very_low,kharif,hill_regions,15420,1776,17029,30.6,723,18,29,6.1,7.6,1098
Uttarakhand,lime,fruits_citrus,44.6,very_low,kharif,hill_regions,10859,5047,63007,41.4,1296,22,37,5.8,8,1163
Uttarakhand,lemon,fruits_citrus,49.7,very_low,kharif,hill_regions,9074,6922,167501,41.9,1123,17,38,6.4,7.6,1156
Uttarakhand,grapefruit,fruits_citrus,40.7,very_low,kharif,hill_regions,5130,6939,20466,36.2,910,14,30,5.6,7.8,705
Uttarakhand,mandarin,fruits_citrus,44.3,very_low,kharif,hill_regions,24123,4674,122881,13.7,1043,24,42,5.6,7.1,1165
Uttarakhand,sweet_lime,fruits_citrus,43,very_low,kharif,hill_regions,1763,6903,19994,34,273,12,35,5.5,7.3,422
Uttarakhand,kinnow,fruits_citrus,40.6,very_low,kharif,hill_regions,13405,7012,84499,6.9,1104,10,36,5.6,8,1103
Uttarakhand,spinach,vegetables_leafy,54.3,very_low,kharif,hill_regions,11046,1267,126648,48,769,21,40,6.3,8.1,493
Uttarakhand,fenugreek_leaves,vegetables_leafy,51.3,very_low,kharif,hill_regions,9219,1024,94744,42.2,1087,11,41,6.4,8,1178
Uttarakhand,amaranth,vegetables_leafy,41.4,very_low,kharif,hill_regions,12800,2019,127409,41,414,21,26,6.1,8.2,431
Uttarakhand,cabbage,vegetables_leafy,92.4,high,kharif,hill_regions,130633,3969,430623,16.4,1324,12,27,5.6,7.1,313
Uttarakhand,cauliflower,vegetables_leafy,87.1,high,kharif,hill_regions,49562,1868,136383,29.4,1134,19,36,5.9,8,1111
Uttarakhand,lettuce,vegetables_leafy,49.4,very_low,kharif,hill_regions,6446,4669,40625,30.6,1074,10,34,6.3,7.8,361
Uttarakhand,kale,vegetables_leafy,51.6,very_low,kharif,hill_regions,24598,3537,123471,31.6,1130,19,28,6.3,8.3,663
Uttarakhand,mustard_leaves,vegetables_leafy,42,very_low,kharif,hill_regions,8063,6189,56140,16.8,1328,19,26,6.2,8.1,511
Uttarakhand,curry_leaves,vegetables_leafy,54.5,very_low,kharif,hill_regions,16430,3055,85146,28.3,1489,16,28,6.3,7.1,1096
Uttarakhand,coriander_leaves,vegetables_leafy,41.7,very_low,kharif,hill_regions,15357,3354,144925,31.7,713,14,27,6.1,7.5,588
Uttarakhand,potato,vegetables_root,97.3,high,rabi,hill_regions,167589,7824,1256956,5.9,1329,13,32,6.5,7.6,889
Uttarakhand,sweet_potato,vegetables_root,44.7,very_low,kharif,hill_regions,10461,7638,39416,16.1,234,13,30,5.6,7.8,414
Uttarakhand,carrot,vegetables_root,47.7,very_low,kharif,hill_regions,12902,3149,10369,42.6,722,22,31,6,7.7,802
Uttarakhand,radish,vegetables_root,46,very_low,kharif,hill_regions,13607,3902,109217,37.1,1173,17,25,6.3,8.4,887
Uttarakhand,turnip,vegetables_root,47.9,very_low,kharif,hill_regions,13656,7989,10719,6,1453,16,37,6.3,8.1,882
Uttarakhand,beetroot,vegetables_root,47.1,very_low,kharif,hill_regions,15761,6955,22106,17.5,716,19,32,5.7,7,1058
Uttarakhand,onion_vegetable,vegetables_root,46.3,very_low,kharif,hill_regions,8881,1860,52820,38.8,1156,21,34,5.9,8.2,455
Uttarakhand,garlic_vegetable,vegetables_root,50.9,very_low,kharif,hill_regions,8141,2384,113952,14.7,1331,13,31,6.4,7.3,1096
Uttarakhand,ginger_vegetable,vegetables_root,43.1,very_low,kharif,hill_regions,9161,2723,107939,21.6,462,15,39,6.3,8.2,981
Uttarakhand,turmeric_vegetable,vegetables_root,40.1,very_low,kharif,hill_regions,3285,1514,109148,40.7,1259,23,36,6.5,7.7,1095
Uttarakhand,yam,vegetables_root,41.7,very_low,kharif,hill_regions,7714,1868,7938,13.8,1223,23,31,6.5,8.2,503
Uttarakhand,taro,vegetables_root,48.8,very_low,kharif,hill_regions,25199,3543,72830,41.9,913,12,31,6.2,7.2,928
Uttarakhand,cassava,vegetables_root,50.6,very_low,kharif,hill_regions,6228,7548,92426,40.5,871,13,36,6.3,7,402
Uttarakhand,tomato,vegetables_fruit,47.1,very_low,kharif,hill_regions,18415,1645,48663,41.7,996,18,39,5.5,8.4,472
Uttarakhand,brinjal_eggplant,vegetables_fruit,41.2,very_low,kharif,hill_regions,11834,2620,6852,7.6,533,12,32,5.7,7.5,700
Uttarakhand,okra_ladyfinger,vegetables_fruit,51.1,very_low,kharif,hill_regions,6987,6707,114800,30.1,762,19,34,5.7,7.7,1181
Uttarakhand,bottle_gourd,vegetables_fruit,49.6,very_low,kharif,hill_regions,14848,3720,48996,32.7,939,14,34,5.8,8.1,410
Uttarakhand,bitter_gourd,vegetables_fruit,51.3,very_low,kharif,hill_regions,4137,3333,104773,31.5,1210,18,44,5.7,7.9,1017
Uttarakhand,ridge_gourd,vegetables_fruit,49.4,very_low,kharif,hill_regions,16894,6785,39522,16.8,777,22,33,6.1,7.6,1025
Uttarakhand,snake_gourd,vegetables_fruit,43,very_low,kharif,hill_regions,12733,3822,123464,6.3,1293,15,40,5.8,7.3,650
Uttarakhand,ash_gourd,vegetables_fruit,52,very_low,kharif,hill_regions,9797,7565,78857,20.8,388,11,31,5.6,7.7,1074
Uttarakhand,pumpkin,vegetables_fruit,47.1,very_low,kharif,hill_regions,5116,2164,35034,30.6,969,13,32,6.1,8.1,587
Uttarakhand,cucumber,vegetables_fruit,44.1,very_low,zaid,hill_regions,12764,6997,41735,39.7,410,18,30,5.6,7.9,756
Uttarakhand,watermelon,vegetables_fruit,47.3,very_low,zaid,hill_regions,8275,5691,23061,37.2,953,17,27,5.8,7.4,510
Uttarakhand,muskmelon,vegetables_fruit,54.3,very_low,zaid,hill_regions,15591,2439,206400,38.7,250,17,37,5.6,7.1,717
Uttarakhand,capsicum,vegetables_fruit,40,very_low,kharif,hill_regions,1897,7369,67070,25.3,822,20,34,5.6,8.1,351
Uttarakhand,chilli_vegetable,vegetables_fruit,47.3,very_low,kharif,hill_regions,3437,5946,10353,49.7,1086,24,38,5.7,8.4,864
Uttarakhand,drumstick,vegetables_fruit,48.6,very_low,kharif,hill_regions,5421,4710,54535,43.4,237,17,41,5.5,7.4,346
Uttarakhand,green_peas,vegetables_legume,48.9,very_low,kharif,hill_regions,15683,5314,73486,46.3,490,18,35,5.6,8.4,930
Uttarakhand,french_bean,vegetables_legume,53.3,very_low,kharif,hill_regions,14376,6625,137125,49,521,10,28,5.6,7.7,369
Uttarakhand,cluster_bean_vegetable,vegetables_legume,43.3,very_low,kharif,hill_regions,5865,2867,44998,9,871,11,26,5.8,8.3,1009
Uttarakhand,broad_bean,vegetables_legume,54.4,very_low,kharif,hill_regions,6132,7796,58770,5.4,1266,12,39,5.5,7.2,735
Uttarakhand,berseem,fodder,41,very_low,kharif,hill_regions,20895,3297,132869,37.2,1182,15,42,6.4,7.3,1120
Uttarakhand,lucerne_alfalfa,fodder,50.7,very_low,kharif,hill_regions,11952,5628,52490,38.8,956,17,38,6.1,8.1,1072
Uttarakhand,oats_fodder,fodder,52,very_low,kharif,hill_regions,15768,5548,41901,6.9,1484,18,29,6,7.6,1156
Uttarakhand,sorghum_fodder,fodder,47.4,very_low,kharif,hill_regions,15688,3736,31119,39.6,1383,10,42,5.9,7.4,335
Uttarakhand,maize_fodder,fodder,43.1,very_low,kharif,hill_regions,1332,2321,98234,35.9,1200,12,25,6,7.5,999
Uttarakhand,bajra_fodder,fodder,48.1,very_low,kharif,hill_regions,2020,3545,92965,10.7,957,10,39,5.5,8.3,358
Uttarakhand,cowpea_fodder,fodder,46.8,very_low,kharif,hill_regions,1858,6048,81218,38.3,725,24,31,5.7,8.5,1179
Uttarakhand,stylo,fodder,48.9,very_low,kharif,hill_regions,3490,4646,88077,8.5,1093,11,41,6,8.5,977
Uttarakhand,para_grass,fodder,47.5,very_low,kharif,hill_regions,7014,1801,92871,15.4,1324,14,29,5.8,8.1,772
Uttarakhand,guinea_grass,fodder,41.6,very_low,kharif,hill_regions,4902,3369,86835,30.8,442,10,27,6.2,8.3,1004
Uttarakhand,napier_grass,fodder,51.8,very_low,kharif,hill_regions,15054,1604,99998,9.4,547,17,26,5.9,7.5,882
Uttarakhand,tulsi,medicinal,50.8,very_low,kharif,hill_regions,563,6431,49939,29.1,1474,16,28,6.2,8.2,752
Uttarakhand,neem,medicinal,50.4,very_low,kharif,hill_regions,8380,1239,28353,26.6,715,22,27,5.6,7.1,910
Uttarakhand,aloe_vera,medicinal,48.9,very_low,kharif,hill_regions,3744,4614,139120,35.8,770,11,42,6,8.3,694
Uttarakhand,ashwagandha,medicinal,43.6,very_low,kharif,hill_regions,6846,5299,99369,15.9,444,13,43,5.7,7.5,737
Uttarakhand,brahmi,medicinal,48.3,very_low,kharif,hill_regions,3307,1756,68939,23.6,685,15,42,6.3,8.2,979
Uttarakhand,kalmegh,medicinal,40.6,very_low,kharif,hill_regions,9544,5163,70066,37.3,1384,19,30,5.6,7.6,938
Uttarakhand,giloy,medicinal,44.2,very_low,kharif,hill_regions,12386,3932,21558,12.4,1321,22,37,6,8.4,505
Uttarakhand,stevia,medicinal,46.2,very_low,kharif,hill_regions,4453,3689,79711,21.1,1285,21,27,6.5,7.9,836
Uttarakhand,mentha_mint,medicinal,40.2,very_low,kharif,hill_regions,1560,2297,19138,22,1234,20,27,6.3,7.7,329
Uttarakhand,lemongrass,medicinal,43.4,very_low,kharif,hill_regions,18917,2318,8061,18.3,1233,24,36,5.6,7.8,1198
Uttarakhand,citronella,medicinal,54.1,very_low,kharif,hill_regions,20977,3982,213412,45.3,387,21,43,6.4,8.1,783
Uttarakhand,palmarosa,medicinal,51.7,very_low,kharif,hill_regions,6666,2812,87996,25.5,881,13,36,6.2,8.2,830
Uttarakhand,vetiver,medicinal,51.3,very_low,kharif,hill_regions,1738,2257,90656,30,791,21,27,5.5,7.5,524
Uttarakhand,rosemary,medicinal,44.6,very_low,kharif,hill_regions,16859,5123,154689,22.9,1472,24,40,5.7,8.3,390
Uttarakhand,lavender,medicinal,49.4,very_low,kharif,hill_regions,934,7327,147203,45.8,450,14,44,5.6,7.9,736
Uttarakhand,bamboo,timber,42.3,very_low,kharif,hill_regions,3960,5148,70778,23.8,474,19,44,6.3,8,980
Uttarakhand,eucalyptus,timber,52.6,very_low,kharif,hill_regions,11113,7268,108353,11.1,1213,10,41,6.3,8.2,321
Uttarakhand,teak,timber,54.6,very_low,kharif,hill_regions,17871,4965,60711,18.3,290,18,27,6.1,7.9,697
Uttarakhand,sal,timber,42.3,very_low,kharif,hill_regions,16413,4206,51269,33.3,1004,11,29,6,7.5,587
Uttarakhand,sandalwood,timber,46.7,very_low,kharif,hill_regions,5595,6415,64596,44.3,1433,23,30,6,7.8,1066
Uttarakhand,rosewood,timber,48.4,very_low,kharif,hill_regions,8310,1309,100483,30.5,1047,13,36,6,7.9,1062
Uttarakhand,pine,timber,51.5,very_low,kharif,hill_regions,18727,3508,82608,34.2,772,15,27,6.1,7.3,424
Uttarakhand,deodar,timber,42.7,very_low,kharif,hill_regions,3493,7833,144299,22.7,971,10,41,5.8,7.1,982
Uttarakhand,button_mushroom,mushroom,44.9,very_low,kharif,hill_regions,18054,6431,57675,44.1,705,17,37,5.6,7.9,819
Uttarakhand,oyster_mushroom,mushroom,53.1,very_low,kharif,hill_regions,4264,4335,93933,30.3,379,15,26,6.2,8.3,341
Uttarakhand,shiitake,mushroom,47.9,very_low,kharif,hill_regions,9475,4519,121217,26.8,1395,18,26,6.5,7.2,1006
Uttarakhand,milky_mushroom,mushroom,47.9,very_low,kharif,hill_regions,12862,1412,74593,32.9,1017,24,37,5.8,7.1,1009
Uttarakhand,rose,flowers,53.3,very_low,kharif,hill_regions,10859,7026,42996,22.9,859,10,38,5.7,7.5,673
Uttarakhand,jasmine,flowers,49.6,very_low,kharif,hill_regions,3929,2920,250,36.1,506,12,40,5.5,8.4,918
Uttarakhand,marigold,flowers,42.6,very_low,kharif,hill_regions,16160,5331,82862,34.4,801,12,28,6.2,8.3,570
Uttarakhand,chrysanthemum,flowers,47.6,very_low,kharif,hill_regions,7896,3731,86983,6.5,862,13,27,6.2,8.1,1100
Uttarakhand,tuberose,flowers,54,very_low,kharif,hill_regions,3594,2565,27068,20.9,361,19,39,5.7,7.9,320
Uttarakhand,gladiolus,flowers,46.5,very_low,kharif,hill_regions,15683,7459,18676,46.3,744,18,35,6.2,7.5,362
Uttarakhand,lily,flowers,46.3,very_low,kharif,hill_regions,11685,6548,7590,49.5,1487,11,31,6.1,7.6,738
Uttarakhand,orchid,flowers,44.9,very_low,kharif,hill_regions,8978,4009,111795,48.6,1034,11,31,5.9,8.1,702
Uttarakhand,carnation,flowers,49.9,very_low,kharif,hill_regions,3035,6360,159860,41.9,1442,14,33,5.8,7.5,596
Uttarakhand,gerbera,flowers,53,very_low,kharif,hill_regions,2371,5273,68942,36.4,260,16,28,6.5,8.5,345
Uttarakhand,anthurium,flowers,50,very_low,kharif,hill_regions,8706,5855,39640,10.8,1402,19,41,6,7.2,638
West Bengal,rice,cereals,96.5,high,kharif,eastern_india,32769,2773,321643,9.4,1302,12,41,5.9,7.7,716
West Bengal,wheat,cereals,80.7,medium,rabi,eastern_india,84523,6416,10015,27.7,881,13,36,6,7.7,406
West Bengal,maize,cereals,76.5,medium,kharif,eastern_india,55583,4412,1034517,44.2,1407,11,37,5.7,7.6,911
West Bengal,barley,cereals,48.7,very_low,rabi,eastern_india,16419,5778,132156,46.9,1125,15,29,5.8,7.6,966
West Bengal,jowar_sorghum,cereals,40.6,very_low,kharif,eastern_india,19991,4495,84201,10.1,576,11,41,6,7.4,316
West Bengal,bajra_pearl_millet,cereals,47.9,very_low,kharif,eastern_india,19252,2500,199345,30.6,631,15,27,6,8.1,668
West Bengal,ragi_finger_millet,cereals,53,very_low,kharif,eastern_india,17612,5922,8781,8,1240,15,28,6.4,8.5,1027
West Bengal,foxtail_millet,cereals,50.9,very_low,kharif,eastern_india,1151,5696,32887,5.9,1163,16,38,6,7,872
West Bengal,proso_millet,cereals,51.8,very_low,kharif,eastern_india,11704,2270,44455,28.7,608,17,39,6.2,8.4,1075
West Bengal,barnyard_millet,cereals,54.8,very_low,kharif,eastern_india,8905,2680,42923,11.8,1144,19,30,6.4,7.8,362
West Bengal,little_millet,cereals,40.9,very_low,kharif,eastern_india,2819,7212,80138,14.1,523,19,42,5.8,7.8,1101
West Bengal,kodo_millet,cereals,51.6,very_low,kharif,eastern_india,7939,5836,25630,32.7,595,20,27,6.2,8.1,1071
West Bengal,oats,cereals,50.3,very_low,kharif,eastern_india,16085,2991,110938,37.6,710,24,32,5.6,7.5,389
West Bengal,gram_chickpea,pulses,60.1,low,rabi,eastern_india,16200,6445,19975,30.3,256,23,43,6,8.2,833
West Bengal,tur_arhar,pulses,45.1,very_low,kharif,eastern_india,11341,4009,109725,48.9,473,18,35,6.4,8,846
West Bengal,moong_green_gram,pulses,50.2,very_low,kharif,eastern_india,17089,1403,4318,23.7,400,18,25,6,7.4,482
West Bengal,urad_black_gram,pulses,46.7,very_low,kharif,eastern_india,17848,2119,108255,46.9,770,17,43,5.6,8.1,569
West Bengal,masur_lentil,pulses,53,very_low,kharif,eastern_india,10981,6380,25299,39.2,1399,11,43,5.9,7,401
West Bengal,rajma_kidney_bean,pulses,53.3,very_low,kharif,eastern_india,26581,4090,228083,23.3,347,15,44,6.1,7.5,861
West Bengal,cowpea_lobhia,pulses,46.4,very_low,kharif,eastern_india,2298,1134,22485,38.3,451,17,39,6,7,627
West Bengal,field_pea,pulses,46.6,very_low,kharif,eastern_india,9283,4592,25412,38.8,409,16,40,6.2,7.6,1010
West Bengal,black_eyed_pea,pulses,50.7,very_low,kharif,eastern_india,15860,1993,50847,36.4,1334,14,36,5.5,7.6,597
West Bengal,horse_gram,pulses,52.6,very_low,kharif,eastern_india,820,4098,37481,12.3,542,24,35,5.6,7.1,337
West Bengal,moth_bean,pulses,45.8,very_low,kharif,eastern_india,22794,3575,169272,38.9,827,16,28,5.8,7.5,1031
West Bengal,cluster_bean_guar,pulses,48.3,very_low,kharif,eastern_india,1470,4476,74771,41.8,1236,22,33,6.4,7.7,451
West Bengal,groundnut_peanut,oilseeds,61,low,kharif,eastern_india,18718,5610,247168,15.1,610,18,26,6.2,7.3,1065
West Bengal,mustard,oilseeds,90.2,high,rabi,eastern_india,122900,4878,253396,42.2,789,12,40,5.6,8.5,697
West Bengal,rapeseed,oilseeds,50.9,very_low,rabi,eastern_india,3725,6306,44208,35.7,534,13,34,6.3,7.9,358
West Bengal,sesame_til,oilseeds,94.5,high,kharif,eastern_india,148655,3475,1055381,21.7,305,22,38,6.2,7.3,897
West Bengal,sunflower,oilseeds,58.5,low,kharif,eastern_india,21900,2102,466799,9.7,1190,11,38,5.6,7.8,469
West Bengal,safflower,oilseeds,53,very_low,kharif,eastern_india,455,5397,64305,43.7,763,16,34,6.4,7.9,902
West Bengal,niger,oilseeds,50.8,very_low,kharif,eastern_india,24125,7490,79149,14.7,464,22,41,6.2,7.1,586
West Bengal,linseed_flax,oilseeds,51,very_low,kharif,eastern_india,9399,4799,31570,47,533,23,35,5.6,8.3,1012
West Bengal,castor,oilseeds,52.5,very_low,kharif,eastern_india,16264,7349,23452,8.7,362,23,36,5.7,7.2,700
West Bengal,coconut,oilseeds,52.2,very_low,perennial,eastern_india,22259,6382,13112,37.4,874,20,34,6,7.2,1114
West Bengal,palm_oil,oilseeds,45.6,very_low,kharif,eastern_india,4656,3582,150794,14.4,467,13,36,6,7.3,922
West Bengal,olive,oilseeds,53.6,very_low,kharif,eastern_india,9451,5104,36873,32.8,472,22,25,6.1,7.5,1093
West Bengal,walnut,oilseeds,47.5,very_low,kharif,eastern_india,24085,3340,183492,37.7,340,11,41,6,7.7,1102
West Bengal,almond,oilseeds,53.6,very_low,kharif,eastern_india,4655,7266,80394,37.4,332,19,36,5.7,8.2,580
West Bengal,cotton,fiber,64.3,low,kharif,eastern_india,4499,4673,118309,8.2,458,19,27,5.6,8.4,396
West Bengal,jute,fiber,89.9,high,kharif,eastern_india,159789,4368,152643,39.6,1215,23,39,5.6,7.8,645
West Bengal,mesta,fiber,51.2,very_low,kharif,eastern_india,15882,2263,76412,24.4,1475,10,41,5.6,7.1,595
West Bengal,flax,fiber,50.5,very_low,kharif,eastern_india,14886,6421,43996,33.5,1029,19,36,5.7,8.4,1178
West Bengal,hemp,fiber,50.3,very_low,kharif,eastern_india,10230,1758,55012,48.9,912,18,44,6.4,7.9,542
West Bengal,sisal,fiber,41.8,very_low,kharif,eastern_india,25115,4459,20875,32.3,677,12,43,5.7,8.1,686
West Bengal,coir,fiber,52.4,very_low,kharif,eastern_india,3168,4147,50091,37.1,908,15,31,5.6,7.3,942
West Bengal,sugarcane,sugar,79.1,medium,perennial,eastern_india,87873,4390,666852,40.2,1302,22,38,6.2,8.2,452
West Bengal,sugar_beet,sugar,44.5,very_low,kharif,eastern_india,2386,6448,91571,35.3,1351,14,41,5.8,8.3,1018
West Bengal,turmeric,spices,54.8,very_low,kharif,eastern_india,10730,1770,185697,30.7,1315,15,25,5.6,8,403
West Bengal,coriander,spices,51.2,very_low,kharif,eastern_india,10435,6608,37366,23.6,1148,23,30,6.1,8.4,883
West Bengal,cumin,spices,53.4,very_low,kharif,eastern_india,26780,6309,127307,9.4,489,13,25,5.6,7.4,381
West Bengal,fennel,spices,42.5,very_low,kharif,eastern_india,4683,6749,72072,45.7,1169,13,39,6.3,7.8,1026
West Bengal,fenugreek,spices,41.1,very_low,kharif,eastern_india,10621,6636,22605,14.6,926,24,26,6.2,7.3,394
West Bengal,ajwain,spices,45.9,very_low,kharif,eastern_india,17951,5442,85310,17.9,580,21,27,5.6,8.1,1164
West Bengal,black_pepper,spices,41.8,very_low,kharif,eastern_india,5476,1180,147771,27.9,231,23,35,6.2,7.6,466
West Bengal,cardamom_small,spices,47,very_low,kharif,eastern_india,4785,5507,11999,22.9,910,20,37,6.4,8.5,1143
West Bengal,cardamom_large,spices,51.5,very_low,kharif,eastern_india,1069,4734,126028,23.6,700,18,43,5.8,7.6,887
West Bengal,cinnamon,spices,42.8,very_low,kharif,eastern_india,17871,3465,154317,17.6,1206,11,33,5.8,8.2,977
West Bengal,clove,spices,52.6,very_low,kharif,eastern_india,18364,4071,125006,6.4,1344,20,42,6.3,7.4,545
West Bengal,nutmeg,spices,52,very_low,kharif,eastern_india,1637,1105,32789,9.5,1242,17,30,6.1,7.1,953
West Bengal,ginger,spices,47.5,very_low,kharif,eastern_india,3302,6251,15326,48.3,1365,21,26,5.9,7.4,423
West Bengal,garlic,spices,55,very_low,kharif,eastern_india,4170,7160,15062,26.1,1468,13,39,5.6,7.9,605
West Bengal,onion,spices,80.5,medium,rabi,eastern_india,33753,4822,124211,41.6,1175,18,32,6.4,8,556
West Bengal,chilli,spices,52.1,very_low,kharif,eastern_india,3081,1799,170376,18,1062,10,36,5.7,7.2,996
West Bengal,tamarind,spices,52.1,very_low,kharif,eastern_india,512,2994,70338,36.1,1182,19,40,5.9,7.8,357
West Bengal,vanilla,spices,46.4,very_low,kharif,eastern_india,11478,3645,35724,15.7,374,20,37,6.1,7.8,630
West Bengal,saffron,spices,51.5,very_low,kharif,eastern_india,12672,3863,37262,35.2,925,24,36,5.8,7.8,1186
West Bengal,mint,spices,50.9,very_low,kharif,eastern_india,4396,3090,86190,32.5,1253,12,43,5.6,7.6,312
West Bengal,basil,spices,42.8,very_low,kharif,eastern_india,2565,2017,216396,37,729,11,40,6,7.5,624
West Bengal,oregano,spices,47.6,very_low,kharif,eastern_india,17238,6401,129066,37.8,1185,20,42,6.1,7.8,931
West Bengal,thyme,spices,42.5,very_low,kharif,eastern_india,23924,3073,124943,6.5,1195,18,38,5.6,8.2,530
West Bengal,tea,plantation,93.9,high,perennial,eastern_india,157064,1351,1418864,40.8,817,16,31,6.4,8.1,928
West Bengal,coffee_arabica,plantation,53.9,very_low,perennial,eastern_india,10759,5802,135291,24.2,720,11,26,6,7.3,365
West Bengal,coffee_robusta,plantation,54.5,very_low,perennial,eastern_india,9638,6529,202666,25.9,490,11,27,6.3,7.6,924
West Bengal,rubber,plantation,48.1,very_low,perennial,eastern_india,2372,3334,120296,41.5,236,12,40,5.8,8,806
West Bengal,cocoa,plantation,49.8,very_low,kharif,eastern_india,10318,1146,821,15.2,1491,11,42,5.7,7.2,1001
West Bengal,cashew,plantation,52.7,very_low,kharif,eastern_india,6425,7158,15102,20.4,802,11,36,6.1,8.5,859
West Bengal,areca_nut,plantation,46,very_low,kharif,eastern_india,8814,4730,11694,19.5,886,20,26,6.3,8.4,552
West Bengal,betelvine,plantation,51.5,very_low,kharif,eastern_india,7186,6583,42155,6.2,901,22,27,5.5,8.2,540
West Bengal,black_pepper_plantation,plantation,45.5,very_low,kharif,eastern_india,1240,5301,51916,18.2,788,15,38,6.4,8.1,303
West Bengal,mango,fruits_tropical,41.5,very_low,kharif,eastern_india,15860,2658,130722,10,294,23,28,6,7.5,432
West Bengal,banana,fruits_tropical,79.5,medium,perennial,eastern_india,97547,3475,840101,11.4,954,17,32,6.2,7.2,779
West Bengal,papaya,fruits_tropical,52.8,very_low,kharif,eastern_india,3815,5624,86773,17.8,667,21,30,6.2,7.2,670
West Bengal,pineapple,fruits_tropical,80.3,medium,kharif,eastern_india,3258,3844,259592,9.6,211,10,43,6.2,8.4,403
West Bengal,jackfruit,fruits_tropical,48.6,very_low,kharif,eastern_india,426,4263,60362,7.9,674,11,32,6,7.5,818
West Bengal,guava,fruits_tropical,48.8,very_low,kharif,eastern_india,6591,4087,50167,39.2,381,22,31,6.2,8.3,1098
West Bengal,coconut_fruit,fruits_tropical,46.8,very_low,kharif,eastern_india,9226,2287,95738,37,1234,16,36,5.6,8,738
West Bengal,passion_fruit,fruits_tropical,47.6,very_low,kharif,eastern_india,20867,4746,76705,25.1,655,12,37,6.2,8.5,710
West Bengal,dragon_fruit,fruits_tropical,55,very_low,kharif,eastern_india,9070,7963,70444,25.4,869,22,43,6,8.2,1140
West Bengal,rambutan,fruits_tropical,44.2,very_low,kharif,eastern_india,19773,3474,98547,34.6,400,22,33,6,8,669
West Bengal,sapota,fruits_tropical,44.9,very_low,kharif,eastern_india,7394,4038,18337,43,735,11,40,5.5,7.9,932
West Bengal,custard_apple,fruits_tropical,42.9,very_low,kharif,eastern_india,1549,7953,76295,19.1,636,19,34,5.8,7.1,1005
West Bengal,wood_apple,fruits_tropical,53.3,very_low,kharif,eastern_india,1027,1830,46874,18.5,295,16,29,5.6,8,815
West Bengal,apple,fruits_temperate,52.4,very_low,kharif,eastern_india,2318,3521,99994,15.9,531,12,44,6.5,8,493
West Bengal,pear,fruits_temperate,51.5,very_low,kharif,eastern_india,16303,7022,55380,46.1,1368,18,38,5.9,8,794
West Bengal,peach,fruits_temperate,44.8,very_low,kharif,eastern_india,10781,7696,26666,22.7,1247,11,44,6.2,8.4,1054
West Bengal,plum,fruits_temperate,51.7,very_low,kharif,eastern_india,4395,2413,74307,35.6,339,15,26,6.2,7.6,510
West Bengal,apricot,fruits_temperate,47.8,very_low,kharif,eastern_india,2869,2227,80719,22,959,17,38,5.8,7.2,373
West Bengal,cherry,fruits_temperate,42.9,very_low,kharif,eastern_india,4789,4038,4798,33.2,1341,10,29,5.8,7.4,336
West Bengal,strawberry,fruits_temperate,41.6,very_low,kharif,eastern_india,20176,7709,99699,44.6,1261,23,25,6.2,7.8,790
West Bengal,kiwi,fruits_temperate,47.6,very_low,kharif,eastern_india,25099,6802,180515,26.8,1097,16,32,6.4,8.4,913
West Bengal,grape,fruits_temperate,52.6,very_low,kharif,eastern_india,7561,6747,54898,6.8,659,15,28,5.8,8.4,1072
West Bengal,pomegranate,fruits_temperate,46.7,very_low,kharif,eastern_india,3879,6267,92230,37.5,1037,13,41,6.1,8.2,384
West Bengal,fig,fruits_temperate,49.2,very_low,kharif,eastern_india,13656,7646,7222,37.6,333,22,27,5.7,7.4,955
West Bengal,persimmon,fruits_temperate,44.4,very_low,kharif,eastern_india,12631,3815,94713,10.3,1339,13,42,6,7.9,531
West Bengal,orange,fruits_citrus,43.3,very_low,kharif,eastern_india,5442,3961,69891,17.2,579,24,36,6.3,7.1,301
West Bengal,lime,fruits_citrus,47.8,very_low,kharif,eastern_india,16314,5331,29812,49,888,11,33,5.6,7.6,940
West Bengal,lemon,fruits_citrus,44.9,very_low,kharif,eastern_india,8443,4489,60860,28.3,262,17,44,6.3,7.4,909
West Bengal,grapefruit,fruits_citrus,44.9,very_low,kharif,eastern_india,10729,2467,95019,22.1,1183,13,38,5.7,7,1033
West Bengal,mandarin,fruits_citrus,52.8,very_low,kharif,eastern_india,1268,6326,184682,19,811,16,33,6.3,7.6,572
West Bengal,sweet_lime,fruits_citrus,42,very_low,kharif,eastern_india,2193,1428,128194,36.2,458,24,40,6.2,8.1,670
West Bengal,kinnow,fruits_citrus,46.8,very_low,kharif,eastern_india,963,6616,98273,25.9,623,19,38,5.7,7.8,718
West Bengal,spinach,vegetables_leafy,51.7,very_low,kharif,eastern_india,9099,4702,82151,47.1,605,10,38,6.1,8.4,405
West Bengal,fenugreek_leaves,vegetables_leafy,47.8,very_low,kharif,eastern_india,6002,6595,89292,42.5,911,19,36,6.1,8.3,488
West Bengal,amaranth,vegetables_leafy,46.6,very_low,kharif,eastern_india,17043,6333,21020,15,1384,15,25,5.7,8.5,578
West Bengal,cabbage,vegetables_leafy,49.2,very_low,kharif,eastern_india,15949,3642,84614,42.7,1061,10,29,5.8,7.5,819
West Bengal,cauliflower,vegetables_leafy,45.5,very_low,kharif,eastern_india,12696,4515,90759,19,1142,13,38,6,7.2,316
West Bengal,lettuce,vegetables_leafy,42.5,very_low,kharif,eastern_india,9854,6634,101391,6.5,1299,24,26,5.7,8.1,1197
West Bengal,kale,vegetables_leafy,53.1,very_low,kharif,eastern_india,7321,5656,60497,30.6,579,20,39,6.1,7.7,497
West Bengal,mustard_leaves,vegetables_leafy,48.2,very_low,kharif,eastern_india,1030,6444,68019,34.2,1406,15,32,5.9,7.7,761
West Bengal,curry_leaves,vegetables_leafy,51.7,very_low,kharif,eastern_india,6312,4535,19539,36.6,273,18,29,5.5,7.5,686
West Bengal,coriander_leaves,vegetables_leafy,52.3,very_low,kharif,eastern_india,16636,6897,28142,12,516,15,36,5.6,7.8,822
West Bengal,potato,vegetables_root,93.6,high,rabi,eastern_india,192270,5491,1719943,36.5,766,13,25,5.6,7.3,494
West Bengal,sweet_potato,vegetables_root,51.1,very_low,kharif,eastern_india,5870,1366,76447,32.6,1341,17,25,5.6,7.4,425
West Bengal,carrot,vegetables_root,51.6,very_low,kharif,eastern_india,2056,5667,23398,48.6,1322,21,31,5.6,7.5,639
West Bengal,radish,vegetables_root,41.9,very_low,kharif,eastern_india,8334,2626,67368,29.7,1371,21,28,6.1,8,1075
West Bengal,turnip,vegetables_root,49.6,very_low,kharif,eastern_india,3406,5463,93498,45.1,666,22,35,6,7.5,910
West Bengal,beetroot,vegetables_root,49,very_low,kharif,eastern_india,13386,3655,81855,22.7,351,12,38,6.3,7.7,593
West Bengal,onion_vegetable,vegetables_root,45,very_low,kharif,eastern_india,10384,1005,135538,11.4,1077,15,36,6.4,7.2,999
West Bengal,garlic_vegetable,vegetables_root,40.6,very_low,kharif,eastern_india,5957,6560,15552,19.7,1023,19,38,5.9,8,685
West Bengal,ginger_vegetable,vegetables_root,48.5,very_low,kharif,eastern_india,3695,6926,145322,14.2,741,16,35,5.5,8.1,1075
West Bengal,turmeric_vegetable,vegetables_root,42.1,very_low,kharif,eastern_india,23809,4795,61594,14.3,835,17,38,6.3,8.4,1016
West Bengal,yam,vegetables_root,53.6,very_low,kharif,eastern_india,969,1362,43077,32.6,635,12,42,6.5,7,380
West Bengal,taro,vegetables_root,47.5,very_low,kharif,eastern_india,13140,5580,9338,29.5,637,24,34,6.4,7,392
West Bengal,cassava,vegetables_root,45.8,very_low,kharif,eastern_india,15233,6768,63117,10,519,19,42,6,7.3,873
West Bengal,tomato,vegetables_fruit,73,medium,kharif,eastern_india,13343,6677,772679,29.4,249,14,27,6,7.2,1082
West Bengal,brinjal_eggplant,vegetables_fruit,52.8,very_low,kharif,eastern_india,9158,5875,41728,11.9,371,21,29,6.1,8.3,833
West Bengal,okra_ladyfinger,vegetables_fruit,54.6,very_low,kharif,eastern_india,7364,6967,57141,48.7,821,24,28,5.5,7.3,388
West Bengal,bottle_gourd,vegetables_fruit,51,very_low,kharif,eastern_india,9833,5680,84238,42.5,393,10,25,5.6,7.6,1170
West Bengal,bitter_gourd,vegetables_fruit,45.3,very_low,kharif,eastern_india,15556,7430,148118,42.2,853,13,36,5.7,7.1,1127
West Bengal,ridge_gourd,vegetables_fruit,47.3,very_low,kharif,eastern_india,12363,4159,71806,46.2,1261,13,30,6.2,7.9,989
West Bengal,snake_gourd,vegetables_fruit,50.9,very_low,kharif,eastern_india,21304,6365,47141,44.3,636,23,41,5.6,8.2,750
West Bengal,ash_gourd,vegetables_fruit,54.7,very_low,kharif,eastern_india,1463,3051,66080,31.6,397,17,34,6.3,7.5,704
West Bengal,pumpkin,vegetables_fruit,45.8,very_low,kharif,eastern_india,18972,5729,84368,33.7,618,12,31,5.9,7.7,963
West Bengal,cucumber,vegetables_fruit,54,very_low,zaid,eastern_india,1699,1233,739,47.2,1494,10,32,6.2,7.3,834
West Bengal,watermelon,vegetables_fruit,52.2,very_low,zaid,eastern_india,19267,1572,75881,48.5,450,16,31,5.7,7.5,470
West Bengal,muskmelon,vegetables_fruit,53.2,very_low,zaid,eastern_india,8461,7596,102807,32,552,13,39,6.5,7.1,1010
West Bengal,capsicum,vegetables_fruit,41.8,very_low,kharif,eastern_india,9114,3080,83100,23.8,484,17,25,6.2,7.8,1152
West Bengal,chilli_vegetable,vegetables_fruit,41.5,very_low,kharif,eastern_india,7589,3612,68870,21.1,760,10,41,6.4,7.1,998
West Bengal,drumstick,vegetables_fruit,41.1,very_low,kharif,eastern_india,16134,3144,128556,27.8,1026,17,40,5.5,7.5,803
West Bengal,green_peas,vegetables_legume,48.8,very_low,kharif,eastern_india,1121,1146,44323,19.9,938,16,32,6.3,7.9,881
West Bengal,french_bean,vegetables_legume,45.7,very_low,kharif,eastern_india,4100,3814,9880,10.2,305,16,38,5.8,7,936
West Bengal,cluster_bean_vegetable,vegetables_legume,43.1,very_low,kharif,eastern_india,422,3186,121622,44.2,1180,16,39,6,8.2,994
West Bengal,broad_bean,vegetables_legume,54.6,very_low,kharif,eastern_india,4201,2346,61096,34.9,464,16,37,6.2,7.2,1128
West Bengal,berseem,fodder,40.5,very_low,kharif,eastern_india,9519,3214,105278,36.3,407,13,44,6.4,7.3,815
West Bengal,lucerne_alfalfa,fodder,43.1,very_low,kharif,eastern_india,7814,3536,106774,16.3,725,23,40,5.9,7.3,893
West Bengal,oats_fodder,fodder,52.1,very_low,kharif,eastern_india,15475,4617,156758,12.9,1307,11,37,6.1,7.5,331
West Bengal,sorghum_fodder,fodder,50.8,very_low,kharif,eastern_india,1968,4809,78840,8,952,14,38,6.5,7.4,1160
West Bengal,maize_fodder,fodder,53.1,very_low,kharif,eastern_india,16841,7054,142361,19.7,1256,14,42,5.8,7.9,923
West Bengal,bajra_fodder,fodder,46.4,very_low,kharif,eastern_india,23763,2303,7112,33.2,982,15,40,6.3,7.5,914
West Bengal,cowpea_fodder,fodder,49.6,very_low,kharif,eastern_india,16338,3424,83692,22.1,215,11,29,6.3,7.7,829
West Bengal,stylo,fodder,54.2,very_low,kharif,eastern_india,11170,3654,35022,33.1,1368,15,40,5.5,7.9,867
West Bengal,para_grass,fodder,48.3,very_low,kharif,eastern_india,27008,3394,105143,40.7,1297,16,31,6.3,7.6,664
West Bengal,guinea_grass,fodder,42,very_low,kharif,eastern_india,6949,5134,74908,38.7,561,12,39,5.9,7.8,1146
West Bengal,napier_grass,fodder,47.3,very_low,kharif,eastern_india,5642,4349,79985,13.8,650,10,39,6.2,7.7,784
West Bengal,tulsi,medicinal,51.2,very_low,kharif,eastern_india,9387,7747,80935,8.5,577,17,26,6.2,8,1088
West Bengal,neem,medicinal,47.5,very_low,kharif,eastern_india,4534,1020,33053,7.8,756,17,37,5.6,7.3,1018
West Bengal,aloe_vera,medicinal,48.6,very_low,kharif,eastern_india,8998,5408,15894,16.3,919,18,41,5.9,7.8,824
West Bengal,ashwagandha,medicinal,48.4,very_low,kharif,eastern_india,4779,3372,91003,26,765,17,43,6.1,7.6,1121
West Bengal,brahmi,medicinal,53.9,very_low,kharif,eastern_india,6106,7765,66235,24.4,454,15,37,5.5,7.1,304
West Bengal,kalmegh,medicinal,43.3,very_low,kharif,eastern_india,11642,2296,72299,10.3,971,16,33,6.4,7.3,835
West Bengal,giloy,medicinal,52.3,very_low,kharif,eastern_india,23877,1014,171791,32.6,203,16,40,5.7,8,425
West Bengal,stevia,medicinal,52.1,very_low,kharif,eastern_india,930,1636,147710,6.5,588,18,29,5.7,8.2,561
West Bengal,mentha_mint,medicinal,40.6,very_low,kharif,eastern_india,23319,6823,107288,24.1,1402,21,36,6.4,7.9,1176
West Bengal,lemongrass,medicinal,52.9,very_low,kharif,eastern_india,19403,3397,117868,12.7,1363,13,43,5.5,8,435
West Bengal,citronella,medicinal,51.6,very_low,kharif,eastern_india,18063,6005,121973,10.4,325,22,29,6.4,7.2,577
West Bengal,palmarosa,medicinal,53.9,very_low,kharif,eastern_india,1706,4136,195058,5.7,339,19,27,5.9,7.8,1074
West Bengal,vetiver,medicinal,54.4,very_low,kharif,eastern_india,10431,6087,31341,47.3,201,10,37,5.8,7.6,499
West Bengal,rosemary,medicinal,46.1,very_low,kharif,eastern_india,18651,1662,12293,27.8,1149,19,42,5.6,7.9,989
West Bengal,lavender,medicinal,54.1,very_low,kharif,eastern_india,2971,3482,52043,23.4,1319,24,26,6.2,7.2,1108
West Bengal,bamboo,timber,42.1,very_low,kharif,eastern_india,12930,3673,140034,22.7,505,19,39,6.4,7.6,935
West Bengal,eucalyptus,timber,52.5,very_low,kharif,eastern_india,1169,3489,3121,30.2,1324,22,41,5.9,7.1,455
West Bengal,teak,timber,50.1,very_low,kharif,eastern_india,1699,3475,9702,19.8,1460,10,41,6.5,7.7,1148
West Bengal,sal,timber,43.9,very_low,kharif,eastern_india,25582,7192,31184,44.2,1424,22,26,5.6,7.5,934
West Bengal,sandalwood,timber,40.2,very_low,kharif,eastern_india,15382,3508,130390,37.2,555,14,34,6.2,8.1,591
West Bengal,rosewood,timber,44.8,very_low,kharif,eastern_india,10789,5545,97634,21.8,585,14,37,5.9,7.2,305
West Bengal,pine,timber,40.4,very_low,kharif,eastern_india,12670,5601,203295,10.7,781,18,41,6.5,8.1,877
West Bengal,deodar,timber,53.8,very_low,kharif,eastern_india,23173,1018,110208,40.2,435,21,25,6.1,8.3,688
West Bengal,button_mushroom,mushroom,51.1,very_low,kharif,eastern_india,13412,4616,78556,42.9,320,18,27,6.1,8.4,351
West Bengal,oyster_mushroom,mushroom,46.3,very_low,kharif,eastern_india,9790,4642,24125,15,1092,22,37,6.3,7.9,1029
West Bengal,shiitake,mushroom,54.7,very_low,kharif,eastern_india,5651,2329,43445,27.5,1008,16,31,5.5,7.1,457
West Bengal,milky_mushroom,mushroom,46.7,very_low,kharif,eastern_india,3647,6756,100396,20.4,1236,24,29,5.9,8.5,424
West Bengal,rose,flowers,41.2,very_low,kharif,eastern_india,9673,1548,47524,23.9,1268,20,43,5.8,7.5,716
West Bengal,jasmine,flowers,40.1,very_low,kharif,eastern_india,3103,1427,51584,45.7,205,19,42,5.6,8.4,1036
West Bengal,marigold,flowers,43.2,very_low,kharif,eastern_india,22653,1779,186812,29.4,1260,19,32,6.1,8,989
West Bengal,chrysanthemum,flowers,52.5,very_low,kharif,eastern_india,23025,6449,169526,19.4,611,15,33,6.5,7.1,748
West Bengal,tuberose,flowers,42.4,very_low,kharif,eastern_india,1070,4186,82952,9.1,689,22,27,6.5,7.1,560
West Bengal,gladiolus,flowers,51.6,very_low,kharif,eastern_india,8327,2306,98217,13.1,1303,18,35,6.4,8.2,968
West Bengal,lily,flowers,52.9,very_low,kharif,eastern_india,8626,2632,26688,5.7,1361,21,27,5.8,7.7,744
West Bengal,orchid,flowers,48.9,very_low,kharif,eastern_india,12680,7187,62036,44.5,485,11,29,5.7,8.5,642
West Bengal,carnation,flowers,49.8,very_low,kharif,eastern_india,10782,2565,83972,26.3,1440,18,44,6.1,7.2,645
West Bengal,gerbera,flowers,51.9,very_low,kharif,eastern_india,2004,1672,35098,30.4,1279,18,39,6.1,7.8,493
West Bengal,anthurium,flowers,53.2,very_low,kharif,eastern_india,4038,2804,12016,27.4,625,17,34,6,7.4,1033
Jammu and Kashmir,rice,cereals,78,medium,kharif,hill_regions,85394,1766,555259,35.5,294,23,31,6.2,7.4,773
Jammu and Kashmir,wheat,cereals,97.6,high,rabi,hill_regions,73296,4208,1307524,25,1383,23,27,6.3,8.4,585
Jammu and Kashmir,maize,cereals,73.6,medium,kharif,hill_regions,10043,7726,252909,22.4,546,12,35,6.2,7.8,331
Jammu and Kashmir,barley,cereals,95.4,high,rabi,hill_regions,129215,3565,535013,18.6,1037,21,31,5.8,7.7,453
Jammu and Kashmir,jowar_sorghum,cereals,53.9,very_low,kharif,hill_regions,10589,1855,163751,26.8,1235,10,30,6.1,7.7,565
Jammu and Kashmir,bajra_pearl_millet,cereals,43,very_low,kharif,hill_regions,11945,2285,76245,24.1,1191,13,30,5.9,7.2,715
Jammu and Kashmir,ragi_finger_millet,cereals,46.2,very_low,kharif,hill_regions,17819,1486,109817,44.5,1326,24,42,5.7,7,854
Jammu and Kashmir,foxtail_millet,cereals,50.5,very_low,kharif,hill_regions,2211,7741,95328,12.1,521,23,33,6.3,7.6,962
Jammu and Kashmir,proso_millet,cereals,46,very_low,kharif,hill_regions,9299,4661,116938,34.2,598,19,27,6.4,7.2,1056
Jammu and Kashmir,barnyard_millet,cereals,50.4,very_low,kharif,hill_regions,5621,7762,26374,37.5,438,23,39,6.4,8.3,794
Jammu and Kashmir,little_millet,cereals,42.3,very_low,kharif,hill_regions,3027,2544,55069,44.1,230,13,36,6.4,7.4,644
Jammu and Kashmir,kodo_millet,cereals,45.6,very_low,kharif,hill_regions,11139,5590,107113,46.3,1370,18,28,5.7,7.9,1126
Jammu and Kashmir,oats,cereals,48,very_low,kharif,hill_regions,7742,1604,182979,44.6,782,11,25,5.6,7.7,511
Jammu and Kashmir,gram_chickpea,pulses,46.9,very_low,rabi,hill_regions,9163,5339,107516,22.8,638,15,26,5.8,7.3,561
Jammu and Kashmir,tur_arhar,pulses,50.7,very_low,kharif,hill_regions,27517,6751,175653,47.5,1177,17,37,5.8,7,618
Jammu and Kashmir,moong_green_gram,pulses,46.1,very_low,kharif,hill_regions,21224,7738,69566,48.1,1239,10,36,5.9,7.1,778
Jammu and Kashmir,urad_black_gram,pulses,48.8,very_low,kharif,hill_regions,14149,5273,21302,37.5,848,17,41,5.6,7.7,1002
Jammu and Kashmir,masur_lentil,pulses,49.9,very_low,kharif,hill_regions,7981,7612,57013,44.4,669,15,31,6.2,8.4,1096
Jammu and Kashmir,rajma_kidney_bean,pulses,72.3,medium,kharif,hill_regions,123332,3067,629282,45.8,1369,14,26,6.1,8.4,757
Jammu and Kashmir,cowpea_lobhia,pulses,46.9,very_low,kharif,hill_regions,11739,5766,84980,22,444,11,42,5.7,7.1,824
Jammu and Kashmir,field_pea,pulses,48.2,very_low,kharif,hill_regions,10110,1993,3782,7.1,1426,17,32,5.9,8,638
Jammu and Kashmir,black_eyed_pea,pulses,51.9,very_low,kharif,hill_regions,5678,7544,31760,34.8,673,17,25,5.7,7.2,1060
Jammu and Kashmir,horse_gram,pulses,54.4,very_low,kharif,hill_regions,977,4865,45860,34.3,1157,21,27,5.5,8.3,722
Jammu and Kashmir,moth_bean,pulses,54.6,very_low,kharif,hill_regions,10636,5360,28286,16.4,1377,13,29,6,8,300
Jammu and Kashmir,cluster_bean_guar,pulses,46.9,very_low,kharif,hill_regions,15588,6877,130326,42.9,1222,22,28,5.8,8,1130
Jammu and Kashmir,groundnut_peanut,oilseeds,50,very_low,kharif,hill_regions,13383,6322,81204,39.3,1056,10,30,6.5,7.4,994
Jammu and Kashmir,mustard,oilseeds,76.4,medium,rabi,hill_regions,80675,5423,276232,7.6,1183,11,39,6.1,8.2,485
Jammu and Kashmir,rapeseed,oilseeds,63.1,low,rabi,hill_regions,5072,6172,189310,10.8,703,11,42,6,7.2,526
Jammu and Kashmir,sesame_til,oilseeds,50.9,very_low,kharif,hill_regions,1309,1419,188754,19.9,451,11,34,6.3,7.8,318
Jammu and Kashmir,sunflower,oilseeds,62.3,low,kharif,hill_regions,31271,4664,352038,31.9,1022,17,31,6.1,7.5,945
Jammu and Kashmir,safflower,oilseeds,43.6,very_low,kharif,hill_regions,10200,5399,92878,36.5,613,23,25,5.7,7.1,904
Jammu and Kashmir,niger,oilseeds,44.1,very_low,kharif,hill_regions,6793,5333,69324,30.1,1489,22,29,6.3,7.9,363
Jammu and Kashmir,linseed_flax,oilseeds,40.7,very_low,kharif,hill_regions,14283,4999,70095,46.9,1127,23,26,6.1,8,413
Jammu and Kashmir,castor,oilseeds,45.2,very_low,kharif,hill_regions,14076,4803,36153,34.9,1057,15,44,6.3,7.6,894
Jammu and Kashmir,coconut,oilseeds,50.7,very_low,perennial,hill_regions,11850,6782,81502,15,377,12,26,6.4,8.3,381
Jammu and Kashmir,palm_oil,oilseeds,50.2,very_low,kharif,hill_regions,404,3046,52576,5.9,620,20,29,6,8.3,325
Jammu and Kashmir,olive,oilseeds,51.8,very_low,kharif,hill_regions,9647,2616,81950,37.9,461,15,36,5.9,7.4,706
Jammu and Kashmir,walnut,oilseeds,44.4,very_low,kharif,hill_regions,9855,4339,86920,42.7,1425,12,37,6.1,8.3,1106
Jammu and Kashmir,almond,oilseeds,51.4,very_low,kharif,hill_regions,4541,2936,105736,11.3,439,23,44,5.5,8.3,1144
Jammu and Kashmir,cotton,fiber,47.9,very_low,kharif,hill_regions,17452,1052,127636,18.3,1033,14,35,6.3,7.3,897
Jammu and Kashmir,jute,fiber,53.5,very_low,kharif,hill_regions,25083,4629,172159,25.1,798,14,30,5.5,7.8,577
Jammu and Kashmir,mesta,fiber,42.8,very_low,kharif,hill_regions,4395,7293,51428,30.1,270,17,38,5.7,8.5,1123
Jammu and Kashmir,flax,fiber,54.9,very_low,kharif,hill_regions,14179,3301,103161,47.7,401,12,27,6.3,8,770
Jammu and Kashmir,hemp,fiber,51.6,very_low,kharif,hill_regions,25649,2408,95547,46.5,799,17,43,6.2,7.8,621
Jammu and Kashmir,sisal,fiber,53.7,very_low,kharif,hill_regions,3336,7622,40619,33.1,892,15,38,6.3,7.5,831
Jammu and Kashmir,coir,fiber,41.2,very_low,kharif,hill_regions,15719,5096,147267,17.9,839,11,39,5.9,7.8,415
Jammu and Kashmir,sugarcane,sugar,55,very_low,perennial,hill_regions,10343,4989,126010,48.2,1198,15,44,5.8,7.9,930
Jammu and Kashmir,sugar_beet,sugar,44.1,very_low,kharif,hill_regions,6523,4092,42152,44.4,488,10,25,5.9,7.8,337
Jammu and Kashmir,turmeric,spices,56.4,low,kharif,hill_regions,23428,3098,157101,8.3,1359,14,40,6.3,8.5,966
Jammu and Kashmir,coriander,spices,46.6,very_low,kharif,hill_regions,749,7203,46713,38.7,845,23,39,5.6,8.1,540
Jammu and Kashmir,cumin,spices,51.6,very_low,kharif,hill_regions,26966,1875,12944,40,1122,12,38,5.5,7.9,1049
Jammu and Kashmir,fennel,spices,49.6,very_low,kharif,hill_regions,11206,3492,34489,8.8,417,14,40,6.2,7.9,1077
Jammu and Kashmir,fenugreek,spices,55,very_low,kharif,hill_regions,7030,6152,91279,5.6,1052,20,44,6.1,8,1009
Jammu and Kashmir,ajwain,spices,41.4,very_low,kharif,hill_regions,13615,1700,132412,15.6,899,14,27,5.8,7.7,744
Jammu and Kashmir,black_pepper,spices,42.2,very_low,kharif,hill_regions,14133,7372,70376,27.1,955,13,44,6.2,7.4,544
Jammu and Kashmir,cardamom_small,spices,49.7,very_low,kharif,hill_regions,5953,6466,35263,36.7,1415,11,27,6.4,7.3,318
Jammu and Kashmir,cardamom_large,spices,53,very_low,kharif,hill_regions,4777,2588,114875,39.8,975,16,27,6.4,8.1,550
Jammu and Kashmir,cinnamon,spices,54.2,very_low,kharif,hill_regions,19028,7895,43231,37.9,397,20,43,6,8.1,428
Jammu and Kashmir,clove,spices,49.5,very_low,kharif,hill_regions,524,5438,51664,19.8,866,20,37,5.6,8,893
Jammu and Kashmir,nutmeg,spices,50,very_low,kharif,hill_regions,15654,7565,211272,38.8,666,12,41,5.6,7.2,1127
Jammu and Kashmir,ginger,spices,63.4,low,kharif,hill_regions,43029,5951,191325,19.8,1079,20,39,5.7,8,823
Jammu and Kashmir,garlic,spices,52.8,very_low,kharif,hill_regions,3482,3229,133917,38.3,489,15,25,5.8,7,1085
Jammu and Kashmir,onion,spices,50,very_low,rabi,hill_regions,26239,5224,118366,44.8,587,13,33,5.6,7.5,375
Jammu and Kashmir,chilli,spices,40.8,very_low,kharif,hill_regions,14951,4756,12067,22.8,344,19,41,5.6,7.1,665
Jammu and Kashmir,tamarind,spices,44.6,very_low,kharif,hill_regions,3336,3218,117501,43.6,981,22,25,5.6,7.4,879
Jammu and Kashmir,vanilla,spices,53.3,very_low,kharif,hill_regions,2161,6935,47948,36.5,912,12,39,5.9,7.4,1112
Jammu and Kashmir,saffron,spices,40.1,very_low,kharif,hill_regions,5565,1381,11810,12.8,856,14,41,5.7,8.1,489
Jammu and Kashmir,mint,spices,40.6,very_low,kharif,hill_regions,12833,1575,42245,5.4,1019,24,32,6.1,7.7,1175
Jammu and Kashmir,basil,spices,51,very_low,kharif,hill_regions,1280,4293,55049,18.1,1077,18,33,6.1,8.4,518
Jammu and Kashmir,oregano,spices,51.9,very_low,kharif,hill_regions,961,7647,57184,33.5,634,12,32,6.1,8,452
Jammu and Kashmir,thyme,spices,46.7,very_low,kharif,hill_regions,20489,4845,99186,39.4,744,15,36,6.3,8,467
Jammu and Kashmir,tea,plantation,76,medium,perennial,hill_regions,61244,3377,484860,35.3,808,16,41,6.3,7.6,1196
Jammu and Kashmir,coffee_arabica,plantation,41,very_low,perennial,hill_regions,767,6876,99903,35.8,478,20,32,6.4,7.3,496
Jammu and Kashmir,coffee_robusta,plantation,54.4,very_low,perennial,hill_regions,9192,3462,135291,20.9,663,11,35,6.4,8.4,1195
Jammu and Kashmir,rubber,plantation,47.1,very_low,perennial,hill_regions,14203,4835,164515,42.6,225,24,41,6.2,8.3,783
Jammu and Kashmir,cocoa,plantation,51.6,very_low,kharif,hill_regions,12030,2481,148995,44.8,1462,11,30,6.2,8.3,976
Jammu and Kashmir,cashew,plantation,46.8,very_low,kharif,hill_regions,1995,5637,1815,7.1,1184,17,26,6,7.1,611
Jammu and Kashmir,areca_nut,plantation,42.4,very_low,kharif,hill_regions,2929,3602,12548,28.7,729,22,41,6.3,7.7,561
Jammu and Kashmir,betelvine,plantation,46.2,very_low,kharif,hill_regions,12692,5370,131864,46.3,1427,22,26,6.5,8.1,924
Jammu and Kashmir,black_pepper_plantation,plantation,40.3,very_low,kharif,hill_regions,12345,2949,13223,29,780,10,35,5.6,7.6,543
Jammu and Kashmir,mango,fruits_tropical,54.6,very_low,kharif,hill_regions,6036,2063,27390,13.3,1493,10,35,6.1,8.2,863
Jammu and Kashmir,banana,fruits_tropical,43.5,very_low,perennial,hill_regions,21416,6939,79793,26.5,372,18,30,5.6,7.7,340
Jammu and Kashmir,papaya,fruits_tropical,41.8,very_low,kharif,hill_regions,14247,6659,62393,15.5,874,19,25,6.5,7.9,1189
Jammu and Kashmir,pineapple,fruits_tropical,47,very_low,kharif,hill_regions,10490,1066,152811,25.2,812,15,33,6.2,8.1,1027
Jammu and Kashmir,jackfruit,fruits_tropical,54.6,very_low,kharif,hill_regions,6159,4454,22164,39.1,955,13,42,6.1,7.1,476
Jammu and Kashmir,guava,fruits_tropical,53.4,very_low,kharif,hill_regions,17347,4708,29448,31.7,333,22,37,6.5,8,344
Jammu and Kashmir,coconut_fruit,fruits_tropical,47.1,very_low,kharif,hill_regions,18926,4027,98019,13.4,518,18,38,5.9,7.6,530
Jammu and Kashmir,passion_fruit,fruits_tropical,50.5,very_low,kharif,hill_regions,5233,1024,48038,6.4,1422,17,38,6.4,7.4,786
Jammu and Kashmir,dragon_fruit,fruits_tropical,53,very_low,kharif,hill_regions,8278,3582,63906,32.7,259,16,36,6.3,7.8,1133
Jammu and Kashmir,rambutan,fruits_tropical,46.7,very_low,kharif,hill_regions,630,2669,150190,31.4,1430,21,33,6.3,7.7,597
Jammu and Kashmir,sapota,fruits_tropical,40.7,very_low,kharif,hill_regions,11601,5796,33674,42.3,1271,17,38,6,7.8,1099
Jammu and Kashmir,custard_apple,fruits_tropical,54.5,very_low,kharif,hill_regions,5871,3126,107020,37.5,256,11,37,5.8,7.1,672
Jammu and Kashmir,wood_apple,fruits_tropical,53.2,very_low,kharif,hill_regions,12105,7304,23612,32.4,1379,12,44,5.9,7.3,1054
Jammu and Kashmir,apple,fruits_temperate,91.1,high,kharif,hill_regions,123975,5504,73325,20.8,1054,15,40,6.5,7.1,1069
Jammu and Kashmir,pear,fruits_temperate,42.5,very_low,kharif,hill_regions,26853,4984,108775,39.1,1393,13,32,5.9,8.3,423
Jammu and Kashmir,peach,fruits_temperate,49.3,very_low,kharif,hill_regions,15089,3378,133151,5.7,511,16,30,6.2,8.2,927
Jammu and Kashmir,plum,fruits_temperate,54.6,very_low,kharif,hill_regions,18737,1872,129430,6.7,891,17,42,6.2,7.7,1106
Jammu and Kashmir,apricot,fruits_temperate,53.3,very_low,kharif,hill_regions,9154,4686,70453,13.2,396,20,30,6.1,8,849
Jammu and Kashmir,cherry,fruits_temperate,50.5,very_low,kharif,hill_regions,8634,1633,153359,43.1,207,22,28,5.8,7.6,911
Jammu and Kashmir,strawberry,fruits_temperate,41.4,very_low,kharif,hill_regions,25029,7668,19734,46.4,938,20,43,6.2,7.7,772
Jammu and Kashmir,kiwi,fruits_temperate,50.3,very_low,kharif,hill_regions,25741,5039,49003,20.6,670,14,39,6.3,7.5,1061
Jammu and Kashmir,grape,fruits_temperate,51,very_low,kharif,hill_regions,13207,6385,84561,24.9,332,10,43,5.8,8,1149
Jammu and Kashmir,pomegranate,fruits_temperate,52.3,very_low,kharif,hill_regions,10009,6084,32895,36,1273,14,42,5.6,7.8,509
Jammu and Kashmir,fig,fruits_temperate,50.9,very_low,kharif,hill_regions,4697,1891,87694,11,1140,20,27,6.1,7.7,835
Jammu and Kashmir,persimmon,fruits_temperate,54.1,very_low,kharif,hill_regions,9547,7034,11830,34.5,1112,18,35,5.8,8,556
Jammu and Kashmir,orange,fruits_citrus,46.9,very_low,kharif,hill_regions,2677,4698,105704,22,976,10,34,6,7.8,491
Jammu and Kashmir,lime,fruits_citrus,43.1,very_low,kharif,hill_regions,2335,3141,152537,9.7,808,20,27,5.8,7.8,594
Jammu and Kashmir,lemon,fruits_citrus,41.6,very_low,kharif,hill_regions,1733,7884,27726,28.9,757,18,34,6.2,8.3,556
Jammu and Kashmir,grapefruit,fruits_citrus,42.8,very_low,kharif,hill_regions,25750,3547,212538,35.2,768,23,38,6.3,7.6,1018
Jammu and Kashmir,mandarin,fruits_citrus,45.5,very_low,kharif,hill_regions,10897,3836,157474,10.6,1406,17,37,5.9,8,938
Jammu and Kashmir,sweet_lime,fruits_citrus,53,very_low,kharif,hill_regions,9866,5310,169211,39.4,1358,22,39,6.2,8.2,1054
Jammu and Kashmir,kinnow,fruits_citrus,45.3,very_low,kharif,hill_regions,24347,2630,10136,8.3,481,23,27,6.2,8.3,1089
Jammu and Kashmir,spinach,vegetables_leafy,46.3,very_low,kharif,hill_regions,6569,2031,33943,11.1,729,12,33,6.4,8,896
Jammu and Kashmir,fenugreek_leaves,vegetables_leafy,52.2,very_low,kharif,hill_regions,8621,2374,30024,18.9,337,12,44,6.1,7.7,982
Jammu and Kashmir,amaranth,vegetables_leafy,52.2,very_low,kharif,hill_regions,9074,7526,57213,32.6,1331,20,44,5.8,8.3,851
Jammu and Kashmir,cabbage,vegetables_leafy,89.8,high,kharif,hill_regions,281409,1404,2091587,14.1,466,10,43,6.3,7.1,870
Jammu and Kashmir,cauliflower,vegetables_leafy,86.6,high,kharif,hill_regions,109015,1362,1743602,30.8,1204,20,33,6.2,7,605
Jammu and Kashmir,lettuce,vegetables_leafy,51.7,very_low,kharif,hill_regions,22445,5277,190423,30.1,850,12,40,6.2,7.7,378
Jammu and Kashmir,kale,vegetables_leafy,41.9,very_low,kharif,hill_regions,4692,2112,84649,45.5,1313,19,36,6.4,7.6,356
Jammu and Kashmir,mustard_leaves,vegetables_leafy,47.1,very_low,kharif,hill_regions,11674,2113,132124,37.9,498,18,40,5.5,7.4,724
Jammu and Kashmir,curry_leaves,vegetables_leafy,52.7,very_low,kharif,hill_regions,4143,4239,63494,23.1,902,17,27,5.6,7.2,1057
Jammu and Kashmir,coriander_leaves,vegetables_leafy,40.3,very_low,kharif,hill_regions,13434,1462,4217,22.4,396,18,31,5.7,8.5,606
Jammu and Kashmir,potato,vegetables_root,93.3,high,rabi,hill_regions,259516,3870,2195379,37.6,958,20,32,5.9,7.9,594
Jammu and Kashmir,sweet_potato,vegetables_root,51.5,very_low,kharif,hill_regions,11999,2065,26242,38.9,542,21,40,5.8,7.1,449
Jammu and Kashmir,carrot,vegetables_root,51.3,very_low,kharif,hill_regions,10485,2149,16514,14.7,1473,12,26,6.3,7.9,781
Jammu and Kashmir,radish,vegetables_root,46.7,very_low,kharif,hill_regions,16858,3970,45224,42.9,414,18,38,6.1,7.9,896
Jammu and Kashmir,turnip,vegetables_root,53.1,very_low,kharif,hill_regions,10924,5878,81809,45.6,1051,16,41,6,7.8,824
Jammu and Kashmir,beetroot,vegetables_root,44.8,very_low,kharif,hill_regions,2619,7081,147652,20.9,494,15,41,5.5,7.7,528
Jammu and Kashmir,onion_vegetable,vegetables_root,53.1,very_low,kharif,hill_regions,12810,3505,48329,19.7,1081,24,29,6.1,7.4,794
Jammu and Kashmir,garlic_vegetable,vegetables_root,48.1,very_low,kharif,hill_regions,9569,7161,13641,42.4,801,15,28,6.3,7.9,955
Jammu and Kashmir,ginger_vegetable,vegetables_root,44.7,very_low,kharif,hill_regions,16332,7728,105750,38.7,1102,18,36,6.5,8.1,889
Jammu and Kashmir,turmeric_vegetable,vegetables_root,42.8,very_low,kharif,hill_regions,15511,7605,168720,6.8,900,23,26,6.4,7.9,340
Jammu and Kashmir,yam,vegetables_root,45.6,very_low,kharif,hill_regions,124,7274,63526,18,347,10,43,6.1,7.2,913
Jammu and Kashmir,taro,vegetables_root,55,very_low,kharif,hill_regions,11645,6699,153455,9,1403,23,36,6,7.3,1051
Jammu and Kashmir,cassava,vegetables_root,46.5,very_low,kharif,hill_regions,3850,2496,170136,27.2,1260,22,44,6.5,7.7,1155
Jammu and Kashmir,tomato,vegetables_fruit,45.5,very_low,kharif,hill_regions,18242,7396,92941,23.8,1147,16,38,6.3,8.3,528
Jammu and Kashmir,brinjal_eggplant,vegetables_fruit,48.6,very_low,kharif,hill_regions,8398,1875,73239,23.3,417,21,29,5.9,7.9,624
Jammu and Kashmir,okra_ladyfinger,vegetables_fruit,42.7,very_low,kharif,hill_regions,2769,6034,25014,26.7,928,24,26,6.4,7.3,1056
Jammu and Kashmir,bottle_gourd,vegetables_fruit,41.4,very_low,kharif,hill_regions,24103,1440,51233,29.7,880,19,34,6.2,7.5,458
Jammu and Kashmir,bitter_gourd,vegetables_fruit,40.5,very_low,kharif,hill_regions,7136,5613,106453,15.8,841,13,44,6.1,8,778
Jammu and Kashmir,ridge_gourd,vegetables_fruit,44.2,very_low,kharif,hill_regions,9246,7451,23968,30.7,888,19,36,5.8,8,545
Jammu and Kashmir,snake_gourd,vegetables_fruit,49.8,very_low,kharif,hill_regions,1465,1890,106781,10.5,629,14,26,6.1,8.2,1193
Jammu and Kashmir,ash_gourd,vegetables_fruit,54,very_low,kharif,hill_regions,2910,3884,76920,21.2,941,19,30,6.1,7.1,732
Jammu and Kashmir,pumpkin,vegetables_fruit,45.7,very_low,kharif,hill_regions,4151,6724,120773,45,714,13,26,6.2,7.5,548
Jammu and Kashmir,cucumber,vegetables_fruit,45.6,very_low,zaid,hill_regions,3592,7729,123689,7.1,598,10,29,5.8,8.1,946
Jammu and Kashmir,watermelon,vegetables_fruit,40.7,very_low,zaid,hill_regions,20920,5398,167240,22.1,797,17,43,5.9,8.5,788
Jammu and Kashmir,muskmelon,vegetables_fruit,43.3,very_low,zaid,hill_regions,2187,1274,66907,28.3,1159,21,43,5.6,7.3,793
Jammu and Kashmir,capsicum,vegetables_fruit,41.9,very_low,kharif,hill_regions,7938,6072,80002,46.2,775,24,25,6.4,7.5,1129
Jammu and Kashmir,chilli_vegetable,vegetables_fruit,43.3,very_low,kharif,hill_regions,10702,3670,12031,36.8,427,16,27,6.1,7.3,834
Jammu and Kashmir,drumstick,vegetables_fruit,54.2,very_low,kharif,hill_regions,5924,1694,9970,42.3,524,14,29,6.3,8.5,979
Jammu and Kashmir,green_peas,vegetables_legume,52.4,very_low,kharif,hill_regions,11955,6051,6627,7.8,1093,15,34,6.3,7.9,1024
Jammu and Kashmir,french_bean,vegetables_legume,46.3,very_low,kharif,hill_regions,3818,1921,4787,7.4,552,14,32,6.1,8.1,477
Jammu and Kashmir,cluster_bean_vegetable,vegetables_legume,51.4,very_low,kharif,hill_regions,12636,2995,85628,13.6,1435,22,32,5.9,7,526
Jammu and Kashmir,broad_bean,vegetables_legume,44.3,very_low,kharif,hill_regions,2813,4351,101963,21.7,501,18,25,5.8,7.8,602
Jammu and Kashmir,berseem,fodder,45.2,very_low,kharif,hill_regions,25203,6791,21571,18,1124,24,29,6.4,8.1,1185
Jammu and Kashmir,lucerne_alfalfa,fodder,41.4,very_low,kharif,hill_regions,8649,5704,93684,45.8,1290,10,34,5.9,8.5,684
Jammu and Kashmir,oats_fodder,fodder,50.2,very_low,kharif,hill_regions,9703,2446,75820,44.1,225,17,44,5.7,7.3,723
Jammu and Kashmir,sorghum_fodder,fodder,53.1,very_low,kharif,hill_regions,10917,1607,163585,20.6,527,16,33,6,8,1081
Jammu and Kashmir,maize_fodder,fodder,40.9,very_low,kharif,hill_regions,8319,1076,129468,9.7,349,10,29,5.7,7.5,893
Jammu and Kashmir,bajra_fodder,fodder,40.8,very_low,kharif,hill_regions,9067,5246,2881,21.5,202,12,33,6,7.2,970
Jammu and Kashmir,cowpea_fodder,fodder,42.8,very_low,kharif,hill_regions,4188,4860,97443,23.8,753,10,40,5.7,8.1,1119
Jammu and Kashmir,stylo,fodder,51.5,very_low,kharif,hill_regions,13889,4175,26616,40,820,19,32,5.7,8.2,608
Jammu and Kashmir,para_grass,fodder,53,very_low,kharif,hill_regions,24380,1896,200556,28.4,513,11,30,5.6,7,1188
Jammu and Kashmir,guinea_grass,fodder,52.5,very_low,kharif,hill_regions,4982,1194,96310,38.4,1451,22,42,5.7,7.2,523
Jammu and Kashmir,napier_grass,fodder,42.1,very_low,kharif,hill_regions,23476,3151,182219,7.5,1080,17,30,6.3,7.3,674
Jammu and Kashmir,tulsi,medicinal,50.6,very_low,kharif,hill_regions,14364,7057,27296,24.8,761,16,35,5.6,8.3,560
Jammu and Kashmir,neem,medicinal,40,very_low,kharif,hill_regions,15500,7882,136447,20,1438,15,41,5.8,7.1,960
Jammu and Kashmir,aloe_vera,medicinal,45.3,very_low,kharif,hill_regions,12058,3254,15987,23.2,1270,11,36,5.6,7.1,640
Jammu and Kashmir,ashwagandha,medicinal,49.9,very_low,kharif,hill_regions,6994,4439,104342,41.9,203,16,38,6.4,7.1,865
Jammu and Kashmir,brahmi,medicinal,52.6,very_low,kharif,hill_regions,3219,4274,116296,36.2,751,10,36,5.8,7.3,750
Jammu and Kashmir,kalmegh,medicinal,45.1,very_low,kharif,hill_regions,7846,6128,53381,42.8,464,14,34,5.6,8.3,741
Jammu and Kashmir,giloy,medicinal,44.9,very_low,kharif,hill_regions,6491,3003,70211,26.7,763,18,40,5.6,8.2,505
Jammu and Kashmir,stevia,medicinal,43.8,very_low,kharif,hill_regions,21459,1121,118485,36.4,945,10,37,5.6,7.1,926
Jammu and Kashmir,mentha_mint,medicinal,50.5,very_low,kharif,hill_regions,371,3651,3003,21.4,839,17,32,6.2,7.6,765
Jammu and Kashmir,lemongrass,medicinal,52,very_low,kharif,hill_regions,4419,4650,82848,24.1,294,24,39,6.2,7.7,792
Jammu and Kashmir,citronella,medicinal,54.9,very_low,kharif,hill_regions,4966,7750,94327,5.9,945,11,35,6.3,7.8,636
Jammu and Kashmir,palmarosa,medicinal,53.2,very_low,kharif,hill_regions,10107,4492,224518,13,587,16,27,5.8,7.8,505
Jammu and Kashmir,vetiver,medicinal,50.3,very_low,kharif,hill_regions,1676,6351,77030,42.1,668,10,25,6.3,7.6,1178
Jammu and Kashmir,rosemary,medicinal,52.5,very_low,kharif,hill_regions,8993,2490,40208,27.8,277,11,33,6.1,7.4,773
Jammu and Kashmir,lavender,medicinal,45.7,very_low,kharif,hill_regions,9725,6961,177921,46.1,419,16,34,6.3,7.5,794
Jammu and Kashmir,bamboo,timber,49.1,very_low,kharif,hill_regions,6878,2727,20313,16.3,329,11,37,6.4,8,580
Jammu and Kashmir,eucalyptus,timber,45,very_low,kharif,hill_regions,18070,2417,78175,27.5,1410,18,40,5.6,7.5,850
Jammu and Kashmir,teak,timber,50.2,very_low,kharif,hill_regions,16470,3027,119609,37,1219,24,28,6.2,7.3,586
Jammu and Kashmir,sal,timber,42.1,very_low,kharif,hill_regions,23292,1209,165741,15.9,833,21,35,5.7,8.4,834
Jammu and Kashmir,sandalwood,timber,54,very_low,kharif,hill_regions,23642,3531,212732,43.4,638,23,40,6.2,7,320
Jammu and Kashmir,rosewood,timber,50.4,very_low,kharif,hill_regions,1057,3001,104419,26.2,1000,22,31,5.5,7.5,1161
Jammu and Kashmir,pine,timber,47.2,very_low,kharif,hill_regions,16321,1804,125684,18.4,704,14,28,5.9,7.1,1060
Jammu and Kashmir,deodar,timber,44.6,very_low,kharif,hill_regions,7007,2474,131792,33.1,483,19,25,5.7,8.1,669
Jammu and Kashmir,button_mushroom,mushroom,43.1,very_low,kharif,hill_regions,9466,5437,11861,41.9,275,16,39,5.8,8.4,979
Jammu and Kashmir,oyster_mushroom,mushroom,46.4,very_low,kharif,hill_regions,724,6611,21366,17.1,213,10,29,6.4,8.2,992
Jammu and Kashmir,shiitake,mushroom,52.4,very_low,kharif,hill_regions,13447,2625,16587,18.3,889,11,39,5.9,7.9,960
Jammu and Kashmir,milky_mushroom,mushroom,53.5,very_low,kharif,hill_regions,14304,7938,111949,29.1,406,12,28,6.1,7.6,647
Jammu and Kashmir,rose,flowers,41.9,very_low,kharif,hill_regions,6770,5345,54863,23.8,554,11,31,5.5,7.3,592
Jammu and Kashmir,jasmine,flowers,42.2,very_low,kharif,hill_regions,6709,5308,120100,25.1,783,18,30,5.5,8,847
Jammu and Kashmir,marigold,flowers,47.1,very_low,kharif,hill_regions,14130,3124,157143,48.3,1157,23,27,5.6,7.2,932
Jammu and Kashmir,chrysanthemum,flowers,45.8,very_low,kharif,hill_regions,5265,6152,132271,12.2,450,15,30,6,8.1,1013
Jammu and Kashmir,tuberose,flowers,43.1,very_low,kharif,hill_regions,5000,2034,10045,15.9,712,18,39,5.7,8.2,330
Jammu and Kashmir,gladiolus,flowers,46.7,very_low,kharif,hill_regions,6761,5785,157220,9,866,10,30,5.6,7.9,523
Jammu and Kashmir,lily,flowers,44.2,very_low,kharif,hill_regions,3547,2575,78832,48,837,19,41,6,7.5,1155
Jammu and Kashmir,orchid,flowers,53.6,very_low,kharif,hill_regions,10172,5529,74925,42.4,1076,17,41,5.8,8,931
Jammu and Kashmir,carnation,flowers,53.1,very_low,kharif,hill_regions,16840,4390,144120,34.6,1126,14,34,5.9,7.1,848
Jammu and Kashmir,gerbera,flowers,53.1,very_low,kharif,hill_regions,14847,6361,162109,15.3,281,21,30,6,7.8,1036
Jammu and Kashmir,anthurium,flowers,49.7,very_low,kharif,hill_regions,20334,7998,186239,14.5,1449,15,37,6.4,7.3,1071
Ladakh,rice,cereals,84.3,medium,kharif,hill_regions,114742,2852,456006,39.2,353,23,29,6.1,7.2,466
Ladakh,wheat,cereals,92.6,high,rabi,hill_regions,67932,1833,1079097,42.8,461,20,32,6.4,7.1,335
Ladakh,maize,cereals,71.9,medium,kharif,hill_regions,124466,6757,774324,7.6,477,24,37,6,8,460
Ladakh,barley,cereals,96.6,high,rabi,hill_regions,118392,4201,1634969,18.9,378,12,26,6,8,1140
Ladakh,jowar_sorghum,cereals,51.3,very_low,kharif,hill_regions,18744,7245,123517,7.5,579,15,44,6,8.1,1032
Ladakh,bajra_pearl_millet,cereals,49.8,very_low,kharif,hill_regions,302,6731,61327,29.1,523,11,28,6.1,7.8,1147
Ladakh,ragi_finger_millet,cereals,54.4,very_low,kharif,hill_regions,18141,6685,129583,24.7,706,13,43,6.3,7.3,527
Ladakh,foxtail_millet,cereals,48.7,very_low,kharif,hill_regions,4051,6538,409,20.4,1408,21,33,6.4,8.4,347
Ladakh,proso_millet,cereals,41.9,very_low,kharif,hill_regions,16504,6909,6949,28.1,1136,14,39,5.9,7.4,653
Ladakh,barnyard_millet,cereals,54.3,very_low,kharif,hill_regions,25711,7421,40315,45.3,475,22,35,5.7,7.6,690
Ladakh,little_millet,cereals,51,very_low,kharif,hill_regions,18108,3777,131645,40.7,282,15,42,6.2,7.6,464
Ladakh,kodo_millet,cereals,41.4,very_low,kharif,hill_regions,3679,3594,20766,11.6,1297,13,36,5.7,7.7,549
Ladakh,oats,cereals,41.3,very_low,kharif,hill_regions,13731,3751,47458,27.3,1025,14,34,5.7,7.8,1008
Ladakh,gram_chickpea,pulses,40.9,very_low,rabi,hill_regions,8252,1518,153177,16.7,933,15,30,6,8,1006
Ladakh,tur_arhar,pulses,49.5,very_low,kharif,hill_regions,15999,4622,159980,28.7,612,16,34,5.8,7.2,688
Ladakh,moong_green_gram,pulses,53.5,very_low,kharif,hill_regions,5563,6304,10084,42.1,1136,18,29,5.6,7.3,985
Ladakh,urad_black_gram,pulses,54,very_low,kharif,hill_regions,13179,7654,164150,34.5,249,14,31,5.8,7.6,1145
Ladakh,masur_lentil,pulses,51.1,very_low,kharif,hill_regions,10304,3362,23014,25.4,466,15,28,5.8,7.1,305
Ladakh,rajma_kidney_bean,pulses,83,medium,kharif,hill_regions,73907,4596,726422,38.1,1415,13,40,6.5,7,636
Ladakh,cowpea_lobhia,pulses,46.5,very_low,kharif,hill_regions,624,5190,188802,11.6,350,24,41,6.2,7.6,1068
Ladakh,field_pea,pulses,53.8,very_low,kharif,hill_regions,9960,5084,19648,12.1,1217,10,25,6,7.3,564
Ladakh,black_eyed_pea,pulses,46,very_low,kharif,hill_regions,5943,4384,60758,8.6,1327,14,37,6.1,7.3,326
Ladakh,horse_gram,pulses,52.9,very_low,kharif,hill_regions,8387,6340,5486,39.4,731,18,40,6,7.1,955
Ladakh,moth_bean,pulses,51.8,very_low,kharif,hill_regions,8554,2763,99206,44.7,1052,21,41,5.7,7.6,692
Ladakh,cluster_bean_guar,pulses,48.4,very_low,kharif,hill_regions,6508,1619,70893,48.3,576,17,41,5.8,7.2,965
Ladakh,groundnut_peanut,oilseeds,50.5,very_low,kharif,hill_regions,20221,7685,147519,18.2,492,22,38,5.9,7.6,1067
Ladakh,mustard,oilseeds,72.4,medium,rabi,hill_regions,93034,6539,434322,31.4,1174,16,34,6.1,7.1,1076
Ladakh,rapeseed,oilseeds,68,low,rabi,hill_regions,38827,6216,170585,20.6,719,18,33,5.9,7.3,937
Ladakh,sesame_til,oilseeds,49.1,very_low,kharif,hill_regions,4470,1796,123299,11.8,993,12,34,6.1,7.7,587
Ladakh,sunflower,oilseeds,66.7,low,kharif,hill_regions,20748,6693,228319,26.9,501,19,27,6.1,8.5,978
Ladakh,safflower,oilseeds,53.4,very_low,kharif,hill_regions,2905,3019,7747,27.6,1044,16,36,5.8,7.1,688
Ladakh,niger,oilseeds,48.2,very_low,kharif,hill_regions,10491,5744,195196,20.1,1408,15,44,5.5,8,1010
Ladakh,linseed_flax,oilseeds,44.2,very_low,kharif,hill_regions,421,1520,53669,42.8,282,11,25,5.8,8.4,548
Ladakh,castor,oilseeds,46.6,very_low,kharif,hill_regions,1699,2276,22967,10.9,1229,17,35,5.9,7.3,384
Ladakh,coconut,oilseeds,41.1,very_low,perennial,hill_regions,11670,2515,38984,30.8,864,19,28,6,8.2,648
Ladakh,palm_oil,oilseeds,54.6,very_low,kharif,hill_regions,14618,4213,147985,25.3,1424,14,42,6.1,8.2,333
Ladakh,olive,oilseeds,44.2,very_low,kharif,hill_regions,8760,5988,213851,13,742,12,28,6.1,7.3,734
Ladakh,walnut,oilseeds,54.7,very_low,kharif,hill_regions,14577,3774,35162,20.1,365,20,35,6.1,7.5,888
Ladakh,almond,oilseeds,42.5,very_low,kharif,hill_regions,2081,3801,112525,43.5,1256,17,42,6,7.8,948
Ladakh,cotton,fiber,53.2,very_low,kharif,hill_regions,20835,2628,163096,15,884,21,41,5.8,8.5,372
Ladakh,jute,fiber,40.5,very_low,kharif,hill_regions,22023,5989,182654,11.2,324,24,37,6.4,8.4,887
Ladakh,mesta,fiber,49.4,very_low,kharif,hill_regions,2710,5806,112561,29.5,266,12,27,6.2,7.8,719
Ladakh,flax,fiber,48.2,very_low,kharif,hill_regions,12518,3299,80046,22.6,293,13,44,5.7,7.2,562
Ladakh,hemp,fiber,53.2,very_low,kharif,hill_regions,6822,3170,127543,50,827,21,29,5.9,8,557
Ladakh,sisal,fiber,43.4,very_low,kharif,hill_regions,7163,1414,170986,15.9,785,11,26,6,7.5,755
Ladakh,coir,fiber,54.5,very_low,kharif,hill_regions,11008,1683,128640,41.3,879,12,33,5.8,8.5,741
Ladakh,sugarcane,sugar,46.3,very_low,perennial,hill_regions,3301,5981,57323,21.1,586,13,25,6.5,8.1,1135
Ladakh,sugar_beet,sugar,46.2,very_low,kharif,hill_regions,7221,4568,44581,39.7,846,18,42,6.2,8.4,664
Ladakh,turmeric,spices,61.9,low,kharif,hill_regions,27878,3937,165964,42.4,893,19,29,5.8,7.5,718
Ladakh,coriander,spices,40.7,very_low,kharif,hill_regions,25120,5631,70398,22.3,1154,14,37,6.4,7.6,828
Ladakh,cumin,spices,53.9,very_low,kharif,hill_regions,12811,6285,124888,43.6,1173,19,29,6.2,7.4,696
Ladakh,fennel,spices,50.6,very_low,kharif,hill_regions,9568,2278,91131,17.1,532,14,39,6,7.6,1110
Ladakh,fenugreek,spices,50.6,very_low,kharif,hill_regions,8495,6732,27684,34.9,227,10,43,6,7.5,1015
Ladakh,ajwain,spices,54.8,very_low,kharif,hill_regions,508,6983,47649,44.7,1103,17,28,5.9,8.2,510
Ladakh,black_pepper,spices,50.7,very_low,kharif,hill_regions,7008,1598,54487,32.6,932,16,32,5.8,8.2,1004
Ladakh,cardamom_small,spices,47.2,very_low,kharif,hill_regions,11315,4904,94281,18.8,1224,14,33,5.6,8.3,879
Ladakh,cardamom_large,spices,43.5,very_low,kharif,hill_regions,19133,4095,214080,20.2,329,21,40,5.6,8.2,998
Ladakh,cinnamon,spices,53.9,very_low,kharif,hill_regions,7481,2535,39606,16.9,784,11,31,5.6,7.7,567
Ladakh,clove,spices,48.9,very_low,kharif,hill_regions,4809,1720,115328,33.5,242,24,37,5.7,8.3,1093
Ladakh,nutmeg,spices,48.6,very_low,kharif,hill_regions,1077,7616,12942,33.9,649,10,43,5.6,8.3,597
Ladakh,ginger,spices,66.1,low,kharif,hill_regions,25096,6596,193642,18.8,503,12,41,6.1,7.8,524
Ladakh,garlic,spices,46.5,very_low,kharif,hill_regions,1818,3525,43091,34.1,988,14,25,5.7,7.2,811
Ladakh,onion,spices,42.5,very_low,rabi,hill_regions,12149,7156,38660,13.4,425,15,37,6.2,7.3,418
Ladakh,chilli,spices,46.7,very_low,kharif,hill_regions,10448,1587,77189,6.9,1249,19,31,5.9,8,467
Ladakh,tamarind,spices,53.4,very_low,kharif,hill_regions,14989,4546,71233,26.1,672,20,41,6.4,7.2,985
Ladakh,vanilla,spices,43,very_low,kharif,hill_regions,2895,3050,66380,38.4,310,14,30,6.1,7.8,911
Ladakh,saffron,spices,53.7,very_low,kharif,hill_regions,12146,7428,79912,18.9,723,21,39,6.2,8.1,1128
Ladakh,mint,spices,51.5,very_low,kharif,hill_regions,15668,5509,209878,44.2,1210,20,32,6,7.1,674
Ladakh,basil,spices,41.7,very_low,kharif,hill_regions,21953,2218,48482,43.6,961,18,36,5.7,7.4,1154
Ladakh,oregano,spices,50.9,very_low,kharif,hill_regions,2724,5389,26863,16.3,463,12,37,6.4,7.5,409
Ladakh,thyme,spices,41.9,very_low,kharif,hill_regions,15295,4263,204358,27.8,824,23,34,5.9,7.9,1179
Ladakh,tea,plantation,84.5,medium,perennial,hill_regions,67721,7170,451338,33.8,433,19,30,6.3,7.6,658
Ladakh,coffee_arabica,plantation,51.2,very_low,perennial,hill_regions,13266,6985,20424,26.6,1428,22,44,6.4,7.5,461
Ladakh,coffee_robusta,plantation,43.2,very_low,perennial,hill_regions,1218,7347,57715,9.6,1191,14,26,5.7,8,1014
Ladakh,rubber,plantation,43.8,very_low,perennial,hill_regions,234,2948,31477,8.4,829,19,25,5.6,8.4,500
Ladakh,cocoa,plantation,51.4,very_low,kharif,hill_regions,8194,2428,48890,30.5,695,17,41,6,8.5,899
Ladakh,cashew,plantation,43.1,very_low,kharif,hill_regions,16297,2528,116705,6.5,1425,19,28,6.4,7.1,665
Ladakh,areca_nut,plantation,51.1,very_low,kharif,hill_regions,10214,6813,45480,6.6,237,19,28,5.6,8.5,517
Ladakh,betelvine,plantation,46.9,very_low,kharif,hill_regions,3406,3500,115430,33.8,1294,16,42,6.2,7.8,405
Ladakh,black_pepper_plantation,plantation,48.6,very_low,kharif,hill_regions,16665,6033,92927,31.7,1204,15,27,6.4,8.4,686
Ladakh,mango,fruits_tropical,54.9,very_low,kharif,hill_regions,1248,5007,114303,32.8,212,10,39,6.3,7.4,723
Ladakh,banana,fruits_tropical,54.4,very_low,perennial,hill_regions,2775,7381,76200,20.5,326,16,40,6.2,7.7,947
Ladakh,papaya,fruits_tropical,45.3,very_low,kharif,hill_regions,2343,2394,173506,18.2,467,11,32,5.6,7.7,1127
Ladakh,pineapple,fruits_tropical,51.8,very_low,kharif,hill_regions,3317,2313,5891,9.9,1380,14,32,6,8.1,1018
Ladakh,jackfruit,fruits_tropical,54.5,very_low,kharif,hill_regions,4378,3190,50708,41.3,511,21,29,6.2,8.2,1068
Ladakh,guava,fruits_tropical,47.7,very_low,kharif,hill_regions,12839,3246,19776,42.6,734,18,43,5.6,7.8,802
Ladakh,coconut_fruit,fruits_tropical,52.9,very_low,kharif,hill_regions,6851,4635,22645,26.2,766,12,41,5.9,7.5,417
Ladakh,passion_fruit,fruits_tropical,41.3,very_low,kharif,hill_regions,29064,7285,107311,41.4,1284,14,36,6.5,7.4,896
Ladakh,dragon_fruit,fruits_tropical,49.9,very_low,kharif,hill_regions,9439,4194,79517,11.7,1233,19,44,5.7,7.2,608
Ladakh,rambutan,fruits_tropical,47.6,very_low,kharif,hill_regions,6570,5498,6469,39.1,1421,14,40,5.9,8,968
Ladakh,sapota,fruits_tropical,44.4,very_low,kharif,hill_regions,2936,7907,69592,15.1,380,22,36,6.5,8,606
Ladakh,custard_apple,fruits_tropical,52.5,very_low,kharif,hill_regions,4655,1197,31619,16.8,586,15,36,5.7,8,419
Ladakh,wood_apple,fruits_tropical,54,very_low,kharif,hill_regions,9565,4830,59800,18.4,425,24,33,6,8.5,602
Ladakh,apple,fruits_temperate,86.3,high,kharif,hill_regions,133124,6411,1818859,18.8,1138,16,40,5.7,7.8,369
Ladakh,pear,fruits_temperate,48.4,very_low,kharif,hill_regions,12850,4880,56724,48.8,847,20,25,6.2,7.2,1002
Ladakh,peach,fruits_temperate,53.2,very_low,kharif,hill_regions,14341,4378,74646,23.5,819,23,43,5.9,7.8,404
Ladakh,plum,fruits_temperate,44.9,very_low,kharif,hill_regions,4266,5035,111160,34.2,775,21,31,6,7.4,843
Ladakh,apricot,fruits_temperate,46.6,very_low,kharif,hill_regions,4519,2956,104529,28.5,1048,24,28,6.4,7.8,1070
Ladakh,cherry,fruits_temperate,42.5,very_low,kharif,hill_regions,3126,5573,17540,40.7,525,13,30,6.2,8.4,1116
Ladakh,strawberry,fruits_temperate,41.5,very_low,kharif,hill_regions,10299,5329,42799,43.8,369,19,30,6,7.6,1181
Ladakh,kiwi,fruits_temperate,47.3,very_low,kharif,hill_regions,7748,6375,169434,43.1,1101,20,38,6.5,7.3,327
Ladakh,grape,fruits_temperate,50.2,very_low,kharif,hill_regions,9178,3237,4792,39.6,267,13,31,5.6,8.4,859
Ladakh,pomegranate,fruits_temperate,53.1,very_low,kharif,hill_regions,23452,4676,10391,12.2,964,15,27,5.7,7.7,766
Ladakh,fig,fruits_temperate,54,very_low,kharif,hill_regions,4302,4542,10809,36,869,16,38,5.8,7.5,446
Ladakh,persimmon,fruits_temperate,47.9,very_low,kharif,hill_regions,4671,1873,3412,13.7,521,17,29,6.3,7.7,861
Ladakh,orange,fruits_citrus,43.1,very_low,kharif,hill_regions,11117,3177,49401,41.3,1288,17,42,6.2,7.1,803
Ladakh,lime,fruits_citrus,50.5,very_low,kharif,hill_regions,17354,3105,11099,33.5,1150,21,25,6.2,7,997
Ladakh,lemon,fruits_citrus,50.5,very_low,kharif,hill_regions,10914,6005,9969,42.4,461,17,34,6.3,7.3,569
Ladakh,grapefruit,fruits_citrus,49.9,very_low,kharif,hill_regions,5583,5349,12810,40.5,882,13,33,5.6,7.9,902
Ladakh,mandarin,fruits_citrus,46.1,very_low,kharif,hill_regions,14296,5032,89670,10.7,1127,16,32,6.4,7.1,476
Ladakh,sweet_lime,fruits_citrus,45.6,very_low,kharif,hill_regions,8497,3806,103967,39.6,1204,15,33,6.2,7.2,1066
Ladakh,kinnow,fruits_citrus,48.1,very_low,kharif,hill_regions,21459,3620,22155,46.4,647,15,43,6.4,7.4,380
Ladakh,spinach,vegetables_leafy,40,very_low,kharif,hill_regions,10750,2892,39134,21.1,542,22,37,6.3,8.3,691
Ladakh,fenugreek_leaves,vegetables_leafy,47.2,very_low,kharif,hill_regions,24196,6585,138142,25.8,1362,22,35,5.8,7.2,797
Ladakh,amaranth,vegetables_leafy,44.4,very_low,kharif,hill_regions,1753,1241,95817,9.9,1355,13,40,6.3,8.2,1085
Ladakh,cabbage,vegetables_leafy,89.4,high,kharif,hill_regions,85432,7540,1044124,7.6,1220,21,28,6.3,7.2,436
Ladakh,cauliflower,vegetables_leafy,95.5,high,kharif,hill_regions,16664,7694,863301,25.2,855,20,42,6.2,8.1,462
Ladakh,lettuce,vegetables_leafy,45.8,very_low,kharif,hill_regions,13521,2894,169232,10.3,345,13,40,5.5,8.5,1188
Ladakh,kale,vegetables_leafy,42.4,very_low,kharif,hill_regions,3818,3856,76919,42,246,24,43,6.1,7.7,795
Ladakh,mustard_leaves,vegetables_leafy,40.3,very_low,kharif,hill_regions,12413,3002,91532,18.2,1109,19,32,5.8,8.3,914
Ladakh,curry_leaves,vegetables_leafy,50.7,very_low,kharif,hill_regions,1889,1414,76939,46.9,882,23,26,6.2,7.4,772
Ladakh,coriander_leaves,vegetables_leafy,44.4,very_low,kharif,hill_regions,9865,4235,47773,17.7,433,18,27,5.8,7.8,547
Ladakh,potato,vegetables_root,92.7,high,rabi,hill_regions,148091,6109,613901,46.4,1330,15,27,5.8,7.3,975
Ladakh,sweet_potato,vegetables_root,48.2,very_low,kharif,hill_regions,13360,6388,70047,32.1,1031,21,40,5.8,7.6,486
Ladakh,carrot,vegetables_root,51.2,very_low,kharif,hill_regions,6121,6621,42005,18.1,1046,24,26,6.3,7.2,610
Ladakh,radish,vegetables_root,46.3,very_low,kharif,hill_regions,22602,1714,145298,19.5,1372,14,38,5.7,8.4,303
Ladakh,turnip,vegetables_root,43.5,very_low,kharif,hill_regions,20108,7954,32793,18.8,1359,10,39,5.9,8,772
Ladakh,beetroot,vegetables_root,49.4,very_low,kharif,hill_regions,14815,5651,106192,37.1,1208,21,42,5.8,8.1,1151
Ladakh,onion_vegetable,vegetables_root,45.5,very_low,kharif,hill_regions,7628,2228,91401,41.3,599,14,30,5.7,7.9,519
Ladakh,garlic_vegetable,vegetables_root,54,very_low,kharif,hill_regions,9254,3864,130308,24.1,932,21,28,5.5,7.7,795
Ladakh,ginger_vegetable,vegetables_root,44.3,very_low,kharif,hill_regions,11915,7812,92750,25.2,229,14,32,6,8.2,998
Ladakh,turmeric_vegetable,vegetables_root,52.7,very_low,kharif,hill_regions,5577,2051,108398,34.4,300,14,28,6.5,7.5,746
Ladakh,yam,vegetables_root,44.8,very_low,kharif,hill_regions,19459,3011,44197,21.7,420,21,32,6.1,8,331
Ladakh,taro,vegetables_root,49.7,very_low,kharif,hill_regions,1900,1871,72954,20.6,768,19,28,6.2,8.2,302
Ladakh,cassava,vegetables_root,45.5,very_low,kharif,hill_regions,6785,5306,23389,11,1147,20,34,6,7.4,596
Ladakh,tomato,vegetables_fruit,44.8,very_low,kharif,hill_regions,13737,6106,116007,29.6,616,15,42,6.1,7.8,347
Ladakh,brinjal_eggplant,vegetables_fruit,50.1,very_low,kharif,hill_regions,16455,1638,57181,21.7,1274,24,33,6.1,7,307
Ladakh,okra_ladyfinger,vegetables_fruit,41.1,very_low,kharif,hill_regions,4545,6304,84403,43.2,1331,23,35,6.3,8,468
Ladakh,bottle_gourd,vegetables_fruit,45.7,very_low,kharif,hill_regions,22661,2840,65952,16.4,627,23,33,5.9,7.4,1103
Ladakh,bitter_gourd,vegetables_fruit,54.4,very_low,kharif,hill_regions,10219,7709,65897,26.1,886,10,31,6.2,8.5,811
Ladakh,ridge_gourd,vegetables_fruit,42.9,very_low,kharif,hill_regions,9177,2065,48953,25,540,15,30,6.1,7.9,796
Ladakh,snake_gourd,vegetables_fruit,41.5,very_low,kharif,hill_regions,1636,1442,27098,13.8,1142,20,29,5.7,7.2,588
Ladakh,ash_gourd,vegetables_fruit,44.4,very_low,kharif,hill_regions,6048,7286,45617,7.9,979,17,43,5.9,8.1,334
Ladakh,pumpkin,vegetables_fruit,50.8,very_low,kharif,hill_regions,3804,7636,60960,46.6,844,19,35,6,7.9,335
Ladakh,cucumber,vegetables_fruit,42.8,very_low,zaid,hill_regions,5560,4041,84616,12.4,940,14,35,6.1,7.9,493
Ladakh,watermelon,vegetables_fruit,50.6,very_low,zaid,hill_regions,21522,5439,133040,41.5,337,20,31,6.3,7.7,822
Ladakh,muskmelon,vegetables_fruit,43.9,very_low,zaid,hill_regions,1042,6240,30253,15.2,201,14,32,5.7,7.3,1103
Ladakh,capsicum,vegetables_fruit,44.9,very_low,kharif,hill_regions,5989,6663,132621,39,771,23,32,6.1,8,1157
Ladakh,chilli_vegetable,vegetables_fruit,42,very_low,kharif,hill_regions,5942,7425,2329,17.4,568,14,25,6.3,7,729
Ladakh,drumstick,vegetables_fruit,40.8,very_low,kharif,hill_regions,19456,6050,153051,47.3,741,22,28,6,7,555
Ladakh,green_peas,vegetables_legume,46.9,very_low,kharif,hill_regions,9126,5706,188094,19.7,419,18,30,6.2,7.2,436
Ladakh,french_bean,vegetables_legume,50.1,very_low,kharif,hill_regions,7498,5997,125576,43,705,24,26,6.5,8.3,1079
Ladakh,cluster_bean_vegetable,vegetables_legume,52.6,very_low,kharif,hill_regions,22252,7296,100554,47.3,700,20,39,6.3,8.1,331
Ladakh,broad_bean,vegetables_legume,51.1,very_low,kharif,hill_regions,5629,6872,69476,42.9,983,12,35,6,7.5,681
Ladakh,berseem,fodder,53.1,very_low,kharif,hill_regions,14407,4470,100644,9.2,1410,16,39,6.2,8.2,331
Ladakh,lucerne_alfalfa,fodder,54,very_low,kharif,hill_regions,22218,4269,169479,30.9,854,21,37,5.6,7.5,859
Ladakh,oats_fodder,fodder,53.6,very_low,kharif,hill_regions,24089,2780,108687,24.5,770,10,28,5.7,7.9,670
Ladakh,sorghum_fodder,fodder,44.9,very_low,kharif,hill_regions,6248,6302,25384,7.5,1045,13,37,5.6,7.4,438
Ladakh,maize_fodder,fodder,44.4,very_low,kharif,hill_regions,8292,4640,83622,19.9,891,24,29,5.7,8.3,669
Ladakh,bajra_fodder,fodder,52.7,very_low,kharif,hill_regions,581,3624,90341,25.1,797,24,35,6.2,8.1,300
Ladakh,cowpea_fodder,fodder,48.3,very_low,kharif,hill_regions,22042,3382,85528,18.7,1019,11,30,6,7.8,846
Ladakh,stylo,fodder,52,very_low,kharif,hill_regions,3087,7106,88223,42,471,10,35,6.4,7.4,1113
Ladakh,para_grass,fodder,42.1,very_low,kharif,hill_regions,4873,2057,111470,23.6,447,12,33,5.5,7.2,303
Ladakh,guinea_grass,fodder,40.4,very_low,kharif,hill_regions,13608,6102,176668,44.6,334,17,31,6,7.5,465
Ladakh,napier_grass,fodder,50.1,very_low,kharif,hill_regions,9653,2023,53035,38.9,294,23,32,6.5,7.1,945
Ladakh,tulsi,medicinal,42.4,very_low,kharif,hill_regions,8102,3843,48875,39.5,1265,15,34,5.9,7.9,435
Ladakh,neem,medicinal,52.1,very_low,kharif,hill_regions,15421,6223,205139,46.5,994,17,35,6,7.7,958
Ladakh,aloe_vera,medicinal,54.9,very_low,kharif,hill_regions,2594,2471,72685,23.9,882,17,42,6,8,317
Ladakh,ashwagandha,medicinal,49.8,very_low,kharif,hill_regions,12865,6260,13088,9.7,580,11,39,6.5,8,524
Ladakh,brahmi,medicinal,48.5,very_low,kharif,hill_regions,25135,1035,109525,25.4,738,17,33,5.8,7.2,749
Ladakh,kalmegh,medicinal,52.3,very_low,kharif,hill_regions,8963,2874,36962,49.5,1077,20,37,5.8,8,711
Ladakh,giloy,medicinal,52.5,very_low,kharif,hill_regions,16569,6939,140752,23.1,679,23,27,5.8,7.2,337
Ladakh,stevia,medicinal,49.2,very_low,kharif,hill_regions,3869,6569,85193,32.8,1192,20,27,5.6,8.4,371
Ladakh,mentha_mint,medicinal,43.3,very_low,kharif,hill_regions,15441,5218,85835,36.1,1242,13,25,5.6,7.2,336
Ladakh,lemongrass,medicinal,51.2,very_low,kharif,hill_regions,19764,2320,134489,28.4,1265,24,39,6,7.8,1027
Ladakh,citronella,medicinal,41.8,very_low,kharif,hill_regions,4574,6229,7018,20.5,614,17,34,6.2,7.9,1112
Ladakh,palmarosa,medicinal,42.7,very_low,kharif,hill_regions,7570,1787,24736,20.1,1155,12,30,6.2,7.9,393
Ladakh,vetiver,medicinal,54.2,very_low,kharif,hill_regions,917,3129,2870,6.4,952,23,33,5.8,8.4,355
Ladakh,rosemary,medicinal,47.1,very_low,kharif,hill_regions,5838,3875,65711,25.4,1484,10,40,5.6,7.6,481
Ladakh,lavender,medicinal,54.2,very_low,kharif,hill_regions,11447,7665,141152,47.8,1115,11,37,6.5,7.3,1013
Ladakh,bamboo,timber,42.8,very_low,kharif,hill_regions,1786,3384,118306,7,616,19,43,5.7,7.3,483
Ladakh,eucalyptus,timber,43.6,very_low,kharif,hill_regions,22736,4665,49601,38.6,405,10,37,5.7,7.6,508
Ladakh,teak,timber,53.8,very_low,kharif,hill_regions,7618,2643,11530,28.1,1329,15,40,5.5,7.4,418
Ladakh,sal,timber,46,very_low,kharif,hill_regions,10590,5223,200397,21.2,675,11,31,6.2,8.3,950
Ladakh,sandalwood,timber,40.1,very_low,kharif,hill_regions,9053,7596,68681,15.2,339,23,26,5.7,7.9,470
Ladakh,rosewood,timber,43.4,very_low,kharif,hill_regions,12137,1874,95713,19.7,1268,24,35,6.3,7.4,644
Ladakh,pine,timber,48.3,very_low,kharif,hill_regions,16868,1154,66043,43.9,512,15,32,5.7,7.5,1035
Ladakh,deodar,timber,52.7,very_low,kharif,hill_regions,14742,4742,7863,36.4,1495,13,44,6.5,7.2,1133
Ladakh,button_mushroom,mushroom,50.1,very_low,kharif,hill_regions,6788,5408,130341,6.5,896,19,25,6.4,8.4,851
Ladakh,oyster_mushroom,mushroom,41.8,very_low,kharif,hill_regions,23117,1199,132855,10.2,383,12,32,6.4,7,920
Ladakh,shiitake,mushroom,54.5,very_low,kharif,hill_regions,18658,7312,130585,34.7,223,17,34,6,7.6,1115
Ladakh,milky_mushroom,mushroom,53.3,very_low,kharif,hill_regions,6727,7716,59983,41.1,685,15,31,5.5,8.4,614
Ladakh,rose,flowers,45.5,very_low,kharif,hill_regions,13392,3534,178102,42.1,1469,19,38,5.8,7.1,395
Ladakh,jasmine,flowers,49.7,very_low,kharif,hill_regions,11131,5927,22291,17.6,1122,22,41,6.1,7.2,1036
Ladakh,marigold,flowers,51.9,very_low,kharif,hill_regions,4435,5790,205173,16.5,1131,13,31,6,8.3,334
Ladakh,chrysanthemum,flowers,54.8,very_low,kharif,hill_regions,9316,3479,98433,44.4,223,18,26,5.6,8,510
Ladakh,tuberose,flowers,40.6,very_low,kharif,hill_regions,2876,6388,66465,38.1,680,11,41,5.6,7.6,536
Ladakh,gladiolus,flowers,44.4,very_low,kharif,hill_regions,3806,4121,112678,44.1,682,14,32,6,7.5,525
Ladakh,lily,flowers,45.6,very_low,kharif,hill_regions,6652,6912,58473,32.1,1462,24,33,5.6,8.4,414
Ladakh,orchid,flowers,53.9,very_low,kharif,hill_regions,23047,5657,196258,26,628,15,32,5.9,8.3,832
Ladakh,carnation,flowers,50.9,very_low,kharif,hill_regions,15599,2965,20179,40,1290,15,35,5.9,7.4,1032
Ladakh,gerbera,flowers,51.4,very_low,kharif,hill_regions,9084,2261,100539,46.6,1134,17,25,6.4,7.5,569
Ladakh,anthurium,flowers,47,very_low,kharif,hill_regions,17890,2155,102507,9.8,559,20,41,6,8.2,1141
Delhi,rice,cereals,97.2,high,kharif,northern_plains,64241,6085,1054422,22.7,497,19,33,5.6,8,927
Delhi,wheat,cereals,89.7,high,rabi,northern_plains,22790,4471,2102473,13.6,424,15,30,5.7,8.4,610
Delhi,maize,cereals,85.8,high,kharif,northern_plains,129307,6151,839258,47.1,574,19,41,5.7,8.2,1013
Delhi,barley,cereals,97.5,high,rabi,northern_plains,113846,5133,2135215,5.2,1015,13,39,6.3,8.1,1196
Delhi,jowar_sorghum,cereals,62.2,low,kharif,northern_plains,24092,7817,428700,49.4,1480,23,43,5.6,7.3,1096
Delhi,bajra_pearl_millet,cereals,65.9,low,kharif,northern_plains,56959,1977,540831,39.7,942,17,36,5.9,8.2,1118
Delhi,ragi_finger_millet,cereals,43.8,very_low,kharif,northern_plains,2269,6301,74772,20.7,398,22,29,5.7,7.1,1119
Delhi,foxtail_millet,cereals,44.9,very_low,kharif,northern_plains,12820,3348,80384,15.4,1144,13,37,5.9,8.2,957
Delhi,proso_millet,cereals,54,very_low,kharif,northern_plains,13268,7781,47286,18.1,1199,16,32,6,8.4,375
Delhi,barnyard_millet,cereals,47,very_low,kharif,northern_plains,10796,1956,8868,48.4,932,22,34,5.9,8.4,1190
Delhi,little_millet,cereals,49.3,very_low,kharif,northern_plains,24508,4808,213562,14.5,1350,14,25,6.3,8.4,495
Delhi,kodo_millet,cereals,48,very_low,kharif,northern_plains,8453,2028,78560,25.5,1164,12,41,6,8.4,809
Delhi,oats,cereals,46.7,very_low,kharif,northern_plains,1812,3601,52162,30.6,1317,16,31,6.4,8.1,576
Delhi,gram_chickpea,pulses,87.2,high,rabi,northern_plains,25640,7323,948459,43.9,1266,12,33,6.5,7.4,345
Delhi,tur_arhar,pulses,45.2,very_low,kharif,northern_plains,1320,3986,41140,14.5,543,11,26,6.1,8.4,1024
Delhi,moong_green_gram,pulses,52.5,very_low,kharif,northern_plains,23625,7653,153857,37.2,596,11,26,6.2,7,1034
Delhi,urad_black_gram,pulses,45.5,very_low,kharif,northern_plains,5723,5922,30564,12.8,1159,23,36,6,8.1,959
Delhi,masur_lentil,pulses,40.1,very_low,kharif,northern_plains,14584,7721,63911,30.2,200,20,29,5.6,7.5,898
Delhi,rajma_kidney_bean,pulses,46.5,very_low,kharif,northern_plains,12388,6696,118102,25,1133,23,43,6,7.5,1110
Delhi,cowpea_lobhia,pulses,43.9,very_low,kharif,northern_plains,23591,6178,141151,7.3,464,19,40,5.6,7,580
Delhi,field_pea,pulses,49.7,very_low,kharif,northern_plains,369,2061,121851,18.4,352,10,42,6,7.8,355
Delhi,black_eyed_pea,pulses,47.3,very_low,kharif,northern_plains,3015,7317,143655,41.1,897,15,37,5.7,7.2,784
Delhi,horse_gram,pulses,47.2,very_low,kharif,northern_plains,6959,4825,90693,39.2,482,22,44,6.2,8.2,539
Delhi,moth_bean,pulses,54.9,very_low,kharif,northern_plains,10191,3766,38708,17.8,773,21,43,5.9,8,1009
Delhi,cluster_bean_guar,pulses,41.5,very_low,kharif,northern_plains,6412,7405,230560,9.5,1360,19,41,5.6,8.3,863
Delhi,groundnut_peanut,oilseeds,62.7,low,kharif,northern_plains,43328,3083,437818,18.8,1340,10,43,6.4,7.2,963
Delhi,mustard,oilseeds,89.9,high,rabi,northern_plains,17292,2488,1693524,23.8,233,17,44,5.8,7.2,879
Delhi,rapeseed,oilseeds,53.8,very_low,rabi,northern_plains,17952,2289,170628,42,1304,16,33,5.7,8.2,963
Delhi,sesame_til,oilseeds,41.5,very_low,kharif,northern_plains,9905,1120,52351,25.4,1210,11,38,6.1,8.3,766
Delhi,sunflower,oilseeds,80.9,medium,kharif,northern_plains,108876,4915,667189,9.2,801,10,27,6,7.5,713
Delhi,safflower,oilseeds,47.4,very_low,kharif,northern_plains,4910,7024,90442,27.1,1173,21,25,6.1,8.2,834
Delhi,niger,oilseeds,48.1,very_low,kharif,northern_plains,10577,6448,106071,14.7,763,17,33,5.7,7.2,405
Delhi,linseed_flax,oilseeds,44.4,very_low,kharif,northern_plains,12385,7894,129619,41.6,1257,18,30,6,7.2,809
Delhi,castor,oilseeds,40.3,very_low,kharif,northern_plains,9861,2938,46407,42.4,257,10,29,6.2,7.4,1077
Delhi,coconut,oilseeds,45.3,very_low,perennial,northern_plains,3770,5017,107371,23.3,528,16,43,5.8,8,596
Delhi,palm_oil,oilseeds,50.1,very_low,kharif,northern_plains,16643,7632,133022,48.9,1140,19,41,5.5,7.4,494
Delhi,olive,oilseeds,41.7,very_low,kharif,northern_plains,4016,2839,77294,33.1,1197,19,39,5.9,8.5,453
Delhi,walnut,oilseeds,46,very_low,kharif,northern_plains,6775,6255,77815,13,724,21,27,6,8.1,976
Delhi,almond,oilseeds,45.8,very_low,kharif,northern_plains,16587,2458,153486,23.9,558,10,27,6.3,8,521
Delhi,cotton,fiber,83.9,medium,kharif,northern_plains,38305,3310,205833,33.9,1111,15,39,6.5,7.9,884
Delhi,jute,fiber,45.6,very_low,kharif,northern_plains,9745,6406,56854,6.3,1186,20,36,6.1,8.4,306
Delhi,mesta,fiber,42.4,very_low,kharif,northern_plains,505,7325,6883,40.1,1358,19,37,5.6,7.3,1109
Delhi,flax,fiber,52.4,very_low,kharif,northern_plains,9119,3964,50249,9.9,718,16,38,6.2,7.8,328
Delhi,hemp,fiber,42.4,very_low,kharif,northern_plains,11737,7311,85226,12.9,1292,12,36,6.2,7.1,838
Delhi,sisal,fiber,43.8,very_low,kharif,northern_plains,7784,5806,78204,18.6,1383,24,41,6.1,8.3,841
Delhi,coir,fiber,42.2,very_low,kharif,northern_plains,7540,6267,76655,42.1,1031,12,36,5.9,7.3,1019
Delhi,sugarcane,sugar,86.9,high,perennial,northern_plains,150312,3125,841162,10.2,233,10,28,6.4,7.8,405
Delhi,sugar_beet,sugar,53.6,very_low,kharif,northern_plains,803,6339,81080,29,997,11,43,5.8,7.9,1070
Delhi,turmeric,spices,45,very_low,kharif,northern_plains,22302,6962,140639,24.8,786,17,38,5.6,8.3,316
Delhi,coriander,spices,42.5,very_low,kharif,northern_plains,5097,3559,52376,17.1,694,17,34,6.3,7.5,553
Delhi,cumin,spices,47.6,very_low,kharif,northern_plains,1322,6621,43338,8,772,15,29,5.9,7.3,704
Delhi,fennel,spices,46.1,very_low,kharif,northern_plains,20880,2298,74099,30.3,911,19,30,6.1,7.3,412
Delhi,fenugreek,spices,52.5,very_low,kharif,northern_plains,7854,7499,110635,35.5,452,13,34,6.2,7.6,357
Delhi,ajwain,spices,50.2,very_low,kharif,northern_plains,24070,3861,52779,46.7,1129,10,36,5.5,7.3,363
Delhi,black_pepper,spices,43.1,very_low,kharif,northern_plains,6055,1616,76454,36.9,269,23,38,6,7.6,653
Delhi,cardamom_small,spices,45,very_low,kharif,northern_plains,1089,3161,65757,18,1255,15,37,5.9,7.7,525
Delhi,cardamom_large,spices,47.7,very_low,kharif,northern_plains,4798,4138,68819,23,1065,12,25,6,7.7,902
Delhi,cinnamon,spices,44.7,very_low,kharif,northern_plains,7697,7595,33489,32.5,908,18,42,6.2,8.2,381
Delhi,clove,spices,42.2,very_low,kharif,northern_plains,12681,6419,17534,30.5,831,22,28,5.8,7.2,706
Delhi,nutmeg,spices,53.2,very_low,kharif,northern_plains,17481,1653,84771,42.7,1288,24,35,5.5,8.3,1160
Delhi,ginger,spices,53.9,very_low,kharif,northern_plains,5591,1973,142710,11.3,1439,16,25,5.7,7.4,933
Delhi,garlic,spices,51.1,very_low,kharif,northern_plains,9298,1222,11861,29.1,1114,23,33,5.6,8.4,693
Delhi,onion,spices,77.5,medium,rabi,northern_plains,82477,3110,605494,33.1,1356,13,36,6.4,7.1,475
Delhi,chilli,spices,45.2,very_low,kharif,northern_plains,19879,2394,46694,42,392,13,39,5.7,8.2,741
Delhi,tamarind,spices,46.7,very_low,kharif,northern_plains,8675,7188,70385,19.3,1108,17,42,6,7.4,391
Delhi,vanilla,spices,44.2,very_low,kharif,northern_plains,3793,1278,76495,20.6,746,16,40,6.5,7.4,1148
Delhi,saffron,spices,43.4,very_low,kharif,northern_plains,17181,1365,145626,45.6,1409,20,40,5.6,7.2,536
Delhi,mint,spices,48,very_low,kharif,northern_plains,11708,4119,109937,37.1,1171,22,41,6.3,7.1,860
Delhi,basil,spices,40.3,very_low,kharif,northern_plains,1752,7882,122298,13.2,808,22,28,6,7,1009
Delhi,oregano,spices,42.9,very_low,kharif,northern_plains,9491,2014,131552,26.1,501,21,42,6.4,7.6,623
Delhi,thyme,spices,53.9,very_low,kharif,northern_plains,8326,2242,41234,47.9,955,17,26,5.8,7,1087
Delhi,tea,plantation,49.7,very_low,perennial,northern_plains,4571,6679,13980,15.4,903,12,32,6.5,7.8,931
Delhi,coffee_arabica,plantation,49.9,very_low,perennial,northern_plains,12065,1854,104957,14.7,1441,21,28,5.7,7.1,522
Delhi,coffee_robusta,plantation,49.9,very_low,perennial,northern_plains,12594,1217,13242,36.1,1302,15,28,5.8,7.6,867
Delhi,rubber,plantation,46.1,very_low,perennial,northern_plains,11377,2269,55721,25.9,1217,23,28,5.5,8.3,505
Delhi,cocoa,plantation,52.3,very_low,kharif,northern_plains,8617,2027,113051,41.8,799,16,40,6,8.2,348
Delhi,cashew,plantation,52.9,very_low,kharif,northern_plains,2705,1226,101724,7.7,1440,18,38,6.2,7.4,1025
Delhi,areca_nut,plantation,54.2,very_low,kharif,northern_plains,14561,6404,82129,21.5,739,14,33,6.5,7.5,898
Delhi,betelvine,plantation,44.8,very_low,kharif,northern_plains,1796,6342,102301,20.6,882,23,25,6.4,7.7,1073
Delhi,black_pepper_plantation,plantation,52.9,very_low,kharif,northern_plains,8758,6130,3968,47.3,1024,12,27,6.1,7.1,447
Delhi,mango,fruits_tropical,54.2,very_low,kharif,northern_plains,15368,2461,43713,25.1,1180,10,25,6.4,8.2,925
Delhi,banana,fruits_tropical,47.5,very_low,perennial,northern_plains,1434,7337,39563,36.3,793,20,28,6,7.6,520
Delhi,papaya,fruits_tropical,49,very_low,kharif,northern_plains,10384,5137,23825,21.7,622,21,25,5.8,8.4,570
Delhi,pineapple,fruits_tropical,42.3,very_low,kharif,northern_plains,1442,3984,172113,47.9,523,14,36,5.7,7.2,683
Delhi,jackfruit,fruits_tropical,41.1,very_low,kharif,northern_plains,9504,3353,176593,20.4,1189,12,35,6.3,7.7,364
Delhi,guava,fruits_tropical,51.1,very_low,kharif,northern_plains,6426,7949,139363,6.7,971,15,25,5.5,7.9,588
Delhi,coconut_fruit,fruits_tropical,50.5,very_low,kharif,northern_plains,14675,6691,100429,23.8,1485,14,35,6,7.6,409
Delhi,passion_fruit,fruits_tropical,45.3,very_low,kharif,northern_plains,12885,5587,33036,30.5,1309,24,26,6.3,8.4,720
Delhi,dragon_fruit,fruits_tropical,54.9,very_low,kharif,northern_plains,19242,6933,69343,46.3,969,17,41,6.4,8.1,322
Delhi,rambutan,fruits_tropical,49,very_low,kharif,northern_plains,14533,7544,189778,28.8,724,10,37,5.8,8,1018
Delhi,sapota,fruits_tropical,46.1,very_low,kharif,northern_plains,8936,4843,26038,33.5,1076,12,37,5.8,8.2,1147
Delhi,custard_apple,fruits_tropical,41.5,very_low,kharif,northern_plains,25637,3400,6814,34.8,648,12,27,5.7,7.4,1016
Delhi,wood_apple,fruits_tropical,51.8,very_low,kharif,northern_plains,11093,7424,144493,42.3,686,15,42,6.4,8.2,981
Delhi,apple,fruits_temperate,48.4,very_low,kharif,northern_plains,4161,1982,97721,40,666,10,43,5.9,8.5,909
Delhi,pear,fruits_temperate,41.9,very_low,kharif,northern_plains,10923,5544,30821,13,559,21,29,6.2,8.3,652
Delhi,peach,fruits_temperate,40.1,very_low,kharif,northern_plains,4092,2329,29828,29.5,227,10,42,6,8.4,302
Delhi,plum,fruits_temperate,40,very_low,kharif,northern_plains,11937,7396,156060,27.7,822,22,41,5.8,8,878
Delhi,apricot,fruits_temperate,52.8,very_low,kharif,northern_plains,7543,7158,202476,9.9,945,16,33,6.2,7.2,1037
Delhi,cherry,fruits_temperate,40.4,very_low,kharif,northern_plains,5027,5672,90754,50,1321,15,35,5.8,8.1,680
Delhi,strawberry,fruits_temperate,41.7,very_low,kharif,northern_plains,486,3081,168503,9.2,855,21,43,6.1,7.2,1146
Delhi,kiwi,fruits_temperate,51.2,very_low,kharif,northern_plains,5091,1334,27578,40,341,11,28,5.9,7.3,1113
Delhi,grape,fruits_temperate,43.9,very_low,kharif,northern_plains,27966,6283,1970,15.8,547,18,28,5.6,7.3,594
Delhi,pomegranate,fruits_temperate,40.7,very_low,kharif,northern_plains,2445,6406,18982,40.6,860,21,34,6.4,7.4,990
Delhi,fig,fruits_temperate,42.5,very_low,kharif,northern_plains,1055,4202,93352,33.1,773,18,42,5.6,7.4,1022
Delhi,persimmon,fruits_temperate,43.4,very_low,kharif,northern_plains,15332,1573,4921,39.3,1313,13,29,6.5,8,450
Delhi,orange,fruits_citrus,46.7,very_low,kharif,northern_plains,17629,3852,34323,37.7,559,18,37,6.1,7.4,937
Delhi,lime,fruits_citrus,48.5,very_low,kharif,northern_plains,1113,3318,51077,40.6,867,23,40,6,7.3,498
Delhi,lemon,fruits_citrus,42.4,very_low,kharif,northern_plains,13676,6315,14675,27.3,825,16,31,6,7.8,839
Delhi,grapefruit,fruits_citrus,45.7,very_low,kharif,northern_plains,9984,7265,185320,25.9,845,23,34,6.2,8.2,1117
Delhi,mandarin,fruits_citrus,43.3,very_low,kharif,northern_plains,28494,3081,144989,7.1,418,18,38,6,8.1,1013
Delhi,sweet_lime,fruits_citrus,42.5,very_low,kharif,northern_plains,13149,1823,42593,23.9,1322,13,28,6.2,8.5,702
Delhi,kinnow,fruits_citrus,45.3,very_low,kharif,northern_plains,893,2248,11405,27.2,1471,21,37,6,7.9,638
Delhi,spinach,vegetables_leafy,42.7,very_low,kharif,northern_plains,11613,7611,113383,39.8,320,21,44,6.2,8.1,1181
Delhi,fenugreek_leaves,vegetables_leafy,45.9,very_low,kharif,northern_plains,10744,3981,139551,16.5,1490,14,27,5.8,8.3,582
Delhi,amaranth,vegetables_leafy,49.2,very_low,kharif,northern_plains,7675,1919,22500,24.8,335,16,42,6.3,7.9,1065
Delhi,cabbage,vegetables_leafy,71.5,medium,kharif,northern_plains,15269,4374,455441,16.9,1278,13,36,6,7.6,330
Delhi,cauliflower,vegetables_leafy,80.5,medium,kharif,northern_plains,66517,2864,78367,23.8,927,14,27,5.5,8.1,1097
Delhi,lettuce,vegetables_leafy,41.5,very_low,kharif,northern_plains,438,7195,52071,46.6,808,22,44,5.8,8,899
Delhi,kale,vegetables_leafy,40.3,very_low,kharif,northern_plains,16077,7623,135006,48.8,1048,13,36,5.9,7.4,995
Delhi,mustard_leaves,vegetables_leafy,49.4,very_low,kharif,northern_plains,7141,7327,49470,32.1,273,18,26,5.8,8.3,1104
Delhi,curry_leaves,vegetables_leafy,51.5,very_low,kharif,northern_plains,10116,2567,94232,20.6,487,18,27,6.2,7.3,798
Delhi,coriander_leaves,vegetables_leafy,45.9,very_low,kharif,northern_plains,5405,3172,24121,40,291,15,33,5.7,7.6,676
Delhi,potato,vegetables_root,87.9,high,rabi,northern_plains,9969,2382,1228546,33.2,544,20,34,6,7.5,1185
Delhi,sweet_potato,vegetables_root,51.1,very_low,kharif,northern_plains,3655,6419,46555,9.1,246,16,33,6.2,7.9,993
Delhi,carrot,vegetables_root,44.8,very_low,kharif,northern_plains,19940,1485,127501,37.2,1232,14,33,5.7,7.5,1171
Delhi,radish,vegetables_root,46.7,very_low,kharif,northern_plains,21494,4111,214083,42.8,827,14,26,6,7.5,940
Delhi,turnip,vegetables_root,40.3,very_low,kharif,northern_plains,11249,4288,39157,47.2,717,22,29,5.6,8,1185
Delhi,beetroot,vegetables_root,49.7,very_low,kharif,northern_plains,9929,2986,76553,11.7,540,17,27,6.3,7,589
Delhi,onion_vegetable,vegetables_root,47.7,very_low,kharif,northern_plains,16510,3064,80707,20.3,434,12,34,5.8,7.1,494
Delhi,garlic_vegetable,vegetables_root,47.8,very_low,kharif,northern_plains,3714,5344,83537,15.9,813,21,38,5.6,7.5,950
Delhi,ginger_vegetable,vegetables_root,42.7,very_low,kharif,northern_plains,8822,2986,36143,28.5,1175,17,42,5.6,8.1,789
Delhi,turmeric_vegetable,vegetables_root,52.3,very_low,kharif,northern_plains,7956,6765,108678,21.9,1268,20,33,6.5,7,644
Delhi,yam,vegetables_root,44.6,very_low,kharif,northern_plains,3114,5396,164706,13.3,394,10,28,6.3,8.4,1111
Delhi,taro,vegetables_root,45.5,very_low,kharif,northern_plains,20319,6687,12524,14.7,1420,21,41,6,7.6,886
Delhi,cassava,vegetables_root,47.1,very_low,kharif,northern_plains,6193,2105,74095,28.4,968,11,43,6.2,7.2,371
Delhi,tomato,vegetables_fruit,79.6,medium,kharif,northern_plains,33858,6879,287577,33.4,898,13,31,6.4,7.5,1005
Delhi,brinjal_eggplant,vegetables_fruit,52.9,very_low,kharif,northern_plains,7611,6244,39719,30.6,410,14,39,6.1,7.2,1189
Delhi,okra_ladyfinger,vegetables_fruit,54.1,very_low,kharif,northern_plains,12691,2870,65377,40.2,647,18,34,6.3,7.7,810
Delhi,bottle_gourd,vegetables_fruit,52.7,very_low,kharif,northern_plains,12759,4229,24520,7.5,1438,12,30,6.1,8.2,1049
Delhi,bitter_gourd,vegetables_fruit,52.4,very_low,kharif,northern_plains,1925,3798,216083,26,1332,10,35,6.4,7.4,1136
Delhi,ridge_gourd,vegetables_fruit,40.1,very_low,kharif,northern_plains,5581,1744,20986,18.4,825,15,43,6.4,8.1,893
Delhi,snake_gourd,vegetables_fruit,43.1,very_low,kharif,northern_plains,3428,4169,81481,36,1285,14,25,5.5,8.3,737
Delhi,ash_gourd,vegetables_fruit,43.7,very_low,kharif,northern_plains,5679,1959,35578,28.2,497,12,25,6.1,7.3,1090
Delhi,pumpkin,vegetables_fruit,49.1,very_low,kharif,northern_plains,10767,2507,163862,48.5,617,21,27,6.3,7.4,560
Delhi,cucumber,vegetables_fruit,47.6,very_low,zaid,northern_plains,2260,5151,30671,25,500,22,31,6.4,7.5,461
Delhi,watermelon,vegetables_fruit,48.6,very_low,zaid,northern_plains,13141,3114,54161,15.7,1406,20,40,5.7,8,986
Delhi,muskmelon,vegetables_fruit,45.1,very_low,zaid,northern_plains,9208,5278,60628,13.2,541,19,37,6.1,8.2,1033
Delhi,capsicum,vegetables_fruit,44.1,very_low,kharif,northern_plains,2750,2969,99726,11.2,1342,13,31,5.6,7.2,385
Delhi,chilli_vegetable,vegetables_fruit,45.1,very_low,kharif,northern_plains,4274,7528,96134,44.8,393,12,41,6.1,8.4,432
Delhi,drumstick,vegetables_fruit,40.4,very_low,kharif,northern_plains,19884,6650,67290,5.1,827,24,43,5.6,7.3,580
Delhi,green_peas,vegetables_legume,52.5,very_low,kharif,northern_plains,5117,4731,106489,23.6,896,14,35,6.2,7.1,1170
Delhi,french_bean,vegetables_legume,42.5,very_low,kharif,northern_plains,8188,1286,75558,44.1,1371,14,36,6.3,7.4,775
Delhi,cluster_bean_vegetable,vegetables_legume,45.5,very_low,kharif,northern_plains,1812,3848,22752,18.6,629,16,43,6.1,8.5,831
Delhi,broad_bean,vegetables_legume,52.1,very_low,kharif,northern_plains,19788,5689,89365,30.5,451,19,35,6.3,8.4,419
Delhi,berseem,fodder,50.4,very_low,kharif,northern_plains,26643,6840,11491,16.4,392,23,39,6,8.5,475
Delhi,lucerne_alfalfa,fodder,49.6,very_low,kharif,northern_plains,7700,4397,41950,35.5,743,10,44,6,8.1,477
Delhi,oats_fodder,fodder,41.9,very_low,kharif,northern_plains,16689,4453,117073,15.6,1386,13,28,6.4,7.4,1076
Delhi,sorghum_fodder,fodder,51.6,very_low,kharif,northern_plains,4611,6312,84398,16.4,1358,20,43,5.9,7.2,1131
Delhi,maize_fodder,fodder,49,very_low,kharif,northern_plains,13016,4306,45299,32.6,1134,23,26,5.8,8.2,997
Delhi,bajra_fodder,fodder,43.2,very_low,kharif,northern_plains,5114,1440,80051,35.1,1316,16,37,6.5,8.4,363
Delhi,cowpea_fodder,fodder,40,very_low,kharif,northern_plains,15766,5902,213205,24.5,772,12,43,6.1,7.3,803
Delhi,stylo,fodder,44.9,very_low,kharif,northern_plains,2459,4914,58497,40.5,522,23,35,5.7,7.6,1131
Delhi,para_grass,fodder,47.2,very_low,kharif,northern_plains,4625,7397,94873,47.1,1325,19,38,5.7,7.9,794
Delhi,guinea_grass,fodder,45,very_low,kharif,northern_plains,18701,1037,67232,20,1449,24,36,6.1,8.4,305
Delhi,napier_grass,fodder,48.4,very_low,kharif,northern_plains,10161,3241,43766,23.8,1361,24,26,6.2,7.6,425
Delhi,tulsi,medicinal,46.1,very_low,kharif,northern_plains,10906,2941,202876,44.1,640,14,37,5.7,7.7,427
Delhi,neem,medicinal,44.6,very_low,kharif,northern_plains,11132,2975,114661,49.2,305,15,31,5.9,7.4,644
Delhi,aloe_vera,medicinal,42.1,very_low,kharif,northern_plains,11702,3408,26055,9.9,652,19,30,5.9,8.4,797
Delhi,ashwagandha,medicinal,48,very_low,kharif,northern_plains,10214,7891,37087,47.4,393,11,38,5.8,7.7,956
Delhi,brahmi,medicinal,48,very_low,kharif,northern_plains,3213,1452,76134,40.8,1478,23,34,6.4,8,772
Delhi,kalmegh,medicinal,45.6,very_low,kharif,northern_plains,14035,5299,75691,38.3,305,20,39,6,7.4,767
Delhi,giloy,medicinal,41.8,very_low,kharif,northern_plains,6706,5712,23646,12.1,990,20,26,5.5,7.2,1110
Delhi,stevia,medicinal,50.1,very_low,kharif,northern_plains,18986,7756,99951,32,981,10,25,5.6,7.8,687
Delhi,mentha_mint,medicinal,48.1,very_low,kharif,northern_plains,21432,7839,116128,20.6,600,15,31,5.9,7.1,870
Delhi,lemongrass,medicinal,48.5,very_low,kharif,northern_plains,1737,1652,83986,6.6,1142,24,36,6.2,7.7,900
Delhi,citronella,medicinal,49.8,very_low,kharif,northern_plains,18914,6243,118043,26.8,796,15,30,5.5,8,1110
Delhi,palmarosa,medicinal,54,very_low,kharif,northern_plains,2230,7150,129332,16.3,1244,17,42,5.7,8.2,940
Delhi,vetiver,medicinal,40.2,very_low,kharif,northern_plains,15277,2094,90593,18.7,1105,18,37,5.6,7.2,796
Delhi,rosemary,medicinal,42.7,very_low,kharif,northern_plains,13844,6668,23022,38.4,672,20,27,6,8.3,395
Delhi,lavender,medicinal,52.4,very_low,kharif,northern_plains,15721,7708,24498,35.4,505,12,37,5.6,7.7,872
Delhi,bamboo,timber,47.5,very_low,kharif,northern_plains,19234,7105,107338,17.4,862,15,29,6,7,845
Delhi,eucalyptus,timber,52.3,very_low,kharif,northern_plains,27663,1628,39219,11.2,925,10,43,5.6,7.6,1104
Delhi,teak,timber,54.2,very_low,kharif,northern_plains,9528,5453,63072,19.6,1161,18,34,5.6,7.1,759
Delhi,sal,timber,49.3,very_low,kharif,northern_plains,20741,6713,26268,40.7,1079,22,41,5.8,7.4,797
Delhi,sandalwood,timber,44.5,very_low,kharif,northern_plains,1333,7939,42166,40.1,1491,24,37,6,7.5,1075
Delhi,rosewood,timber,45.1,very_low,kharif,northern_plains,3654,3205,69781,12.6,611,11,41,6.2,7.7,687
Delhi,pine,timber,42.5,very_low,kharif,northern_plains,16057,1970,108305,7.1,605,22,33,6.2,7.2,915
Delhi,deodar,timber,52.3,very_low,kharif,northern_plains,11603,7328,120188,41.8,477,13,40,6.1,8,512
Delhi,button_mushroom,mushroom,46,very_low,kharif,northern_plains,1174,2427,120754,15.5,407,20,37,6.2,8,500
Delhi,oyster_mushroom,mushroom,47.5,very_low,kharif,northern_plains,3532,7908,78925,40.2,239,15,36,5.6,8.3,425
Delhi,shiitake,mushroom,49.5,very_low,kharif,northern_plains,17921,3182,48021,43.1,487,21,28,6.4,8.3,1008
Delhi,milky_mushroom,mushroom,47.4,very_low,kharif,northern_plains,1506,4196,3830,7.9,363,13,39,5.5,8.5,546
Delhi,rose,flowers,44.8,very_low,kharif,northern_plains,9069,1135,11332,9.4,1063,14,33,6.4,7.3,363
Delhi,jasmine,flowers,46.6,very_low,kharif,northern_plains,2034,3870,71195,15.9,1338,15,43,6,8.1,1064
Delhi,marigold,flowers,47.9,very_low,kharif,northern_plains,10375,3543,171614,15.9,1132,11,37,6.4,7.7,674
Delhi,chrysanthemum,flowers,48.1,very_low,kharif,northern_plains,8908,1000,98093,23.9,892,20,30,6,7.4,713
Delhi,tuberose,flowers,45.2,very_low,kharif,northern_plains,10142,5827,1931,44.4,673,19,27,6.1,8,441
Delhi,gladiolus,flowers,53.7,very_low,kharif,northern_plains,13544,2162,174178,8.1,349,20,30,6,7.8,712
Delhi,lily,flowers,41.3,very_low,kharif,northern_plains,6127,6169,171357,29.1,1118,10,25,5.7,7.5,464
Delhi,orchid,flowers,49.5,very_low,kharif,northern_plains,13165,4924,47092,45.2,1276,22,39,6.1,7.6,680
Delhi,carnation,flowers,49.7,very_low,kharif,northern_plains,11163,7570,10670,6,385,21,27,5.9,7.1,689
Delhi,gerbera,flowers,49.1,very_low,kharif,northern_plains,11820,7566,96008,43.7,1490,13,30,6,7.3,807
Delhi,anthurium,flowers,50.3,very_low,kharif,northern_plains,7672,2116,26916,38.2,412,17,36,5.7,7.4,845
Chandigarh,rice,cereals,91,high,kharif,northern_plains,213183,1945,143012,35,1201,16,32,6.1,7.8,741
Chandigarh,wheat,cereals,95.6,high,rabi,northern_plains,120470,6189,1269387,47.5,860,16,35,6.2,7,456
Chandigarh,maize,cereals,96.8,high,kharif,northern_plains,42353,7576,423416,18.1,1400,15,34,6.1,8.3,369
Chandigarh,barley,cereals,88.4,high,rabi,northern_plains,104806,2947,781532,48.5,227,12,25,6.1,7,708
Chandigarh,jowar_sorghum,cereals,67.9,low,kharif,northern_plains,12951,3645,101248,37.7,205,21,41,5.9,8.3,642
Chandigarh,bajra_pearl_millet,cereals,65.4,low,kharif,northern_plains,2346,1583,175119,49.6,430,23,43,5.9,7.7,752
Chandigarh,ragi_finger_millet,cereals,51.6,very_low,kharif,northern_plains,4183,2194,87677,8.2,1172,16,39,6.4,7.5,504
Chandigarh,foxtail_millet,cereals,49.8,very_low,kharif,northern_plains,21930,6569,151027,21.6,1051,11,34,6.1,8.4,1127
Chandigarh,proso_millet,cereals,40.9,very_low,kharif,northern_plains,18074,4755,17530,15.5,607,19,26,6,7.2,655
Chandigarh,barnyard_millet,cereals,46.4,very_low,kharif,northern_plains,13587,1568,40991,33.9,1426,19,42,6.5,8.3,1174
Chandigarh,little_millet,cereals,51.7,very_low,kharif,northern_plains,13775,3418,221880,9.4,1445,16,25,6.3,7.7,1018
Chandigarh,kodo_millet,cereals,40.7,very_low,kharif,northern_plains,19881,1335,1389,31.7,1469,17,32,6.4,8.5,1006
Chandigarh,oats,cereals,50.8,very_low,kharif,northern_plains,3218,7476,29635,20.1,898,16,42,5.6,8,927
Chandigarh,gram_chickpea,pulses,96.4,high,rabi,northern_plains,64146,5385,1232189,12.7,405,13,29,6.3,7.8,793
Chandigarh,tur_arhar,pulses,40.2,very_low,kharif,northern_plains,24849,4105,16269,36.2,895,20,38,5.7,7.5,315
Chandigarh,moong_green_gram,pulses,54.7,very_low,kharif,northern_plains,24287,1308,104720,38.6,334,21,37,6.5,7.2,866
Chandigarh,urad_black_gram,pulses,54.2,very_low,kharif,northern_plains,8526,1834,191786,8.2,1467,14,42,6.1,8.4,683
Chandigarh,masur_lentil,pulses,52.7,very_low,kharif,northern_plains,6971,6924,14113,37.8,767,17,36,5.8,7.1,316
Chandigarh,rajma_kidney_bean,pulses,46.5,very_low,kharif,northern_plains,9789,6011,62046,32.9,928,10,41,5.6,7.6,399
Chandigarh,cowpea_lobhia,pulses,49.9,very_low,kharif,northern_plains,1328,1317,31450,35,1133,11,27,6.1,8.4,797
Chandigarh,field_pea,pulses,50.7,very_low,kharif,northern_plains,2447,7625,12585,39.2,1473,14,28,6.1,8.2,1154
Chandigarh,black_eyed_pea,pulses,50.4,very_low,kharif,northern_plains,8348,6328,105413,8.3,997,24,40,5.5,7.3,700
Chandigarh,horse_gram,pulses,50.6,very_low,kharif,northern_plains,1826,6167,141642,14.3,287,21,37,6.3,7.8,685
Chandigarh,moth_bean,pulses,54.4,very_low,kharif,northern_plains,10695,7352,203463,18.9,1360,10,29,5.7,7.5,806
Chandigarh,cluster_bean_guar,pulses,50.8,very_low,kharif,northern_plains,4684,5047,124625,25.6,1102,17,36,6.4,8.3,819
Chandigarh,groundnut_peanut,oilseeds,57.3,low,kharif,northern_plains,48824,6652,35041,45.4,1101,20,27,6.2,7.1,350
Chandigarh,mustard,oilseeds,89.2,high,rabi,northern_plains,25788,6082,1025377,13.1,1270,17,44,5.6,7.1,1060
Chandigarh,rapeseed,oilseeds,45.4,very_low,rabi,northern_plains,9890,6776,11816,29.8,759,15,31,6.4,7.4,709
Chandigarh,sesame_til,oilseeds,47.4,very_low,kharif,northern_plains,12779,5348,77989,37.3,805,13,41,6.3,7.9,769
Chandigarh,sunflower,oilseeds,73.1,medium,kharif,northern_plains,14954,3682,960428,31.8,770,21,44,5.7,7.1,716
Chandigarh,safflower,oilseeds,44.3,very_low,kharif,northern_plains,11651,4493,66418,14.5,477,15,38,5.8,7.5,682
Chandigarh,niger,oilseeds,54.9,very_low,kharif,northern_plains,3567,3044,92188,23.3,937,12,25,5.8,8,922
Chandigarh,linseed_flax,oilseeds,51.3,very_low,kharif,northern_plains,3387,1579,171541,24.6,1431,24,27,6.2,7.1,663
Chandigarh,castor,oilseeds,52.6,very_low,kharif,northern_plains,831,2682,13455,23.4,1105,19,39,5.9,7.4,351
Chandigarh,coconut,oilseeds,54.1,very_low,perennial,northern_plains,2305,1175,31460,41.8,631,19,44,6.4,7.3,623
Chandigarh,palm_oil,oilseeds,51.3,very_low,kharif,northern_plains,21242,2765,31658,27.3,450,13,37,6,7.2,438
Chandigarh,olive,oilseeds,40.3,very_low,kharif,northern_plains,12787,6551,47844,38.4,729,21,28,5.7,7.1,517
Chandigarh,walnut,oilseeds,42.2,very_low,kharif,northern_plains,6430,4613,157187,35.5,465,11,43,6.1,8.1,647
Chandigarh,almond,oilseeds,43.6,very_low,kharif,northern_plains,1795,6599,107998,39.3,940,18,37,6.3,7.3,913
Chandigarh,cotton,fiber,78.3,medium,kharif,northern_plains,62545,2905,35116,39.2,1391,17,41,6.1,8.4,757
Chandigarh,jute,fiber,43.1,very_low,kharif,northern_plains,21984,3786,184605,5.4,1239,20,32,6.3,7.2,482
Chandigarh,mesta,fiber,48,very_low,kharif,northern_plains,3833,4949,166483,38.5,1016,24,34,6.4,7.9,963
Chandigarh,flax,fiber,47,very_low,kharif,northern_plains,1575,5776,40298,30.5,1169,21,35,5.8,8.2,673
Chandigarh,hemp,fiber,54.1,very_low,kharif,northern_plains,19853,2688,77049,43.2,230,21,33,6.3,7.8,774
Chandigarh,sisal,fiber,50.5,very_low,kharif,northern_plains,18197,4155,67236,43.1,877,21,44,6.1,7.4,1079
Chandigarh,coir,fiber,44.1,very_low,kharif,northern_plains,1265,1549,104934,15.4,341,15,39,5.8,7.5,739
Chandigarh,sugarcane,sugar,85.3,high,perennial,northern_plains,221450,6595,128209,34.5,799,22,26,5.7,8.2,1064
Chandigarh,sugar_beet,sugar,47.9,very_low,kharif,northern_plains,9300,3679,3399,41.8,743,12,41,6,7.9,1040
Chandigarh,turmeric,spices,47.8,very_low,kharif,northern_plains,11771,3005,97115,5.3,828,20,43,6.3,7.4,518
Chandigarh,coriander,spices,45.3,very_low,kharif,northern_plains,8216,7588,62768,29,854,18,39,6.3,8,934
Chandigarh,cumin,spices,54.3,very_low,kharif,northern_plains,23108,1303,149848,25.5,1002,20,39,6.4,8.4,846
Chandigarh,fennel,spices,53.4,very_low,kharif,northern_plains,5329,1247,2251,31.4,878,20,41,5.7,8.3,388
Chandigarh,fenugreek,spices,53.2,very_low,kharif,northern_plains,18906,3100,20429,40,483,16,35,6.2,7.7,925
Chandigarh,ajwain,spices,52.2,very_low,kharif,northern_plains,7436,7260,106969,25.9,947,17,40,5.9,8.2,984
Chandigarh,black_pepper,spices,44.2,very_low,kharif,northern_plains,10160,2182,3088,23.1,530,13,28,6.2,8.2,341
Chandigarh,cardamom_small,spices,48.2,very_low,kharif,northern_plains,6409,3435,20610,47.7,1443,18,28,6.1,8.4,639
Chandigarh,cardamom_large,spices,42.1,very_low,kharif,northern_plains,15749,1009,163065,34.7,454,10,44,6.3,7.5,689
Chandigarh,cinnamon,spices,48.1,very_low,kharif,northern_plains,4416,2370,9643,49.4,1338,18,33,5.7,7.9,921
Chandigarh,clove,spices,50.3,very_low,kharif,northern_plains,7140,7064,9401,39,1270,14,39,5.6,8,759
Chandigarh,nutmeg,spices,52.7,very_low,kharif,northern_plains,8259,7536,142315,6.6,831,12,30,6.2,7.2,310
Chandigarh,ginger,spices,50.9,very_low,kharif,northern_plains,20627,4796,172644,32.4,703,19,39,5.8,7.6,866
Chandigarh,garlic,spices,46.8,very_low,kharif,northern_plains,20175,1306,106532,46.5,507,13,32,5.6,7.8,880
Chandigarh,onion,spices,82.3,medium,rabi,northern_plains,37392,6489,520381,8.3,214,21,27,6.1,7.1,565
Chandigarh,chilli,spices,42.4,very_low,kharif,northern_plains,16715,1947,11969,26,454,10,30,5.7,8,1074
Chandigarh,tamarind,spices,43.6,very_low,kharif,northern_plains,5696,2207,109542,16,321,18,35,6.1,8.5,591
Chandigarh,vanilla,spices,45.4,very_low,kharif,northern_plains,10585,5228,70900,21.4,755,21,37,6.2,7.4,1120
Chandigarh,saffron,spices,40.5,very_low,kharif,northern_plains,17842,7063,56170,25.7,245,21,27,5.9,8.5,1125
Chandigarh,mint,spices,45,very_low,kharif,northern_plains,3752,5793,84102,14.7,511,14,33,6.4,7,874
Chandigarh,basil,spices,52.9,very_low,kharif,northern_plains,5494,4337,178198,10.2,1483,12,27,6.3,8.2,334
Chandigarh,oregano,spices,42.5,very_low,kharif,northern_plains,8301,1085,59094,38.1,1391,12,29,5.9,8.1,892
Chandigarh,thyme,spices,44.9,very_low,kharif,northern_plains,2949,2536,2018,48.9,531,22,34,6.5,7.2,399
Chandigarh,tea,plantation,40,very_low,perennial,northern_plains,7635,7092,123650,31,832,13,26,5.9,7.1,1115
Chandigarh,coffee_arabica,plantation,52.4,very_low,perennial,northern_plains,10255,4179,83343,38.5,364,17,41,6,7,520
Chandigarh,coffee_robusta,plantation,50,very_low,perennial,northern_plains,25666,6758,218050,17.6,216,15,36,5.8,7.1,756
Chandigarh,rubber,plantation,43,very_low,perennial,northern_plains,2413,7706,172220,44.3,1226,19,26,6.2,8.1,417
Chandigarh,cocoa,plantation,49.2,very_low,kharif,northern_plains,9352,2396,115860,46.6,1224,15,44,5.9,7.4,1171
Chandigarh,cashew,plantation,51.8,very_low,kharif,northern_plains,2185,2344,3984,39.9,561,11,28,6.1,7.6,1147
Chandigarh,areca_nut,plantation,45.5,very_low,kharif,northern_plains,14699,5937,36217,38.7,311,20,34,5.7,7.7,1070
Chandigarh,betelvine,plantation,42.3,very_low,kharif,northern_plains,7213,5376,45097,17,287,10,25,6.4,7.2,565
Chandigarh,black_pepper_plantation,plantation,54.8,very_low,kharif,northern_plains,1496,4858,144793,7.4,1146,24,33,5.9,8,962
Chandigarh,mango,fruits_tropical,51.8,very_low,kharif,northern_plains,9272,7048,4289,6.8,916,17,44,5.8,7.9,756
Chandigarh,banana,fruits_tropical,48,very_low,perennial,northern_plains,12575,1048,156584,14.1,500,19,34,6.1,7.7,676
Chandigarh,papaya,fruits_tropical,47.2,very_low,kharif,northern_plains,12432,5023,29511,37.1,1344,14,31,5.9,7.3,1028
Chandigarh,pineapple,fruits_tropical,48.8,very_low,kharif,northern_plains,11104,5024,79329,27.6,957,16,33,5.7,8.4,463
Chandigarh,jackfruit,fruits_tropical,47.9,very_low,kharif,northern_plains,11664,4889,76540,30.3,1246,18,33,6,7,633
Chandigarh,guava,fruits_tropical,54.3,very_low,kharif,northern_plains,21633,2401,92503,6.6,1080,21,39,5.6,7.4,890
Chandigarh,coconut_fruit,fruits_tropical,51.4,very_low,kharif,northern_plains,6382,3458,719,30.9,1069,14,38,5.7,8.1,711
Chandigarh,passion_fruit,fruits_tropical,53.1,very_low,kharif,northern_plains,4028,6754,130041,8.8,262,12,41,5.8,7.8,842
Chandigarh,dragon_fruit,fruits_tropical,51.2,very_low,kharif,northern_plains,13850,3910,41908,32.3,914,14,33,6.2,7.9,733
Chandigarh,rambutan,fruits_tropical,44.1,very_low,kharif,northern_plains,14749,4207,44753,12.9,641,23,40,6.4,8.3,712
Chandigarh,sapota,fruits_tropical,48,very_low,kharif,northern_plains,9691,3953,17389,9.3,1104,17,25,6.3,7.9,334
Chandigarh,custard_apple,fruits_tropical,44.6,very_low,kharif,northern_plains,1673,6153,98870,40.2,1311,21,26,6,7.5,757
Chandigarh,wood_apple,fruits_tropical,54.5,very_low,kharif,northern_plains,10826,7935,98907,40.9,805,12,37,6.1,7.5,855
Chandigarh,apple,fruits_temperate,41.7,very_low,kharif,northern_plains,20361,4304,138776,33.6,203,11,40,5.5,8.4,1104
Chandigarh,pear,fruits_temperate,45.4,very_low,kharif,northern_plains,9996,5282,11691,14.7,1027,22,28,6.2,8.3,406
Chandigarh,peach,fruits_temperate,46.6,very_low,kharif,northern_plains,10181,2886,161187,23,1118,11,36,5.9,8.5,832
Chandigarh,plum,fruits_temperate,50.2,very_low,kharif,northern_plains,12520,1359,7269,8.4,1331,20,44,5.6,8,779
Chandigarh,apricot,fruits_temperate,49.6,very_low,kharif,northern_plains,13747,7349,95293,45.3,1216,22,38,6,7.1,1051
Chandigarh,cherry,fruits_temperate,43.6,very_low,kharif,northern_plains,5622,5427,56864,35.1,1049,22,40,6.3,7.7,356
Chandigarh,strawberry,fruits_temperate,49.6,very_low,kharif,northern_plains,12228,6051,87062,17.9,1022,17,30,6.3,7.8,471
Chandigarh,kiwi,fruits_temperate,44.6,very_low,kharif,northern_plains,4642,2317,43268,36.2,1447,13,30,5.5,7.3,676
Chandigarh,grape,fruits_temperate,46.9,very_low,kharif,northern_plains,2434,4941,50262,24.2,1363,18,32,5.8,7.6,1075
Chandigarh,pomegranate,fruits_temperate,54.5,very_low,kharif,northern_plains,3805,7401,20422,18.4,465,18,33,5.8,8.2,897
Chandigarh,fig,fruits_temperate,54.9,very_low,kharif,northern_plains,13752,3117,1335,11.8,861,22,26,6.3,8.1,331
Chandigarh,persimmon,fruits_temperate,41.6,very_low,kharif,northern_plains,7853,4927,33124,9,710,20,26,6.4,7.1,847
Chandigarh,orange,fruits_citrus,42.8,very_low,kharif,northern_plains,4276,5668,11563,26.4,727,16,43,5.8,8.5,784
Chandigarh,lime,fruits_citrus,52.6,very_low,kharif,northern_plains,1594,1590,78052,46.8,292,20,36,6.2,7.3,363
Chandigarh,lemon,fruits_citrus,41.1,very_low,kharif,northern_plains,3308,1884,31733,29,1434,23,30,5.6,8.5,728
Chandigarh,grapefruit,fruits_citrus,54.7,very_low,kharif,northern_plains,18418,4130,103348,29.1,485,21,26,5.9,8.3,752
Chandigarh,mandarin,fruits_citrus,41.2,very_low,kharif,northern_plains,1677,2943,18832,37,1057,12,33,5.8,7.5,818
Chandigarh,sweet_lime,fruits_citrus,53.5,very_low,kharif,northern_plains,11706,3752,115939,26.3,280,18,36,6,7.6,1145
Chandigarh,kinnow,fruits_citrus,49,very_low,kharif,northern_plains,25122,6670,198610,39.2,421,13,28,5.8,7.5,1030
Chandigarh,spinach,vegetables_leafy,45.4,very_low,kharif,northern_plains,22207,1801,296,45,509,12,30,5.7,8.2,871
Chandigarh,fenugreek_leaves,vegetables_leafy,42.5,very_low,kharif,northern_plains,4681,2382,103320,34.9,650,21,41,6.4,7.9,498
Chandigarh,amaranth,vegetables_leafy,51.2,very_low,kharif,northern_plains,2302,6829,88593,8,605,19,43,6.1,8.2,1130
Chandigarh,cabbage,vegetables_leafy,77.8,medium,kharif,northern_plains,87771,5699,545961,33,920,19,35,5.7,8,645
Chandigarh,cauliflower,vegetables_leafy,71.9,medium,kharif,northern_plains,26457,4784,805691,34.1,409,12,27,5.6,7.4,771
Chandigarh,lettuce,vegetables_leafy,42.6,very_low,kharif,northern_plains,20646,5084,160457,24.6,810,23,39,6.1,8.4,896
Chandigarh,kale,vegetables_leafy,46,very_low,kharif,northern_plains,4344,7473,4015,13.3,1251,15,28,6.3,7.8,793
Chandigarh,mustard_leaves,vegetables_leafy,44.4,very_low,kharif,northern_plains,20287,6251,115240,20.8,1311,18,42,5.8,8,1141
Chandigarh,curry_leaves,vegetables_leafy,45.6,very_low,kharif,northern_plains,11567,4063,187315,16.7,1117,14,36,6.3,7,379
Chandigarh,coriander_leaves,vegetables_leafy,54,very_low,kharif,northern_plains,23112,4072,150890,49.9,762,22,26,6,7.5,770
Chandigarh,potato,vegetables_root,86.5,high,rabi,northern_plains,17594,4171,726227,19.8,1432,11,41,5.9,7.3,545
Chandigarh,sweet_potato,vegetables_root,53.5,very_low,kharif,northern_plains,678,2031,143180,19.3,1394,21,42,5.7,7.2,1138
Chandigarh,carrot,vegetables_root,46.1,very_low,kharif,northern_plains,12595,3782,128251,48.2,632,13,26,5.7,7.2,326
Chandigarh,radish,vegetables_root,40.7,very_low,kharif,northern_plains,14347,7882,25312,36.4,920,17,39,5.7,7.5,646
Chandigarh,turnip,vegetables_root,42.7,very_low,kharif,northern_plains,2750,3227,17892,6.6,661,19,28,6.5,7.4,320
Chandigarh,beetroot,vegetables_root,40.4,very_low,kharif,northern_plains,15706,7318,17167,21.9,1356,21,29,6.4,8,537
Chandigarh,onion_vegetable,vegetables_root,40.7,very_low,kharif,northern_plains,14282,2880,27094,8.4,1294,10,37,6.3,8.2,888
Chandigarh,garlic_vegetable,vegetables_root,49.8,very_low,kharif,northern_plains,8231,1961,83527,8.2,808,20,33,6,8.3,881
Chandigarh,ginger_vegetable,vegetables_root,41.9,very_low,kharif,northern_plains,7737,2447,108199,22.4,1197,18,27,5.9,7.4,434
Chandigarh,turmeric_vegetable,vegetables_root,52,very_low,kharif,northern_plains,10843,7174,76407,16.6,1227,16,36,6.4,7.7,601
Chandigarh,yam,vegetables_root,50.9,very_low,kharif,northern_plains,11587,7408,58782,11.9,787,16,30,5.7,7.4,799
Chandigarh,taro,vegetables_root,50.3,very_low,kharif,northern_plains,6616,2428,27967,47.3,696,23,42,5.5,7.4,572
Chandigarh,cassava,vegetables_root,44.2,very_low,kharif,northern_plains,9333,6307,39769,18.4,978,12,34,5.8,7.3,1016
Chandigarh,tomato,vegetables_fruit,80.6,medium,kharif,northern_plains,41044,2079,42388,31.3,672,13,27,6.2,7.4,1116
Chandigarh,brinjal_eggplant,vegetables_fruit,42.9,very_low,kharif,northern_plains,12692,5007,13030,29.7,600,21,26,6.4,7.7,960
Chandigarh,okra_ladyfinger,vegetables_fruit,50.6,very_low,kharif,northern_plains,11954,2628,20790,28.4,1479,14,44,5.9,8.3,776
Chandigarh,bottle_gourd,vegetables_fruit,43.1,very_low,kharif,northern_plains,2242,5779,183477,42.4,1051,13,35,6.1,8.3,443
Chandigarh,bitter_gourd,vegetables_fruit,47,very_low,kharif,northern_plains,7222,2281,29114,39.6,821,17,42,5.7,7.5,577
Chandigarh,ridge_gourd,vegetables_fruit,49.9,very_low,kharif,northern_plains,10132,5675,82372,41.7,733,23,27,5.6,8,650
Chandigarh,snake_gourd,vegetables_fruit,46.8,very_low,kharif,northern_plains,5319,1307,84121,45.3,785,18,29,6,7.7,511
Chandigarh,ash_gourd,vegetables_fruit,42.5,very_low,kharif,northern_plains,824,2165,99539,34.2,606,18,41,6.3,8,411
Chandigarh,pumpkin,vegetables_fruit,42.4,very_low,kharif,northern_plains,10671,2806,58913,42.1,1359,22,27,6.4,8,856
Chandigarh,cucumber,vegetables_fruit,43.7,very_low,zaid,northern_plains,776,1575,35358,36.2,1009,24,31,5.8,8,456
Chandigarh,watermelon,vegetables_fruit,47,very_low,zaid,northern_plains,6145,6487,16885,18.8,371,19,36,6.3,8.5,1185
Chandigarh,muskmelon,vegetables_fruit,41.6,very_low,zaid,northern_plains,16676,5612,151165,24.9,755,10,25,6.2,7.7,894
Chandigarh,capsicum,vegetables_fruit,43.6,very_low,kharif,northern_plains,24640,5636,60783,14.7,1013,24,36,6.3,7.8,907
Chandigarh,chilli_vegetable,vegetables_fruit,48.5,very_low,kharif,northern_plains,15955,3773,155560,43.9,1142,21,33,6.3,8.4,1015
Chandigarh,drumstick,vegetables_fruit,42,very_low,kharif,northern_plains,12092,5260,204041,21.2,653,13,27,5.7,7.8,1118
Chandigarh,green_peas,vegetables_legume,52.1,very_low,kharif,northern_plains,7726,6928,58974,46,1380,15,42,6.1,7.7,996
Chandigarh,french_bean,vegetables_legume,51.8,very_low,kharif,northern_plains,19107,7659,164229,8.3,1305,21,43,6.2,8.3,309
Chandigarh,cluster_bean_vegetable,vegetables_legume,54.7,very_low,kharif,northern_plains,11960,7507,383,46.1,1277,23,28,6.3,7.7,531
Chandigarh,broad_bean,vegetables_legume,51.3,very_low,kharif,northern_plains,17535,5975,21835,16.3,543,15,38,6.4,7.9,976
Chandigarh,berseem,fodder,44.8,very_low,kharif,northern_plains,10410,5907,84833,20,517,13,44,5.9,8.2,364
Chandigarh,lucerne_alfalfa,fodder,41.3,very_low,kharif,northern_plains,10975,7163,163668,39,1259,23,40,6,7.4,1008
Chandigarh,oats_fodder,fodder,44.8,very_low,kharif,northern_plains,2680,5390,29009,21.9,1121,21,31,6.3,7.1,1187
Chandigarh,sorghum_fodder,fodder,46.3,very_low,kharif,northern_plains,15251,1926,47328,21.2,751,22,41,6.1,8.5,1059
Chandigarh,maize_fodder,fodder,50.2,very_low,kharif,northern_plains,7753,2497,33857,35.9,439,11,35,5.5,7.9,1111
Chandigarh,bajra_fodder,fodder,42.9,very_low,kharif,northern_plains,16193,5927,19264,22.2,1182,19,28,5.6,8,848
Chandigarh,cowpea_fodder,fodder,40.9,very_low,kharif,northern_plains,7666,3702,42150,42.3,1451,13,30,6.2,7.8,394
Chandigarh,stylo,fodder,53.9,very_low,kharif,northern_plains,6850,4428,89047,28.6,846,18,32,5.6,8,1013
Chandigarh,para_grass,fodder,52.6,very_low,kharif,northern_plains,4286,7849,5322,40.3,363,22,38,6.2,8.5,1145
Chandigarh,guinea_grass,fodder,44.6,very_low,kharif,northern_plains,7231,2264,53480,49.1,836,24,26,5.5,7.9,962
Chandigarh,napier_grass,fodder,43.3,very_low,kharif,northern_plains,17542,6332,37368,20.1,597,20,44,5.8,7.9,1189
Chandigarh,tulsi,medicinal,42.4,very_low,kharif,northern_plains,7850,7941,20378,25.3,531,10,44,6.1,8.1,858
Chandigarh,neem,medicinal,42.2,very_low,kharif,northern_plains,8451,6458,65613,30.7,1169,13,39,5.9,8,547
Chandigarh,aloe_vera,medicinal,42.1,very_low,kharif,northern_plains,8524,2378,30840,39.6,785,13,28,5.9,7.8,653
Chandigarh,ashwagandha,medicinal,53.6,very_low,kharif,northern_plains,4111,6199,71828,21.1,1075,18,29,6.2,7.4,1005
Chandigarh,brahmi,medicinal,53,very_low,kharif,northern_plains,1244,6161,73245,9.3,630,14,39,5.9,7.9,750
Chandigarh,kalmegh,medicinal,50.9,very_low,kharif,northern_plains,11067,1945,79634,12.2,1446,24,34,5.5,7.6,1105
Chandigarh,giloy,medicinal,44.3,very_low,kharif,northern_plains,4310,6776,160134,32.7,1010,15,39,6,8.1,1171
Chandigarh,stevia,medicinal,52.3,very_low,kharif,northern_plains,19921,5249,10749,37.9,1266,12,38,6.4,7.4,826
Chandigarh,mentha_mint,medicinal,44.1,very_low,kharif,northern_plains,14906,3996,6158,47.5,847,22,32,6.3,7.2,508
Chandigarh,lemongrass,medicinal,45,very_low,kharif,northern_plains,5290,4401,10915,24.2,456,23,35,6.5,7.5,607
Chandigarh,citronella,medicinal,45.1,very_low,kharif,northern_plains,12083,2979,35513,7.1,1454,23,30,6,7.7,378
Chandigarh,palmarosa,medicinal,48,very_low,kharif,northern_plains,5394,1614,57842,7.2,1016,20,36,6,7.1,310
Chandigarh,vetiver,medicinal,45.1,very_low,kharif,northern_plains,16546,1876,140006,30.9,416,21,41,5.7,8,640
Chandigarh,rosemary,medicinal,40.9,very_low,kharif,northern_plains,22395,3225,115898,28.1,430,12,41,6.4,8.1,365
Chandigarh,lavender,medicinal,53.6,very_low,kharif,northern_plains,23036,3473,96312,44.1,564,12,41,5.7,8.4,836
Chandigarh,bamboo,timber,48.3,very_low,kharif,northern_plains,671,5994,122266,28.6,482,22,30,6,7.2,1176
Chandigarh,eucalyptus,timber,42.9,very_low,kharif,northern_plains,7049,2792,88083,43.1,1093,23,25,6.5,7.1,948
Chandigarh,teak,timber,43.1,very_low,kharif,northern_plains,23162,4858,86590,40.7,1336,21,43,6.1,8,814
Chandigarh,sal,timber,47.3,very_low,kharif,northern_plains,13062,6118,172640,21.8,734,10,35,5.6,8.1,1001
Chandigarh,sandalwood,timber,50.8,very_low,kharif,northern_plains,11280,5525,92985,38.8,1362,18,27,5.6,7.6,746
Chandigarh,rosewood,timber,43.4,very_low,kharif,northern_plains,2751,2685,111935,49.4,442,15,32,5.7,7.3,418
Chandigarh,pine,timber,53.6,very_low,kharif,northern_plains,6840,2806,108544,36.4,528,15,30,5.6,7.6,780
Chandigarh,deodar,timber,49.8,very_low,kharif,northern_plains,18032,5380,130063,46.2,1267,14,33,5.5,7.7,564
Chandigarh,button_mushroom,mushroom,41.7,very_low,kharif,northern_plains,18116,7993,106876,19.9,542,16,31,6.5,7.3,317
Chandigarh,oyster_mushroom,mushroom,41.9,very_low,kharif,northern_plains,19397,6487,71540,33,1120,14,39,6.1,7.4,347
Chandigarh,shiitake,mushroom,43.6,very_low,kharif,northern_plains,13502,4553,45213,25,387,19,42,6,7.3,1045
Chandigarh,milky_mushroom,mushroom,44.7,very_low,kharif,northern_plains,1852,6025,80751,24.1,1415,17,25,6.5,7,782
Chandigarh,rose,flowers,49.5,very_low,kharif,northern_plains,19032,6677,171847,14.6,1110,19,29,5.6,8.1,1174
Chandigarh,jasmine,flowers,51.1,very_low,kharif,northern_plains,4374,2729,117204,6.4,1068,12,33,5.8,7.2,820
Chandigarh,marigold,flowers,45.4,very_low,kharif,northern_plains,4895,5131,11445,31.3,592,13,40,6,7.6,1031
Chandigarh,chrysanthemum,flowers,53.7,very_low,kharif,northern_plains,976,4785,93312,31.5,1094,19,44,6.4,7.2,707
Chandigarh,tuberose,flowers,46.8,very_low,kharif,northern_plains,17814,3290,94065,45.3,265,23,40,5.7,7.5,579
Chandigarh,gladiolus,flowers,43.3,very_low,kharif,northern_plains,22383,2166,42471,18.1,1418,19,29,6.3,8.4,663
Chandigarh,lily,flowers,42.6,very_low,kharif,northern_plains,3643,2409,22266,44.4,311,16,25,5.8,8.1,482
Chandigarh,orchid,flowers,55,very_low,kharif,northern_plains,1591,6508,85624,47.9,1237,24,41,5.6,8.3,735
Chandigarh,carnation,flowers,46.9,very_low,kharif,northern_plains,6272,5701,63598,19.7,366,16,32,6.3,7.3,424
Chandigarh,gerbera,flowers,46.6,very_low,kharif,northern_plains,6501,1801,79377,48.3,1457,20,40,5.7,7.6,844
Chandigarh,anthurium,flowers,51.3,very_low,kharif,northern_plains,6173,2139,67602,39.7,1283,20,28,6.3,7.5,1052
Dadra and Nagar Haveli and Daman and Diu,rice,cereals,58.8,low,kharif,western_india,31238,1243,388894,28,449,12,38,5.6,7.7,786
Dadra and Nagar Haveli and Daman and Diu,wheat,cereals,73.5,medium,rabi,western_india,44147,3382,100666,14.5,812,11,43,6.3,7.5,532
Dadra and Nagar Haveli and Daman and Diu,maize,cereals,68.1,low,kharif,western_india,44367,6197,38305,41.6,901,20,29,5.5,7.5,471
Dadra and Nagar Haveli and Daman and Diu,barley,cereals,46.5,very_low,rabi,western_india,10590,1831,72276,47.3,392,15,39,6.2,7.1,363
Dadra and Nagar Haveli and Daman and Diu,jowar_sorghum,cereals,86.6,high,kharif,western_india,15168,5118,645932,35.1,1216,21,25,6.4,7.9,1106
Dadra and Nagar Haveli and Daman and Diu,bajra_pearl_millet,cereals,93,high,kharif,western_india,163052,2535,185836,9.1,1303,23,41,6.4,8.5,773
Dadra and Nagar Haveli and Daman and Diu,ragi_finger_millet,cereals,42.3,very_low,kharif,western_india,7984,3425,129077,9.1,248,20,30,5.9,7.5,853
Dadra and Nagar Haveli and Daman and Diu,foxtail_millet,cereals,42.3,very_low,kharif,western_india,22597,6852,177161,47.2,684,21,34,5.8,8.1,519
Dadra and Nagar Haveli and Daman and Diu,proso_millet,cereals,41.6,very_low,kharif,western_india,7099,3141,169855,11.1,1194,15,42,5.9,7.6,686
Dadra and Nagar Haveli and Daman and Diu,barnyard_millet,cereals,52.6,very_low,kharif,western_india,7226,2436,72065,21.9,640,20,39,6.1,7.5,849
Dadra and Nagar Haveli and Daman and Diu,little_millet,cereals,40.8,very_low,kharif,western_india,13334,3131,200454,19.6,1496,20,37,5.7,7.9,439
Dadra and Nagar Haveli and Daman and Diu,kodo_millet,cereals,51.8,very_low,kharif,western_india,4663,4337,82270,33.5,1172,13,29,5.9,7,1047
Dadra and Nagar Haveli and Daman and Diu,oats,cereals,45.5,very_low,kharif,western_india,9915,7774,58755,21,737,13,39,5.9,7,341
Dadra and Nagar Haveli and Daman and Diu,gram_chickpea,pulses,79.2,medium,rabi,western_india,17748,4866,224201,8.3,451,21,42,6.4,7.8,1155
Dadra and Nagar Haveli and Daman and Diu,tur_arhar,pulses,42.3,very_low,kharif,western_india,16667,1372,53420,47.7,1186,10,35,6.1,8.5,944
Dadra and Nagar Haveli and Daman and Diu,moong_green_gram,pulses,49.6,very_low,kharif,western_india,18714,7524,111197,37.3,1021,18,31,6.4,7.4,443
Dadra and Nagar Haveli and Daman and Diu,urad_black_gram,pulses,50.7,very_low,kharif,western_india,5656,7092,48074,7.9,219,23,33,5.7,7.9,739
Dadra and Nagar Haveli and Daman and Diu,masur_lentil,pulses,55,very_low,kharif,western_india,7730,5883,86185,21.4,677,19,35,6.3,7.2,682
Dadra and Nagar Haveli and Daman and Diu,rajma_kidney_bean,pulses,52.9,very_low,kharif,western_india,6312,6500,30964,44.8,1156,19,28,6.2,8.3,956
Dadra and Nagar Haveli and Daman and Diu,cowpea_lobhia,pulses,48.6,very_low,kharif,western_india,23735,1075,129104,40.7,1030,14,41,6.4,8,759
Dadra and Nagar Haveli and Daman and Diu,field_pea,pulses,45.5,very_low,kharif,western_india,12052,5249,20971,11.3,292,20,31,5.5,7.5,1048
Dadra and Nagar Haveli and Daman and Diu,black_eyed_pea,pulses,43.7,very_low,kharif,western_india,10094,4842,108145,25.5,275,18,32,5.7,8.3,962
Dadra and Nagar Haveli and Daman and Diu,horse_gram,pulses,44.3,very_low,kharif,western_india,20020,2718,157497,35.8,903,24,31,5.8,7.5,975
Dadra and Nagar Haveli and Daman and Diu,moth_bean,pulses,45.1,very_low,kharif,western_india,7810,2560,521,14,1264,24,38,5.8,7.7,475
Dadra and Nagar Haveli and Daman and Diu,cluster_bean_guar,pulses,53.2,very_low,kharif,western_india,2181,3568,100445,40.9,1396,11,41,5.6,7.4,318
Dadra and Nagar Haveli and Daman and Diu,groundnut_peanut,oilseeds,85.8,high,kharif,western_india,23933,7135,352743,26.6,833,24,32,5.8,8.4,833
Dadra and Nagar Haveli and Daman and Diu,mustard,oilseeds,74.3,medium,rabi,western_india,9561,4898,579944,26.4,1349,17,31,5.8,7.4,584
Dadra and Nagar Haveli and Daman and Diu,rapeseed,oilseeds,54.9,very_low,rabi,western_india,9113,2922,19916,34.1,908,11,42,6,7.5,1001
Dadra and Nagar Haveli and Daman and Diu,sesame_til,oilseeds,56.7,low,kharif,western_india,29705,6425,159362,43.5,1106,21,44,6.3,7.5,881
Dadra and Nagar Haveli and Daman and Diu,sunflower,oilseeds,68,low,kharif,western_india,38590,2205,367304,39.1,1355,20,42,5.7,8.2,1157
Dadra and Nagar Haveli and Daman and Diu,safflower,oilseeds,52.2,very_low,kharif,western_india,20681,1661,3228,48.4,1087,11,31,6.2,8.1,452
Dadra and Nagar Haveli and Daman and Diu,niger,oilseeds,47.1,very_low,kharif,western_india,25286,5357,133572,26.1,900,11,31,6,7.4,623
Dadra and Nagar Haveli and Daman and Diu,linseed_flax,oilseeds,54.6,very_low,kharif,western_india,3128,5087,22622,35.4,589,19,41,6.2,7.1,1015
Dadra and Nagar Haveli and Daman and Diu,castor,oilseeds,73.2,medium,kharif,western_india,80916,6626,504153,21.9,873,18,41,5.7,8.3,629
Dadra and Nagar Haveli and Daman and Diu,coconut,oilseeds,51.2,very_low,perennial,western_india,11897,6594,74695,32.9,1120,20,39,6.3,7.3,493
Dadra and Nagar Haveli and Daman and Diu,palm_oil,oilseeds,54.6,very_low,kharif,western_india,16102,1057,184847,38.8,1443,10,25,6,8.3,1192
Dadra and Nagar Haveli and Daman and Diu,olive,oilseeds,44.8,very_low,kharif,western_india,2183,7139,40087,43.4,777,10,37,5.9,7.7,1154
Dadra and Nagar Haveli and Daman and Diu,walnut,oilseeds,46.9,very_low,kharif,western_india,1771,4353,121813,10.1,592,21,28,5.6,7.4,1073
Dadra and Nagar Haveli and Daman and Diu,almond,oilseeds,51.4,very_low,kharif,western_india,8407,1692,6774,31.4,1112,15,35,5.8,7.5,956
Dadra and Nagar Haveli and Daman and Diu,cotton,fiber,94.3,high,kharif,western_india,145699,2883,1119841,28,848,16,43,5.7,7.9,586
Dadra and Nagar Haveli and Daman and Diu,jute,fiber,53.7,very_low,kharif,western_india,9095,3952,70858,12.1,711,11,44,5.7,8.5,676
Dadra and Nagar Haveli and Daman and Diu,mesta,fiber,41.1,very_low,kharif,western_india,6241,5303,43508,8,630,15,39,5.9,7.9,557
Dadra and Nagar Haveli and Daman and Diu,flax,fiber,50.9,very_low,kharif,western_india,10810,5490,13115,37.3,1222,21,30,6.5,7,641
Dadra and Nagar Haveli and Daman and Diu,hemp,fiber,41.6,very_low,kharif,western_india,1179,5514,9009,32.7,504,12,31,6.1,7.9,912
Dadra and Nagar Haveli and Daman and Diu,sisal,fiber,53.8,very_low,kharif,western_india,5896,2860,66039,17.8,925,22,36,6.3,7.9,1083
Dadra and Nagar Haveli and Daman and Diu,coir,fiber,54,very_low,kharif,western_india,15978,4281,113771,6.7,1456,23,42,5.8,7.4,662
Dadra and Nagar Haveli and Daman and Diu,sugarcane,sugar,96.4,high,perennial,western_india,82681,4792,1061267,34.3,478,11,25,5.9,8.4,916
Dadra and Nagar Haveli and Daman and Diu,sugar_beet,sugar,51.2,very_low,kharif,western_india,12365,4320,83320,13.2,1196,23,41,5.5,7.4,832
Dadra and Nagar Haveli and Daman and Diu,turmeric,spices,44.9,very_low,kharif,western_india,7060,4650,73880,50,1042,14,44,6.1,8,621
Dadra and Nagar Haveli and Daman and Diu,coriander,spices,76.8,medium,kharif,western_india,102402,6667,80308,19.1,272,17,30,5.6,8.2,382
Dadra and Nagar Haveli and Daman and Diu,cumin,spices,74.1,medium,kharif,western_india,69212,6719,445157,41.7,899,11,34,6.1,7.9,1135
Dadra and Nagar Haveli and Daman and Diu,fennel,spices,72.8,medium,kharif,western_india,92367,7229,515053,14.6,1262,23,27,5.7,8.3,735
Dadra and Nagar Haveli and Daman and Diu,fenugreek,spices,42.5,very_low,kharif,western_india,10621,7775,40989,21.3,415,10,30,6.3,7.4,926
Dadra and Nagar Haveli and Daman and Diu,ajwain,spices,47.9,very_low,kharif,western_india,15983,5324,26252,14.9,906,22,28,5.6,7.8,469
Dadra and Nagar Haveli and Daman and Diu,black_pepper,spices,54.9,very_low,kharif,western_india,4583,2137,54993,33.4,1249,18,28,5.6,8.1,695
Dadra and Nagar Haveli and Daman and Diu,cardamom_small,spices,43.3,very_low,kharif,western_india,2368,2985,95304,32.9,1483,17,35,5.7,7.9,847
Dadra and Nagar Haveli and Daman and Diu,cardamom_large,spices,43.1,very_low,kharif,western_india,4410,2204,47397,28.7,990,19,38,5.7,8.1,772
Dadra and Nagar Haveli and Daman and Diu,cinnamon,spices,46.6,very_low,kharif,western_india,11622,4679,4494,41.1,751,17,32,6.1,7.1,645
Dadra and Nagar Haveli and Daman and Diu,clove,spices,50,very_low,kharif,western_india,24473,7739,179929,33.5,750,11,30,5.8,7.6,848
Dadra and Nagar Haveli and Daman and Diu,nutmeg,spices,49.3,very_low,kharif,western_india,5387,1395,151182,47.3,437,19,30,5.7,8,1007
Dadra and Nagar Haveli and Daman and Diu,ginger,spices,46.1,very_low,kharif,western_india,4556,4725,79910,34.6,1123,13,39,6,8.2,494
Dadra and Nagar Haveli and Daman and Diu,garlic,spices,47.7,very_low,kharif,western_india,4158,6825,78120,37.8,289,20,34,6,7.6,1066
Dadra and Nagar Haveli and Daman and Diu,onion,spices,87.3,high,rabi,western_india,252807,2177,2176059,49.6,1007,14,33,5.7,7.2,933
Dadra and Nagar Haveli and Daman and Diu,chilli,spices,48.7,very_low,kharif,western_india,5430,2644,168427,33.3,1265,15,41,6.2,7.5,945
Dadra and Nagar Haveli and Daman and Diu,tamarind,spices,53.9,very_low,kharif,western_india,7881,7766,93826,32.9,290,16,38,5.9,8.5,978
Dadra and Nagar Haveli and Daman and Diu,vanilla,spices,42.8,very_low,kharif,western_india,7727,5156,70873,15.7,1141,11,35,5.8,8.4,573
Dadra and Nagar Haveli and Daman and Diu,saffron,spices,45.1,very_low,kharif,western_india,3312,3272,134478,6.4,604,10,28,6.1,7.7,440
Dadra and Nagar Haveli and Daman and Diu,mint,spices,41.2,very_low,kharif,western_india,1051,1672,7784,7.5,1106,24,42,5.8,7.3,343
Dadra and Nagar Haveli and Daman and Diu,basil,spices,42.3,very_low,kharif,western_india,21315,7013,88074,24.1,392,16,36,6.1,7.8,1041
Dadra and Nagar Haveli and Daman and Diu,oregano,spices,47.7,very_low,kharif,western_india,6084,2261,412,19.5,1023,18,35,6.3,7.3,910
Dadra and Nagar Haveli and Daman and Diu,thyme,spices,49.1,very_low,kharif,western_india,3798,4938,126884,8.4,1438,16,39,6.3,7.2,340
Dadra and Nagar Haveli and Daman and Diu,tea,plantation,41.9,very_low,perennial,western_india,16095,1299,123774,30.3,333,12,38,6.1,7.3,1113
Dadra and Nagar Haveli and Daman and Diu,coffee_arabica,plantation,42,very_low,perennial,western_india,10783,7093,3782,11.1,421,10,37,5.7,7.9,1004
Dadra and Nagar Haveli and Daman and Diu,coffee_robusta,plantation,46.1,very_low,perennial,western_india,19796,2843,3446,9.6,1270,16,41,6,7.3,941
Dadra and Nagar Haveli and Daman and Diu,rubber,plantation,48.4,very_low,perennial,western_india,1649,1716,25830,35.3,1146,19,31,5.9,8.1,893
Dadra and Nagar Haveli and Daman and Diu,cocoa,plantation,51.6,very_low,kharif,western_india,214,2865,41350,48.2,483,22,37,5.7,7.6,759
Dadra and Nagar Haveli and Daman and Diu,cashew,plantation,45.2,very_low,kharif,western_india,3780,5096,79992,26.1,1424,20,42,6,7,832
Dadra and Nagar Haveli and Daman and Diu,areca_nut,plantation,52.3,very_low,kharif,western_india,11862,7824,60854,41.1,856,16,27,6.2,8.2,687
Dadra and Nagar Haveli and Daman and Diu,betelvine,plantation,51.5,very_low,kharif,western_india,5729,7466,120592,44.5,565,23,32,5.5,7.1,380
Dadra and Nagar Haveli and Daman and Diu,black_pepper_plantation,plantation,43.1,very_low,kharif,western_india,924,7267,91008,39.3,822,16,33,5.8,7.9,353
Dadra and Nagar Haveli and Daman and Diu,mango,fruits_tropical,49.9,very_low,kharif,western_india,16593,7809,142226,37.4,762,13,38,5.7,7,815
Dadra and Nagar Haveli and Daman and Diu,banana,fruits_tropical,45.9,very_low,perennial,western_india,17869,5530,173523,20.1,1445,13,42,6.4,7.1,868
Dadra and Nagar Haveli and Daman and Diu,papaya,fruits_tropical,51.2,very_low,kharif,western_india,7526,4932,179903,11.7,1308,16,37,5.5,7.3,730
Dadra and Nagar Haveli and Daman and Diu,pineapple,fruits_tropical,44.3,very_low,kharif,western_india,23237,7054,108926,26.3,1246,15,34,6,7.9,884
Dadra and Nagar Haveli and Daman and Diu,jackfruit,fruits_tropical,50.2,very_low,kharif,western_india,5705,7441,124901,5.2,866,14,37,6,7,954
Dadra and Nagar Haveli and Daman and Diu,guava,fruits_tropical,44.1,very_low,kharif,western_india,632,6798,70472,26.8,1078,15,36,5.7,7.1,805
Dadra and Nagar Haveli and Daman and Diu,coconut_fruit,fruits_tropical,43.3,very_low,kharif,western_india,11433,2752,121771,10.2,1189,16,41,5.6,7.6,462
Dadra and Nagar Haveli and Daman and Diu,passion_fruit,fruits_tropical,40.9,very_low,kharif,western_india,21230,3279,57536,14.2,255,11,27,6.2,7.9,811
Dadra and Nagar Haveli and Daman and Diu,dragon_fruit,fruits_tropical,51,very_low,kharif,western_india,5243,1886,70697,47,1322,18,37,6.5,7.8,1083
Dadra and Nagar Haveli and Daman and Diu,rambutan,fruits_tropical,47.5,very_low,kharif,western_india,10248,1783,61760,15.7,1371,13,27,5.9,7.7,1037
Dadra and Nagar Haveli and Daman and Diu,sapota,fruits_tropical,51.4,very_low,kharif,western_india,6478,5036,73170,43.8,814,23,29,6.4,7.5,1010
Dadra and Nagar Haveli and Daman and Diu,custard_apple,fruits_tropical,48.5,very_low,kharif,western_india,6573,5910,186889,40,935,20,28,5.7,7.4,1045
Dadra and Nagar Haveli and Daman and Diu,wood_apple,fruits_tropical,42.5,very_low,kharif,western_india,14719,6286,93756,25.5,1113,18,26,6.1,7.7,402
Dadra and Nagar Haveli and Daman and Diu,apple,fruits_temperate,45.2,very_low,kharif,western_india,22474,7397,160107,33.5,381,11,29,5.8,7.9,1089
Dadra and Nagar Haveli and Daman and Diu,pear,fruits_temperate,53.4,very_low,kharif,western_india,13672,2710,177452,35.2,893,11,41,5.8,8.4,451
Dadra and Nagar Haveli and Daman and Diu,peach,fruits_temperate,40.7,very_low,kharif,western_india,1636,1432,106796,16.6,1030,18,27,5.9,7.1,679
Dadra and Nagar Haveli and Daman and Diu,plum,fruits_temperate,42.7,very_low,kharif,western_india,3861,1023,72327,12.1,1013,22,43,6.1,8.2,709
Dadra and Nagar Haveli and Daman and Diu,apricot,fruits_temperate,47.4,very_low,kharif,western_india,14098,5689,131582,32.8,1347,20,43,6.3,8.1,1074
Dadra and Nagar Haveli and Daman and Diu,cherry,fruits_temperate,49.8,very_low,kharif,western_india,1252,3210,88575,6,395,11,25,6.3,7.4,956
Dadra and Nagar Haveli and Daman and Diu,strawberry,fruits_temperate,42.1,very_low,kharif,western_india,2277,1017,89242,26.6,741,11,36,6.3,7.1,672
Dadra and Nagar Haveli and Daman and Diu,kiwi,fruits_temperate,44.7,very_low,kharif,western_india,7516,7609,184533,9.5,824,19,36,6.2,7.6,1114
Dadra and Nagar Haveli and Daman and Diu,grape,fruits_temperate,44.1,very_low,kharif,western_india,11622,5563,62701,41.8,747,15,43,5.9,7.1,577
Dadra and Nagar Haveli and Daman and Diu,pomegranate,fruits_temperate,53.1,very_low,kharif,western_india,8561,2864,71022,28.2,1027,13,28,5.6,8.2,939
Dadra and Nagar Haveli and Daman and Diu,fig,fruits_temperate,44.4,very_low,kharif,western_india,22336,1964,152738,18.2,807,16,37,5.8,7.1,905
Dadra and Nagar Haveli and Daman and Diu,persimmon,fruits_temperate,54.4,very_low,kharif,western_india,12711,2145,116907,32.5,1004,23,39,6.3,7.5,543
Dadra and Nagar Haveli and Daman and Diu,orange,fruits_citrus,43.1,very_low,kharif,western_india,17938,3394,29081,43.1,699,12,27,6.4,7.2,623
Dadra and Nagar Haveli and Daman and Diu,lime,fruits_citrus,49.5,very_low,kharif,western_india,8766,6618,145181,26,692,16,32,6,7.5,716
Dadra and Nagar Haveli and Daman and Diu,lemon,fruits_citrus,54.2,very_low,kharif,western_india,10304,4408,92173,26.3,408,23,38,6,8.2,1178
Dadra and Nagar Haveli and Daman and Diu,grapefruit,fruits_citrus,46.1,very_low,kharif,western_india,12899,4182,11862,20.9,1251,20,42,5.6,7.4,493
Dadra and Nagar Haveli and Daman and Diu,mandarin,fruits_citrus,54.6,very_low,kharif,western_india,8053,5430,66289,36.1,829,11,39,5.8,7.1,452
Dadra and Nagar Haveli and Daman and Diu,sweet_lime,fruits_citrus,44.3,very_low,kharif,western_india,16088,4755,70511,13.6,1447,23,41,5.8,7.8,649
Dadra and Nagar Haveli and Daman and Diu,kinnow,fruits_citrus,46,very_low,kharif,western_india,1700,7728,55892,5.3,1251,11,39,6.1,7.1,777
Dadra and Nagar Haveli and Daman and Diu,spinach,vegetables_leafy,40.7,very_low,kharif,western_india,684,2788,72424,21.3,1031,11,43,6,7,783
Dadra and Nagar Haveli and Daman and Diu,fenugreek_leaves,vegetables_leafy,42.8,very_low,kharif,western_india,8410,2584,23932,29.3,506,11,33,5.6,8.4,706
Dadra and Nagar Haveli and Daman and Diu,amaranth,vegetables_leafy,40.2,very_low,kharif,western_india,13887,4474,41704,19.2,742,13,39,6,8.1,528
Dadra and Nagar Haveli and Daman and Diu,cabbage,vegetables_leafy,40,very_low,kharif,western_india,15159,1558,24602,24.6,1103,15,41,5.8,7.1,307
Dadra and Nagar Haveli and Daman and Diu,cauliflower,vegetables_leafy,52.9,very_low,kharif,western_india,4200,1434,217209,9.5,496,22,44,6,7.3,1062
Dadra and Nagar Haveli and Daman and Diu,lettuce,vegetables_leafy,45.9,very_low,kharif,western_india,7657,6990,28922,24.1,777,22,38,6.3,8,833
Dadra and Nagar Haveli and Daman and Diu,kale,vegetables_leafy,42,very_low,kharif,western_india,16294,5908,166144,19,768,18,31,5.8,8.2,978
Dadra and Nagar Haveli and Daman and Diu,mustard_leaves,vegetables_leafy,52.5,very_low,kharif,western_india,7625,3289,101170,42.6,650,21,31,5.8,8.1,910
Dadra and Nagar Haveli and Daman and Diu,curry_leaves,vegetables_leafy,43.1,very_low,kharif,western_india,20881,6581,100007,19.8,1304,18,43,5.8,8.5,641
Dadra and Nagar Haveli and Daman and Diu,coriander_leaves,vegetables_leafy,45.8,very_low,kharif,western_india,14264,1277,56033,21.4,407,20,42,5.7,7.7,820
Dadra and Nagar Haveli and Daman and Diu,potato,vegetables_root,45.9,very_low,rabi,western_india,13274,7879,67343,8.3,947,22,32,5.7,8.1,543
Dadra and Nagar Haveli and Daman and Diu,sweet_potato,vegetables_root,51.5,very_low,kharif,western_india,8564,7213,25078,41.9,545,19,29,5.6,8,835
Dadra and Nagar Haveli and Daman and Diu,carrot,vegetables_root,46,very_low,kharif,western_india,5157,2040,30936,31.4,1421,17,28,6.4,7,878
Dadra and Nagar Haveli and Daman and Diu,radish,vegetables_root,43.9,very_low,kharif,western_india,8498,4001,155066,45.4,437,14,25,6.4,8.4,551
Dadra and Nagar Haveli and Daman and Diu,turnip,vegetables_root,45.8,very_low,kharif,western_india,7722,3750,70828,11.9,274,20,41,6.3,7.9,1171
Dadra and Nagar Haveli and Daman and Diu,beetroot,vegetables_root,40,very_low,kharif,western_india,5194,3447,104932,20.8,885,19,41,6.1,7.6,925
Dadra and Nagar Haveli and Daman and Diu,onion_vegetable,vegetables_root,47.7,very_low,kharif,western_india,7030,1011,58685,18.6,330,12,44,5.8,7.8,794
Dadra and Nagar Haveli and Daman and Diu,garlic_vegetable,vegetables_root,48.4,very_low,kharif,western_india,8469,6112,85577,13.3,919,22,27,6.3,7.4,552
Dadra and Nagar Haveli and Daman and Diu,ginger_vegetable,vegetables_root,54.2,very_low,kharif,western_india,9577,4080,10327,47.8,477,14,32,6,7.2,866
Dadra and Nagar Haveli and Daman and Diu,turmeric_vegetable,vegetables_root,47.7,very_low,kharif,western_india,11173,4598,108038,43.5,1474,11,33,6,7.4,1129
Dadra and Nagar Haveli and Daman and Diu,yam,vegetables_root,41.3,very_low,kharif,western_india,3590,5774,104789,44.3,731,21,35,6.3,7.1,717
Dadra and Nagar Haveli and Daman and Diu,taro,vegetables_root,42.3,very_low,kharif,western_india,4158,1056,191924,26.8,1480,16,36,6.2,7.4,419
Dadra and Nagar Haveli and Daman and Diu,cassava,vegetables_root,49.9,very_low,kharif,western_india,16747,1315,88186,13.4,1002,21,30,6,7.6,979
Dadra and Nagar Haveli and Daman and Diu,tomato,vegetables_fruit,49,very_low,kharif,western_india,12128,7386,57526,40,225,13,40,5.6,7.1,854
Dadra and Nagar Haveli and Daman and Diu,brinjal_eggplant,vegetables_fruit,40.5,very_low,kharif,western_india,1218,4739,74031,13.2,809,10,30,5.7,7.2,502
Dadra and Nagar Haveli and Daman and Diu,okra_ladyfinger,vegetables_fruit,52.1,very_low,kharif,western_india,20557,1505,145816,38,344,14,33,5.8,7.8,417
Dadra and Nagar Haveli and Daman and Diu,bottle_gourd,vegetables_fruit,46.7,very_low,kharif,western_india,11502,2473,158325,22.7,752,15,30,6.1,7.3,992
Dadra and Nagar Haveli and Daman and Diu,bitter_gourd,vegetables_fruit,47.2,very_low,kharif,western_india,25997,3680,35392,27.7,551,16,32,6,7.7,864
Dadra and Nagar Haveli and Daman and Diu,ridge_gourd,vegetables_fruit,40.1,very_low,kharif,western_india,2701,5973,100759,37.7,1467,11,34,6.4,7.5,1022
Dadra and Nagar Haveli and Daman and Diu,snake_gourd,vegetables_fruit,48.4,very_low,kharif,western_india,11157,3920,38998,12.2,1319,16,37,6.3,7.7,1158
Dadra and Nagar Haveli and Daman and Diu,ash_gourd,vegetables_fruit,54.1,very_low,kharif,western_india,23490,1018,1980,8,1426,19,43,5.6,7,788
Dadra and Nagar Haveli and Daman and Diu,pumpkin,vegetables_fruit,42.6,very_low,kharif,western_india,11591,6393,112494,28.8,1086,15,43,5.9,7.6,936
Dadra and Nagar Haveli and Daman and Diu,cucumber,vegetables_fruit,49.5,very_low,zaid,western_india,25479,2992,24572,9.8,670,17,37,6.4,8.5,667
Dadra and Nagar Haveli and Daman and Diu,watermelon,vegetables_fruit,48.2,very_low,zaid,western_india,12393,1632,20455,45,1078,20,41,5.6,7.6,522
Dadra and Nagar Haveli and Daman and Diu,muskmelon,vegetables_fruit,49.9,very_low,zaid,western_india,9940,3715,50343,41.8,652,13,42,6.2,7.6,748
Dadra and Nagar Haveli and Daman and Diu,capsicum,vegetables_fruit,45.2,very_low,kharif,western_india,3097,7219,93281,22.3,943,12,26,6,7.1,894
Dadra and Nagar Haveli and Daman and Diu,chilli_vegetable,vegetables_fruit,52,very_low,kharif,western_india,22967,7818,5573,30.1,414,13,39,5.8,7.3,634
Dadra and Nagar Haveli and Daman and Diu,drumstick,vegetables_fruit,41.2,very_low,kharif,western_india,2003,2582,90081,18.3,556,11,25,5.7,8.1,1172
Dadra and Nagar Haveli and Daman and Diu,green_peas,vegetables_legume,51.2,very_low,kharif,western_india,21350,3072,158396,38.8,536,23,44,6.1,7.5,621
Dadra and Nagar Haveli and Daman and Diu,french_bean,vegetables_legume,48.7,very_low,kharif,western_india,3201,1343,50749,32.2,968,12,43,6,7.8,789
Dadra and Nagar Haveli and Daman and Diu,cluster_bean_vegetable,vegetables_legume,47.9,very_low,kharif,western_india,17433,4395,176463,16.3,449,16,25,5.8,7.6,820
Dadra and Nagar Haveli and Daman and Diu,broad_bean,vegetables_legume,48.1,very_low,kharif,western_india,6068,1009,122305,15.4,665,10,44,6,7,526
Dadra and Nagar Haveli and Daman and Diu,berseem,fodder,53.2,very_low,kharif,western_india,12128,5296,66216,42.5,252,23,39,6.4,7,376
Dadra and Nagar Haveli and Daman and Diu,lucerne_alfalfa,fodder,43.1,very_low,kharif,western_india,2219,7520,131036,41.3,959,19,29,6.4,8,675
Dadra and Nagar Haveli and Daman and Diu,oats_fodder,fodder,53.2,very_low,kharif,western_india,287,7473,79477,24,310,23,35,6.4,8.2,1108
Dadra and Nagar Haveli and Daman and Diu,sorghum_fodder,fodder,54.2,very_low,kharif,western_india,6035,1490,137643,12,1322,24,27,5.7,7.9,952
Dadra and Nagar Haveli and Daman and Diu,maize_fodder,fodder,47.7,very_low,kharif,western_india,5439,5661,103572,18,623,16,34,6.3,7.7,1180
Dadra and Nagar Haveli and Daman and Diu,bajra_fodder,fodder,44.7,very_low,kharif,western_india,18163,5412,70202,16.6,985,19,30,5.8,8.3,1029
Dadra and Nagar Haveli and Daman and Diu,cowpea_fodder,fodder,42.8,very_low,kharif,western_india,18110,4477,46294,37.9,1397,10,35,6.4,8.4,364
Dadra and Nagar Haveli and Daman and Diu,stylo,fodder,51.9,very_low,kharif,western_india,8534,6486,68226,10,967,11,31,6.1,8.5,954
Dadra and Nagar Haveli and Daman and Diu,para_grass,fodder,44.5,very_low,kharif,western_india,6439,3687,142602,23.5,1148,19,38,5.9,7.1,1085
Dadra and Nagar Haveli and Daman and Diu,guinea_grass,fodder,41.1,very_low,kharif,western_india,5956,3074,35104,17.2,1441,24,36,6,7.1,1023
Dadra and Nagar Haveli and Daman and Diu,napier_grass,fodder,42.6,very_low,kharif,western_india,5524,3432,10051,11.7,1490,21,36,5.8,7.6,865
Dadra and Nagar Haveli and Daman and Diu,tulsi,medicinal,51.8,very_low,kharif,western_india,3802,2341,131475,47.2,788,19,30,6.3,7.9,643
Dadra and Nagar Haveli and Daman and Diu,neem,medicinal,48.1,very_low,kharif,western_india,5289,3390,48066,48.2,255,10,32,6,7.5,1071
Dadra and Nagar Haveli and Daman and Diu,aloe_vera,medicinal,42.5,very_low,kharif,western_india,8526,2415,40253,47.6,876,23,30,6.1,8.1,679
Dadra and Nagar Haveli and Daman and Diu,ashwagandha,medicinal,49.4,very_low,kharif,western_india,4072,3483,179753,15.4,922,16,38,6.2,7.9,1152
Dadra and Nagar Haveli and Daman and Diu,brahmi,medicinal,42.6,very_low,kharif,western_india,13204,5632,58670,9.3,1211,13,32,5.5,8,918
Dadra and Nagar Haveli and Daman and Diu,kalmegh,medicinal,53.5,very_low,kharif,western_india,19699,3254,83552,22.2,368,24,41,5.6,8.4,1058
Dadra and Nagar Haveli and Daman and Diu,giloy,medicinal,53.8,very_low,kharif,western_india,5377,4289,28304,25.9,211,23,28,6,8.4,1038
Dadra and Nagar Haveli and Daman and Diu,stevia,medicinal,51.6,very_low,kharif,western_india,9770,4122,15583,7.9,1296,16,26,6.2,8,504
Dadra and Nagar Haveli and Daman and Diu,mentha_mint,medicinal,46.2,very_low,kharif,western_india,12887,4577,62686,8.1,228,16,29,6.4,8,826
Dadra and Nagar Haveli and Daman and Diu,lemongrass,medicinal,46.1,very_low,kharif,western_india,3119,1421,84273,40.1,1315,20,42,6.5,8.4,833
Dadra and Nagar Haveli and Daman and Diu,citronella,medicinal,43.4,very_low,kharif,western_india,12054,3158,3412,22.6,1172,23,34,5.8,8.2,753
Dadra and Nagar Haveli and Daman and Diu,palmarosa,medicinal,41.3,very_low,kharif,western_india,18297,1257,2285,8.9,1268,17,31,5.7,7.8,374
Dadra and Nagar Haveli and Daman and Diu,vetiver,medicinal,49.3,very_low,kharif,western_india,15142,6280,2760,12.5,816,19,39,6.3,7.1,316
Dadra and Nagar Haveli and Daman and Diu,rosemary,medicinal,49,very_low,kharif,western_india,19307,2090,189698,15.3,525,12,25,6.3,7,717
Dadra and Nagar Haveli and Daman and Diu,lavender,medicinal,41.4,very_low,kharif,western_india,10191,6777,34486,25.6,1328,21,38,6,7.9,654
Dadra and Nagar Haveli and Daman and Diu,bamboo,timber,47.9,very_low,kharif,western_india,18011,2530,41182,14.5,952,20,29,6.2,7.9,588
Dadra and Nagar Haveli and Daman and Diu,eucalyptus,timber,43.4,very_low,kharif,western_india,15862,5927,204602,14.2,655,16,29,6.3,7.1,515
Dadra and Nagar Haveli and Daman and Diu,teak,timber,42.9,very_low,kharif,western_india,18344,6013,25471,13.7,1252,18,25,6.1,7.7,438
Dadra and Nagar Haveli and Daman and Diu,sal,timber,48.9,very_low,kharif,western_india,10960,5329,93954,24.1,865,21,35,6.1,7.8,742
Dadra and Nagar Haveli and Daman and Diu,sandalwood,timber,52.1,very_low,kharif,western_india,17769,6660,109212,45.4,898,22,29,5.6,8,571
Dadra and Nagar Haveli and Daman and Diu,rosewood,timber,49.5,very_low,kharif,western_india,11040,4605,994,26.4,1226,22,34,5.6,8.4,1183
Dadra and Nagar Haveli and Daman and Diu,pine,timber,40.9,very_low,kharif,western_india,6589,4737,54492,19.3,265,18,28,5.8,7.9,487
Dadra and Nagar Haveli and Daman and Diu,deodar,timber,48.1,very_low,kharif,western_india,1825,5336,99130,9.4,1118,14,28,5.8,7.8,822
Dadra and Nagar Haveli and Daman and Diu,button_mushroom,mushroom,42.5,very_low,kharif,western_india,9644,2878,43154,10.4,1476,20,40,5.9,7.6,1188
Dadra and Nagar Haveli and Daman and Diu,oyster_mushroom,mushroom,43,very_low,kharif,western_india,3360,2978,87852,18.9,1338,10,32,6.4,7.9,993
Dadra and Nagar Haveli and Daman and Diu,shiitake,mushroom,44.9,very_low,kharif,western_india,15462,6247,53553,14.7,338,22,38,6.1,8.2,1123
Dadra and Nagar Haveli and Daman and Diu,milky_mushroom,mushroom,51.4,very_low,kharif,western_india,3401,5996,36482,40.2,640,12,30,5.8,7.6,531
Dadra and Nagar Haveli and Daman and Diu,rose,flowers,43.4,very_low,kharif,western_india,15506,1493,42393,30.3,1336,14,31,6.3,7.6,1066
Dadra and Nagar Haveli and Daman and Diu,jasmine,flowers,46.8,very_low,kharif,western_india,12086,1835,60852,15.9,1087,24,29,5.6,7.8,651
Dadra and Nagar Haveli and Daman and Diu,marigold,flowers,40.5,very_low,kharif,western_india,26747,6952,64011,10.5,970,14,29,6.1,8.1,774
Dadra and Nagar Haveli and Daman and Diu,chrysanthemum,flowers,44.8,very_low,kharif,western_india,12225,1363,72011,31.9,368,16,31,6.4,7.7,683
Dadra and Nagar Haveli and Daman and Diu,tuberose,flowers,43.7,very_low,kharif,western_india,28028,3567,216668,32.8,1215,11,25,6,7.1,1102
Dadra and Nagar Haveli and Daman and Diu,gladiolus,flowers,52.3,very_low,kharif,western_india,998,4208,15402,46.8,996,12,36,5.6,7.2,372
Dadra and Nagar Haveli and Daman and Diu,lily,flowers,53.1,very_low,kharif,western_india,6998,1004,79084,28.1,637,17,27,6.4,7.4,1153
Dadra and Nagar Haveli and Daman and Diu,orchid,flowers,47.4,very_low,kharif,western_india,15776,6910,2469,13.4,660,14,43,5.9,8.5,885
Dadra and Nagar Haveli and Daman and Diu,carnation,flowers,52.5,very_low,kharif,western_india,3542,1353,93938,48.7,353,21,32,6.5,8.3,507
Dadra and Nagar Haveli and Daman and Diu,gerbera,flowers,51.5,very_low,kharif,western_india,18902,1579,159887,16.8,967,11,36,6.4,7.3,1069
Dadra and Nagar Haveli and Daman and Diu,anthurium,flowers,46.5,very_low,kharif,western_india,1094,4699,26438,47.3,509,18,36,5.8,8.3,464
Lakshadweep,rice,cereals,95.6,high,kharif,southern_india,8822,7606,924086,33.4,544,12,39,6,7.5,585
Lakshadweep,wheat,cereals,68.3,low,rabi,southern_india,20995,6559,135648,41.4,364,21,36,5.6,7.9,473
Lakshadweep,maize,cereals,57.9,low,kharif,southern_india,50515,7245,346336,43.3,846,15,42,5.6,8.5,797
Lakshadweep,barley,cereals,48.1,very_low,rabi,southern_india,2829,5762,45934,18.6,411,18,36,5.9,7,742
Lakshadweep,jowar_sorghum,cereals,88.5,high,kharif,southern_india,99368,5698,709652,32.6,988,11,29,5.5,8.5,490
Lakshadweep,bajra_pearl_millet,cereals,95.6,high,kharif,southern_india,189156,4148,1249114,13.4,337,15,41,6.1,8.1,1101
Lakshadweep,ragi_finger_millet,cereals,92.3,high,kharif,southern_india,175788,2607,42633,7.3,956,23,36,5.9,7.9,903
Lakshadweep,foxtail_millet,cereals,51.4,very_low,kharif,southern_india,6660,1165,88128,40,864,15,31,6.1,7.5,839
Lakshadweep,proso_millet,cereals,53.9,very_low,kharif,southern_india,1289,7118,36475,49.5,1292,16,37,5.8,7.1,773
Lakshadweep,barnyard_millet,cereals,46.4,very_low,kharif,southern_india,17682,6230,32061,37.6,273,19,41,6,7.3,699
Lakshadweep,little_millet,cereals,52.6,very_low,kharif,southern_india,14800,5856,162126,11.8,1294,22,34,5.9,8.4,1037
Lakshadweep,kodo_millet,cereals,54.8,very_low,kharif,southern_india,941,2077,149896,33.8,457,10,30,5.6,8.3,1094
Lakshadweep,oats,cereals,52.6,very_low,kharif,southern_india,1708,1948,24673,8.3,1476,22,26,5.6,7.4,997
Lakshadweep,gram_chickpea,pulses,50.7,very_low,rabi,southern_india,20644,1254,29363,13.5,277,19,29,6,8,835
Lakshadweep,tur_arhar,pulses,44.4,very_low,kharif,southern_india,6333,6967,61528,7.8,1005,12,31,5.8,7.1,1155
Lakshadweep,moong_green_gram,pulses,48.2,very_low,kharif,southern_india,7352,4161,36297,26.3,1070,12,35,6.3,7.3,763
Lakshadweep,urad_black_gram,pulses,54.5,very_low,kharif,southern_india,15530,6243,109497,49.4,419,20,25,5.6,8.1,983
Lakshadweep,masur_lentil,pulses,40.6,very_low,kharif,southern_india,2118,7231,60646,24.9,1271,20,43,6.4,7.5,883
Lakshadweep,rajma_kidney_bean,pulses,48.1,very_low,kharif,southern_india,13786,1420,156955,11.3,751,14,36,6.5,7.6,842
Lakshadweep,cowpea_lobhia,pulses,42.1,very_low,kharif,southern_india,17654,7526,84282,39.6,204,17,39,5.8,8.4,1001
Lakshadweep,field_pea,pulses,51.5,very_low,kharif,southern_india,2001,5995,46891,31,219,16,40,6.2,7.9,926
Lakshadweep,black_eyed_pea,pulses,52.8,very_low,kharif,southern_india,12455,3154,79281,28.5,316,18,34,6.3,7.4,359
Lakshadweep,horse_gram,pulses,53.4,very_low,kharif,southern_india,10543,4482,5222,10.7,892,10,43,6.3,7.8,1133
Lakshadweep,moth_bean,pulses,43.9,very_low,kharif,southern_india,21846,5072,69228,30.1,1444,11,29,6.1,8,448
Lakshadweep,cluster_bean_guar,pulses,52.1,very_low,kharif,southern_india,2538,7819,64478,18.9,258,17,44,5.7,7.9,547
Lakshadweep,groundnut_peanut,oilseeds,85.2,high,kharif,southern_india,214317,6148,1581878,11.5,468,15,44,6.2,7.7,736
Lakshadweep,mustard,oilseeds,53.8,very_low,rabi,southern_india,4563,3596,100036,40,968,14,29,5.8,8.4,1119
Lakshadweep,rapeseed,oilseeds,46.3,very_low,rabi,southern_india,14624,4123,5270,20.6,989,24,33,5.7,7.6,351
Lakshadweep,sesame_til,oilseeds,53.5,very_low,kharif,southern_india,116,5298,13233,18.3,838,21,32,6.5,7.7,1127
Lakshadweep,sunflower,oilseeds,61.8,low,kharif,southern_india,53491,5724,67163,31.9,492,14,41,6.2,7.4,304
Lakshadweep,safflower,oilseeds,48,very_low,kharif,southern_india,570,1442,80857,23.6,541,23,41,6,7.4,756
Lakshadweep,niger,oilseeds,51.3,very_low,kharif,southern_india,6296,5970,66766,14.7,464,13,43,5.6,8.1,1188
Lakshadweep,linseed_flax,oilseeds,54.2,very_low,kharif,southern_india,15303,5690,126457,12.3,1194,18,35,6.2,7.4,367
Lakshadweep,castor,oilseeds,62.5,low,kharif,southern_india,11901,7989,71760,15.6,634,17,42,5.7,7.9,631
Lakshadweep,coconut,oilseeds,95.4,high,perennial,southern_india,191538,6985,1753558,49.8,1004,19,27,5.6,7.7,924
Lakshadweep,palm_oil,oilseeds,43.7,very_low,kharif,southern_india,11631,2481,69080,29.2,1392,16,29,5.7,7.4,551
Lakshadweep,olive,oilseeds,51.3,very_low,kharif,southern_india,14997,5412,84329,46.8,1262,13,33,5.8,8.1,610
Lakshadweep,walnut,oilseeds,49.6,very_low,kharif,southern_india,2850,1064,126073,14.9,1281,22,29,5.9,8.3,920
Lakshadweep,almond,oilseeds,45.5,very_low,kharif,southern_india,10112,2484,34266,36.6,237,22,31,5.9,8.2,1032
Lakshadweep,cotton,fiber,76,medium,kharif,southern_india,81049,5820,507981,43,1293,22,30,5.8,7.2,1043
Lakshadweep,jute,fiber,40.9,very_low,kharif,southern_india,11777,1875,12439,45.9,603,23,32,5.9,7.2,1126
Lakshadweep,mesta,fiber,51.4,very_low,kharif,southern_india,10602,1725,60885,16.4,1305,17,43,6.1,7.8,924
Lakshadweep,flax,fiber,51.8,very_low,kharif,southern_india,5431,6430,33655,7,222,21,28,5.7,7.4,391
Lakshadweep,hemp,fiber,40.8,very_low,kharif,southern_india,8501,5076,188378,49,1095,24,33,6.3,8.4,347
Lakshadweep,sisal,fiber,44.8,very_low,kharif,southern_india,7990,1119,160194,12.4,617,23,29,6.4,7.6,1126
Lakshadweep,coir,fiber,53.2,very_low,kharif,southern_india,16889,5429,69744,28.9,282,22,30,5.8,8.1,633
Lakshadweep,sugarcane,sugar,77.7,medium,perennial,southern_india,55805,2555,775401,32.5,503,11,35,6,8.4,507
Lakshadweep,sugar_beet,sugar,53.2,very_low,kharif,southern_india,12202,7116,174685,37.1,332,12,36,5.7,7.8,804
Lakshadweep,turmeric,spices,78.8,medium,kharif,southern_india,46213,2471,497917,27.3,557,10,29,6.1,7.8,420
Lakshadweep,coriander,spices,49.1,very_low,kharif,southern_india,12126,7216,45676,20.6,1079,24,34,5.7,8.4,722
Lakshadweep,cumin,spices,46.9,very_low,kharif,southern_india,5406,6492,106724,48,465,19,35,6.4,7,984
Lakshadweep,fennel,spices,49.3,very_low,kharif,southern_india,19416,5128,126930,34.1,290,11,31,6.2,7,995
Lakshadweep,fenugreek,spices,43,very_low,kharif,southern_india,4431,2231,56794,46.5,509,10,42,5.9,7.9,1097
Lakshadweep,ajwain,spices,51.3,very_low,kharif,southern_india,12583,5811,199933,45,996,11,44,5.7,7.5,426
Lakshadweep,black_pepper,spices,72.5,medium,kharif,southern_india,18589,2325,187301,21.7,1103,19,39,6.2,7,916
Lakshadweep,cardamom_small,spices,80.3,medium,kharif,southern_india,36509,1550,129451,27,215,11,26,5.6,7.1,850
Lakshadweep,cardamom_large,spices,42.7,very_low,kharif,southern_india,24144,5837,14416,45.1,744,12,40,5.8,7.8,968
Lakshadweep,cinnamon,spices,41.5,very_low,kharif,southern_india,12974,5994,24863,30.8,444,22,33,6.3,8.5,1182
Lakshadweep,clove,spices,42.1,very_low,kharif,southern_india,8021,3517,14832,34.1,1037,21,43,5.9,7.6,875
Lakshadweep,nutmeg,spices,50,very_low,kharif,southern_india,17395,1365,114443,14.4,843,22,31,6.4,7.7,932
Lakshadweep,ginger,spices,50.8,very_low,kharif,southern_india,13719,1872,71891,46.8,240,17,29,5.7,7.4,1112
Lakshadweep,garlic,spices,46.4,very_low,kharif,southern_india,13662,3251,85224,29.2,1082,12,38,6.4,7.2,593
Lakshadweep,onion,spices,54.6,very_low,rabi,southern_india,1000,1385,32048,27.3,549,14,41,6.3,7.5,610
Lakshadweep,chilli,spices,54.5,very_low,kharif,southern_india,28230,7574,145839,18.9,1460,21,39,6.3,7.9,824
Lakshadweep,tamarind,spices,45.4,very_low,kharif,southern_india,5780,4621,91411,23.1,1347,14,43,5.5,7.8,589
Lakshadweep,vanilla,spices,44.4,very_low,kharif,southern_india,7931,3747,87985,37.1,775,19,26,6.1,8,395
Lakshadweep,saffron,spices,50.2,very_low,kharif,southern_india,9444,6065,70205,15.5,587,21,26,6.3,7.9,954
Lakshadweep,mint,spices,45.2,very_low,kharif,southern_india,11658,1715,19299,17.8,656,13,43,5.5,8.2,669
Lakshadweep,basil,spices,52.5,very_low,kharif,southern_india,3365,5664,78633,41.9,1306,12,34,6.1,7.8,526
Lakshadweep,oregano,spices,44.1,very_low,kharif,southern_india,1151,2836,48687,21.7,1091,17,35,6.2,8.2,443
Lakshadweep,thyme,spices,41.6,very_low,kharif,southern_india,13288,4792,18446,12.4,1367,15,30,6.2,8.3,698
Lakshadweep,tea,plantation,51.9,very_low,perennial,southern_india,12918,5023,133118,19.6,1201,20,41,6.1,7.7,344
Lakshadweep,coffee_arabica,plantation,82.6,medium,perennial,southern_india,65403,2555,744453,10.5,253,14,38,6.3,7.2,1151
Lakshadweep,coffee_robusta,plantation,48.3,very_low,perennial,southern_india,4512,4205,98404,23.5,1410,22,40,5.8,7.5,533
Lakshadweep,rubber,plantation,66.9,low,perennial,southern_india,48593,3550,67839,46.8,1217,18,42,6.4,8.3,1114
Lakshadweep,cocoa,plantation,44.1,very_low,kharif,southern_india,16119,4682,103880,46.5,583,18,36,5.9,7.6,992
Lakshadweep,cashew,plantation,83.9,medium,kharif,southern_india,61318,6252,992714,8.7,1047,18,37,5.5,8.4,376
Lakshadweep,areca_nut,plantation,44.6,very_low,kharif,southern_india,11747,5696,8033,11.7,614,20,43,5.8,7.8,635
Lakshadweep,betelvine,plantation,48.7,very_low,kharif,southern_india,11801,3723,158806,41.1,1497,16,25,6.2,8.2,1143
Lakshadweep,black_pepper_plantation,plantation,40.2,very_low,kharif,southern_india,14390,3623,49203,41.6,672,19,35,5.8,8.2,568
Lakshadweep,mango,fruits_tropical,51.8,very_low,kharif,southern_india,723,6371,130886,10.4,960,11,41,6.5,7.7,582
Lakshadweep,banana,fruits_tropical,52.7,very_low,perennial,southern_india,9279,2594,100689,32.3,541,13,33,6,7.2,548
Lakshadweep,papaya,fruits_tropical,42.4,very_low,kharif,southern_india,2343,7151,118500,34.9,1400,15,39,6.2,8.5,341
Lakshadweep,pineapple,fruits_tropical,46.8,very_low,kharif,southern_india,9968,7759,194702,20.3,237,14,27,5.9,8.4,761
Lakshadweep,jackfruit,fruits_tropical,46.7,very_low,kharif,southern_india,8950,4187,88524,28.2,1352,21,27,5.6,7,632
Lakshadweep,guava,fruits_tropical,40.8,very_low,kharif,southern_india,4729,4487,24220,29.7,1456,19,36,6.3,7,554
Lakshadweep,coconut_fruit,fruits_tropical,54.8,very_low,kharif,southern_india,2548,3285,90412,47.1,962,11,35,5.8,7.5,402
Lakshadweep,passion_fruit,fruits_tropical,46.9,very_low,kharif,southern_india,17821,5867,123673,44.1,632,13,26,5.7,7.2,1121
Lakshadweep,dragon_fruit,fruits_tropical,42.7,very_low,kharif,southern_india,4825,2187,12511,21.3,1395,10,29,6.3,7.4,696
Lakshadweep,rambutan,fruits_tropical,41.5,very_low,kharif,southern_india,19145,1896,196457,31.6,1237,21,35,6.2,7.4,319
Lakshadweep,sapota,fruits_tropical,45.1,very_low,kharif,southern_india,12805,7465,15159,20.5,862,15,39,6,7.8,909
Lakshadweep,custard_apple,fruits_tropical,40.4,very_low,kharif,southern_india,1909,6028,19789,46.4,302,18,25,6.5,7.3,828
Lakshadweep,wood_apple,fruits_tropical,54.3,very_low,kharif,southern_india,5490,4686,29895,34.5,905,13,39,6,7.7,1156
Lakshadweep,apple,fruits_temperate,48,very_low,kharif,southern_india,22319,5065,161690,18.9,436,20,43,5.5,8.1,325
Lakshadweep,pear,fruits_temperate,46.9,very_low,kharif,southern_india,9682,3106,35382,49,941,11,25,5.7,7.8,976
Lakshadweep,peach,fruits_temperate,54.7,very_low,kharif,southern_india,16430,5665,111553,24.6,1220,12,31,6.5,7.9,748
Lakshadweep,plum,fruits_temperate,52.8,very_low,kharif,southern_india,8399,5381,37640,7.4,1486,21,43,6.3,7.6,1075
Lakshadweep,apricot,fruits_temperate,51.8,very_low,kharif,southern_india,9505,3135,28509,8.7,906,15,26,6.2,8.1,511
Lakshadweep,cherry,fruits_temperate,54.3,very_low,kharif,southern_india,20631,1025,200054,49.6,859,24,37,5.6,8.2,802
Lakshadweep,strawberry,fruits_temperate,45.1,very_low,kharif,southern_india,7710,5842,103319,31.9,739,19,34,6.2,7.9,1180
Lakshadweep,kiwi,fruits_temperate,49.3,very_low,kharif,southern_india,21282,7391,27051,25.4,1425,24,28,5.9,7.4,1011
Lakshadweep,grape,fruits_temperate,52.8,very_low,kharif,southern_india,13160,7089,110088,12,1125,12,38,5.8,7.1,503
Lakshadweep,pomegranate,fruits_temperate,47,very_low,kharif,southern_india,7863,7851,87253,48.2,1442,12,41,6,8,998
Lakshadweep,fig,fruits_temperate,41.9,very_low,kharif,southern_india,8047,6126,119337,35.8,1009,22,42,5.9,7.6,517
Lakshadweep,persimmon,fruits_temperate,52.2,very_low,kharif,southern_india,5966,4204,180882,33.6,1259,10,43,5.6,7.7,548
Lakshadweep,orange,fruits_citrus,53.9,very_low,kharif,southern_india,5884,7218,66722,45.4,1059,11,33,5.7,7.1,636
Lakshadweep,lime,fruits_citrus,53.6,very_low,kharif,southern_india,206,7545,52446,30.1,1406,20,41,6.3,7.9,919
Lakshadweep,lemon,fruits_citrus,48.4,very_low,kharif,southern_india,5004,2231,48560,31,963,20,42,6.2,7.3,323
Lakshadweep,grapefruit,fruits_citrus,43,very_low,kharif,southern_india,16108,6940,53004,36.9,1151,22,35,6.3,8.4,1161
Lakshadweep,mandarin,fruits_citrus,41.9,very_low,kharif,southern_india,2751,7458,171875,27.5,1447,21,38,6.1,7.6,1167
Lakshadweep,sweet_lime,fruits_citrus,43,very_low,kharif,southern_india,9737,6272,34331,21.8,1429,18,34,6.3,7.6,743
Lakshadweep,kinnow,fruits_citrus,48.4,very_low,kharif,southern_india,24057,1278,186877,27.6,499,22,30,5.8,7.1,1179
Lakshadweep,spinach,vegetables_leafy,51.9,very_low,kharif,southern_india,6411,3357,3484,46.7,1291,24,29,6.2,7.2,688
Lakshadweep,fenugreek_leaves,vegetables_leafy,52.7,very_low,kharif,southern_india,4937,4042,56202,15.7,425,19,37,6.3,7.4,314
Lakshadweep,amaranth,vegetables_leafy,53.2,very_low,kharif,southern_india,5986,4279,21286,28.4,1388,14,35,5.8,8.5,498
Lakshadweep,cabbage,vegetables_leafy,41.6,very_low,kharif,southern_india,4798,4869,68726,30.3,1377,15,39,5.8,8,1133
Lakshadweep,cauliflower,vegetables_leafy,54.7,very_low,kharif,southern_india,23192,5763,189518,45.4,338,17,31,5.5,7.7,433
Lakshadweep,lettuce,vegetables_leafy,40.5,very_low,kharif,southern_india,4537,7547,122917,48,1345,20,36,5.6,7.4,939
Lakshadweep,kale,vegetables_leafy,46,very_low,kharif,southern_india,1864,1491,27861,42.6,1061,15,26,5.7,7.7,437
Lakshadweep,mustard_leaves,vegetables_leafy,51.4,very_low,kharif,southern_india,3749,6088,105739,48.3,1223,18,37,5.7,8.3,803
Lakshadweep,curry_leaves,vegetables_leafy,48.6,very_low,kharif,southern_india,6097,6684,148409,18,774,12,29,5.8,8.4,863
Lakshadweep,coriander_leaves,vegetables_leafy,48.8,very_low,kharif,southern_india,22957,1112,29034,16.1,595,22,40,5.6,7.8,398
Lakshadweep,potato,vegetables_root,42.6,very_low,rabi,southern_india,13452,3560,108765,38.8,1174,22,26,6.3,7.4,1185
Lakshadweep,sweet_potato,vegetables_root,52.7,very_low,kharif,southern_india,28069,3518,225517,19.9,1057,22,32,5.7,8.3,392
Lakshadweep,carrot,vegetables_root,45.5,very_low,kharif,southern_india,16788,7081,85284,30.8,1309,17,36,5.5,8.4,810
Lakshadweep,radish,vegetables_root,50.9,very_low,kharif,southern_india,9872,4220,13591,42.4,1291,10,32,5.8,7.8,739
Lakshadweep,turnip,vegetables_root,49.8,very_low,kharif,southern_india,3430,6063,116755,47.6,1229,11,29,6.2,7.4,654
Lakshadweep,beetroot,vegetables_root,54.3,very_low,kharif,southern_india,10115,1352,31779,30,663,24,35,6.2,8.1,1051
Lakshadweep,onion_vegetable,vegetables_root,53,very_low,kharif,southern_india,16705,5574,106133,12.8,518,20,30,6,7.7,510
Lakshadweep,garlic_vegetable,vegetables_root,48.5,very_low,kharif,southern_india,2930,3667,62398,30.3,1174,10,27,5.8,8.2,732
Lakshadweep,ginger_vegetable,vegetables_root,47.7,very_low,kharif,southern_india,7655,7842,130746,37.7,621,17,38,5.9,7.8,431
Lakshadweep,turmeric_vegetable,vegetables_root,41.4,very_low,kharif,southern_india,10117,2329,98742,21.6,419,22,34,5.9,7.5,597
Lakshadweep,yam,vegetables_root,50,very_low,kharif,southern_india,9843,4129,23822,42.3,1404,22,34,6.5,7.9,996
Lakshadweep,taro,vegetables_root,51.1,very_low,kharif,southern_india,15594,2481,57073,44.9,433,12,30,5.9,7.8,844
Lakshadweep,cassava,vegetables_root,51.9,very_low,kharif,southern_india,2478,4536,23096,44.3,1032,17,25,6.4,7.7,778
Lakshadweep,tomato,vegetables_fruit,50.5,very_low,kharif,southern_india,4790,1498,28290,38.3,368,17,39,6.2,7.6,928
Lakshadweep,brinjal_eggplant,vegetables_fruit,54.3,very_low,kharif,southern_india,7124,4658,18041,18.8,1288,18,25,6.5,8,698
Lakshadweep,okra_ladyfinger,vegetables_fruit,50.7,very_low,kharif,southern_india,3774,2064,44847,45.7,705,14,39,6.4,7.4,1027
Lakshadweep,bottle_gourd,vegetables_fruit,44.6,very_low,kharif,southern_india,7147,1467,103118,44.3,1080,14,28,6.2,7.2,669
Lakshadweep,bitter_gourd,vegetables_fruit,41.3,very_low,kharif,southern_india,2652,1225,66767,30.5,771,12,26,5.6,8.1,314
Lakshadweep,ridge_gourd,vegetables_fruit,52.9,very_low,kharif,southern_india,23630,7151,143213,43.1,1149,14,40,6.1,7,1007
Lakshadweep,snake_gourd,vegetables_fruit,53.1,very_low,kharif,southern_india,10015,3990,117080,14.7,1206,14,30,6.3,7.3,1076
Lakshadweep,ash_gourd,vegetables_fruit,54.7,very_low,kharif,southern_india,15226,4964,34141,25.4,1240,19,34,5.8,8.1,581
Lakshadweep,pumpkin,vegetables_fruit,45,very_low,kharif,southern_india,14036,2300,137157,16.6,1188,17,36,6.1,7.2,885
Lakshadweep,cucumber,vegetables_fruit,53,very_low,zaid,southern_india,19244,7782,133283,16.5,1058,23,32,5.8,8.4,989
Lakshadweep,watermelon,vegetables_fruit,40.7,very_low,zaid,southern_india,5137,3007,15064,15.4,856,11,42,6.3,7.6,417
Lakshadweep,muskmelon,vegetables_fruit,54.9,very_low,zaid,southern_india,9117,2390,34742,40.8,875,24,44,5.7,8.5,1187
Lakshadweep,capsicum,vegetables_fruit,52,very_low,kharif,southern_india,4132,1722,7577,41.9,1429,21,40,5.9,8,904
Lakshadweep,chilli_vegetable,vegetables_fruit,43.9,very_low,kharif,southern_india,3831,3054,116975,29.3,1115,18,25,6.5,8.1,1092
Lakshadweep,drumstick,vegetables_fruit,52.1,very_low,kharif,southern_india,13298,7888,9098,12.1,1487,14,41,5.6,8.1,931
Lakshadweep,green_peas,vegetables_legume,54.1,very_low,kharif,southern_india,1252,4153,68553,30.7,756,14,38,5.8,8.3,590
Lakshadweep,french_bean,vegetables_legume,47.7,very_low,kharif,southern_india,21870,5102,80769,30.1,1304,13,27,6.1,7.9,563
Lakshadweep,cluster_bean_vegetable,vegetables_legume,46.5,very_low,kharif,southern_india,1641,6798,43799,9.5,1450,13,31,6.5,7.3,1171
Lakshadweep,broad_bean,vegetables_legume,50.8,very_low,kharif,southern_india,11104,4555,119384,7.8,1257,24,33,5.7,7.2,612
Lakshadweep,berseem,fodder,42,very_low,kharif,southern_india,9601,3910,105212,25.9,400,12,38,6.1,8.1,604
Lakshadweep,lucerne_alfalfa,fodder,53.7,very_low,kharif,southern_india,521,6195,66529,27.2,256,11,28,6.1,8,909
Lakshadweep,oats_fodder,fodder,52,very_low,kharif,southern_india,6789,2760,47993,38.2,1136,14,32,6.4,8.3,531
Lakshadweep,sorghum_fodder,fodder,48.8,very_low,kharif,southern_india,7983,5349,25732,24,1216,13,40,5.8,8.3,327
Lakshadweep,maize_fodder,fodder,43.9,very_low,kharif,southern_india,12084,3999,59215,15.9,366,18,30,6.4,7.7,424
Lakshadweep,bajra_fodder,fodder,40.4,very_low,kharif,southern_india,4785,2448,42928,44.6,262,22,33,6.4,8,448
Lakshadweep,cowpea_fodder,fodder,54.4,very_low,kharif,southern_india,4490,7851,22294,33.4,1470,20,38,6.1,7.8,1154
Lakshadweep,stylo,fodder,48.2,very_low,kharif,southern_india,17250,4693,165255,6,713,19,25,6.4,8.2,497
Lakshadweep,para_grass,fodder,45,very_low,kharif,southern_india,8183,6997,46975,41.8,803,16,28,6.5,7.5,484
Lakshadweep,guinea_grass,fodder,40.5,very_low,kharif,southern_india,833,4187,143505,27.4,256,13,25,6.4,7.4,358
Lakshadweep,napier_grass,fodder,54.5,very_low,kharif,southern_india,8125,7489,83934,17.7,1229,14,33,6.3,8.4,845
Lakshadweep,tulsi,medicinal,47.6,very_low,kharif,southern_india,7154,3286,47486,38.5,1032,11,32,5.7,7.2,498
Lakshadweep,neem,medicinal,53.8,very_low,kharif,southern_india,22043,4545,459,6.5,388,21,29,5.6,8.3,505
Lakshadweep,aloe_vera,medicinal,47.5,very_low,kharif,southern_india,15069,5933,61059,43.8,1144,22,44,5.7,7.3,800
Lakshadweep,ashwagandha,medicinal,48,very_low,kharif,southern_india,4500,3975,115772,25.9,287,12,28,6.1,7.6,460
Lakshadweep,brahmi,medicinal,51,very_low,kharif,southern_india,5681,6059,13506,43.5,1451,12,40,5.6,8.4,706
Lakshadweep,kalmegh,medicinal,48,very_low,kharif,southern_india,6478,3792,14393,32.7,1239,22,35,6.3,7.2,969
Lakshadweep,giloy,medicinal,40.1,very_low,kharif,southern_india,8870,3243,45731,42.2,942,15,34,6.3,7.7,1087
Lakshadweep,stevia,medicinal,43.7,very_low,kharif,southern_india,7760,5139,95277,30.7,886,16,43,5.8,7.7,490
Lakshadweep,mentha_mint,medicinal,45,very_low,kharif,southern_india,10081,5953,33271,49.3,569,22,30,5.9,8,801
Lakshadweep,lemongrass,medicinal,47.6,very_low,kharif,southern_india,18394,7399,48001,5.7,1499,14,25,5.7,8,829
Lakshadweep,citronella,medicinal,43.1,very_low,kharif,southern_india,6174,1094,398,32.8,622,10,34,6.4,7.4,525
Lakshadweep,palmarosa,medicinal,47,very_low,kharif,southern_india,8320,6874,20287,34.6,1354,23,36,5.7,8,961
Lakshadweep,vetiver,medicinal,51.3,very_low,kharif,southern_india,17760,4262,115475,19.5,274,20,25,5.6,7.5,1137
Lakshadweep,rosemary,medicinal,47.2,very_low,kharif,southern_india,12845,5001,42407,37.2,773,20,29,5.7,7.7,587
Lakshadweep,lavender,medicinal,49.1,very_low,kharif,southern_india,23262,6323,70640,37.7,888,23,39,5.7,7.1,789
Lakshadweep,bamboo,timber,45.5,very_low,kharif,southern_india,10685,3627,9316,16.8,1079,19,30,5.8,7.1,1157
Lakshadweep,eucalyptus,timber,44.9,very_low,kharif,southern_india,23320,3346,158842,26.3,1469,19,35,6.1,7.3,575
Lakshadweep,teak,timber,50.7,very_low,kharif,southern_india,3613,5336,92993,46.7,1281,17,41,6.1,7.7,501
Lakshadweep,sal,timber,54.3,very_low,kharif,southern_india,14904,1987,75830,48.4,1184,23,32,5.6,7.5,638
Lakshadweep,sandalwood,timber,44.5,very_low,kharif,southern_india,4111,7563,149100,16.8,1046,17,30,6.4,7.3,862
Lakshadweep,rosewood,timber,45,very_low,kharif,southern_india,16553,6828,73949,5.5,488,22,31,5.8,7.7,547
Lakshadweep,pine,timber,52.1,very_low,kharif,southern_india,9990,4157,37897,16.9,852,13,31,5.5,8.2,339
Lakshadweep,deodar,timber,53.1,very_low,kharif,southern_india,9302,5509,44365,11.5,533,20,35,6,7.2,727
Lakshadweep,button_mushroom,mushroom,48.9,very_low,kharif,southern_india,12129,6810,31694,30.4,926,11,33,5.7,7.5,1149
Lakshadweep,oyster_mushroom,mushroom,48.3,very_low,kharif,southern_india,7659,7990,15305,35.7,1271,22,39,6.4,7,357
Lakshadweep,shiitake,mushroom,42,very_low,kharif,southern_india,1399,6718,77940,20.1,1444,16,28,6.2,7.6,317
Lakshadweep,milky_mushroom,mushroom,54.5,very_low,kharif,southern_india,13552,7878,146453,21.3,254,13,32,6.5,8.3,319
Lakshadweep,rose,flowers,54.8,very_low,kharif,southern_india,11775,1816,26807,27.7,1114,15,42,6.4,7.2,946
Lakshadweep,jasmine,flowers,42,very_low,kharif,southern_india,13811,3354,122080,23.5,602,24,33,6.2,7.9,482
Lakshadweep,marigold,flowers,47.5,very_low,kharif,southern_india,8218,4632,11407,39.5,1245,21,31,6.2,7.9,789
Lakshadweep,chrysanthemum,flowers,49.7,very_low,kharif,southern_india,18107,7901,131383,24.9,800,10,28,5.7,8.5,986
Lakshadweep,tuberose,flowers,42.1,very_low,kharif,southern_india,4420,3083,96654,32,1333,12,34,6.1,8.4,764
Lakshadweep,gladiolus,flowers,45.1,very_low,kharif,southern_india,3547,7736,76480,18.7,1168,14,35,5.5,8.3,1160
Lakshadweep,lily,flowers,53,very_low,kharif,southern_india,11100,3429,100544,18.5,316,22,27,6,7.6,981
Lakshadweep,orchid,flowers,51.2,very_low,kharif,southern_india,1854,7008,95352,14.9,588,23,25,6.3,8.4,525
Lakshadweep,carnation,flowers,52.3,very_low,kharif,southern_india,344,5232,68398,11.8,866,15,26,6,7.9,495
Lakshadweep,gerbera,flowers,51.1,very_low,kharif,southern_india,6361,3123,40015,45.2,1070,12,42,5.9,7.5,751
Lakshadweep,anthurium,flowers,43.1,very_low,kharif,southern_india,13384,3756,38920,41.1,1438,23,28,6.3,7.3,334
Puducherry,rice,cereals,91.3,high,kharif,southern_india,33335,5238,1691442,14.4,756,17,41,6.3,8.2,911
Puducherry,wheat,cereals,64.3,low,rabi,southern_india,20842,4592,378752,30.7,1481,12,33,5.7,7.5,1010
Puducherry,maize,cereals,67.4,low,kharif,southern_india,30127,7103,228704,22,846,12,32,5.6,8.3,823
Puducherry,barley,cereals,42,very_low,rabi,southern_india,2470,7488,23580,37.3,1038,21,36,5.8,7.4,1150
Puducherry,jowar_sorghum,cereals,90.7,high,kharif,southern_india,200566,5592,2145741,30.4,1152,22,25,6.5,7.4,932
Puducherry,bajra_pearl_millet,cereals,97.4,high,kharif,southern_india,62764,3536,877854,31.4,983,21,42,5.6,7.4,609
Puducherry,ragi_finger_millet,cereals,85.2,high,kharif,southern_india,77657,4677,172332,23.6,976,22,40,5.9,7.6,333
Puducherry,foxtail_millet,cereals,41.2,very_low,kharif,southern_india,22173,1147,193855,32.6,1242,17,28,5.9,7.7,978
Puducherry,proso_millet,cereals,52.2,very_low,kharif,southern_india,11964,5645,58873,49.5,418,20,28,5.8,8.1,956
Puducherry,barnyard_millet,cereals,41.9,very_low,kharif,southern_india,4992,7810,113809,5.2,470,13,29,6.1,7.3,671
Puducherry,little_millet,cereals,42.6,very_low,kharif,southern_india,13373,5400,180626,23,480,24,26,6.3,7.2,898
Puducherry,kodo_millet,cereals,47.1,very_low,kharif,southern_india,19651,2206,142614,14.8,420,11,27,6.2,8.5,908
Puducherry,oats,cereals,50.6,very_low,kharif,southern_india,22835,2874,124174,14.7,883,13,26,5.6,8.5,305
Puducherry,gram_chickpea,pulses,50.4,very_low,rabi,southern_india,11091,5956,77622,28.8,1416,10,30,5.6,7.7,993
Puducherry,tur_arhar,pulses,54.6,very_low,kharif,southern_india,701,1968,101598,19.4,547,21,27,5.8,7.2,1176
Puducherry,moong_green_gram,pulses,44.3,very_low,kharif,southern_india,9815,1116,80484,25.4,439,17,44,6.3,8.5,1133
Puducherry,urad_black_gram,pulses,52.3,very_low,kharif,southern_india,12231,3740,57462,44.3,466,14,43,6.2,7.1,409
Puducherry,masur_lentil,pulses,48.7,very_low,kharif,southern_india,20647,3974,53911,40.4,1427,16,27,6.1,7.1,850
Puducherry,rajma_kidney_bean,pulses,42.6,very_low,kharif,southern_india,12785,4127,134517,21.9,401,16,44,6.4,7.5,518
Puducherry,cowpea_lobhia,pulses,47.2,very_low,kharif,southern_india,21427,5293,154573,36.3,331,23,28,5.9,8.3,1181
Puducherry,field_pea,pulses,44.7,very_low,kharif,southern_india,8668,4485,106083,41.8,1488,22,30,5.9,7.9,917
Puducherry,black_eyed_pea,pulses,41.3,very_low,kharif,southern_india,3554,4554,22912,31.1,807,16,37,5.9,7.6,886
Puducherry,horse_gram,pulses,40.9,very_low,kharif,southern_india,3794,1270,5354,12.5,764,18,40,6.1,7.8,332
Puducherry,moth_bean,pulses,44.5,very_low,kharif,southern_india,6624,5160,115296,18.7,943,11,39,5.5,7.1,1083
Puducherry,cluster_bean_guar,pulses,48.7,very_low,kharif,southern_india,8029,3588,28720,41.5,820,14,43,5.7,7.2,387
Puducherry,groundnut_peanut,oilseeds,86.6,high,kharif,southern_india,131827,5703,1148188,30.9,840,16,42,5.8,8.3,547
Puducherry,mustard,oilseeds,42.4,very_low,rabi,southern_india,7612,7481,21547,31.1,483,20,34,6.2,8.3,601
Puducherry,rapeseed,oilseeds,54.1,very_low,rabi,southern_india,18153,2614,139021,20,1175,24,43,6,7.5,851
Puducherry,sesame_til,oilseeds,50.6,very_low,kharif,southern_india,17684,1407,99886,28.6,251,10,37,5.6,8.2,1154
Puducherry,sunflower,oilseeds,57.7,low,kharif,southern_india,41642,4135,364040,41.1,1461,19,39,6.1,7.8,358
Puducherry,safflower,oilseeds,42.3,very_low,kharif,southern_india,11483,1530,76663,5.6,1195,20,35,6.1,8.4,1116
Puducherry,niger,oilseeds,51.9,very_low,kharif,southern_india,1942,3250,100651,32.5,1117,11,28,6.2,7.6,632
Puducherry,linseed_flax,oilseeds,45.9,very_low,kharif,southern_india,18196,1742,71572,35.3,1468,23,29,5.6,7.9,665
Puducherry,castor,oilseeds,57.8,low,kharif,southern_india,10560,3460,397935,35.8,989,23,27,6.2,7.2,422
Puducherry,coconut,oilseeds,91.6,high,perennial,southern_india,77728,1066,740938,19,308,21,32,5.9,7.6,375
Puducherry,palm_oil,oilseeds,46.9,very_low,kharif,southern_india,21079,6346,14999,12.5,258,11,34,5.7,8,329
Puducherry,olive,oilseeds,52.9,very_low,kharif,southern_india,22831,7669,130635,12.1,488,14,33,6.1,8,368
Puducherry,walnut,oilseeds,49.2,very_low,kharif,southern_india,9268,1282,34965,23.9,941,11,43,5.9,7.6,518
Puducherry,almond,oilseeds,51.7,very_low,kharif,southern_india,1169,4295,78669,6.6,280,20,39,6.4,7.9,663
Puducherry,cotton,fiber,76.8,medium,kharif,southern_india,107318,3660,85693,18,1448,16,31,5.8,7,869
Puducherry,jute,fiber,50.9,very_low,kharif,southern_india,14910,6200,82070,36.7,1200,17,32,5.6,7.6,795
Puducherry,mesta,fiber,54.2,very_low,kharif,southern_india,9946,2684,100283,31.8,762,15,29,6.2,8,1101
Puducherry,flax,fiber,49,very_low,kharif,southern_india,9189,7151,106147,35.8,576,18,35,6,7.1,475
Puducherry,hemp,fiber,47.9,very_low,kharif,southern_india,4932,2149,157891,36.1,830,10,34,6.3,7,392
Puducherry,sisal,fiber,52.1,very_low,kharif,southern_india,13647,6215,49384,18.4,543,12,31,6.5,7.1,516
Puducherry,coir,fiber,44.8,very_low,kharif,southern_india,1132,2133,55275,31.9,479,17,25,6.1,7,878
Puducherry,sugarcane,sugar,77.2,medium,perennial,southern_india,8547,1048,387202,41.3,1313,18,42,6.4,8,626
Puducherry,sugar_beet,sugar,52.4,very_low,kharif,southern_india,7298,5746,132397,27.5,430,12,31,6,7.4,940
Puducherry,turmeric,spices,78.1,medium,kharif,southern_india,24001,5237,585317,40.3,1488,13,25,6,8.4,523
Puducherry,coriander,spices,51.3,very_low,kharif,southern_india,6511,7634,60537,37.6,914,21,31,6.4,7.8,578
Puducherry,cumin,spices,40.6,very_low,kharif,southern_india,3693,2509,4422,29.9,1485,16,36,5.7,7.3,595
Puducherry,fennel,spices,52.5,very_low,kharif,southern_india,21684,1143,102617,23.9,1415,21,39,6.1,8,928
Puducherry,fenugreek,spices,48.3,very_low,kharif,southern_india,1251,7589,166515,28.8,1318,22,33,6.3,7.3,722
Puducherry,ajwain,spices,43.5,very_low,kharif,southern_india,11184,3568,68411,21.9,907,15,39,6.3,7.6,1073
Puducherry,black_pepper,spices,75.3,medium,kharif,southern_india,87167,4191,948604,30.8,1292,21,35,5.8,8.4,351
Puducherry,cardamom_small,spices,83.4,medium,kharif,southern_india,86730,3338,355559,13.6,1440,10,32,5.8,8.2,751
Puducherry,cardamom_large,spices,42.5,very_low,kharif,southern_india,4917,1119,88004,21.2,510,12,34,6.4,8.1,304
Puducherry,cinnamon,spices,51,very_low,kharif,southern_india,6328,6460,41600,22,1421,10,27,6.4,8.3,635
Puducherry,clove,spices,48.1,very_low,kharif,southern_india,11765,4283,60022,10.3,999,20,30,6.4,7.3,1107
Puducherry,nutmeg,spices,50.6,very_low,kharif,southern_india,18687,3998,70781,38,587,10,29,6.3,8.2,548
Puducherry,ginger,spices,44.9,very_low,kharif,southern_india,5652,5243,47504,10.4,401,13,28,6.5,8,461
Puducherry,garlic,spices,46.4,very_low,kharif,southern_india,10578,7070,49418,24.3,718,16,25,6.1,8.4,1006
Puducherry,onion,spices,52.9,very_low,rabi,southern_india,8911,7250,8139,44.5,283,24,26,5.9,7.1,351
Puducherry,chilli,spices,53,very_low,kharif,southern_india,8957,7348,84327,43.9,1441,10,44,5.5,7.2,372
Puducherry,tamarind,spices,51.2,very_low,kharif,southern_india,3519,5466,46834,11.1,877,15,36,6,8.5,1077
Puducherry,vanilla,spices,40.1,very_low,kharif,southern_india,12357,4776,82178,27.7,1221,11,39,6.4,7.4,631
Puducherry,saffron,spices,48.9,very_low,kharif,southern_india,24866,4740,144156,44.3,500,22,30,6.1,8.4,760
Puducherry,mint,spices,41.4,very_low,kharif,southern_india,16445,1498,2627,16.8,356,19,36,6.3,7.8,527
Puducherry,basil,spices,40.8,very_low,kharif,southern_india,9459,2011,40825,40.8,1407,13,29,5.7,7.2,709
Puducherry,oregano,spices,49.5,very_low,kharif,southern_india,8056,5366,697,45,1330,18,29,6.5,8.2,315
Puducherry,thyme,spices,47,very_low,kharif,southern_india,1696,1009,66286,16.4,596,10,25,6.3,8,644
Puducherry,tea,plantation,41,very_low,perennial,southern_india,23655,4692,28582,34.4,292,12,34,5.7,8.4,1027
Puducherry,coffee_arabica,plantation,74.2,medium,perennial,southern_india,56702,4978,666022,34.2,516,23,30,6.2,8.1,1093
Puducherry,coffee_robusta,plantation,46.9,very_low,perennial,southern_india,2290,6446,146558,23.5,607,15,26,6.1,8.4,899
Puducherry,rubber,plantation,63.7,low,perennial,southern_india,43459,3420,448597,28.5,1463,23,43,5.5,7.5,864
Puducherry,cocoa,plantation,44.6,very_low,kharif,southern_india,16601,5362,84917,36.4,1214,20,41,6.4,7.2,1115
Puducherry,cashew,plantation,74.1,medium,kharif,southern_india,112648,5340,81536,27.5,1362,16,41,6.3,8.4,536
Puducherry,areca_nut,plantation,47.4,very_low,kharif,southern_india,9002,1133,32422,48.8,984,12,35,6.2,7.9,751
Puducherry,betelvine,plantation,50.1,very_low,kharif,southern_india,5919,6251,61890,45.8,776,11,25,6,7.7,530
Puducherry,black_pepper_plantation,plantation,48.9,very_low,kharif,southern_india,3363,5355,113427,14.1,437,17,27,5.8,8.5,1056
Puducherry,mango,fruits_tropical,50.6,very_low,kharif,southern_india,2866,4987,59810,35.1,441,16,28,6.4,7.8,651
Puducherry,banana,fruits_tropical,53.8,very_low,perennial,southern_india,14293,5807,71814,18.8,914,22,36,6,8,1031
Puducherry,papaya,fruits_tropical,51.8,very_low,kharif,southern_india,16302,1110,62888,45.8,1104,20,28,6.1,8.5,490
Puducherry,pineapple,fruits_tropical,44.9,very_low,kharif,southern_india,6509,5389,33487,27.8,720,19,29,6.1,8.1,923
Puducherry,jackfruit,fruits_tropical,52.5,very_low,kharif,southern_india,24912,7567,4365,33.3,548,22,41,5.5,7.9,1065
Puducherry,guava,fruits_tropical,48.8,very_low,kharif,southern_india,1592,6111,11224,31.9,1392,16,40,6.3,7,1123
Puducherry,coconut_fruit,fruits_tropical,42.8,very_low,kharif,southern_india,13651,5806,46666,9,702,24,27,6.3,7.5,889
Puducherry,passion_fruit,fruits_tropical,49.5,very_low,kharif,southern_india,1052,2041,74817,47.7,1403,11,42,5.7,8.4,982
Puducherry,dragon_fruit,fruits_tropical,54.4,very_low,kharif,southern_india,13829,6146,74856,48.9,516,24,41,6.1,7.1,533
Puducherry,rambutan,fruits_tropical,52.6,very_low,kharif,southern_india,23655,3777,175790,43.8,1455,14,34,5.6,7.9,959
Puducherry,sapota,fruits_tropical,43.6,very_low,kharif,southern_india,8613,3751,45780,26.2,864,12,36,5.6,7.2,940
Puducherry,custard_apple,fruits_tropical,51,very_low,kharif,southern_india,2955,1377,51449,27.9,1369,10,33,5.9,8.3,476
Puducherry,wood_apple,fruits_tropical,41,very_low,kharif,southern_india,10864,7007,38076,16.3,623,11,44,6,7.4,625
Puducherry,apple,fruits_temperate,53,very_low,kharif,southern_india,13091,6073,141997,13.7,406,24,28,6,8.5,675
Puducherry,pear,fruits_temperate,47.7,very_low,kharif,southern_india,9010,4017,69178,17.9,813,21,42,6,7.5,1120
Puducherry,peach,fruits_temperate,45,very_low,kharif,southern_india,19153,1348,36448,30.8,1327,18,39,6.2,7.7,804
Puducherry,plum,fruits_temperate,41.1,very_low,kharif,southern_india,19348,2081,55955,5.2,543,14,38,6,8.3,378
Puducherry,apricot,fruits_temperate,50.6,very_low,kharif,southern_india,11744,3021,98169,40.5,1394,10,35,6.1,7,463
Puducherry,cherry,fruits_temperate,40.9,very_low,kharif,southern_india,3372,4407,82928,42.9,595,10,25,6.3,8.3,390
Puducherry,strawberry,fruits_temperate,40.2,very_low,kharif,southern_india,16755,4893,111050,39.8,581,15,26,6.1,8.4,555
Puducherry,kiwi,fruits_temperate,53.9,very_low,kharif,southern_india,5938,5639,72184,10.5,320,10,40,6.4,7.7,767
Puducherry,grape,fruits_temperate,50.4,very_low,kharif,southern_india,7947,2114,82839,36.4,1245,11,36,5.6,8.2,900
Puducherry,pomegranate,fruits_temperate,50.4,very_low,kharif,southern_india,12634,3092,158659,40,375,23,29,5.8,7.3,1169
Puducherry,fig,fruits_temperate,44.5,very_low,kharif,southern_india,18879,2235,130519,44.7,930,11,30,5.7,7.2,594
Puducherry,persimmon,fruits_temperate,49.9,very_low,kharif,southern_india,7931,3244,140421,31.4,1284,16,28,6.3,8.1,596
Puducherry,orange,fruits_citrus,49.1,very_low,kharif,southern_india,427,6710,89447,20.5,976,20,39,6,7.9,891
Puducherry,lime,fruits_citrus,41.5,very_low,kharif,southern_india,11811,3649,48123,33.7,416,22,28,6.3,8.2,1145
Puducherry,lemon,fruits_citrus,46.9,very_low,kharif,southern_india,7676,2978,8465,43.5,381,17,40,5.7,8.3,598
Puducherry,grapefruit,fruits_citrus,45.9,very_low,kharif,southern_india,8184,4467,98431,36.4,1186,12,39,6.1,7.6,1004
Puducherry,mandarin,fruits_citrus,54.7,very_low,kharif,southern_india,9409,7436,30076,21.3,1233,24,43,5.6,8.3,827
Puducherry,sweet_lime,fruits_citrus,46.3,very_low,kharif,southern_india,21593,4565,88580,26.3,613,20,42,5.8,8.2,624
Puducherry,kinnow,fruits_citrus,42,very_low,kharif,southern_india,5238,4978,629,34.4,874,24,27,6.2,7.3,485
Puducherry,spinach,vegetables_leafy,40.3,very_low,kharif,southern_india,1973,2228,136,37.3,854,15,27,5.8,7.7,1198
Puducherry,fenugreek_leaves,vegetables_leafy,47.7,very_low,kharif,southern_india,2240,3481,37953,35.3,967,17,41,5.7,7.1,1054
Puducherry,amaranth,vegetables_leafy,46.9,very_low,kharif,southern_india,17675,7620,93126,41.6,908,10,44,6.3,8.1,697
Puducherry,cabbage,vegetables_leafy,54.1,very_low,kharif,southern_india,14324,1704,34816,24.1,955,22,29,6.3,8.3,1036
Puducherry,cauliflower,vegetables_leafy,49.3,very_low,kharif,southern_india,23022,4885,169858,24,879,10,42,5.6,7.4,585
Puducherry,lettuce,vegetables_leafy,41.7,very_low,kharif,southern_india,27591,7056,78977,7.5,437,21,30,6.4,8.3,513
Puducherry,kale,vegetables_leafy,50.4,very_low,kharif,southern_india,4198,5130,126276,46.7,276,16,37,5.8,7.5,994
Puducherry,mustard_leaves,vegetables_leafy,51.7,very_low,kharif,southern_india,22109,4462,154957,5.5,1483,23,41,6.1,7.8,435
Puducherry,curry_leaves,vegetables_leafy,40.8,very_low,kharif,southern_india,2410,4925,40319,22.5,234,18,38,5.8,7.2,933
Puducherry,coriander_leaves,vegetables_leafy,41.9,very_low,kharif,southern_india,14500,2662,189386,11.4,981,19,25,6.1,8,1119
Puducherry,potato,vegetables_root,50.6,very_low,rabi,southern_india,16829,3476,134779,43,984,15,36,6.4,8,1056
Puducherry,sweet_potato,vegetables_root,45.2,very_low,kharif,southern_india,4172,4438,54851,43.4,346,18,33,6.4,8.2,690
Puducherry,carrot,vegetables_root,49.6,very_low,kharif,southern_india,2003,5716,28013,13.5,799,24,44,6.4,7.1,1067
Puducherry,radish,vegetables_root,51.6,very_low,kharif,southern_india,6635,6289,17282,34.3,1073,18,42,5.8,7.7,982
Puducherry,turnip,vegetables_root,50.8,very_low,kharif,southern_india,5937,3059,126055,5.3,1048,13,38,5.7,7.6,978
Puducherry,beetroot,vegetables_root,51.3,very_low,kharif,southern_india,5429,4517,66753,38.4,230,11,28,5.7,7,1128
Puducherry,onion_vegetable,vegetables_root,42.4,very_low,kharif,southern_india,5472,7588,88517,35.4,431,10,31,5.6,8.1,1172
Puducherry,garlic_vegetable,vegetables_root,41.3,very_low,kharif,southern_india,16206,6098,124845,46.5,736,20,39,6.1,7.5,1048
Puducherry,ginger_vegetable,vegetables_root,51.5,very_low,kharif,southern_india,8067,1075,127587,17.8,812,16,38,5.9,7.3,1081
Puducherry,turmeric_vegetable,vegetables_root,42.8,very_low,kharif,southern_india,2158,4186,35844,40.8,453,21,26,6,8.3,671
Puducherry,yam,vegetables_root,54.4,very_low,kharif,southern_india,17171,4569,77900,8.8,355,18,37,6.5,8.3,1060
Puducherry,taro,vegetables_root,44.3,very_low,kharif,southern_india,2026,5070,10314,25.1,936,13,40,6.2,7.2,1185
Puducherry,cassava,vegetables_root,48.1,very_low,kharif,southern_india,3754,7855,76008,11.8,1311,19,25,6.3,7.6,656
Puducherry,tomato,vegetables_fruit,45.7,very_low,kharif,southern_india,15726,5533,42583,36.8,376,24,34,5.6,7.9,819
Puducherry,brinjal_eggplant,vegetables_fruit,40.6,very_low,kharif,southern_india,10177,3730,20140,29.6,210,10,27,6.3,7.4,753
Puducherry,okra_ladyfinger,vegetables_fruit,43.4,very_low,kharif,southern_india,10734,3805,72537,34.4,1294,14,35,6.4,7.3,1181
Puducherry,bottle_gourd,vegetables_fruit,51.3,very_low,kharif,southern_india,6607,2437,37254,31.4,204,10,44,5.7,8.2,851
Puducherry,bitter_gourd,vegetables_fruit,46.7,very_low,kharif,southern_india,1466,6292,168989,17.6,592,11,42,6.3,7.6,639
Puducherry,ridge_gourd,vegetables_fruit,46.4,very_low,kharif,southern_india,8012,2020,2166,39.3,646,17,31,5.9,7.1,633
Puducherry,snake_gourd,vegetables_fruit,46.9,very_low,kharif,southern_india,8769,1619,161965,21.9,1389,24,42,5.7,7.4,1014
Puducherry,ash_gourd,vegetables_fruit,46.7,very_low,kharif,southern_india,4802,5042,114265,32.9,1006,21,40,6.4,7.2,1186
Puducherry,pumpkin,vegetables_fruit,44.9,very_low,kharif,southern_india,8045,2850,29245,48.5,335,24,37,6.5,8.3,883
Puducherry,cucumber,vegetables_fruit,48.8,very_low,zaid,southern_india,15525,2251,237137,19.6,313,20,33,5.9,7.9,347
Puducherry,watermelon,vegetables_fruit,50.5,very_low,zaid,southern_india,9940,7300,133486,28.9,951,22,33,6.2,7.8,749
Puducherry,muskmelon,vegetables_fruit,54.8,very_low,zaid,southern_india,4352,7511,76859,38.6,969,20,30,6,7.8,357
Puducherry,capsicum,vegetables_fruit,53,very_low,kharif,southern_india,17218,3729,62698,16,1037,18,43,5.9,8,936
Puducherry,chilli_vegetable,vegetables_fruit,44.8,very_low,kharif,southern_india,10688,5461,136165,24,438,18,32,5.9,7.7,909
Puducherry,drumstick,vegetables_fruit,50.9,very_low,kharif,southern_india,2385,6542,99356,41,610,23,30,5.8,7.8,1197
Puducherry,green_peas,vegetables_legume,43,very_low,kharif,southern_india,330,2662,74304,34.2,347,11,27,6.2,7.2,658
Puducherry,french_bean,vegetables_legume,42.4,very_low,kharif,southern_india,12647,2944,87236,16.2,1158,21,31,5.5,7.2,741
Puducherry,cluster_bean_vegetable,vegetables_legume,45.7,very_low,kharif,southern_india,9867,2130,61876,14.2,1475,10,25,6.1,7.1,1029
Puducherry,broad_bean,vegetables_legume,52.3,very_low,kharif,southern_india,15661,6183,20359,43.7,1336,14,40,6.4,8.1,384
Puducherry,berseem,fodder,41.4,very_low,kharif,southern_india,16185,5511,216398,5.3,754,18,25,6.1,8.3,349
Puducherry,lucerne_alfalfa,fodder,52.1,very_low,kharif,southern_india,27218,4759,203458,39.7,1262,15,34,5.7,7.1,837
Puducherry,oats_fodder,fodder,44.6,very_low,kharif,southern_india,19313,1442,140161,8.9,1049,15,27,6.3,8,876
Puducherry,sorghum_fodder,fodder,54.5,very_low,kharif,southern_india,4611,4938,30038,35.1,1368,20,36,6.2,7.2,866
Puducherry,maize_fodder,fodder,46.1,very_low,kharif,southern_india,8385,6633,54145,36.6,965,23,33,6.3,8.3,717
Puducherry,bajra_fodder,fodder,47.3,very_low,kharif,southern_india,8344,2744,114470,16.2,534,23,35,5.6,7.5,934
Puducherry,cowpea_fodder,fodder,46.1,very_low,kharif,southern_india,9300,2557,62742,14.7,655,17,38,6.1,7.9,835
Puducherry,stylo,fodder,47.7,very_low,kharif,southern_india,8510,7296,105410,47.1,725,15,44,6.2,7.8,946
Puducherry,para_grass,fodder,46,very_low,kharif,southern_india,5475,7656,92956,9.2,1298,23,39,6.1,8.4,859
Puducherry,guinea_grass,fodder,51.9,very_low,kharif,southern_india,14178,7992,59560,37.4,393,19,31,6.4,7.5,700
Puducherry,napier_grass,fodder,54.7,very_low,kharif,southern_india,8142,7046,36132,5.7,1365,19,29,5.8,8.2,877
Puducherry,tulsi,medicinal,51,very_low,kharif,southern_india,17066,6747,66815,45.5,856,12,29,6.2,7.6,536
Puducherry,neem,medicinal,49.1,very_low,kharif,southern_india,3029,4143,158335,45.7,217,19,36,6,7.2,967
Puducherry,aloe_vera,medicinal,45.9,very_low,kharif,southern_india,12511,3149,23439,19,435,21,28,6.2,7.2,503
Puducherry,ashwagandha,medicinal,45.1,very_low,kharif,southern_india,26526,1595,78106,20.6,475,16,39,5.6,8,534
Puducherry,brahmi,medicinal,49.6,very_low,kharif,southern_india,17275,7031,170144,39.2,825,10,43,6.1,7.8,515
Puducherry,kalmegh,medicinal,50.3,very_low,kharif,southern_india,10066,6597,69835,26.9,477,17,34,5.5,7.6,356
Puducherry,giloy,medicinal,46.8,very_low,kharif,southern_india,8882,4609,31091,11.9,662,17,39,6,7,543
Puducherry,stevia,medicinal,40.4,very_low,kharif,southern_india,1098,1347,67868,33.5,665,10,41,6.2,7.6,909
Puducherry,mentha_mint,medicinal,44.1,very_low,kharif,southern_india,18125,1753,139310,40.5,1433,17,30,5.9,8,426
Puducherry,lemongrass,medicinal,45.3,very_low,kharif,southern_india,14177,1439,97620,28.6,1111,10,33,6.4,7,905
Puducherry,citronella,medicinal,43.3,very_low,kharif,southern_india,15713,3537,77533,9,622,12,36,6,7.4,1199
Puducherry,palmarosa,medicinal,42.3,very_low,kharif,southern_india,1203,6927,101297,42.3,1171,18,32,6.2,8.2,752
Puducherry,vetiver,medicinal,46.2,very_low,kharif,southern_india,11537,2871,12818,8,1176,20,27,6,7.2,645
Puducherry,rosemary,medicinal,51.7,very_low,kharif,southern_india,544,2353,46726,15.9,1138,21,29,5.8,7.8,977
Puducherry,lavender,medicinal,54.4,very_low,kharif,southern_india,14601,2272,5412,40.7,822,11,26,5.5,7.5,961
Puducherry,bamboo,timber,50,very_low,kharif,southern_india,17935,1773,234794,36.2,686,13,29,6.5,7.6,738
Puducherry,eucalyptus,timber,52.6,very_low,kharif,southern_india,420,7931,17945,42.7,1435,18,36,6.2,7.5,449
Puducherry,teak,timber,41,very_low,kharif,southern_india,15243,5858,73560,41.3,654,10,31,6.4,8.3,1141
Puducherry,sal,timber,47.5,very_low,kharif,southern_india,14687,2077,117147,44.1,1221,16,29,6.1,8.4,459
Puducherry,sandalwood,timber,52.4,very_low,kharif,southern_india,11916,5852,11423,14.1,1404,17,34,5.6,7.1,922
Puducherry,rosewood,timber,51.7,very_low,kharif,southern_india,13882,3300,136917,32.8,245,24,37,5.5,8.4,1157
Puducherry,pine,timber,54.2,very_low,kharif,southern_india,5355,7840,169385,33.8,1425,15,43,6.1,7.9,881
Puducherry,deodar,timber,51.3,very_low,kharif,southern_india,18535,1619,138174,34.6,1382,15,41,6.1,8.2,592
Puducherry,button_mushroom,mushroom,53.8,very_low,kharif,southern_india,13674,3802,131195,14,845,23,32,6.2,7.9,535
Puducherry,oyster_mushroom,mushroom,48,very_low,kharif,southern_india,15131,5877,167866,7.2,266,11,28,6.3,7.7,466
Puducherry,shiitake,mushroom,48,very_low,kharif,southern_india,3756,3410,39492,34.1,377,21,29,5.6,8.4,599
Puducherry,milky_mushroom,mushroom,47.5,very_low,kharif,southern_india,5825,2557,80828,37.1,1062,21,30,6,7.1,361
Puducherry,rose,flowers,44.9,very_low,kharif,southern_india,15917,3971,204661,24.9,809,24,27,5.8,7.7,814
Puducherry,jasmine,flowers,42.2,very_low,kharif,southern_india,3780,6949,110707,15.8,765,19,25,6.4,7.8,503
Puducherry,marigold,flowers,46,very_low,kharif,southern_india,968,1999,43451,7.7,492,22,35,6.1,7.2,550
Puducherry,chrysanthemum,flowers,53.8,very_low,kharif,southern_india,12896,5642,57221,12.8,1075,23,28,5.5,8.1,840
Puducherry,tuberose,flowers,47.5,very_low,kharif,southern_india,9610,3622,12769,39.9,808,22,44,5.7,8.2,1179
Puducherry,gladiolus,flowers,50.9,very_low,kharif,southern_india,13390,6552,53709,30.8,1138,11,43,6.5,7.5,943
Puducherry,lily,flowers,46.3,very_low,kharif,southern_india,10123,1996,6425,42.7,244,20,43,5.9,7.1,496
Puducherry,orchid,flowers,54.2,very_low,kharif,southern_india,10540,2092,141814,28.3,887,18,40,5.7,8.4,457
Puducherry,carnation,flowers,43,very_low,kharif,southern_india,302,4001,15084,14.5,1484,23,31,5.8,7.4,1094
Puducherry,gerbera,flowers,41.5,very_low,kharif,southern_india,4215,6307,109591,22.5,327,21,26,5.8,7.4,820
Puducherry,anthurium,flowers,47.7,very_low,kharif,southern_india,6800,4054,71623,45.4,384,18,25,6.2,8,924
Andaman and Nicobar Islands,rice,cereals,77.1,medium,kharif,hill_regions,42221,1165,284608,42.7,640,18,30,5.6,7.8,332
Andaman and Nicobar Islands,wheat,cereals,96.8,high,rabi,hill_regions,266028,7952,1555371,40,886,13,41,5.8,8,957
Andaman and Nicobar Islands,maize,cereals,78.5,medium,kharif,hill_regions,37915,6323,954118,26.8,357,19,31,5.9,7.2,863
Andaman and Nicobar Islands,barley,cereals,95.2,high,rabi,hill_regions,263361,2485,1937960,38,1119,20,35,5.9,8.4,435
Andaman and Nicobar Islands,jowar_sorghum,cereals,42.6,very_low,kharif,hill_regions,7667,7257,15465,6.5,517,23,25,5.6,7,1148
Andaman and Nicobar Islands,bajra_pearl_millet,cereals,42,very_low,kharif,hill_regions,13407,3764,95727,23.8,644,22,35,6.5,7.8,1036
Andaman and Nicobar Islands,ragi_finger_millet,cereals,51.2,very_low,kharif,hill_regions,14250,2084,29460,32.8,1125,19,35,5.6,7.6,844
Andaman and Nicobar Islands,foxtail_millet,cereals,43.4,very_low,kharif,hill_regions,5505,1685,59200,17.3,1253,17,26,6.3,7.4,811
Andaman and Nicobar Islands,proso_millet,cereals,48.1,very_low,kharif,hill_regions,7722,2016,61065,30.9,482,15,38,5.6,8.4,779
Andaman and Nicobar Islands,barnyard_millet,cereals,47.3,very_low,kharif,hill_regions,4370,4383,67236,7.5,1301,22,33,5.8,7.7,499
Andaman and Nicobar Islands,little_millet,cereals,40,very_low,kharif,hill_regions,475,1284,4194,44.6,386,13,34,6,7.2,1118
Andaman and Nicobar Islands,kodo_millet,cereals,43.5,very_low,kharif,hill_regions,7625,1018,224327,26.8,1342,21,28,6.3,7.1,756
Andaman and Nicobar Islands,oats,cereals,43.8,very_low,kharif,hill_regions,13086,5783,60763,7.1,251,20,43,6.3,7.2,409
Andaman and Nicobar Islands,gram_chickpea,pulses,49.2,very_low,rabi,hill_regions,14361,7197,42964,12.8,1388,20,39,5.8,7.9,954
Andaman and Nicobar Islands,tur_arhar,pulses,49,very_low,kharif,hill_regions,14690,7874,97441,5.6,412,24,34,5.6,7.2,326
Andaman and Nicobar Islands,moong_green_gram,pulses,43.4,very_low,kharif,hill_regions,9976,2751,158901,35.3,1458,20,27,6.5,8.1,533
Andaman and Nicobar Islands,urad_black_gram,pulses,43.9,very_low,kharif,hill_regions,5860,2593,84033,35.6,758,14,30,5.6,7.8,546
Andaman and Nicobar Islands,masur_lentil,pulses,45,very_low,kharif,hill_regions,5442,5874,75367,13.9,1395,15,41,6.4,8.4,592
Andaman and Nicobar Islands,rajma_kidney_bean,pulses,73.9,medium,kharif,hill_regions,61931,5834,613452,10.2,995,12,39,6.5,8.2,925
Andaman and Nicobar Islands,cowpea_lobhia,pulses,41.2,very_low,kharif,hill_regions,4952,7534,36337,41.6,334,19,40,6,8.2,951
Andaman and Nicobar Islands,field_pea,pulses,47.2,very_low,kharif,hill_regions,9509,3977,118076,10.9,869,14,30,6.1,7.5,1069
Andaman and Nicobar Islands,black_eyed_pea,pulses,46.1,very_low,kharif,hill_regions,17934,3390,19366,44.4,1392,13,42,6,7.1,793
Andaman and Nicobar Islands,horse_gram,pulses,52.7,very_low,kharif,hill_regions,9961,1984,120853,9.8,322,24,42,6.1,7.2,791
Andaman and Nicobar Islands,moth_bean,pulses,53.8,very_low,kharif,hill_regions,4588,7340,154061,29.6,1307,10,34,5.7,8.3,1174
Andaman and Nicobar Islands,cluster_bean_guar,pulses,54,very_low,kharif,hill_regions,10352,7357,115921,8.4,366,24,32,5.7,8.1,1091
Andaman and Nicobar Islands,groundnut_peanut,oilseeds,43.1,very_low,kharif,hill_regions,13539,1092,109176,6.8,324,22,29,5.7,8.3,787
Andaman and Nicobar Islands,mustard,oilseeds,75.3,medium,rabi,hill_regions,105511,7039,125267,31.2,1081,11,37,5.5,7.5,454
Andaman and Nicobar Islands,rapeseed,oilseeds,63.4,low,rabi,hill_regions,31297,1848,239901,9.5,775,20,28,6.3,8.4,636
Andaman and Nicobar Islands,sesame_til,oilseeds,40,very_low,kharif,hill_regions,17649,5655,109976,40.7,1380,11,36,6.4,8.2,524
Andaman and Nicobar Islands,sunflower,oilseeds,68.1,low,kharif,hill_regions,18632,2299,316645,9.2,1492,14,39,5.6,7.7,336
Andaman and Nicobar Islands,safflower,oilseeds,53.2,very_low,kharif,hill_regions,14107,7261,10563,28,446,11,37,5.6,7.7,477
Andaman and Nicobar Islands,niger,oilseeds,43,very_low,kharif,hill_regions,11454,1024,82067,35.1,1082,22,42,6.1,7.7,483
Andaman and Nicobar Islands,linseed_flax,oilseeds,41.9,very_low,kharif,hill_regions,21008,2947,17848,24.1,200,18,25,6.4,8.3,403
Andaman and Nicobar Islands,castor,oilseeds,42.2,very_low,kharif,hill_regions,23703,7594,77982,10,1000,24,27,6.3,7.5,403
Andaman and Nicobar Islands,coconut,oilseeds,46.9,very_low,perennial,hill_regions,375,4321,102499,39.4,328,23,28,6.2,7.8,1092
Andaman and Nicobar Islands,palm_oil,oilseeds,40.6,very_low,kharif,hill_regions,1808,3292,37585,9,868,11,26,5.5,8.4,657
Andaman and Nicobar Islands,olive,oilseeds,44.3,very_low,kharif,hill_regions,3263,3843,30105,18.7,1401,12,34,6.2,8.4,1130
Andaman and Nicobar Islands,walnut,oilseeds,43.7,very_low,kharif,hill_regions,9757,7264,21782,13.9,302,14,42,5.7,7.3,494
Andaman and Nicobar Islands,almond,oilseeds,44.1,very_low,kharif,hill_regions,4456,7834,37243,41.6,942,10,36,6.4,7.8,775
Andaman and Nicobar Islands,cotton,fiber,50.1,very_low,kharif,hill_regions,15603,3845,8397,10,1043,19,29,6.2,7.4,574
Andaman and Nicobar Islands,jute,fiber,40.9,very_low,kharif,hill_regions,6192,6732,134724,10.8,407,14,36,5.8,7.5,426
Andaman and Nicobar Islands,mesta,fiber,45,very_low,kharif,hill_regions,19114,6865,123162,30.2,668,22,31,6.1,7.4,998
Andaman and Nicobar Islands,flax,fiber,47.7,very_low,kharif,hill_regions,15994,2150,221654,27.6,525,14,27,5.6,7.7,1156
Andaman and Nicobar Islands,hemp,fiber,41.8,very_low,kharif,hill_regions,22408,6644,159420,31.6,357,18,32,5.6,8.2,791
Andaman and Nicobar Islands,sisal,fiber,51.2,very_low,kharif,hill_regions,10896,5986,38849,43.1,747,20,31,6.2,7.1,1136
Andaman and Nicobar Islands,coir,fiber,51.8,very_low,kharif,hill_regions,7702,6898,143126,25.4,456,12,34,6.3,8.1,744
Andaman and Nicobar Islands,sugarcane,sugar,43.1,very_low,perennial,hill_regions,991,2237,1655,35.4,964,24,40,5.7,8.1,310
Andaman and Nicobar Islands,sugar_beet,sugar,54.8,very_low,kharif,hill_regions,2863,4489,167733,43.2,588,15,42,6.4,8.4,1153
Andaman and Nicobar Islands,turmeric,spices,62.5,low,kharif,hill_regions,25832,6866,203607,32.4,809,23,26,6.4,7.7,733
Andaman and Nicobar Islands,coriander,spices,52.4,very_low,kharif,hill_regions,22254,4826,104341,48.7,1404,13,31,6.1,8.4,807
Andaman and Nicobar Islands,cumin,spices,51,very_low,kharif,hill_regions,6265,2033,24858,12.5,415,24,30,6.1,7,1025
Andaman and Nicobar Islands,fennel,spices,50.2,very_low,kharif,hill_regions,666,2922,73349,5.7,297,16,28,6.1,7.3,1194
Andaman and Nicobar Islands,fenugreek,spices,46.5,very_low,kharif,hill_regions,1077,3943,83952,24.7,383,17,31,6,7.6,883
Andaman and Nicobar Islands,ajwain,spices,52.1,very_low,kharif,hill_regions,20627,3485,99635,33.9,485,20,37,6.2,7.5,841
Andaman and Nicobar Islands,black_pepper,spices,43,very_low,kharif,hill_regions,10632,3656,60160,18.2,506,21,40,6.3,8.3,670
Andaman and Nicobar Islands,cardamom_small,spices,52.1,very_low,kharif,hill_regions,1048,5825,27064,25.3,413,15,42,6.1,7.2,952
Andaman and Nicobar Islands,cardamom_large,spices,52.7,very_low,kharif,hill_regions,9951,4843,64481,47.3,247,19,26,6.3,8.3,377
Andaman and Nicobar Islands,cinnamon,spices,40.4,very_low,kharif,hill_regions,26995,7466,218876,27.5,1469,23,26,6.3,8.1,420
Andaman and Nicobar Islands,clove,spices,51.1,very_low,kharif,hill_regions,16847,6731,148511,8.4,1123,15,40,6.1,7.7,303
Andaman and Nicobar Islands,nutmeg,spices,49.1,very_low,kharif,hill_regions,6243,7921,103191,29.3,1329,13,37,6.4,7.2,512
Andaman and Nicobar Islands,ginger,spices,56.2,low,kharif,hill_regions,46587,4426,216102,25.2,1208,23,27,5.8,7.3,691
Andaman and Nicobar Islands,garlic,spices,48,very_low,kharif,hill_regions,21418,4794,95632,30.9,1354,19,40,6.2,8.4,1035
Andaman and Nicobar Islands,onion,spices,45.1,very_low,rabi,hill_regions,12806,6930,196299,35.8,1134,12,31,6.1,7,1062
Andaman and Nicobar Islands,chilli,spices,45.5,very_low,kharif,hill_regions,18879,4836,154733,35.7,667,22,37,5.7,8.2,908
Andaman and Nicobar Islands,tamarind,spices,44.3,very_low,kharif,hill_regions,10206,4869,73858,37.6,955,17,25,6.1,7.9,463
Andaman and Nicobar Islands,vanilla,spices,45,very_low,kharif,hill_regions,15267,4045,206496,41.5,326,22,27,5.7,7.1,733
Andaman and Nicobar Islands,saffron,spices,49.7,very_low,kharif,hill_regions,914,2245,124708,28.7,266,24,40,5.9,7.8,636
Andaman and Nicobar Islands,mint,spices,46.8,very_low,kharif,hill_regions,8867,5345,81699,34.6,540,12,25,6.1,8.5,678
Andaman and Nicobar Islands,basil,spices,43.2,very_low,kharif,hill_regions,5312,7948,80767,9.6,1261,12,41,6.4,7,513
Andaman and Nicobar Islands,oregano,spices,40.8,very_low,kharif,hill_regions,728,5382,89323,22.1,800,24,28,6.2,8,897
Andaman and Nicobar Islands,thyme,spices,45.2,very_low,kharif,hill_regions,9375,7389,111886,26.6,753,15,41,5.8,7.8,610
Andaman and Nicobar Islands,tea,plantation,83.1,medium,perennial,hill_regions,68815,5121,262808,16.5,1244,17,37,6.5,7.6,1032
Andaman and Nicobar Islands,coffee_arabica,plantation,49.6,very_low,perennial,hill_regions,1400,7386,40165,26.3,1177,17,25,6.4,7,380
Andaman and Nicobar Islands,coffee_robusta,plantation,43.4,very_low,perennial,hill_regions,21351,7458,114603,38.4,1125,20,41,5.8,7.3,612
Andaman and Nicobar Islands,rubber,plantation,40.7,very_low,perennial,hill_regions,21774,2494,60259,49.7,1198,16,29,5.5,8,1001
Andaman and Nicobar Islands,cocoa,plantation,41.6,very_low,kharif,hill_regions,3655,5672,74264,44.6,1095,22,32,5.7,7.2,463
Andaman and Nicobar Islands,cashew,plantation,54.4,very_low,kharif,hill_regions,1614,4289,85595,34.3,626,14,41,6.4,7.3,511
Andaman and Nicobar Islands,areca_nut,plantation,46.3,very_low,kharif,hill_regions,4231,4275,162329,15.5,261,23,40,6.2,7.1,1109
Andaman and Nicobar Islands,betelvine,plantation,44.6,very_low,kharif,hill_regions,7009,7459,113219,32.6,1442,16,25,5.8,7.5,1004
Andaman and Nicobar Islands,black_pepper_plantation,plantation,41.9,very_low,kharif,hill_regions,8343,1914,53576,6.6,1069,23,42,5.6,7.9,393
Andaman and Nicobar Islands,mango,fruits_tropical,40.8,very_low,kharif,hill_regions,12807,1656,64075,19.2,645,14,41,5.9,7.5,326
Andaman and Nicobar Islands,banana,fruits_tropical,51.9,very_low,perennial,hill_regions,8073,4162,147412,20.5,815,10,43,5.9,7.4,848
Andaman and Nicobar Islands,papaya,fruits_tropical,47.9,very_low,kharif,hill_regions,16633,3540,143913,40.5,1374,14,26,5.9,7.5,354
Andaman and Nicobar Islands,pineapple,fruits_tropical,41.1,very_low,kharif,hill_regions,5178,7546,71008,22.9,1239,18,33,5.6,8.4,861
Andaman and Nicobar Islands,jackfruit,fruits_tropical,46.6,very_low,kharif,hill_regions,14400,2256,62793,7.8,303,17,32,6.2,8.5,1073
Andaman and Nicobar Islands,guava,fruits_tropical,46.6,very_low,kharif,hill_regions,10344,1641,138726,49.1,1399,19,35,6.2,7.5,1067
Andaman and Nicobar Islands,coconut_fruit,fruits_tropical,42,very_low,kharif,hill_regions,22649,2191,99944,45.1,1447,22,43,6.4,8.5,672
Andaman and Nicobar Islands,passion_fruit,fruits_tropical,44.3,very_low,kharif,hill_regions,4462,4899,105103,41.3,670,19,43,5.9,7.9,1008
Andaman and Nicobar Islands,dragon_fruit,fruits_tropical,43.7,very_low,kharif,hill_regions,8265,3593,36914,46.9,730,24,27,5.8,8,413
Andaman and Nicobar Islands,rambutan,fruits_tropical,45.8,very_low,kharif,hill_regions,20658,2974,77267,27.7,1150,12,35,5.6,7.6,471
Andaman and Nicobar Islands,sapota,fruits_tropical,44.6,very_low,kharif,hill_regions,12845,2856,88361,29,1245,14,44,5.8,7.9,868
Andaman and Nicobar Islands,custard_apple,fruits_tropical,48.1,very_low,kharif,hill_regions,3311,5180,110218,23.8,650,12,37,5.6,8.2,702
Andaman and Nicobar Islands,wood_apple,fruits_tropical,49.1,very_low,kharif,hill_regions,1184,2651,72111,26.9,604,22,28,5.8,8.2,324
Andaman and Nicobar Islands,apple,fruits_temperate,87.9,high,kharif,hill_regions,209004,2861,390823,48.9,881,10,30,6,7.1,923
Andaman and Nicobar Islands,pear,fruits_temperate,47.8,very_low,kharif,hill_regions,8427,3939,179662,14.5,251,24,25,6.4,8.2,738
Andaman and Nicobar Islands,peach,fruits_temperate,50.6,very_low,kharif,hill_regions,9270,6486,5085,27.4,1432,24,44,6.2,7.2,671
Andaman and Nicobar Islands,plum,fruits_temperate,50.9,very_low,kharif,hill_regions,12730,7029,95796,20.4,1163,11,31,6.3,8.2,586
Andaman and Nicobar Islands,apricot,fruits_temperate,54.4,very_low,kharif,hill_regions,10260,7152,68290,23.6,474,12,28,5.9,7.8,1055
Andaman and Nicobar Islands,cherry,fruits_temperate,43.3,very_low,kharif,hill_regions,17501,5441,68317,19.3,1186,14,31,6.5,8.5,301
Andaman and Nicobar Islands,strawberry,fruits_temperate,50.3,very_low,kharif,hill_regions,9641,2929,84126,25.5,721,22,30,6.1,8.3,1181
Andaman and Nicobar Islands,kiwi,fruits_temperate,49,very_low,kharif,hill_regions,17179,2319,102897,7.9,1058,21,26,6.3,7.2,458
Andaman and Nicobar Islands,grape,fruits_temperate,52.5,very_low,kharif,hill_regions,8459,3063,24918,34.3,338,18,43,6.4,8.3,572
Andaman and Nicobar Islands,pomegranate,fruits_temperate,50.5,very_low,kharif,hill_regions,23103,2848,155898,15.5,236,17,40,5.7,7.1,636
Andaman and Nicobar Islands,fig,fruits_temperate,43,very_low,kharif,hill_regions,16259,6207,52745,19.6,1397,23,37,5.9,8.2,897
Andaman and Nicobar Islands,persimmon,fruits_temperate,48.5,very_low,kharif,hill_regions,3545,7511,192809,21,1430,21,43,6.4,7.3,534
Andaman and Nicobar Islands,orange,fruits_citrus,43.9,very_low,kharif,hill_regions,4798,3538,32784,20.7,280,12,30,6.4,8.4,556
Andaman and Nicobar Islands,lime,fruits_citrus,50.4,very_low,kharif,hill_regions,13806,6288,210890,12.3,291,19,35,5.8,8.4,1061
Andaman and Nicobar Islands,lemon,fruits_citrus,44,very_low,kharif,hill_regions,21154,3277,20443,43.3,325,17,28,6.4,7.2,405
Andaman and Nicobar Islands,grapefruit,fruits_citrus,50.5,very_low,kharif,hill_regions,1990,2177,67327,15,690,22,28,6.3,8.2,1048
Andaman and Nicobar Islands,mandarin,fruits_citrus,45.2,very_low,kharif,hill_regions,13806,1261,103332,10.4,574,22,37,6.1,7.3,901
Andaman and Nicobar Islands,sweet_lime,fruits_citrus,42,very_low,kharif,hill_regions,7621,6787,215676,12.7,212,23,40,5.7,8.2,1029
Andaman and Nicobar Islands,kinnow,fruits_citrus,46.9,very_low,kharif,hill_regions,16965,4100,3349,47.9,366,14,39,5.5,7.8,443
Andaman and Nicobar Islands,spinach,vegetables_leafy,40.3,very_low,kharif,hill_regions,13858,6140,113015,24.9,822,13,26,6.4,8,410
Andaman and Nicobar Islands,fenugreek_leaves,vegetables_leafy,44,very_low,kharif,hill_regions,26180,6538,124434,44.1,1014,20,41,5.9,8.2,486
Andaman and Nicobar Islands,amaranth,vegetables_leafy,42.9,very_low,kharif,hill_regions,14901,3897,109952,49,1362,17,35,6.1,8.2,1086
Andaman and Nicobar Islands,cabbage,vegetables_leafy,86.9,high,kharif,hill_regions,57373,5352,336729,41.4,1059,22,43,6.4,7.2,639
Andaman and Nicobar Islands,cauliflower,vegetables_leafy,91.3,high,kharif,hill_regions,6619,7478,875808,33.4,1474,23,32,6,8.2,969
Andaman and Nicobar Islands,lettuce,vegetables_leafy,50.6,very_low,kharif,hill_regions,2114,2551,20554,9.3,1248,15,40,6.4,7.5,708
Andaman and Nicobar Islands,kale,vegetables_leafy,41.3,very_low,kharif,hill_regions,8755,2261,68366,19.1,1487,15,25,6,7.5,633
Andaman and Nicobar Islands,mustard_leaves,vegetables_leafy,45.6,very_low,kharif,hill_regions,13902,2769,175190,25,388,24,25,6.2,8.3,618
Andaman and Nicobar Islands,curry_leaves,vegetables_leafy,42.4,very_low,kharif,hill_regions,9134,7997,3100,34.5,1245,19,37,6.4,7.8,1093
Andaman and Nicobar Islands,coriander_leaves,vegetables_leafy,43.2,very_low,kharif,hill_regions,879,6624,126415,29.3,714,15,29,5.9,7.5,819
Andaman and Nicobar Islands,potato,vegetables_root,95.2,high,rabi,hill_regions,131841,7640,403192,33.8,314,20,39,6.3,8,410
Andaman and Nicobar Islands,sweet_potato,vegetables_root,40.7,very_low,kharif,hill_regions,19434,1228,29335,40.6,1458,17,28,5.8,8.2,788
Andaman and Nicobar Islands,carrot,vegetables_root,40.9,very_low,kharif,hill_regions,12211,3280,56012,45.7,1480,21,29,5.7,7.5,444
Andaman and Nicobar Islands,radish,vegetables_root,42.7,very_low,kharif,hill_regions,10028,5287,41334,13.9,1011,11,27,5.9,7.9,955
Andaman and Nicobar Islands,turnip,vegetables_root,50.3,very_low,kharif,hill_regions,11562,2479,69485,32.7,1167,11,27,5.6,7.8,813
Andaman and Nicobar Islands,beetroot,vegetables_root,40.2,very_low,kharif,hill_regions,17713,1816,62583,43.2,1093,14,39,6.4,7.5,915
Andaman and Nicobar Islands,onion_vegetable,vegetables_root,41.4,very_low,kharif,hill_regions,6596,4446,72434,40.1,572,17,40,5.8,7.5,353
Andaman and Nicobar Islands,garlic_vegetable,vegetables_root,42,very_low,kharif,hill_regions,11141,2180,1513,12.6,1174,11,33,5.7,7.8,760
Andaman and Nicobar Islands,ginger_vegetable,vegetables_root,54.7,very_low,kharif,hill_regions,23903,5045,150323,45.3,253,23,29,6.2,8.2,398
Andaman and Nicobar Islands,turmeric_vegetable,vegetables_root,54.3,very_low,kharif,hill_regions,18773,2087,129324,20.5,1409,16,38,6.1,7.4,781
Andaman and Nicobar Islands,yam,vegetables_root,46.1,very_low,kharif,hill_regions,15137,1978,57533,5.3,540,19,26,5.8,8.3,922
Andaman and Nicobar Islands,taro,vegetables_root,41.1,very_low,kharif,hill_regions,28226,1991,220147,29.7,1408,24,38,5.8,8.4,816
Andaman and Nicobar Islands,cassava,vegetables_root,45.1,very_low,kharif,hill_regions,7913,7547,125965,6.4,212,11,37,6.3,7.8,781
Andaman and Nicobar Islands,tomato,vegetables_fruit,43.6,very_low,kharif,hill_regions,5070,2918,60154,7.1,1441,23,40,6.1,8.2,1176
Andaman and Nicobar Islands,brinjal_eggplant,vegetables_fruit,44.3,very_low,kharif,hill_regions,12648,5500,114089,20.6,603,18,27,5.5,7.4,442
Andaman and Nicobar Islands,okra_ladyfinger,vegetables_fruit,40.1,very_low,kharif,hill_regions,14001,5682,33554,16.6,278,24,27,5.6,7.9,598
Andaman and Nicobar Islands,bottle_gourd,vegetables_fruit,53.3,very_low,kharif,hill_regions,23154,6145,28308,7.9,284,22,38,6.5,8,524
Andaman and Nicobar Islands,bitter_gourd,vegetables_fruit,41.3,very_low,kharif,hill_regions,3595,5398,13446,39.8,1105,21,44,6.2,8.2,376
Andaman and Nicobar Islands,ridge_gourd,vegetables_fruit,54.1,very_low,kharif,hill_regions,7158,7699,20739,6.6,586,12,38,5.8,7.1,1103
Andaman and Nicobar Islands,snake_gourd,vegetables_fruit,40.7,very_low,kharif,hill_regions,3823,1164,20519,41.7,248,10,37,5.6,7.6,301
Andaman and Nicobar Islands,ash_gourd,vegetables_fruit,45.4,very_low,kharif,hill_regions,10087,4493,88862,47.1,1233,24,26,6.5,7.5,549
Andaman and Nicobar Islands,pumpkin,vegetables_fruit,46.1,very_low,kharif,hill_regions,24504,4879,31917,14.6,726,15,29,6.4,7.4,833
Andaman and Nicobar Islands,cucumber,vegetables_fruit,47.2,very_low,zaid,hill_regions,18010,3324,145567,19.4,318,17,42,6.4,7.8,929
Andaman and Nicobar Islands,watermelon,vegetables_fruit,49.2,very_low,zaid,hill_regions,2941,3809,53274,5.3,1278,12,31,6.4,8.1,810
Andaman and Nicobar Islands,muskmelon,vegetables_fruit,44.7,very_low,zaid,hill_regions,1333,6091,38707,26.6,322,20,42,6,7.1,1150
Andaman and Nicobar Islands,capsicum,vegetables_fruit,46.7,very_low,kharif,hill_regions,2281,1838,18434,12,1399,13,33,6.2,8,1160
Andaman and Nicobar Islands,chilli_vegetable,vegetables_fruit,54.5,very_low,kharif,hill_regions,16162,3702,73657,9.7,1075,14,26,5.6,8.1,506
Andaman and Nicobar Islands,drumstick,vegetables_fruit,51.5,very_low,kharif,hill_regions,9769,6557,96606,39.7,598,23,44,5.9,7.3,916
Andaman and Nicobar Islands,green_peas,vegetables_legume,48.8,very_low,kharif,hill_regions,24265,6845,173445,20.8,1416,16,32,5.7,7.5,302
Andaman and Nicobar Islands,french_bean,vegetables_legume,49.9,very_low,kharif,hill_regions,9042,7769,122660,15.9,692,17,35,5.8,7.4,569
Andaman and Nicobar Islands,cluster_bean_vegetable,vegetables_legume,54.5,very_low,kharif,hill_regions,6539,6041,22527,33.9,1065,10,28,6,8.3,959
Andaman and Nicobar Islands,broad_bean,vegetables_legume,53.1,very_low,kharif,hill_regions,13952,5355,199062,38.3,665,15,32,6,7.5,468
Andaman and Nicobar Islands,berseem,fodder,48.9,very_low,kharif,hill_regions,13627,2534,178169,39,1110,20,40,6.3,8.3,848
Andaman and Nicobar Islands,lucerne_alfalfa,fodder,45.9,very_low,kharif,hill_regions,8555,1988,81989,23.3,1338,17,34,5.9,7.1,310
Andaman and Nicobar Islands,oats_fodder,fodder,47.6,very_low,kharif,hill_regions,16540,7036,224122,13,1057,16,29,5.7,7.4,956
Andaman and Nicobar Islands,sorghum_fodder,fodder,45.3,very_low,kharif,hill_regions,13408,1240,88989,48.2,1013,18,26,6,7.5,1000
Andaman and Nicobar Islands,maize_fodder,fodder,52.2,very_low,kharif,hill_regions,7036,7019,66759,26.6,1367,24,29,5.7,8.3,518
Andaman and Nicobar Islands,bajra_fodder,fodder,52.7,very_low,kharif,hill_regions,464,3953,5328,14.4,823,10,25,5.7,7.7,1176
Andaman and Nicobar Islands,cowpea_fodder,fodder,41.4,very_low,kharif,hill_regions,11266,1421,6345,15,1090,24,36,5.5,7.4,1148
Andaman and Nicobar Islands,stylo,fodder,40.2,very_low,kharif,hill_regions,4125,1463,45036,47.2,1190,12,26,6,7.1,663
Andaman and Nicobar Islands,para_grass,fodder,52,very_low,kharif,hill_regions,17969,6538,88990,40.6,323,13,39,5.5,7,642
Andaman and Nicobar Islands,guinea_grass,fodder,53,very_low,kharif,hill_regions,19349,7651,200889,14.1,725,19,28,5.8,8.1,610
Andaman and Nicobar Islands,napier_grass,fodder,53.9,very_low,kharif,hill_regions,4126,2470,99760,21.6,508,20,33,6.3,7.8,1174
Andaman and Nicobar Islands,tulsi,medicinal,45.6,very_low,kharif,hill_regions,10137,5958,2277,35.1,435,24,36,5.6,7.1,1091
Andaman and Nicobar Islands,neem,medicinal,52.8,very_low,kharif,hill_regions,1805,3729,113709,34.8,1324,21,31,5.8,8,579
Andaman and Nicobar Islands,aloe_vera,medicinal,53,very_low,kharif,hill_regions,8178,1302,15784,10.9,647,11,34,5.8,7.4,700
Andaman and Nicobar Islands,ashwagandha,medicinal,52.8,very_low,kharif,hill_regions,22329,7931,2490,36.2,355,24,29,5.8,8.5,1080
Andaman and Nicobar Islands,brahmi,medicinal,40.7,very_low,kharif,hill_regions,8975,1492,74541,46.6,230,13,25,5.6,7.8,957
Andaman and Nicobar Islands,kalmegh,medicinal,47.2,very_low,kharif,hill_regions,3803,2656,82629,43.5,725,24,26,6.3,7.5,1081
Andaman and Nicobar Islands,giloy,medicinal,53.8,very_low,kharif,hill_regions,8679,4198,106084,25.8,1228,21,25,5.7,7.5,905
Andaman and Nicobar Islands,stevia,medicinal,43.4,very_low,kharif,hill_regions,7692,5126,118734,41.2,666,21,41,6,7.4,1148
Andaman and Nicobar Islands,mentha_mint,medicinal,54.4,very_low,kharif,hill_regions,11408,1292,421,20.8,801,18,32,5.6,7.5,1039
Andaman and Nicobar Islands,lemongrass,medicinal,45,very_low,kharif,hill_regions,14944,6127,85396,10.7,1370,13,31,6.3,8.1,1106
Andaman and Nicobar Islands,citronella,medicinal,40.5,very_low,kharif,hill_regions,21835,4675,35305,29.5,452,24,39,6.1,8.2,779
Andaman and Nicobar Islands,palmarosa,medicinal,40.9,very_low,kharif,hill_regions,14905,6955,112644,9.4,522,10,41,5.7,7.6,542
Andaman and Nicobar Islands,vetiver,medicinal,54,very_low,kharif,hill_regions,17767,5214,108716,22.2,510,15,30,6.2,7.6,795
Andaman and Nicobar Islands,rosemary,medicinal,51.6,very_low,kharif,hill_regions,6583,4636,6744,11.8,282,21,30,5.9,8,1169
Andaman and Nicobar Islands,lavender,medicinal,52.2,very_low,kharif,hill_regions,3488,1343,5608,10.7,617,13,32,6.3,8.2,615
Andaman and Nicobar Islands,bamboo,timber,49.9,very_low,kharif,hill_regions,6843,5730,53768,29.7,349,18,39,6.4,7.2,669
Andaman and Nicobar Islands,eucalyptus,timber,47.3,very_low,kharif,hill_regions,7440,2159,32044,12,1330,19,33,6.4,7.4,1135
Andaman and Nicobar Islands,teak,timber,51.4,very_low,kharif,hill_regions,4872,6897,33058,49.4,1300,21,27,5.6,8,895
Andaman and Nicobar Islands,sal,timber,42.2,very_low,kharif,hill_regions,23694,3916,131761,28,246,11,40,6,7.9,851
Andaman and Nicobar Islands,sandalwood,timber,45.7,very_low,kharif,hill_regions,8354,4279,11857,5.9,222,10,28,5.7,7.4,868
Andaman and Nicobar Islands,rosewood,timber,43.6,very_low,kharif,hill_regions,19372,3693,134996,9.7,626,20,43,6.1,7.5,582
Andaman and Nicobar Islands,pine,timber,45.9,very_low,kharif,hill_regions,7694,4289,140063,15.7,1131,21,42,5.5,7.2,1159
Andaman and Nicobar Islands,deodar,timber,41.9,very_low,kharif,hill_regions,3463,6683,15431,8.9,856,13,38,6.2,7.9,1051
Andaman and Nicobar Islands,button_mushroom,mushroom,50.5,very_low,kharif,hill_regions,1204,6234,81440,43.3,463,13,36,5.7,7.4,1031
Andaman and Nicobar Islands,oyster_mushroom,mushroom,45,very_low,kharif,hill_regions,6691,2264,16103,5.7,951,18,26,5.6,7.7,1003
Andaman and Nicobar Islands,shiitake,mushroom,54.3,very_low,kharif,hill_regions,8179,2340,3237,20.1,946,19,25,6.4,7.1,495
Andaman and Nicobar Islands,milky_mushroom,mushroom,46.5,very_low,kharif,hill_regions,28662,1002,52155,27.6,1102,19,30,5.7,7,1058
Andaman and Nicobar Islands,rose,flowers,45.7,very_low,kharif,hill_regions,9017,6292,15460,41.5,1358,13,27,5.7,8.3,557
Andaman and Nicobar Islands,jasmine,flowers,43.5,very_low,kharif,hill_regions,19914,6825,176843,21.8,1321,18,38,5.8,8.5,1069
Andaman and Nicobar Islands,marigold,flowers,42.2,very_low,kharif,hill_regions,10573,1180,37872,29,466,23,42,6.5,7.2,371
Andaman and Nicobar Islands,chrysanthemum,flowers,48.3,very_low,kharif,hill_regions,7706,2686,107183,26.7,823,16,39,6.1,7.7,948
Andaman and Nicobar Islands,tuberose,flowers,43.9,very_low,kharif,hill_regions,10865,3293,120888,17.2,549,11,38,6.4,8,810
Andaman and Nicobar Islands,gladiolus,flowers,50.7,very_low,kharif,hill_regions,10063,4014,67365,5.8,651,11,42,6.2,7.5,595
Andaman and Nicobar Islands,lily,flowers,48.5,very_low,kharif,hill_regions,18731,1201,163150,44.7,316,21,30,5.7,7.8,797
Andaman and Nicobar Islands,orchid,flowers,47.1,very_low,kharif,hill_regions,6986,5217,92093,44.3,372,11,44,6.1,8.4,667
Andaman and Nicobar Islands,carnation,flowers,49.1,very_low,kharif,hill_regions,23553,1789,24048,28.5,272,20,44,6.3,7.4,1019
Andaman and Nicobar Islands,gerbera,flowers,49.4,very_low,kharif,hill_regions,7064,7277,28821,34.7,254,22,29,6.1,7.8,793
Andaman and Nicobar Islands,anthurium,flowers,43.8,very_low,kharif,hill_regions,12851,3978,107387,13.6,866,20,32,5.9,7.2,854
