N,P,K,ph,label
50,50,50,6.4,banana
50,56,42,5.922520630111956,banana
46,51,47,6.790557485235696,banana
50,50,50,6.4,cashewnut
49,59,47,6.021639680848964,cashewnut
48,47,54,6.764522984876698,cashewnut
50,50,50,6.4,ginger
43,41,48,6.883255605710956,ginger
47,43,47,6.594952172548385,ginger
50,50,50,6.4,sugarcane
59,41,40,6.181273269276429,sugarcane
47,41,57,6.355213380216546,sugarcane
50,50,50,6.4,sweet_potato
50,49,41,6.788714203411442,sweet_potato
49,54,42,5.971442050288962,sweet_potato
50,50,50,6.4,tapioca
57,41,41,6.874392761248615,tapioca
45,53,47,6.69701111286833,tapioca
50,50,50,6.4,arecanut
42,58,48,6.401444105525289,arecanut
40,51,55,6.847485785039728,arecanut
50,50,50,6.4,black_pepper
45,43,58,6.226094045978851,black_pepper
47,55,46,5.994938323437867,black_pepper
50,50,50,6.4,dry_chillies
46,44,53,6.226817891239682,dry_chillies
42,57,54,6.04788953056525,dry_chillies
50,50,50,6.4,other_oilseeds
57,57,59,6.1773178989267095,other_oilseeds
46,60,52,6.525265076414704,other_oilseeds
50,50,50,6.4,turmeric
55,41,49,6.352620073927177,turmeric
47,44,47,6.173822740227182,turmeric
50,75,75,5.1,banana
50,74,84,5.251915841946216,banana
46,72,81,5.249184499401194,banana
50,75,75,5.1,cashewnut
49,78,71,4.6910154220718505,cashewnut
54,67,74,4.878240212890913,cashewnut
50,75,75,5.1,ginger
59,65,82,5.22917649620407,ginger
46,73,85,4.902594080247738,ginger
50,75,75,5.1,sugarcane
50,84,68,4.914291699915919,sugarcane
46,68,66,4.9218213269647535,sugarcane
50,75,75,5.1,sweet_potato
49,79,67,4.893249661637367,sweet_potato
53,83,71,5.3616980782336885,sweet_potato
50,75,75,5.1,tapioca
44,85,72,5.580447691019889,tapioca
58,67,72,5.524719510699471,tapioca
50,75,75,5.1,other_oilseeds
57,81,72,4.731963725703695,other_oilseeds
59,80,71,4.879592781349645,other_oilseeds
50,75,75,5.1,arecanut
52,69,81,5.5240886948265375,arecanut
40,70,80,5.282940074140971,arecanut
50,75,75,5.1,black_pepper
41,79,79,4.941856806807729,black_pepper
40,80,73,4.729999526458933,black_pepper
50,75,75,5.1,dry_chillies
49,83,66,4.796097984099176,dry_chillies
56,80,76,5.274730988312142,dry_chillies
50,75,75,5.1,turmeric
42,66,69,4.834664022295109,turmeric
43,81,77,5.537412944590808,turmeric
50,75,75,5.1,oilseeds_total
45,84,68,5.0105902970119125,oilseeds_total
47,65,65,4.933763634822111,oilseeds_total
75,50,75,7.7,arecanut
80,50,76,7.992266332734749,arecanut
76,58,66,7.909596816603993,arecanut
75,50,75,7.7,banana
72,59,81,7.919656794860404,banana
77,51,84,7.525227774266948,banana
75,50,75,7.7,black_pepper
72,47,82,8.14605067215381,black_pepper
69,55,84,8.159875871580725,black_pepper
75,50,75,7.7,cashewnut
81,49,72,7.279150594995083,cashewnut
67,43,65,7.512205343002993,cashewnut
75,50,75,7.7,dry_chillies
78,47,65,7.885551307294241,dry_chillies
69,49,72,7.915992333817197,dry_chillies
75,50,75,7.7,ginger
82,58,71,8.133217371384003,ginger
68,42,83,7.843217828049895,ginger
75,50,75,7.7,sugarcane
76,53,76,8.102595801412777,sugarcane
81,44,80,7.919043784746628,sugarcane
75,50,75,7.7,other_oilseeds
83,49,67,7.212823763846183,other_oilseeds
66,58,75,7.618982197728992,other_oilseeds
75,50,75,7.7,sweet_potato
85,46,65,7.942093175943406,sweet_potato
79,51,81,7.465982487841778,sweet_potato
75,50,75,7.7,tapioca
77,49,84,8.0738088951414,tapioca
77,57,74,7.7663122721682925,tapioca
75,50,75,7.7,turmeric
85,53,83,7.401610669145391,turmeric
69,52,75,8.16721372112532,turmeric
75,50,75,7.7,oilseeds_total
81,44,67,7.3591041843669105,oilseeds_total
80,45,72,7.5597196583125115,oilseeds_total
50,25,25,7.7,black_pepper
51,30,32,7.591205140626637,black_pepper
47,29,34,7.7933513689566976,black_pepper
50,25,50,5.7,sugarcane
46,16,46,5.645708151509919,sugarcane
53,21,44,5.499677506095646,sugarcane
50,25,50,5.7,dry_chillies
45,23,56,5.56192861522788,dry_chillies
56,23,60,5.793194862726104,dry_chillies
50,25,50,5.7,onion
45,30,48,5.248553155863737,onion
54,19,43,5.707901645241236,onion
50,25,50,5.7,tobacco
52,16,51,5.533573277131508,tobacco
42,29,60,5.332632533906096,tobacco
50,25,50,5.7,banana
59,34,48,5.637563264890931,banana
59,21,60,5.986105261643138,banana
50,25,50,5.7,cashewnut
45,17,55,6.02028834494984,cashewnut
42,18,53,5.781699231761851,cashewnut
50,25,50,5.7,coriander
52,17,52,5.771653912154417,coriander
59,32,46,5.660556123498016,coriander
50,25,50,5.7,potato
52,15,53,5.961811897316773,potato
53,22,56,5.600093308292532,potato
50,25,50,5.7,sweet_potato
43,21,41,5.361720793426892,sweet_potato
45,24,44,5.964115179326838,sweet_potato
50,25,50,5.7,tapioca
60,26,41,5.756202769532501,tapioca
43,28,44,5.953238526744649,tapioca
50,25,50,5.7,turmeric
40,29,41,5.3476337541462025,turmeric
48,19,50,6.152600098393977,turmeric
50,25,50,5.7,bhindi
48,29,45,5.465423251217985,bhindi
47,35,42,5.9704035385644705,bhindi
50,25,50,5.7,brinjal
51,27,47,5.827269083884018,brinjal
44,34,50,6.1552019043489725,brinjal
50,25,50,5.7,cabbage
47,22,42,5.483188596683633,cabbage
56,32,57,5.662564830921127,cabbage
50,25,50,5.7,citrus_fruit
45,22,42,5.892129841414676,citrus_fruit
47,32,42,5.671177738457251,citrus_fruit
50,25,50,5.7,cucumber
60,16,40,5.724078123973483,cucumber
59,30,42,5.225333923506511,cucumber
50,25,50,5.7,grapes
51,27,54,5.675559657330619,grapes
56,35,41,5.608476467482785,grapes
50,25,50,5.7,mango
40,19,55,5.9721222964004,mango
41,22,47,5.402097095630836,mango
50,25,50,5.7,orange
54,19,57,6.070892973717358,orange
46,29,42,5.241996931696223,orange
50,25,50,5.7,other_fresh_fruits
47,33,50,6.039617555217128,other_fresh_fruits
52,31,44,5.910797476265015,other_fresh_fruits
50,25,50,5.7,other_vegetables
59,23,50,5.588049697718281,other_vegetables
56,15,45,5.844643572561853,other_vegetables
50,25,50,5.7,papaya
41,28,57,5.308228572228701,papaya
52,18,43,5.462656792971653,papaya
50,25,50,5.7,peas_vegetable
50,27,57,5.963633286998569,peas_vegetable
44,24,54,5.6317985974352665,peas_vegetable
50,25,50,5.7,pome_fruit
41,30,41,6.050692619056504,pome_fruit
45,31,49,5.231712025808092,pome_fruit
50,25,50,5.7,tomato
52,19,42,5.893677767261828,tomato
42,22,54,6.064893230592797,tomato
50,25,50,5.7,sunflower
59,30,44,5.943935981264707,sunflower
52,17,41,5.9246941879557,sunflower
25,75,50,6.7,sugarcane
20,75,56,6.802394675938274,sugarcane
26,81,58,7.160727333479907,sugarcane
25,75,50,6.7,tobacco
19,65,55,7.1060516893465895,tobacco
29,79,55,6.97114768021876,tobacco
25,75,50,6.7,dry_chillies
26,85,55,6.442645870645323,dry_chillies
35,82,59,6.835680726917631,dry_chillies
25,75,50,6.7,onion
25,74,47,6.79826269464811,onion
21,73,50,6.833101229513047,onion
25,75,50,6.7,arecanut
20,74,55,6.8466511508231065,arecanut
28,79,54,6.5874631012553415,arecanut
25,75,50,6.7,banana
20,66,46,6.557061537149115,banana
31,74,53,6.540192072710342,banana
25,75,50,6.7,cashewnut
21,77,46,6.696241614191181,cashewnut
33,81,47,6.325470445801238,cashewnut
25,75,50,6.7,coriander
18,81,48,6.616843464960036,coriander
19,81,43,6.312241889978759,coriander
25,75,50,6.7,sweet_potato
18,78,50,6.408749154542478,sweet_potato
27,78,53,6.557080422843972,sweet_potato
25,75,50,6.7,tapioca
34,81,46,6.619533791412225,tapioca
25,77,45,6.283880475554373,tapioca
25,75,50,6.7,turmeric
15,65,45,6.751100633419163,turmeric
22,67,55,6.2485162138402215,turmeric
25,75,50,6.7,bhindi
24,77,46,6.345184093241567,bhindi
27,76,53,6.7746537108696625,bhindi
25,75,50,6.7,bottle_gourd
35,79,59,6.729049326101215,bottle_gourd
29,80,44,7.098853385442871,bottle_gourd
25,75,50,6.7,brinjal
32,77,59,6.685478044434583,brinjal
27,68,45,7.158865845603909,brinjal
25,75,50,6.7,cabbage
19,78,42,6.613853867506438,cabbage
34,70,60,6.747938900769954,cabbage
25,75,50,6.7,citrus_fruit
29,76,43,7.1025598366793155,citrus_fruit
33,85,54,6.620868146007935,citrus_fruit
25,75,50,6.7,cucumber
26,77,45,6.722595954580567,cucumber
27,83,40,7.020720093039491,cucumber
25,75,50,6.7,mango
15,74,55,6.997473932096614,mango
25,82,58,6.275343601560534,mango
25,75,50,6.7,orange
31,75,56,6.977565888311613,orange
33,81,48,7.110637374179019,orange
25,75,50,6.7,other_fresh_fruits
33,65,41,7.064740465509106,other_fresh_fruits
22,79,59,6.6152265013012554,other_fresh_fruits
25,75,50,6.7,other_vegetables
17,80,53,6.771263146581231,other_vegetables
20,66,56,6.209913822690794,other_vegetables
25,75,50,6.7,papaya
23,83,54,7.1525524791432735,papaya
17,82,46,6.506549138698579,papaya
25,75,50,6.7,pome_fruit
25,78,55,6.808485101325686,pome_fruit
32,65,60,6.626488979638651,pome_fruit
25,75,50,6.7,tomato
22,78,45,7.098722586217288,tomato
26,77,47,7.048425190943323,tomato
25,75,50,6.7,ginger
29,85,59,6.688305469210114,ginger
23,80,47,6.7484788850733,ginger
25,75,50,6.7,sunflower
18,72,60,7.096914318713345,sunflower
19,78,47,6.523845967448113,sunflower
25,75,50,6.7,sannhamp
16,71,42,7.01492944803028,sannhamp
18,73,47,6.6915158750248604,sannhamp
25,75,50,6.7,black_pepper
32,83,41,6.727023253798669,black_pepper
21,84,51,6.71997205958893,black_pepper
50,25,25,6.6,black_pepper
51,35,23,7.053769296112052,black_pepper
49,17,29,6.557364813040888,black_pepper
75,50,50,7.4,sugarcane
71,54,56,7.635822120522144,sugarcane
67,48,48,7.210230279668634,sugarcane
75,50,50,7.4,tobacco
72,41,52,7.367007782303303,tobacco
78,51,42,7.33108737051929,tobacco
75,50,50,7.4,dry_chillies
66,46,47,7.170936780001251,dry_chillies
66,51,51,7.507237764155894,dry_chillies
75,50,50,7.4,onion
73,58,59,7.552507503605126,onion
65,59,42,7.764459507149052,onion
75,50,50,7.4,banana
71,41,48,7.2846810720642186,banana
69,40,49,6.975214198041009,banana
75,50,50,7.4,cashewnut
81,56,57,7.067514833273226,cashewnut
69,42,40,7.830080671077319,cashewnut
75,50,50,7.4,coriander
73,58,52,7.494532073122297,coriander
68,55,52,7.878992644137963,coriander
75,50,50,7.4,sweet_potato
85,41,60,7.774882725445135,sweet_potato
68,43,54,7.362023422704183,sweet_potato
75,50,50,7.4,turmeric
71,45,49,7.362588855455641,turmeric
72,45,41,6.971293617993163,turmeric
75,50,50,7.4,bhindi
74,56,52,7.813718019993569,bhindi
69,47,58,7.8454713092456085,bhindi
75,50,50,7.4,bottle_gourd
85,41,46,7.471269884751131,bottle_gourd
74,53,55,7.862750314643009,bottle_gourd
75,50,50,7.4,brinjal
71,42,50,6.9073687547558595,brinjal
80,41,40,7.730381554507833,brinjal
75,50,50,7.4,cabbage
76,43,43,7.736387986048091,cabbage
67,48,55,7.615127195461714,cabbage
75,50,50,7.4,citrus_fruit
71,60,58,7.161726478524518,citrus_fruit
82,58,41,6.950410920832253,citrus_fruit
75,50,50,7.4,cucumber
81,53,55,6.9899103719779445,cucumber
73,52,43,7.720682284246151,cucumber
75,50,50,7.4,mango
75,56,53,6.911186245109016,mango
84,59,41,6.920657230932853,mango
75,50,50,7.4,orange
70,57,60,7.59561970370059,orange
84,55,55,7.722930705702811,orange
75,50,50,7.4,other_fresh_fruits
72,56,41,7.496865336552054,other_fresh_fruits
76,58,59,7.42611491727645,other_fresh_fruits
75,50,50,7.4,other_vegetables
83,45,42,7.567373908369902,other_vegetables
70,44,60,7.868886982852963,other_vegetables
75,50,50,7.4,papaya
66,55,54,7.52388021050622,papaya
82,54,58,7.785781930334198,papaya
75,50,50,7.4,pome_fruit
76,41,53,7.488434044669961,pome_fruit
80,40,45,7.614130909912102,pome_fruit
75,50,50,7.4,tomato
83,46,50,7.005129614960344,tomato
67,41,50,7.742138926588623,tomato
75,50,50,7.4,tapioca
83,49,58,7.65486305275275,tapioca
73,42,55,7.44087624698395,tapioca
75,50,50,7.4,sunflower
70,45,40,7.716926312935691,sunflower
79,58,52,7.608512623717132,sunflower
75,50,50,7.4,sannhamp
85,43,41,7.516299993668033,sannhamp
70,45,49,7.609982731794652,sannhamp
50,75,75,7.1,sugarcane
56,73,65,6.685620273833354,sugarcane
55,65,85,6.6582894453667585,sugarcane
50,75,75,7.1,tobacco
58,71,78,7.342413933846953,tobacco
50,82,71,7.122050854365808,tobacco
50,75,75,7.1,dry_chillies
47,73,66,7.295645877063467,dry_chillies
43,79,79,6.708946911125718,dry_chillies
50,75,75,7.1,onion
41,84,83,6.6029441360964345,onion
58,80,85,6.878071800532079,onion
50,75,75,7.1,banana
40,65,73,6.667443885654558,banana
45,65,74,6.892939707071536,banana
50,75,75,7.1,cashewnut
51,65,83,7.004879124792576,cashewnut
40,76,83,7.111268812419317,cashewnut
50,75,75,7.1,coriander
47,75,74,6.7966456515190545,coriander
53,77,76,6.8651425610074455,coriander
50,75,75,7.1,sweet_potato
53,69,81,7.221846907988125,sweet_potato
49,71,74,7.0166764277396405,sweet_potato
50,75,75,7.1,turmeric
49,77,75,7.567220497670735,turmeric
46,76,85,6.685029288531546,turmeric
50,75,75,7.1,bhindi
41,77,85,6.758269353603717,bhindi
50,68,84,7.241488570325314,bhindi
50,75,75,7.1,bottle_gourd
47,70,69,6.946473414638815,bottle_gourd
46,76,81,7.319026374302924,bottle_gourd
50,75,75,7.1,brinjal
50,71,69,6.78415966555367,brinjal
51,79,84,6.947204442739431,brinjal
50,75,75,7.1,citrus_fruit
50,68,85,7.133187622024526,citrus_fruit
40,79,75,6.741336561902548,citrus_fruit
50,75,75,7.1,cucumber
51,85,74,7.278747771124345,cucumber
55,76,72,6.831949840679092,cucumber
50,75,75,7.1,mango
45,82,78,6.8294804379959535,mango
44,76,79,7.079357808132208,mango
50,75,75,7.1,orange
54,66,83,7.2313185818570735,orange
50,79,72,7.225497996225538,orange
50,75,75,7.1,other_fresh_fruits
51,78,73,7.065970881325655,other_fresh_fruits
50,77,78,6.601539547268224,other_fresh_fruits
50,75,75,7.1,other_vegetables
41,77,80,7.132533826838842,other_vegetables
57,78,76,6.985839951811157,other_vegetables
50,75,75,7.1,papaya
60,70,84,6.935607745962805,papaya
53,69,83,6.882450351504856,papaya
50,75,75,7.1,pome_fruit
46,69,72,6.692266615775213,pome_fruit
42,75,85,7.22648376444165,pome_fruit
50,75,75,7.1,tomato
49,75,70,7.426061141901744,tomato
57,65,67,6.726855208422382,tomato
50,75,75,7.1,ginger
56,70,68,6.61344679239019,ginger
55,85,79,7.3565935603057255,ginger
50,75,75,7.1,sunflower
60,80,69,7.23655622538357,sunflower
44,84,72,6.862322125261441,sunflower
50,75,75,7.1,garlic
52,72,71,6.671281312012001,garlic
44,65,78,6.836820204764072,garlic
50,75,75,7.1,potato
53,81,69,7.443429470034565,potato
45,73,67,6.661989014642637,potato
50,75,50,6.8,sugarcane
59,82,60,6.742850418638916,sugarcane
60,82,52,6.773942444235299,sugarcane
50,75,50,6.8,tobacco
54,80,53,6.373016085924749,tobacco
58,70,42,6.807725961709765,tobacco
50,75,50,6.8,dry_chillies
42,65,54,6.474802682572506,dry_chillies
48,79,43,6.3597908478291405,dry_chillies
50,75,50,6.8,onion
42,79,60,7.1417406152269,onion
48,67,49,7.02067439792991,onion
50,75,50,6.8,arecanut
58,69,49,6.57641215133756,arecanut
53,77,41,6.758505238131708,arecanut
50,75,50,6.8,banana
42,85,54,6.569632514141364,banana
60,65,59,6.557477271224496,banana
50,75,50,6.8,cashewnut
54,73,43,6.8568732748037355,cashewnut
42,69,58,6.764081051768754,cashewnut
50,75,50,6.8,ginger
50,70,59,7.000406960316063,ginger
56,67,46,7.246946299161739,ginger
50,75,50,6.8,sweet_potato
53,70,59,6.856304203059116,sweet_potato
60,77,59,6.477934183014998,sweet_potato
50,75,50,6.8,tapioca
60,79,46,6.754280362219952,tapioca
54,68,51,7.25864028107653,tapioca
50,75,50,6.8,turmeric
57,79,53,6.935121792497405,turmeric
59,83,43,6.5713777155578805,turmeric
50,75,50,6.8,coriander
51,73,46,6.924785022774014,coriander
53,66,57,6.677286232110615,coriander
50,75,50,6.8,bhindi
47,68,43,7.005827035989969,bhindi
42,81,58,7.000457112069666,bhindi
50,75,50,6.8,bottle_gourd
40,76,57,6.939546450554018,bottle_gourd
51,72,46,6.792572764717667,bottle_gourd
50,75,50,6.8,brinjal
60,80,52,6.925602698859066,brinjal
49,82,46,7.2221656460997075,brinjal
50,75,50,6.8,cabbage
60,73,47,6.492720158723992,cabbage
45,71,44,7.293011524978145,cabbage
50,75,50,6.8,citrus_fruit
49,81,56,6.408818956384754,citrus_fruit
44,83,53,6.607784979084746,citrus_fruit
50,75,50,6.8,cucumber
56,77,48,7.145825638051719,cucumber
59,84,53,6.8124085240423495,cucumber
50,75,50,6.8,mango
48,83,42,6.969156877167895,mango
48,73,41,6.611649148222526,mango
50,75,50,6.8,orange
55,67,43,7.064368296194844,orange
51,74,57,6.717385929583096,orange
50,75,50,6.8,other_fresh_fruits
49,79,57,7.2886512430435655,other_fresh_fruits
40,78,45,6.325541651459534,other_fresh_fruits
50,75,50,6.8,other_vegetables
45,77,57,6.754300282303128,other_vegetables
41,78,59,6.920779114911344,other_vegetables
50,75,50,6.8,papaya
56,70,51,6.420916951419457,papaya
58,85,50,6.705068065632448,papaya
50,75,50,6.8,peas_vegetable
60,79,56,6.894310037573593,peas_vegetable
50,79,49,6.4495544224676316,peas_vegetable
50,75,50,6.8,pome_fruit
44,81,51,6.457789558518187,pome_fruit
42,84,54,6.559295449977667,pome_fruit
50,75,50,6.8,tomato
47,79,58,6.651943912512419,tomato
43,81,43,7.072411316295432,tomato
50,75,50,6.8,sunflower
59,82,43,6.6176516299423325,sunflower
60,75,55,6.542625929185287,sunflower
75,25,50,6.3,sugarcane
68,24,56,6.483877358498225,sugarcane
69,25,43,6.761454939473584,sugarcane
75,25,50,6.3,tobacco
76,21,46,6.667008390860464,tobacco
69,16,43,6.089031299711912,tobacco
75,25,50,6.3,dry_chillies
80,15,42,6.077715618514125,dry_chillies
71,35,49,6.1703183971982245,dry_chillies
75,25,50,6.3,onion
66,35,49,6.458118211339252,onion
76,30,47,6.0647050238175595,onion
75,25,50,6.3,banana
65,25,48,6.538677738273189,banana
74,25,48,6.064696003096359,banana
75,25,50,6.3,coriander
69,22,47,5.8033577668704535,coriander
76,26,57,5.998516889303719,coriander
75,25,50,6.3,sweet_potato
69,29,55,6.478080706713042,sweet_potato
66,25,48,6.742988638337778,sweet_potato
75,25,50,6.3,turmeric
73,18,54,5.995271511786041,turmeric
78,29,45,5.97537436175596,turmeric
75,25,50,6.3,bhindi
85,32,57,6.3441254091598624,bhindi
83,15,54,6.649362210616156,bhindi
75,25,50,6.3,bottle_gourd
69,34,45,6.584903886098385,bottle_gourd
83,33,54,6.142463116464009,bottle_gourd
75,25,50,6.3,brinjal
70,19,48,5.865840249082218,brinjal
67,23,55,6.206781346130765,brinjal
75,25,50,6.3,cabbage
69,27,47,6.091104352491988,cabbage
75,30,55,6.703695341118754,cabbage
75,25,50,6.3,citrus_fruit
79,28,57,6.454865914223741,citrus_fruit
72,17,46,6.382915124193206,citrus_fruit
75,25,50,6.3,cucumber
65,31,50,6.7136277847072385,cucumber
81,22,44,6.3817136169080495,cucumber
75,25,50,6.3,mango
72,33,53,5.897928855453241,mango
83,26,55,6.356410895163203,mango
75,25,50,6.3,orange
78,29,41,5.893812896270292,orange
70,35,56,6.413691207675918,orange
75,25,50,6.3,other_fresh_fruits
69,18,45,6.795198098716261,other_fresh_fruits
75,33,51,6.6220639895272635,other_fresh_fruits
75,25,50,6.3,other_vegetables
65,34,56,6.71395620594262,other_vegetables
66,26,53,6.2626978854338535,other_vegetables
75,25,50,6.3,papaya
72,35,55,6.242711262088158,papaya
81,17,53,6.736105669937792,papaya
75,25,50,6.3,pome_fruit
74,18,48,5.819764598988103,pome_fruit
74,17,50,5.97048043314973,pome_fruit
75,25,50,6.3,potato
70,35,40,5.868606607438861,potato
80,29,60,5.86349907269507,potato
75,25,50,6.3,tomato
70,17,59,5.99128782832979,tomato
68,22,56,5.975945144027969,tomato
75,25,50,6.3,grapes
70,29,46,6.168239535679795,grapes
80,30,59,6.242018467167588,grapes
75,25,50,6.3,sunflower
67,22,44,6.716994545851027,sunflower
65,33,51,5.824926120877956,sunflower
75,25,50,6.3,ginger
79,27,56,5.837893440946357,ginger
75,23,59,6.069780887481882,ginger
75,25,50,6.3,sannhamp
79,20,48,6.305431952758303,sannhamp
82,30,46,6.4446471076643155,sannhamp
75,25,50,6.3,coconut
70,23,59,6.4522369634206616,coconut
66,16,47,5.969368240652731,coconut
50,50,50,8.4,sugarcane
40,57,56,8.630514779893382,sugarcane
43,48,47,8.568046173355695,sugarcane
50,50,50,8.4,tobacco
53,51,59,8.586927619160218,tobacco
49,50,59,7.910999519319166,tobacco
50,50,50,8.4,dry_chillies
53,42,43,8.888699004550395,dry_chillies
47,59,55,8.858913598491029,dry_chillies
50,50,50,8.4,onion
50,58,57,8.232211550634107,onion
43,60,48,8.268922754028946,onion
50,50,50,8.4,banana
45,45,45,8.331470795565863,banana
49,55,45,8.892237535760096,banana
50,50,50,8.4,cashewnut
40,58,55,7.936684400983174,cashewnut
49,48,49,8.86873814839102,cashewnut
50,50,50,8.4,coriander
46,60,47,8.503320166633857,coriander
52,45,52,8.40650820868614,coriander
50,50,50,8.4,sweet_potato
43,56,51,8.114880033825735,sweet_potato
42,52,46,8.382938262885348,sweet_potato
50,50,50,8.4,turmeric
53,58,57,7.9472411179943965,turmeric
56,60,55,8.869961581062123,turmeric
50,50,50,8.4,bhindi
45,49,55,8.861692218870008,bhindi
59,58,46,7.971204328680059,bhindi
50,50,50,8.4,bottle_gourd
45,42,52,8.18960223114544,bottle_gourd
58,53,59,8.141761559664625,bottle_gourd
50,50,50,8.4,brinjal
47,40,47,8.590797717809101,brinjal
58,46,44,8.254909093955007,brinjal
50,50,50,8.4,citrus_fruit
58,53,45,8.749046272080223,citrus_fruit
53,56,50,8.023498325765372,citrus_fruit
50,50,50,8.4,cucumber
53,51,44,8.001615159903295,cucumber
60,59,45,8.531436230765763,cucumber
50,50,50,8.4,mango
55,45,45,8.192666831389362,mango
44,47,60,8.839320614796904,mango
50,50,50,8.4,orange
57,41,53,8.288555003543578,orange
41,60,40,8.319538010078709,orange
50,50,50,8.4,other_fresh_fruits
60,46,53,8.489287053309086,other_fresh_fruits
52,40,60,8.150287985048356,other_fresh_fruits
50,50,50,8.4,other_vegetables
53,57,58,8.79647821980288,other_vegetables
59,57,55,8.707697501876181,other_vegetables
50,50,50,8.4,papaya
40,54,60,8.146225459712138,papaya
59,60,52,8.622777774448359,papaya
50,50,50,8.4,pome_fruit
48,43,45,7.993080147709998,pome_fruit
56,60,58,8.871162055535702,pome_fruit
50,50,50,8.4,tomato
43,60,46,8.452801671446412,tomato
54,43,46,8.705871076241296,tomato
50,50,50,8.4,cabbage
60,43,59,8.862598038648747,cabbage
50,42,47,8.668623805804225,cabbage
50,50,50,8.4,sunflower
53,43,44,8.802526473741942,sunflower
56,46,48,8.642140917074679,sunflower
50,50,50,8.4,sannhamp
55,44,53,7.9836186418117325,sannhamp
47,51,40,8.855564533841182,sannhamp
50,25,50,6.5,sugarcane
42,35,42,6.5759986681927,sugarcane
47,29,49,6.644536728023413,sugarcane
50,25,50,6.5,tobacco
58,23,60,6.303970974243124,tobacco
55,32,55,6.1218792554922725,tobacco
50,25,50,6.5,dry_chillies
47,34,42,6.949596784176021,dry_chillies
54,32,45,6.845438606106591,dry_chillies
50,25,50,6.5,onion
53,16,54,6.1344645770049055,onion
57,26,42,6.714743595095383,onion
50,25,50,6.5,banana
46,29,53,6.426166225848051,banana
54,34,56,6.244328327960202,banana
50,25,50,6.5,cashewnut
47,26,60,6.201721130269437,cashewnut
51,33,47,6.961739074108951,cashewnut
50,25,50,6.5,coriander
44,18,51,6.020513538755037,coriander
48,19,53,6.608960199302203,coriander
50,25,50,6.5,sweet_potato
50,15,47,6.847291085540737,sweet_potato
44,17,46,6.748808493826699,sweet_potato
50,25,50,6.5,tapioca
52,24,57,6.678547644702707,tapioca
56,34,42,6.45789659618284,tapioca
50,25,50,6.5,turmeric
48,34,43,6.68031853182304,turmeric
51,25,50,6.717949874039368,turmeric
50,25,50,6.5,bhindi
42,24,43,6.138653266298965,bhindi
46,27,57,6.678312249254683,bhindi
50,25,50,6.5,bottle_gourd
44,28,54,6.0359690510054,bottle_gourd
42,21,53,6.565412167618846,bottle_gourd
50,25,50,6.5,brinjal
59,33,56,6.58739566969164,brinjal
48,17,59,6.785933078225946,brinjal
50,25,50,6.5,citrus_fruit
47,27,44,6.850333109383151,citrus_fruit
56,22,45,6.815700365156695,citrus_fruit
50,25,50,6.5,cucumber
49,27,41,6.49196781847994,cucumber
50,26,45,6.098367212793926,cucumber
50,25,50,6.5,mango
47,25,45,6.5124066742071385,mango
44,22,41,6.05222273574624,mango
50,25,50,6.5,orange
48,21,44,6.314934651760008,orange
57,35,60,6.532183937210911,orange
50,25,50,6.5,other_fresh_fruits
55,30,43,6.12531813204791,other_fresh_fruits
51,24,60,6.116730726149126,other_fresh_fruits
50,25,50,6.5,other_vegetables
44,23,58,6.640331237656824,other_vegetables
47,15,44,6.775058094055188,other_vegetables
50,25,50,6.5,papaya
58,25,55,6.497262623126962,papaya
51,31,46,6.304647114479235,papaya
50,25,50,6.5,peas_vegetable
46,21,45,6.251261130378753,peas_vegetable
44,26,57,6.281736933386799,peas_vegetable
50,25,50,6.5,pome_fruit
50,32,48,6.302540733072207,pome_fruit
46,33,54,6.3571454998209305,pome_fruit
50,25,50,6.5,tomato
53,32,42,6.808070329088366,tomato
48,18,43,6.854824853725154,tomato
50,25,50,6.5,sunflower
45,18,46,6.023759596546404,sunflower
48,24,44,6.226346814493231,sunflower
75,50,50,5.5,sugarcane
84,50,51,5.155238560820714,sugarcane
81,43,60,5.763249526919149,sugarcane
75,50,50,5.5,dry_chillies
79,52,41,5.00971518095054,dry_chillies
78,50,47,5.245113606819763,dry_chillies
75,50,50,5.5,onion
78,44,54,5.459631165157702,onion
84,50,55,5.55174907132672,onion
75,50,50,5.5,banana
83,44,51,5.1809216032637195,banana
84,54,45,5.770209426402156,banana
75,50,50,5.5,cashewnut
66,60,46,5.000193089085971,cashewnut
72,58,42,5.417063063305998,cashewnut
75,50,50,5.5,ginger
71,60,52,5.184342399964482,ginger
80,48,42,5.174675308057732,ginger
75,50,50,5.5,potato
69,51,40,5.509735342408591,potato
68,60,50,5.064896214531458,potato
75,50,50,5.5,sweet_potato
70,41,48,5.172560215220075,sweet_potato
68,56,46,5.827980432159718,sweet_potato
75,50,50,5.5,tapioca
74,45,57,5.317027570793343,tapioca
80,47,45,5.532435766888809,tapioca
75,50,50,5.5,tobacco
75,46,49,5.381395656521148,tobacco
75,44,45,5.258332197054255,tobacco
75,50,50,5.5,turmeric
72,46,58,5.827567200540848,turmeric
76,59,48,5.6327955706183905,turmeric
75,50,50,5.5,bhindi
67,46,47,5.384318631848837,bhindi
84,43,53,5.8415704165757,bhindi
75,50,50,5.5,bottle_gourd
74,45,50,5.046262306183131,bottle_gourd
68,50,51,5.81049753868872,bottle_gourd
75,50,50,5.5,brinjal
82,47,51,5.389072518035272,brinjal
69,49,51,5.066107842096848,brinjal
75,50,50,5.5,cabbage
78,45,58,5.19063769263319,cabbage
83,52,57,5.7229103096666805,cabbage
75,50,50,5.5,mango
70,40,52,5.1729490840055075,mango
69,47,40,5.9860797663204846,mango
75,50,50,5.5,other_fresh_fruits
66,51,58,5.150775947682025,other_fresh_fruits
83,48,45,5.380531888141109,other_fresh_fruits
75,50,50,5.5,other_vegetables
85,58,58,5.033576957975554,other_vegetables
68,60,48,5.068888502003821,other_vegetables
75,50,50,5.5,pome_fruit
65,54,56,5.693516923525673,pome_fruit
71,55,41,5.752768386819525,pome_fruit
75,50,50,5.5,tomato
71,50,45,5.306650880005366,tomato
74,58,41,5.58128555006482,tomato
75,50,50,5.5,sunflower
73,42,57,5.498913080315751,sunflower
70,42,42,5.1432298400419905,sunflower
75,50,50,5.5,coriander
77,57,46,5.740892657324126,coriander
78,43,51,5.600606949509862,coriander
75,50,50,5.5,garlic
78,42,55,5.71495000759516,garlic
76,46,50,5.3693340951719915,garlic
50,25,50,6.4,dry_chillies
53,32,58,6.630798104816388,dry_chillies
48,26,47,6.542457281130705,dry_chillies
50,25,50,6.4,ginger
59,32,41,6.636195837318078,ginger
50,23,50,6.727694241439704,ginger
50,25,50,6.4,potato
58,34,52,6.068865600266135,potato
52,18,50,6.188241556347214,potato
50,25,50,6.4,sugarcane
43,19,41,6.537178482430079,sugarcane
48,35,41,6.328933640069009,sugarcane
50,25,50,6.4,turmeric
46,32,60,6.398275805434997,turmeric
58,26,51,6.263933136543791,turmeric
50,25,50,6.4,oilseeds_total
49,20,47,6.890550032188532,oilseeds_total
56,34,49,6.685414193664172,oilseeds_total
50,50,50,7.5,oilseeds_total
60,48,44,7.173473684376242,oilseeds_total
52,50,56,7.3576162394228835,oilseeds_total
50,50,50,7.5,dry_chillies
48,54,40,7.577328837307881,dry_chillies
47,59,42,7.54957721770895,dry_chillies
50,50,50,7.5,ginger
42,50,43,7.016604606289443,ginger
60,59,52,7.623230140574114,ginger
50,50,50,7.5,potato
41,59,54,7.202027444318867,potato
48,59,55,7.369294160722334,potato
50,50,50,7.5,sugarcane
52,57,46,7.686337705566234,sugarcane
53,55,41,7.2769510409322375,sugarcane
50,50,50,7.5,turmeric
54,60,40,7.731501765593765,turmeric
47,44,42,7.245997301016352,turmeric
50,50,50,7.5,pulses_total
51,53,45,7.668044409039782,pulses_total
53,45,49,7.58631237803749,pulses_total
75,25,75,6.4,oilseeds_total
85,21,78,6.65509850269326,oilseeds_total
70,28,65,6.693289867871869,oilseeds_total
75,25,75,6.4,dry_chillies
82,19,77,6.6557429151696095,dry_chillies
65,18,67,5.982773852555958,dry_chillies
75,25,75,6.4,ginger
73,23,74,6.611475601956945,ginger
69,28,85,6.314918397851683,ginger
75,25,75,6.4,potato
82,26,68,6.3934062650251375,potato
80,31,77,6.246827542631655,potato
75,25,75,6.4,pulses_total
83,18,75,6.5711352801107275,pulses_total
78,17,68,6.460950689851417,pulses_total
75,25,75,6.4,sugarcane
69,27,73,6.479172501468084,sugarcane
76,15,74,6.162187525710863,sugarcane
75,25,75,6.4,turmeric
71,29,83,6.2489660560409925,turmeric
78,34,65,6.777393816052954,turmeric
25,25,25,6.5,oilseeds_total
24,34,30,6.496291721945264,oilseeds_total
30,23,15,6.666823563164991,oilseeds_total
25,25,25,6.5,dry_chillies
24,22,17,6.27942033578724,dry_chillies
20,26,18,6.610682523022473,dry_chillies
25,25,25,6.5,ginger
22,20,24,6.8034528200756865,ginger
21,22,30,6.8362960391127805,ginger
25,25,25,6.5,potato
16,26,20,6.37976228154094,potato
30,21,25,6.763124144987876,potato
25,25,25,6.5,pulses_total
30,18,28,6.934819289399416,pulses_total
34,17,30,6.139526216703356,pulses_total
25,25,25,6.5,sugarcane
16,18,16,6.684722675214957,sugarcane
26,17,17,6.1156921578299075,sugarcane
25,25,25,6.5,turmeric
27,24,26,6.08634682576754,turmeric
17,28,29,6.401629171697209,turmeric
50,75,50,7.3,oilseeds_total
46,74,53,7.3780152190832196,oilseeds_total
48,69,56,6.916487405456035,oilseeds_total
50,75,50,7.3,dry_chillies
54,81,52,7.059432476415292,dry_chillies
50,77,60,7.229353545672864,dry_chillies
50,75,50,7.3,ginger
59,75,40,7.7994362062640965,ginger
59,66,45,7.55335138862859,ginger
50,75,50,7.3,potato
57,78,54,7.369962365508045,potato
59,83,52,6.95509953352889,potato
50,75,50,7.3,sugarcane
47,66,60,7.627092182612442,sugarcane
47,73,47,7.448497391916898,sugarcane
50,75,50,7.3,turmeric
43,81,50,6.918239210602986,turmeric
42,73,52,7.767947219918282,turmeric
50,75,50,7.3,pulses_total
49,80,54,7.764911820297626,pulses_total
57,74,50,7.0376467157160825,pulses_total
25,50,50,7.3,dry_chillies
19,55,46,7.073839988976581,dry_chillies
17,48,49,7.257172403799878,dry_chillies
25,50,50,7.3,ginger
18,49,59,7.451749604107032,ginger
17,43,43,7.53002024211809,ginger
25,50,50,7.3,potato
26,44,52,6.886278095461089,potato
35,47,40,7.670013429193642,potato
25,50,50,7.3,sugarcane
26,52,55,7.200171778212707,sugarcane
16,57,42,7.1294746843921,sugarcane
25,50,75,6.7,dry_chillies
15,47,71,6.8381948663917465,dry_chillies
32,59,83,6.4333549685507245,dry_chillies
25,50,75,6.7,ginger
21,50,66,6.945824090879761,ginger
22,56,84,6.495316916238661,ginger
25,50,75,6.7,oilseeds_total
31,57,65,6.7114717133437125,oilseeds_total
29,55,66,6.41284678399109,oilseeds_total
25,50,75,6.7,potato
31,43,80,6.279725012364478,potato
35,47,70,6.501538721936309,potato
25,50,75,6.7,sugarcane
30,50,76,6.959710629731289,sugarcane
24,40,82,6.240124592787669,sugarcane
50,50,50,6.9,dry_chillies
54,58,60,6.423516549605035,dry_chillies
48,41,58,6.970833696546376,dry_chillies
50,50,50,6.9,ginger
56,49,47,7.3278557515839005,ginger
50,55,60,6.997590850547526,ginger
50,50,50,6.9,oilseeds_total
43,42,45,7.033170352474047,oilseeds_total
50,44,45,6.412002924363501,oilseeds_total
50,50,50,6.9,potato
54,51,60,7.353807023960986,potato
49,51,41,6.673540789207774,potato
50,50,50,6.9,sugarcane
44,46,45,7.366745680670467,sugarcane
56,41,44,6.750015652051983,sugarcane
50,50,50,6.9,turmeric
52,51,51,7.067868590599524,turmeric
41,40,60,6.773389353657732,turmeric
50,50,50,6.9,pulses_total
49,52,55,6.52199616703681,pulses_total
51,45,41,6.911926462033705,pulses_total
50,25,75,6.0,oilseeds_total
51,34,68,5.752571404778657,oilseeds_total
42,29,76,6.383266202055314,oilseeds_total
50,25,75,6.0,dry_chillies
60,26,73,6.461249335444398,dry_chillies
49,27,77,5.557101582167254,dry_chillies
50,25,75,6.0,ginger
53,28,84,6.180902414290411,ginger
58,31,65,5.680608919170158,ginger
50,25,75,6.0,potato
60,21,79,6.290248940666697,potato
57,23,70,6.144228868154013,potato
50,25,75,6.0,sugarcane
54,22,66,6.384008726293948,sugarcane
55,27,76,5.876473393212195,sugarcane
50,25,75,6.0,turmeric
47,20,79,5.53057718359599,turmeric
45,31,73,5.552297157928648,turmeric
50,25,75,6.0,pulses_total
43,26,79,5.765679595054654,pulses_total
55,28,80,5.66457196875128,pulses_total
25,50,75,6.4,dry_chillies
21,52,80,6.652855625347469,dry_chillies
29,41,77,6.320979386240826,dry_chillies
25,50,75,6.4,ginger
27,52,81,6.29421603673281,ginger
15,54,78,6.305473179286862,ginger
25,50,75,6.4,oilseeds_total
34,54,85,5.981653564785719,oilseeds_total
35,40,83,6.456976281646869,oilseeds_total
25,50,75,6.4,potato
19,41,83,6.643721328147193,potato
25,42,75,5.916733527869538,potato
25,75,50,5.9,dry_chillies
19,73,49,5.840467531101895,dry_chillies
15,79,48,5.765073445921184,dry_chillies
25,75,50,5.9,ginger
27,81,45,5.772671668973909,ginger
27,69,59,6.244314160780611,ginger
25,75,50,5.9,oilseeds_total
17,66,43,5.4908008723457655,oilseeds_total
21,84,51,5.428618962132707,oilseeds_total
25,75,50,5.9,potato
26,76,54,6.272283018494174,potato
29,79,49,5.742020826871789,potato
25,75,50,5.9,sugarcane
32,79,48,6.100331389506519,sugarcane
25,84,53,5.839977363906696,sugarcane
25,75,50,5.9,turmeric
15,84,53,6.047846016570263,turmeric
16,80,58,6.001674665267447,turmeric
25,75,50,5.9,pulses_total
24,78,47,5.563312024882872,pulses_total
16,76,53,5.49364807363626,pulses_total
75,50,25,6.1,dry_chillies
65,48,34,6.233276050684177,dry_chillies
72,47,35,6.508994045474568,dry_chillies
75,50,25,6.1,ginger
84,52,15,6.302978818501491,ginger
68,55,21,6.592755402778644,ginger
75,50,25,6.1,potato
78,57,19,5.813483340925903,potato
81,49,16,5.8806044505357224,potato
75,50,25,6.1,sugarcane
73,57,27,6.39939569345066,sugarcane
70,50,35,6.154507145203208,sugarcane
75,50,25,6.1,turmeric
67,48,23,6.2584030615833175,turmeric
78,56,31,5.933391817495329,turmeric
50,50,50,7.4,oilseeds_total
55,48,42,7.084029619892186,oilseeds_total
43,56,44,7.29673651315305,oilseeds_total
50,50,50,7.4,dry_chillies
56,51,58,7.257603156232974,dry_chillies
51,41,44,6.932917223231311,dry_chillies
50,50,50,7.4,ginger
47,40,47,7.471510063767235,ginger
60,44,48,7.562107560002303,ginger
50,50,50,7.4,potato
55,51,42,7.1022432691643695,potato
40,55,40,7.432319705588307,potato
50,50,50,7.4,sugarcane
53,57,40,7.318799338498325,sugarcane
41,40,44,7.820546351056821,sugarcane
50,50,50,7.4,turmeric
53,40,50,7.856056974110679,turmeric
40,42,42,7.825526108729357,turmeric
50,50,50,7.4,pulses_total
44,58,52,7.00117576781361,pulses_total
52,59,53,7.748079619068595,pulses_total
50,25,50,6.8,potato
54,31,56,6.498867402402802,potato
60,25,45,6.969867844907969,potato
50,25,50,6.8,dry_chillies
54,31,55,6.4460896051775185,dry_chillies
42,28,42,6.990312251885745,dry_chillies
50,25,50,6.8,ginger
56,27,60,6.972819396534368,ginger
52,35,54,6.947841611443959,ginger
50,25,50,6.8,oilseeds_total
57,19,49,6.878783940405039,oilseeds_total
53,18,53,6.580674009599491,oilseeds_total
50,25,50,6.8,sugarcane
41,16,51,6.562924279093731,sugarcane
59,20,42,6.880360433012652,sugarcane
50,25,50,6.8,turmeric
42,25,48,6.688130604547872,turmeric
43,18,58,7.250385101214871,turmeric
25,25,50,6.8,banana
26,31,49,7.077145774711287,banana
27,23,49,6.91071685939183,banana
25,25,50,6.8,dry_chillies
22,24,50,6.557866062906964,dry_chillies
15,21,50,6.966705939280824,dry_chillies
25,25,50,6.8,onion
34,23,43,7.013084345800039,onion
31,23,48,6.877725695994998,onion
25,25,50,6.8,potato
32,20,50,6.545797867314459,potato
17,23,51,7.282569200702373,potato
25,25,50,6.8,sugarcane
25,34,40,7.148414323187503,sugarcane
26,35,42,6.476484616809466,sugarcane
25,25,50,6.8,sweet_potato
28,22,46,6.607789327955573,sweet_potato
19,33,41,7.198471025860601,sweet_potato
25,25,50,6.8,tapioca
20,23,45,6.729067625669999,tapioca
22,21,49,6.376538288529819,tapioca
25,25,50,6.8,tobacco
22,15,50,6.911912899862126,tobacco
30,17,58,6.434819133811282,tobacco
25,25,50,6.8,turmeric
27,32,41,6.358394612201756,turmeric
35,29,60,6.632724870862372,turmeric
25,25,50,6.8,arecanut
35,26,56,6.686871402504264,arecanut
20,24,45,6.378540278207857,arecanut
25,25,50,6.8,black_pepper
24,30,42,6.697871969423604,black_pepper
15,24,46,6.579486917578088,black_pepper
25,25,50,6.8,ginger
35,32,55,7.178954752399514,ginger
29,25,42,7.057237224041609,ginger
50,50,50,5.8,arecanut
51,52,46,5.48990227451571,arecanut
42,48,51,5.927435414412753,arecanut
50,50,50,5.8,dry_chillies
48,41,43,6.234255833246384,dry_chillies
53,42,57,6.26047566344085,dry_chillies
50,50,50,5.8,niger_seed
49,45,49,5.705015296250231,niger_seed
50,51,44,5.916614454086867,niger_seed
50,50,50,5.8,onion
58,56,44,6.21299441531682,onion
47,50,43,6.237000926243139,onion
50,50,50,5.8,potato
50,44,48,6.014182844058204,potato
47,48,55,5.733732760808039,potato
50,50,50,5.8,sesamum
58,54,49,5.5718025362387475,sesamum
48,41,60,5.887593317952858,sesamum
50,50,50,5.8,sweet_potato
49,52,42,5.935345975537331,sweet_potato
57,59,45,6.235890742483477,sweet_potato
50,50,50,5.8,tapioca
50,47,43,5.609566380973625,tapioca
53,60,53,5.500902539694949,tapioca
50,50,50,5.8,turmeric
43,55,47,5.3964581561291665,turmeric
40,54,48,5.638396295627176,turmeric
50,50,50,5.8,banana
49,49,56,6.278541279991394,banana
51,52,59,6.25672448886747,banana
50,50,50,5.8,sugarcane
53,56,51,5.381019820360061,sugarcane
47,57,57,5.70606801241144,sugarcane
50,50,50,5.8,tobacco
58,59,57,5.945775894735268,tobacco
54,41,55,6.093728353414231,tobacco
50,50,50,5.8,orange
56,58,42,6.178002678975265,orange
56,51,42,5.777644132862195,orange
50,50,50,5.8,papaya
50,49,44,6.002170477049963,papaya
58,47,43,5.410112269235254,papaya
50,50,50,5.8,pineapple
46,50,55,6.266059646337181,pineapple
40,52,48,5.364710643805919,pineapple
50,50,50,5.8,black_pepper
59,40,46,6.092640530894518,black_pepper
43,49,47,6.00319638441765,black_pepper
50,50,50,5.8,ginger
50,40,49,6.121132434781889,ginger
60,59,57,6.229777595513819,ginger
75,75,25,6.4,banana
80,81,25,6.318506520764681,banana
82,68,26,6.387667581821056,banana
75,75,25,6.4,black_pepper
67,66,16,6.589466582779491,black_pepper
77,67,19,6.1999356268106025,black_pepper
75,75,25,6.4,dry_chillies
85,73,15,6.655809706193598,dry_chillies
66,84,16,5.943194205156322,dry_chillies
75,75,25,6.4,ginger
70,67,21,6.76485536827537,ginger
78,69,23,5.9631976065369825,ginger
75,75,25,6.4,onion
75,84,33,6.20768472928752,onion
66,77,22,6.745960898372781,onion
75,75,25,6.4,potato
77,68,28,6.8340476165435655,potato
68,85,35,6.052093597404567,potato
75,75,25,6.4,sugarcane
84,76,22,6.163195681966673,sugarcane
84,65,32,6.6044290930891005,sugarcane
75,75,25,6.4,sweet_potato
76,78,33,6.800060257445525,sweet_potato
85,73,29,6.567728810629809,sweet_potato
75,75,25,6.4,tapioca
75,67,29,6.839703822748759,tapioca
80,69,30,6.736421382824238,tapioca
75,75,25,6.4,tobacco
71,70,21,6.331037973138844,tobacco
66,69,15,6.075796472807736,tobacco
75,75,25,6.4,turmeric
82,75,25,6.245108093008792,turmeric
79,81,15,6.8932938754356154,turmeric
25,75,75,6.6,arecanut
25,79,73,6.942037888562289,arecanut
33,81,81,6.812671167767324,arecanut
25,75,75,6.6,dry_chillies
28,83,77,6.629364083649804,dry_chillies
15,78,74,6.837616759902715,dry_chillies
25,75,75,6.6,niger_seed
26,70,76,6.701495236553855,niger_seed
32,65,74,7.08759342834769,niger_seed
25,75,75,6.6,onion
34,76,75,6.70364251310232,onion
24,76,79,6.1697858648274515,onion
25,75,75,6.6,potato
18,80,75,7.027250027480383,potato
24,68,82,6.80960220577561,potato
25,75,75,6.6,sesamum
15,66,84,6.760500133246765,sesamum
27,85,65,6.202985315487825,sesamum
25,75,75,6.6,sweet_potato
22,67,77,6.818956268402595,sweet_potato
24,66,84,6.512620953036139,sweet_potato
25,75,75,6.6,tapioca
23,79,68,6.308494843243718,tapioca
30,79,80,6.809164262594034,tapioca
25,75,75,6.6,turmeric
33,71,66,6.7402070647247365,turmeric
18,69,75,6.344447817372532,turmeric
25,75,75,6.6,banana
35,84,84,6.9106855326182215,banana
23,75,67,6.139668432213124,banana
25,75,75,6.6,sugarcane
20,79,73,6.8816267878536275,sugarcane
21,68,79,6.571200743499441,sugarcane
25,75,75,6.6,tobacco
27,70,79,6.942243091063655,tobacco
18,73,75,6.474980602588005,tobacco
25,75,75,6.6,orange
17,78,65,6.149203290780753,orange
21,78,78,6.696535937698501,orange
25,75,75,6.6,papaya
26,70,77,6.511247822856977,papaya
20,85,69,6.361859534772555,papaya
25,75,75,6.6,pineapple
30,80,67,6.689496282951384,pineapple
15,69,67,6.399211102346502,pineapple
25,75,75,6.6,black_pepper
17,81,80,7.022563344323885,black_pepper
20,65,65,6.461096948645748,black_pepper
25,75,75,6.6,ginger
35,79,66,7.012917282786683,ginger
29,83,70,6.533293036834778,ginger
50,25,75,6.5,arecanut
60,17,79,6.1059474932332325,arecanut
56,33,74,6.558733703632209,arecanut
50,25,75,6.5,dry_chillies
42,27,68,6.037298760216489,dry_chillies
45,29,68,6.271370772552803,dry_chillies
50,25,75,6.5,niger_seed
52,27,75,6.652680332164419,niger_seed
60,15,66,6.307188079460138,niger_seed
50,25,75,6.5,onion
50,23,69,6.512042500286075,onion
47,32,69,6.929099500805635,onion
50,25,75,6.5,potato
42,23,75,6.310578149227579,potato
55,32,78,6.328514965487667,potato
50,25,75,6.5,sesamum
47,21,69,6.362729104398358,sesamum
43,23,85,6.134520307511219,sesamum
50,25,75,6.5,sweet_potato
56,29,71,6.4757439389325215,sweet_potato
53,33,77,6.297774523583614,sweet_potato
50,25,75,6.5,tapioca
52,16,82,6.974363084429849,tapioca
50,28,65,6.224006225628412,tapioca
50,25,75,6.5,tobacco
41,22,68,6.545264648522103,tobacco
52,31,82,6.212236107512852,tobacco
50,25,75,6.5,turmeric
49,16,74,6.592221443486524,turmeric
60,20,66,6.765362835559412,turmeric
50,25,75,6.5,banana
59,28,82,6.385296179881266,banana
46,25,71,6.882097849902759,banana
50,25,75,6.5,sugarcane
56,27,82,6.456752090381361,sugarcane
46,35,74,6.382133851849589,sugarcane
50,25,75,6.5,orange
44,15,84,6.832244253289281,orange
60,18,80,6.392402258153587,orange
50,25,75,6.5,papaya
47,25,67,6.732966669317578,papaya
43,21,74,6.652367755386019,papaya
50,25,75,6.5,pineapple
53,28,79,6.92804271378731,pineapple
41,35,83,6.562345072721001,pineapple
50,25,75,6.5,black_pepper
49,31,69,6.134611122783556,black_pepper
50,22,68,6.824063597624522,black_pepper
50,25,75,6.5,ginger
50,34,73,6.621285835307383,ginger
45,22,72,6.567351128472201,ginger
75,50,50,5.1,banana
74,53,41,5.2245919424211476,banana
73,59,59,5.0542770197440605,banana
75,50,50,5.1,black_pepper
78,43,46,4.65460711837169,black_pepper
69,60,41,5.220880432788779,black_pepper
75,50,50,5.1,dry_chillies
72,60,46,5.101378937986737,dry_chillies
71,43,51,4.762897952371708,dry_chillies
75,50,50,5.1,ginger
80,51,52,5.002955088849832,ginger
75,44,59,5.398972893434424,ginger
75,50,50,5.1,onion
76,53,60,5.114832601284295,onion
85,49,55,5.265389651880574,onion
75,50,50,5.1,potato
65,53,42,4.718679588690138,potato
67,54,57,4.802093143559282,potato
75,50,50,5.1,sugarcane
82,49,48,5.558162874971491,sugarcane
67,43,55,4.981865096672858,sugarcane
75,50,50,5.1,sweet_potato
69,58,54,5.226974359727532,sweet_potato
67,60,52,5.2349177189098715,sweet_potato
75,50,50,5.1,tapioca
85,40,50,5.549438495134996,tapioca
78,44,59,5.293892085521654,tapioca
75,50,50,5.1,turmeric
65,49,42,5.0019792982873,turmeric
84,46,53,5.3215755214178095,turmeric
25,25,50,6.7,banana
30,29,46,6.605955205606525,banana
35,35,58,6.462793942470512,banana
25,25,50,6.7,dry_chillies
27,15,57,7.025358160987783,dry_chillies
25,29,41,6.640789954346925,dry_chillies
25,25,50,6.7,onion
19,25,60,6.718960766538611,onion
18,17,46,6.468899659348355,onion
25,25,50,6.7,potato
15,17,60,6.239278461291307,potato
27,35,41,6.910919891370233,potato
25,25,50,6.7,sugarcane
22,15,49,7.179630348708773,sugarcane
24,21,59,6.673840814027085,sugarcane
25,25,50,6.7,sweet_potato
33,27,43,6.9748520233108895,sweet_potato
20,18,52,6.581955005521646,sweet_potato
25,25,50,6.7,tapioca
32,20,54,6.6988076434239865,tapioca
33,19,53,6.75884449335482,tapioca
25,25,50,6.7,tobacco
18,28,47,7.033211552184497,tobacco
35,35,44,6.2578649543605085,tobacco
25,25,50,6.7,turmeric
19,25,44,6.221852320361585,turmeric
31,23,51,6.805525719732688,turmeric
25,25,50,6.7,arecanut
33,25,49,6.729242355405204,arecanut
20,20,51,6.682256832464767,arecanut
25,25,50,6.7,black_pepper
31,20,49,6.200329403504134,black_pepper
29,35,43,6.768537356951893,black_pepper
25,25,50,6.7,ginger
35,28,42,6.2754494647143835,ginger
33,20,40,6.495438742827635,ginger
50,75,50,6.5,arecanut
45,68,51,6.960170869946769,arecanut
45,66,40,6.5057101796523815,arecanut
50,75,50,6.5,dry_chillies
42,67,49,6.666795623986118,dry_chillies
43,80,53,6.572464265857556,dry_chillies
50,75,50,6.5,niger_seed
52,75,47,6.899341267328267,niger_seed
43,69,60,6.539898048918304,niger_seed
50,75,50,6.5,onion
49,81,58,6.733666693468766,onion
40,69,58,6.0232390231592365,onion
50,75,50,6.5,potato
44,68,47,6.133118007558647,potato
60,77,43,6.382661219058721,potato
50,75,50,6.5,sesamum
60,84,58,6.9579846771046645,sesamum
46,71,42,6.39321923143747,sesamum
50,75,50,6.5,sweet_potato
60,81,43,6.329771133538752,sweet_potato
40,72,60,6.789192553242605,sweet_potato
50,75,50,6.5,tapioca
57,84,45,6.313710332553436,tapioca
51,71,51,6.7779399496356785,tapioca
50,75,50,6.5,turmeric
58,82,49,6.995850697992907,turmeric
54,79,41,6.621296406891445,turmeric
50,75,50,6.5,banana
40,84,54,6.386209261178854,banana
54,75,60,6.3278683719889015,banana
50,75,50,6.5,sugarcane
40,70,51,6.609158891814337,sugarcane
59,73,52,6.0764324646104235,sugarcane
50,75,50,6.5,tobacco
40,73,45,6.5996280572494905,tobacco
41,84,54,6.741982424192028,tobacco
50,75,50,6.5,orange
60,78,55,6.770810566685776,orange
43,69,45,6.526711584808395,orange
50,75,50,6.5,papaya
57,83,53,6.215667164237883,papaya
54,78,45,6.899965069209084,papaya
50,75,50,6.5,pineapple
55,73,60,6.2732583676219305,pineapple
44,83,41,6.614173796984608,pineapple
50,75,50,6.5,black_pepper
57,67,55,6.625076715224378,black_pepper
49,69,43,6.927434788875076,black_pepper
50,75,50,6.5,ginger
55,67,46,6.992140415569599,ginger
54,67,49,6.3307079598574525,ginger
25,50,50,5.9,arecanut
27,44,51,6.299829854145653,arecanut
32,58,51,6.120168473568042,arecanut
25,50,50,5.9,dry_chillies
23,52,58,6.017732269917337,dry_chillies
28,51,58,5.692468361116006,dry_chillies
25,50,50,5.9,niger_seed
21,44,47,6.173155851344621,niger_seed
25,50,45,5.483332487960926,niger_seed
25,50,50,5.9,onion
26,44,53,6.0192550193323955,onion
19,50,60,5.8530899699810774,onion
25,50,50,5.9,potato
26,59,57,5.634001608953539,potato
21,56,45,5.447817157975339,potato
25,50,50,5.9,sesamum
15,60,50,5.89356061691013,sesamum
26,45,54,5.506168873360805,sesamum
25,50,50,5.9,sweet_potato
30,60,44,5.927944994150774,sweet_potato
20,50,58,6.396898838265518,sweet_potato
25,50,50,5.9,tapioca
22,51,55,5.698420364196948,tapioca
23,46,60,5.6729227965243325,tapioca
25,50,50,5.9,turmeric
30,58,44,5.858463780860118,turmeric
22,40,46,5.663397465941582,turmeric
25,50,50,5.9,banana
25,43,42,6.209574402113957,banana
17,47,59,6.001726846207976,banana
25,50,50,5.9,sugarcane
31,45,53,5.551001541369748,sugarcane
19,58,56,5.4860998188667285,sugarcane
25,50,50,5.9,tobacco
35,57,55,6.008214051164057,tobacco
27,56,56,5.876591181647064,tobacco
25,50,50,5.9,orange
35,43,49,6.0385232826139825,orange
19,47,45,5.4510779856148766,orange
25,50,50,5.9,papaya
23,41,41,5.743032103586063,papaya
31,55,52,6.165309067389195,papaya
25,50,50,5.9,pineapple
26,43,57,6.129777234651105,pineapple
19,41,41,6.1896924326881,pineapple
25,50,50,5.9,black_pepper
27,43,59,5.560469854891294,black_pepper
22,43,46,5.837576390599602,black_pepper
25,50,50,5.9,ginger
18,44,45,5.609221450703814,ginger
20,56,59,6.302674803978743,ginger
25,25,75,5.1,arecanut
30,21,78,5.497635837320843,arecanut
22,23,82,4.689356162119309,arecanut
25,25,75,5.1,dry_chillies
32,20,68,4.855887696289215,dry_chillies
21,33,81,5.498423525622723,dry_chillies
25,25,75,5.1,niger_seed
17,29,66,5.303643825468327,niger_seed
27,35,79,4.824713878031208,niger_seed
25,25,75,5.1,onion
25,33,79,4.946782733748052,onion
19,35,72,5.428159469448268,onion
25,25,75,5.1,potato
17,17,65,5.216760793574689,potato
28,18,84,5.211115513145141,potato
25,25,75,5.1,sesamum
20,29,67,5.035065214283138,sesamum
18,28,80,4.863711222784084,sesamum
25,25,75,5.1,sweet_potato
21,28,82,4.777231128965738,sweet_potato
25,25,74,5.570524941053016,sweet_potato
25,25,75,5.1,tapioca
32,20,85,4.897626163675276,tapioca
16,18,65,4.71442749984607,tapioca
25,25,75,5.1,turmeric
23,15,79,5.296058939726253,turmeric
23,18,76,4.931881230166219,turmeric
25,25,75,5.1,banana
30,15,85,5.498361689193141,banana
27,32,68,5.1727009496025,banana
25,25,75,5.1,sugarcane
26,32,78,4.846232030311337,sugarcane
18,24,72,4.8668311236379145,sugarcane
25,25,75,5.1,tobacco
15,22,83,4.705316247411503,tobacco
28,35,84,4.763655206307434,tobacco
25,25,75,5.1,orange
17,20,74,4.9516809652069735,orange
35,18,68,5.126460514624215,orange
25,25,75,5.1,papaya
32,30,83,5.183354130026212,papaya
19,26,75,5.0987349086326414,papaya
25,25,75,5.1,pineapple
18,25,66,5.0131717712984765,pineapple
24,34,76,5.569733569215143,pineapple
25,25,75,5.1,black_pepper
32,25,82,4.674061273053879,black_pepper
16,23,66,4.785997308727329,black_pepper
25,25,75,5.1,ginger
35,28,66,5.033859838076455,ginger
23,26,73,4.874270647704816,ginger
75,25,25,5.9,arecanut
65,23,20,5.873109772182721,arecanut
66,17,22,6.043948615655222,arecanut
75,25,25,5.9,dry_chillies
69,18,34,6.2075468199511645,dry_chillies
67,20,30,6.114643285742253,dry_chillies
75,25,25,5.9,niger_seed
82,33,32,5.957722648992489,niger_seed
76,32,23,5.518640857032304,niger_seed
75,25,25,5.9,onion
76,17,16,5.549707205843106,onion
67,20,22,6.331389911723694,onion
75,25,25,5.9,potato
66,32,20,5.484179556458926,potato
69,24,29,5.595417586852762,potato
75,25,25,5.9,sesamum
85,34,28,5.66005000036041,sesamum
68,15,31,6.169752443959512,sesamum
75,25,25,5.9,sweet_potato
69,23,29,5.4578689662520405,sweet_potato
68,22,20,6.362550184557988,sweet_potato
75,25,25,5.9,tapioca
85,22,16,5.771349285917749,tapioca
68,16,25,5.644039649900994,tapioca
75,25,25,5.9,tobacco
72,18,22,5.679111182701433,tobacco
74,16,15,5.472937600255409,tobacco
75,25,25,5.9,turmeric
77,30,16,5.963931697702908,turmeric
79,27,24,6.188935618259824,turmeric
75,25,25,5.9,banana
67,23,27,6.174204324779655,banana
76,20,28,6.277248574618328,banana
75,25,25,5.9,sugarcane
69,22,30,5.6560164837520315,sugarcane
77,23,33,6.131329232830327,sugarcane
75,25,25,5.9,orange
82,23,28,6.172313460159943,orange
79,29,23,5.465270048896517,orange
75,25,25,5.9,papaya
80,32,28,6.266868748670995,papaya
82,29,19,6.018064453424173,papaya
75,25,25,5.9,pineapple
75,34,32,5.6634495939310385,pineapple
74,24,21,5.607000696824493,pineapple
75,25,25,5.9,black_pepper
70,28,19,5.8152352940424095,black_pepper
85,30,26,5.572911427028067,black_pepper
75,25,25,5.9,ginger
80,16,32,6.292129838479445,ginger
69,28,17,5.501629767840025,ginger
25,25,50,6.2,arecanut
28,24,54,5.939450731343551,arecanut
29,32,44,6.03323366332404,arecanut
25,25,50,6.2,dry_chillies
26,21,55,6.474198260861473,dry_chillies
25,35,56,6.192083265020973,dry_chillies
25,25,50,6.2,onion
16,28,60,5.93001669598522,onion
20,25,52,6.163019744619433,onion
25,25,50,6.2,potato
34,18,41,6.418463113339259,potato
17,25,51,6.354576853470734,potato
25,25,50,6.2,sesamum
34,20,56,5.996130801177237,sesamum
19,32,52,5.773908737622576,sesamum
25,25,50,6.2,sweet_potato
21,17,50,6.640509189095719,sweet_potato
24,33,50,6.140855817086446,sweet_potato
25,25,50,6.2,tapioca
23,25,47,5.861686780933548,tapioca
30,26,40,6.575605424690506,tapioca
25,25,50,6.2,turmeric
17,26,53,6.666476680965924,turmeric
21,26,43,6.167103028124165,turmeric
25,25,50,6.2,banana
22,32,48,6.570549698875365,banana
28,22,56,5.941466432095773,banana
25,25,50,6.2,sugarcane
23,27,51,5.760935642930948,sugarcane
34,26,44,5.892271171735597,sugarcane
25,25,50,6.2,tobacco
24,32,47,6.307515872823355,tobacco
30,21,47,5.764975078487314,tobacco
25,25,50,6.2,orange
29,20,56,6.608005599844544,orange
32,18,42,5.99731107078524,orange
25,25,50,6.2,papaya
23,32,44,6.250682731248456,papaya
25,28,56,6.634074474797014,papaya
25,25,50,6.2,pineapple
28,35,42,6.617257464989719,pineapple
15,28,42,6.504488712705075,pineapple
25,25,50,6.2,black_pepper
19,22,58,6.072274087114063,black_pepper
21,26,58,5.771532252265982,black_pepper
25,25,50,6.2,ginger
16,29,46,6.198648663938862,ginger
21,27,54,6.0961405827594985,ginger
25,25,50,6.2,coconut
26,18,47,5.867622657302123,coconut
24,34,47,5.957914647553302,coconut
50,25,50,6.0,arecanut
43,22,59,6.023593046604298,arecanut
45,24,58,5.851817746342399,arecanut
50,25,50,6.0,dry_chillies
44,30,50,5.851848628060525,dry_chillies
51,27,53,5.893683087384914,dry_chillies
50,25,50,6.0,niger_seed
47,27,55,6.313735698139938,niger_seed
58,33,56,6.069515090421221,niger_seed
50,25,50,6.0,onion
58,21,58,5.503299041942978,onion
45,15,41,6.489214172926757,onion
50,25,50,6.0,potato
53,33,42,5.522361879346981,potato
40,28,40,6.192913813679779,potato
50,25,50,6.0,sesamum
50,33,41,6.191829455087965,sesamum
44,22,43,6.339061919811159,sesamum
50,25,50,6.0,sweet_potato
42,21,46,6.175233975179429,sweet_potato
56,17,58,5.800501793072492,sweet_potato
50,25,50,6.0,tapioca
40,15,51,6.407789450631468,tapioca
47,34,46,6.080681056628617,tapioca
50,25,50,6.0,turmeric
57,16,49,6.2777814064726485,turmeric
59,18,44,5.820009744974787,turmeric
50,25,50,6.0,banana
44,24,56,5.829462288377973,banana
44,31,40,6.2813686839776475,banana
50,25,50,6.0,sugarcane
52,18,45,6.2970854001230885,sugarcane
54,18,58,6.127176376917164,sugarcane
50,25,50,6.0,tobacco
58,30,50,6.270675480840064,tobacco
56,29,44,5.51475148378066,tobacco
50,75,75,5.6,banana
40,70,81,5.7067851903832025,banana
49,78,74,6.009786687149577,banana
50,75,75,5.6,coriander
42,69,78,5.343180014290745,coriander
60,74,72,5.468974349728769,coriander
50,75,75,5.6,dry_chillies
44,73,65,5.807687586594325,dry_chillies
54,85,77,5.899655200841188,dry_chillies
50,75,75,5.6,garlic
53,65,71,5.801193354088436,garlic
55,72,77,5.5099524845294,garlic
50,75,75,5.6,onion
50,67,76,5.6111374578348325,onion
49,83,82,5.9102310352099146,onion
50,75,75,5.6,potato
50,65,69,5.855176033806075,potato
48,69,81,5.682576677831633,potato
50,75,75,5.6,ragi
50,73,74,5.2256686336459275,ragi
59,70,79,5.492300063842787,ragi
50,75,75,5.6,sannhamp
40,85,78,5.918636912842702,sannhamp
51,81,77,5.758675181499428,sannhamp
50,75,75,5.6,sugarcane
53,82,77,5.647891486636134,sugarcane
49,77,74,5.605331979074036,sugarcane
50,75,75,5.6,sweet_potato
49,75,77,5.229193711997683,sweet_potato
56,65,72,5.337197142844792,sweet_potato
50,75,75,5.6,turmeric
60,82,67,5.583165219136224,turmeric
56,75,67,5.1851241592888595,turmeric
50,75,75,5.6,ginger
53,83,83,5.195184203306716,ginger
51,85,66,5.257867832434787,ginger
50,75,75,5.6,tobacco
57,68,81,5.826320496779741,tobacco
57,84,79,5.91076142280631,tobacco
75,50,25,5.9,banana
77,49,29,5.815632780314081,banana
80,58,16,5.8847996902944635,banana
75,50,25,5.9,coriander
76,56,24,6.375565846040616,coriander
68,47,34,6.322728803738253,coriander
75,50,25,5.9,dry_chillies
76,47,31,5.484297919745048,dry_chillies
71,55,24,6.286467383043453,dry_chillies
75,50,25,5.9,onion
75,58,20,5.455256341811088,onion
76,48,21,5.621934044502753,onion
75,50,25,5.9,potato
70,59,25,5.661202004089637,potato
80,41,17,5.962259671673493,potato
75,50,25,5.9,sannhamp
70,42,20,5.621230786526648,sannhamp
83,45,18,6.124048136167739,sannhamp
75,50,25,5.9,sugarcane
84,43,32,5.78006507453716,sugarcane
71,49,19,5.692985877014046,sugarcane
75,50,25,5.9,sweet_potato
67,52,18,5.74552870537844,sweet_potato
66,47,32,6.229008383396797,sweet_potato
75,50,25,5.9,turmeric
66,52,30,5.882017645536636,turmeric
73,58,31,5.940297516716907,turmeric
75,50,25,5.9,garlic
78,53,21,6.0116863756282175,garlic
77,44,34,6.37851836053537,garlic
75,50,25,5.9,ginger
77,42,17,5.700324865351985,ginger
67,51,24,5.719495955165998,ginger
75,25,75,6.3,coriander
68,33,67,6.600095686052074,coriander
77,15,83,6.616359648866444,coriander
75,25,75,6.3,dry_chillies
79,35,85,5.881028737745587,dry_chillies
85,33,75,6.413940022607452,dry_chillies
75,25,75,6.3,onion
79,19,75,5.886763790381132,onion
79,30,77,6.599956895686162,onion
75,25,75,6.3,potato
68,20,74,6.672292618261936,potato
81,29,73,6.589666664701194,potato
75,25,75,6.3,ragi
72,34,73,6.608899536293647,ragi
74,33,68,6.65858676346449,ragi
75,25,75,6.3,sugarcane
77,15,68,6.197483834079468,sugarcane
66,19,71,6.109652810520698,sugarcane
75,25,75,6.3,sweet_potato
80,23,84,6.573061144614207,sweet_potato
75,27,80,6.093604991757098,sweet_potato
75,25,75,6.3,turmeric
77,17,76,6.421208635107352,turmeric
66,23,81,6.044509032971474,turmeric
75,25,75,6.3,garlic
65,32,67,6.647505656587138,garlic
69,24,67,6.556703638729332,garlic
75,25,75,6.3,ginger
70,24,75,6.711743438722414,ginger
83,19,76,6.09260596317609,ginger
75,25,75,6.3,sannhamp
75,25,75,6.0648258849675205,sannhamp
82,28,73,6.0187082518310575,sannhamp
75,50,50,6.8,dry_chillies
82,59,43,6.492601904666778,dry_chillies
83,59,45,6.7615579466916484,dry_chillies
75,50,50,6.8,garlic
81,56,60,6.715007756377554,garlic
82,52,57,6.7214477280085,garlic
75,50,50,6.8,onion
69,59,52,7.194461224689996,onion
78,59,60,7.020002414160063,onion
75,50,50,6.8,potato
72,46,47,6.360485888977699,potato
72,60,47,6.599058489419944,potato
75,50,50,6.8,ragi
66,40,49,6.45866934952863,ragi
75,48,51,6.565159259708502,ragi
75,50,50,6.8,sannhamp
78,43,56,6.6884758003979945,sannhamp
78,46,40,6.801594772032013,sannhamp
75,50,50,6.8,sugarcane
79,46,52,6.861597931373708,sugarcane
82,47,51,7.13927043506955,sugarcane
75,50,50,6.8,coriander
69,43,44,6.976453062300023,coriander
71,59,51,6.6464665370984255,coriander
75,50,50,6.8,turmeric
72,41,52,6.314777401368197,turmeric
77,52,55,6.709073972367456,turmeric
75,50,50,6.8,sweet_potato
76,46,44,7.264103042154058,sweet_potato
74,46,50,6.771665694826171,sweet_potato
50,25,75,5.3,banana
46,33,69,5.501300542102348,banana
42,25,65,5.519677479036114,banana
50,25,75,5.3,coriander
56,26,71,4.949115996751565,coriander
49,24,67,5.336871504323197,coriander
50,25,75,5.3,dry_chillies
41,35,69,5.5710123528066955,dry_chillies
50,15,69,5.392372829658816,dry_chillies
50,25,75,5.3,garlic
54,26,72,5.107196787919474,garlic
42,32,76,4.919659336556203,garlic
50,25,75,5.3,onion
47,15,73,5.620040944829199,onion
41,29,73,4.8635002662638085,onion
50,25,75,5.3,potato
44,26,71,5.069051841184852,potato
54,35,81,5.7471357725365415,potato
50,25,75,5.3,ragi
53,22,80,5.625998011759783,ragi
46,19,70,5.564894640836232,ragi
50,25,75,5.3,sannhamp
58,26,65,4.870120487897022,sannhamp
52,25,78,5.685303879913775,sannhamp
50,25,75,5.3,sugarcane
58,33,73,4.817013396930889,sugarcane
52,26,82,4.878132175710537,sugarcane
50,25,75,5.3,sweet_potato
40,24,80,5.793782090331407,sweet_potato
46,21,75,5.184369552733065,sweet_potato
50,25,75,5.3,turmeric
54,23,84,5.034805527119579,turmeric
53,28,81,4.833009313248475,turmeric
50,25,75,5.3,tobacco
58,23,85,5.501310659838912,tobacco
45,32,76,4.800251916081454,tobacco
50,25,75,5.3,ginger
55,30,82,5.640655230224178,ginger
59,35,78,5.5527745386024945,ginger
50,25,50,6.3,banana
46,17,46,6.20616302547913,banana
50,25,46,6.314197940794605,banana
50,25,50,6.3,coriander
43,29,52,6.2315003633628265,coriander
57,30,44,6.786997474691073,coriander
50,25,50,6.3,dry_chillies
42,25,47,6.475849070674622,dry_chillies
52,23,49,6.038729787480522,dry_chillies
50,25,50,6.3,garlic
49,33,59,6.015823900791747,garlic
51,30,44,6.735446213120682,garlic
50,25,50,6.3,onion
47,23,46,6.336305812633207,onion
49,24,51,5.858723689701628,onion
50,25,50,6.3,potato
55,32,60,6.382621375576399,potato
59,33,44,6.157088567104597,potato
50,25,50,6.3,sannhamp
49,24,54,6.104594383844261,sannhamp
49,16,53,6.785002136373722,sannhamp
50,25,50,6.3,sugarcane
43,24,60,5.806719728273134,sugarcane
47,30,56,6.6545087246872106,sugarcane
50,25,50,6.3,sweet_potato
59,28,48,6.721713954663614,sweet_potato
42,25,56,6.347727913283045,sweet_potato
50,25,50,6.3,turmeric
52,22,41,5.912964677785045,turmeric
46,26,45,5.968507229808327,turmeric
50,25,50,6.3,ginger
59,22,40,6.192552921003384,ginger
49,16,54,5.919307221902544,ginger
50,25,50,6.3,tobacco
46,30,58,6.462953509505437,tobacco
56,22,52,6.14463578754746,tobacco
50,50,50,5.9,coriander
49,60,56,5.8030123400694045,coriander
60,58,45,5.99325491435106,coriander
50,50,50,5.9,dry_chillies
41,52,55,6.394799718929901,dry_chillies
58,55,52,6.123524499836691,dry_chillies
50,50,50,5.9,garlic
48,45,50,6.039540930511845,garlic
43,54,51,5.927449969413257,garlic
50,50,50,5.9,onion
41,60,46,5.914834968501304,onion
60,59,42,5.7112215761233,onion
50,50,50,5.9,potato
44,41,46,5.946821484588175,potato
54,50,56,5.4110321984426575,potato
50,50,50,5.9,ragi
53,54,50,5.503810631282796,ragi
58,52,59,5.660749092790895,ragi
50,50,50,5.9,sannhamp
58,55,60,5.929451668432476,sannhamp
51,43,52,5.7412371177135215,sannhamp
50,50,50,5.9,sugarcane
58,51,44,5.684025328054429,sugarcane
44,57,60,5.908620748882241,sugarcane
50,50,50,5.9,sweet_potato
47,40,44,5.772238630544315,sweet_potato
45,53,43,5.485355625595421,sweet_potato
50,50,50,5.9,turmeric
51,51,54,5.906249893371154,turmeric
54,50,50,5.929756545185478,turmeric
50,50,50,5.9,ginger
55,58,46,6.103682497377654,ginger
53,53,49,5.435994050549318,ginger
50,25,25,7.5,coriander
57,28,21,7.246507456784283,coriander
40,18,23,7.271348639478805,coriander
50,25,25,7.5,garlic
52,21,31,7.5221315295870905,garlic
53,24,28,7.303876225516604,garlic
50,25,25,7.5,onion
41,22,31,7.558826428855806,onion
40,16,25,7.13429826986063,onion
50,25,25,7.5,potato
40,34,19,7.9720550148983165,potato
52,26,34,7.208133405021117,potato
50,25,25,7.5,ragi
56,31,29,7.929115229032685,ragi
40,25,23,7.2074546519177884,ragi
50,25,25,7.5,dry_chillies
40,33,20,7.382648758677371,dry_chillies
56,16,15,7.8082776949187,dry_chillies
50,25,25,7.5,sugarcane
49,23,33,7.18769811612773,sugarcane
49,28,17,7.578529424964762,sugarcane
50,25,25,7.5,sweet_potato
56,32,19,7.858398540233675,sweet_potato
41,15,20,7.779336670503732,sweet_potato
50,25,75,6.0,banana
40,26,79,5.75695265168961,banana
51,22,82,6.073548819434847,banana
50,25,75,6.0,coriander
46,17,80,6.343279776492614,coriander
43,18,78,6.053219101124354,coriander
50,25,75,6.0,garlic
40,19,81,6.240228105984428,garlic
60,23,66,5.733934644120811,garlic
50,25,75,6.0,onion
41,32,78,6.476379752364866,onion
51,19,75,5.875112085546937,onion
50,25,75,6.0,ragi
42,26,85,5.5477976152111115,ragi
51,26,72,6.262104555271976,ragi
50,25,75,6.0,sannhamp
55,21,72,6.035021827993344,sannhamp
58,23,83,6.083700543886028,sannhamp
50,25,75,6.0,sweet_potato
57,34,72,6.431334468730446,sweet_potato
58,17,71,5.727787484114886,sweet_potato
50,25,75,6.0,tobacco
58,33,80,6.227666769966345,tobacco
50,21,78,6.39549027917911,tobacco
50,25,75,7.3,coriander
49,23,71,7.099883957687102,coriander
52,34,65,7.306800068581213,coriander
50,25,75,7.3,dry_chillies
54,33,77,7.259112113460672,dry_chillies
40,15,72,7.242531417997937,dry_chillies
50,25,75,7.3,garlic
60,30,70,7.38365761169228,garlic
40,15,82,7.169648452170597,garlic
50,25,75,7.3,onion
60,23,79,6.825964270545416,onion
45,30,75,7.409355834239375,onion
50,25,75,7.3,potato
42,31,73,7.59252576605844,potato
59,19,71,7.411989263755457,potato
50,25,75,7.3,ragi
48,21,76,7.701525926071373,ragi
56,18,81,7.244546266306295,ragi
50,25,75,7.3,sannhamp
41,21,76,7.0910894258594555,sannhamp
48,33,66,7.249177840430309,sannhamp
50,25,75,7.3,sugarcane
41,29,80,7.578719810066785,sugarcane
46,30,74,6.813803669240045,sugarcane
50,25,75,7.3,sweet_potato
47,16,69,6.988367509112479,sweet_potato
46,21,70,7.198313024757449,sweet_potato
50,25,75,7.3,turmeric
52,19,68,7.277848932659936,turmeric
53,33,77,7.674458982438455,turmeric
50,25,75,7.3,banana
57,33,74,6.953159721631461,banana
54,22,82,6.924434143771137,banana
50,25,75,7.3,ginger
55,18,68,7.178537275267704,ginger
53,34,84,7.310911584512425,ginger
75,50,50,5.8,banana
72,49,40,6.286466306571549,banana
74,41,49,5.473104315759607,banana
75,50,50,5.8,coriander
69,57,58,6.096048558429425,coriander
85,45,58,5.618233770383201,coriander
75,50,50,5.8,dry_chillies
66,56,41,5.94165803992007,dry_chillies
67,45,56,5.590714205084557,dry_chillies
75,50,50,5.8,garlic
84,55,51,6.056438986700789,garlic
83,56,49,5.317865534046129,garlic
75,50,50,5.8,onion
71,49,42,6.221359719860842,onion
79,48,47,5.301107221824691,onion
75,50,50,5.8,potato
82,52,56,6.279034639939167,potato
77,57,48,5.815798120973536,potato
75,50,50,5.8,ragi
72,57,56,6.077712419177442,ragi
78,54,47,6.082171557710857,ragi
75,50,50,5.8,sannhamp
75,52,57,5.464873054530375,sannhamp
66,56,48,5.742715514883312,sannhamp
75,50,50,5.8,sugarcane
68,41,47,6.071344198998491,sugarcane
84,53,47,6.139899182441092,sugarcane
75,50,50,5.8,sweet_potato
84,53,43,5.932669776129593,sweet_potato
70,43,58,6.196953907774002,sweet_potato
75,50,50,5.8,turmeric
76,44,48,5.987534081984837,turmeric
83,45,41,6.0302240098003015,turmeric
75,50,50,5.8,tobacco
76,49,41,5.8383684194823795,tobacco
79,54,54,6.160577708190514,tobacco
75,50,50,5.8,ginger
66,59,50,5.691765432619934,ginger
84,55,51,6.18236146719168,ginger
75,75,50,5.7,onion
73,70,50,5.430137208803196,onion
66,79,53,5.286152815556963,onion
75,75,50,5.7,potato
67,70,59,5.445021215058955,potato
67,66,56,6.078067643759448,potato
75,75,50,5.7,ragi
85,74,59,5.678032158224115,ragi
71,74,53,5.776296937404688,ragi
75,75,50,5.7,sugarcane
85,85,45,5.252055429663883,sugarcane
66,73,48,5.876209887814713,sugarcane
75,75,50,5.7,tobacco
84,72,46,5.225219274825522,tobacco
84,78,48,5.610995963486535,tobacco
75,75,50,5.7,garlic
77,65,59,5.634205942419638,garlic
70,82,49,5.454213951132706,garlic
50,50,75,6.7,onion
40,43,73,6.752039981992689,onion
60,44,81,7.135989655465268,onion
50,50,75,6.7,potato
60,40,84,6.4460270049806505,potato
50,58,80,6.842800864648978,potato
75,75,50,5.4,banana
73,65,49,5.607274025197581,banana
84,83,50,5.898254987575661,banana
75,75,50,5.4,coriander
83,81,42,5.797548325580093,coriander
78,68,57,5.699487006518919,coriander
75,75,50,5.4,dry_chillies
70,74,50,5.4266026743630915,dry_chillies
70,80,56,5.536187010913394,dry_chillies
75,75,50,5.4,ginger
80,80,50,5.879796661867902,ginger
67,85,42,5.671017408091274,ginger
75,75,50,5.4,onion
79,66,59,5.87187804164672,onion
76,69,53,5.646942416477143,onion
75,75,50,5.4,sannhamp
82,77,41,5.2485252616685045,sannhamp
65,71,56,5.719151407914998,sannhamp
75,75,50,5.4,sugarcane
85,82,53,5.1205405556077075,sugarcane
73,68,60,5.257021411758315,sugarcane
75,75,50,5.4,sweet_potato
70,83,40,5.355946807525572,sweet_potato
68,67,51,4.9101996752440815,sweet_potato
75,75,50,5.4,turmeric
82,75,43,5.83688844954747,turmeric
70,80,54,4.947104670560809,turmeric
75,75,50,5.4,jowar
67,76,55,5.695034715977796,jowar
77,70,40,5.46953320929087,jowar
75,75,50,5.4,cottonlint
80,79,52,5.567316008024515,cottonlint
79,83,56,5.174902326823053,cottonlint
75,75,50,5.4,sunflower
67,67,53,5.359679571679001,sunflower
79,74,51,5.0656952988296755,sunflower
50,25,75,6.3,banana
54,28,76,6.510289994953778,banana
48,23,70,6.132501876825953,banana
50,25,75,6.3,coriander
43,31,74,6.018288612013636,coriander
45,28,83,6.662367432045536,coriander
50,25,75,6.3,dry_chillies
46,17,83,6.583975942080352,dry_chillies
49,31,76,6.4673849721252825,dry_chillies
50,25,75,6.3,garlic
59,15,71,6.5988241158568215,garlic
40,24,71,6.300986600745738,garlic
50,25,75,6.3,ginger
54,32,81,6.756736025216054,ginger
48,30,73,6.013625181512394,ginger
50,25,75,6.3,onion
42,17,69,6.280948616112975,onion
57,19,84,6.264039400298421,onion
50,25,75,6.3,sannhamp
57,20,79,6.205283717345786,sannhamp
50,32,68,6.185515494414895,sannhamp
50,25,75,6.3,sugarcane
52,24,66,5.89867472493874,sugarcane
44,27,78,6.5016763249519105,sugarcane
50,25,75,6.3,sweet_potato
57,27,66,6.785567667034478,sweet_potato
57,32,85,6.301932861110094,sweet_potato
50,25,75,6.3,turmeric
55,15,82,6.045458325680438,turmeric
45,28,80,6.137090077513622,turmeric
50,25,75,6.3,jowar
53,18,85,6.111977138347828,jowar
56,29,81,6.615387830589924,jowar
50,25,75,6.3,cottonlint
40,26,81,6.1021916227505635,cottonlint
51,35,85,6.103015529916007,cottonlint
50,25,75,6.3,sunflower
43,31,76,6.3360683236628015,sunflower
60,30,84,5.8020766805117505,sunflower
50,25,75,6.3,tobacco
43,27,66,6.242813396974677,tobacco
58,32,75,6.142790838432671,tobacco
75,50,25,7.2,banana
85,60,29,7.539592469322373,banana
69,46,16,7.651211317141235,banana
75,50,25,7.2,coriander
76,52,25,6.988419086808602,coriander
77,46,29,7.007568032932897,coriander
75,50,25,7.2,dry_chillies
76,42,22,7.401402666763745,dry_chillies
73,53,35,6.742384767586775,dry_chillies
75,50,25,7.2,garlic
81,44,23,7.1456108648317755,garlic
77,44,29,6.8028954802011885,garlic
75,50,25,7.2,ginger
76,46,23,6.921223118746078,ginger
79,56,16,7.1889408921000735,ginger
75,50,25,7.2,onion
67,52,33,7.624179907614564,onion
81,57,32,6.813560695228229,onion
75,50,25,7.2,sannhamp
74,53,30,7.623918421715163,sannhamp
81,55,18,6.751054033853487,sannhamp
75,50,25,7.2,sugarcane
67,49,16,6.9914791818475415,sugarcane
82,41,25,7.224061646268173,sugarcane
75,50,25,7.2,sweet_potato
74,58,22,7.500027637649821,sweet_potato
68,50,34,7.135256621771248,sweet_potato
75,50,25,7.2,tobacco
77,60,20,6.783679492127588,tobacco
76,45,34,6.7081745627824265,tobacco
75,50,25,7.2,turmeric
77,49,26,7.047764696753413,turmeric
71,40,28,6.755398118137887,turmeric
75,50,25,7.2,jowar
85,52,28,7.229687325520006,jowar
76,41,19,7.031286573804922,jowar
75,50,25,7.2,cottonlint
72,45,23,6.864365800863486,cottonlint
67,47,21,6.831178335863907,cottonlint
75,50,25,7.2,sunflower
78,50,27,7.318719461098555,sunflower
66,53,16,7.065272046776955,sunflower
50,50,25,7.1,sugarcane
51,40,20,7.087052594568106,sugarcane
59,41,32,7.416662791873772,sugarcane
50,50,25,7.1,garlic
48,58,28,6.732889910288439,garlic
40,44,23,7.1555088627194445,garlic
50,50,25,7.1,onion
47,57,33,7.46158669287939,onion
50,57,32,7.07099218845983,onion
50,50,25,7.1,potato
52,49,27,6.61347846799401,potato
56,53,29,6.97486645285303,potato
50,50,25,7.1,sweet_potato
57,55,34,7.376368988285144,sweet_potato
53,60,22,6.9452958591875875,sweet_potato
50,50,25,7.1,banana
48,57,27,6.767033647982853,banana
55,54,33,7.359248428096348,banana
50,50,25,7.1,coriander
53,41,16,7.086114550945824,coriander
51,54,26,7.0397448167832355,coriander
50,50,25,7.1,dry_chillies
44,46,34,7.312209604676084,dry_chillies
47,51,17,7.2713615001379726,dry_chillies
50,50,25,7.1,ginger
55,49,31,6.972416650093078,ginger
41,55,29,7.580147070017488,ginger
50,50,25,7.1,sannhamp
58,59,35,7.553104291198033,sannhamp
42,43,29,7.08994639742977,sannhamp
50,50,25,7.1,tobacco
46,53,19,6.896353675025731,tobacco
58,54,16,7.116094169068287,tobacco
50,50,25,7.1,turmeric
49,48,15,6.967036667321487,turmeric
59,42,16,7.33781263355914,turmeric
50,50,25,7.1,papaya
45,58,31,7.527403920322834,papaya
42,51,34,6.841560610957461,papaya
50,50,25,7.1,cottonlint
50,58,31,7.27870145651873,cottonlint
60,41,35,7.470243922525231,cottonlint
50,50,25,7.1,coconut
60,42,31,7.474174295287133,coconut
53,43,29,7.268288628494792,coconut
50,50,25,7.1,jowar
48,40,29,6.8085260006712405,jowar
53,44,25,7.533837364939883,jowar
50,50,25,7.1,sunflower
43,43,29,6.759717414285645,sunflower
59,50,26,7.495557925326165,sunflower
50,50,25,7.1,cashewnut
40,45,23,7.5437192876063115,cashewnut
50,41,23,7.257096075379933,cashewnut
25,50,50,7.5,banana
29,51,51,7.962728470537886,banana
20,48,48,7.346867998189157,banana
25,50,50,7.5,coriander
30,41,60,7.706856045639101,coriander
35,60,41,7.275900655459318,coriander
25,50,50,7.5,dry_chillies
32,46,52,7.97062628548658,dry_chillies
25,47,47,7.733596840042254,dry_chillies
25,50,50,7.5,ginger
25,49,40,7.080279963964177,ginger
21,57,57,7.517311116523601,ginger
25,50,50,7.5,onion
34,58,49,7.902591806520625,onion
27,52,46,7.626979412097277,onion
25,50,50,7.5,sugarcane
28,44,41,7.325811432234973,sugarcane
27,48,47,7.798245340394329,sugarcane
25,50,50,7.5,sweet_potato
15,55,57,7.737377499077955,sweet_potato
32,44,49,7.6379208801077505,sweet_potato
25,50,50,7.5,turmeric
34,49,45,7.616295291818599,turmeric
33,48,51,7.195188438065216,turmeric
25,50,50,7.5,sannhamp
30,52,60,7.536266942239532,sannhamp
35,43,59,7.980606599454151,sannhamp
25,50,50,7.5,cottonlint
29,41,54,7.000098074344376,cottonlint
35,44,57,7.545205940324546,cottonlint
25,50,50,7.5,garlic
22,43,43,7.858979386660535,garlic
19,54,54,7.40517252841823,garlic
25,50,50,7.5,jowar
30,46,53,7.204070559157567,jowar
30,44,49,7.0166219638888645,jowar
25,50,50,7.5,sunflower
21,54,53,7.68765640750507,sunflower
23,54,44,7.3274032302732595,sunflower
50,25,50,6.1,banana
48,17,57,6.079591905448096,banana
55,32,41,6.446980891147497,banana
50,25,50,6.1,coriander
51,31,40,5.631513842169652,coriander
40,33,53,6.548204825465703,coriander
50,25,50,6.1,dry_chillies
45,28,47,5.993382940612332,dry_chillies
49,34,45,6.204423230377758,dry_chillies
50,25,50,6.1,onion
48,22,43,6.39127543548312,onion
43,30,60,6.079096688680296,onion
50,25,50,6.1,sannhamp
47,28,59,5.98094607283963,sannhamp
44,27,56,6.3190922752356125,sannhamp
50,25,50,6.1,sugarcane
50,27,44,6.286539627379502,sugarcane
42,26,51,5.903092323052095,sugarcane
50,25,50,6.1,sweet_potato
50,35,41,6.246977050795112,sweet_potato
55,20,54,6.0300766742756595,sweet_potato
50,25,50,6.1,turmeric
50,22,47,5.7443159696882455,turmeric
54,27,55,6.486874928615305,turmeric
50,25,50,6.1,ginger
48,33,60,6.07245231168362,ginger
46,16,43,6.080717629919847,ginger
50,25,50,6.1,coconut
53,17,57,5.67545050880711,coconut
48,21,48,5.609278130000664,coconut
50,25,50,6.1,jowar
46,25,53,5.925219408098795,jowar
48,35,58,6.5957629034357765,jowar
50,25,50,6.1,cottonlint
59,31,54,6.391658172099137,cottonlint
41,25,60,5.781374029835854,cottonlint
25,50,50,6.9,sugarcane
31,49,56,7.244332129976612,sugarcane
17,41,47,6.591299164048766,sugarcane
25,50,50,6.9,garlic
24,43,44,6.673612455790543,garlic
15,46,57,7.215467115095918,garlic
25,50,50,6.9,onion
28,45,51,7.156685915111764,onion
30,48,58,6.63234624913742,onion
25,50,50,6.9,potato
23,52,50,6.757221591360504,potato
23,55,55,7.352293496663308,potato
25,50,50,6.9,sweet_potato
15,52,56,7.31621005899968,sweet_potato
21,56,47,6.757384089790659,sweet_potato
25,50,50,6.9,banana
33,53,51,6.706195218796897,banana
25,51,41,6.6348819717474115,banana
25,50,50,6.9,coriander
29,59,43,6.824896412607908,coriander
25,49,40,7.238668810570485,coriander
25,50,50,6.9,dry_chillies
35,55,60,7.3516301500531185,dry_chillies
19,53,44,6.511997790227846,dry_chillies
25,50,50,6.9,ginger
34,42,40,7.038163591780931,ginger
26,51,48,7.001264026376881,ginger
25,50,50,6.9,sannhamp
18,49,55,6.532926130432376,sannhamp
22,58,60,7.045900702446967,sannhamp
25,50,50,6.9,turmeric
24,53,53,7.13817895643163,turmeric
32,51,48,7.104487150240872,turmeric
25,50,50,6.9,papaya
22,46,50,6.50603598908519,papaya
28,42,48,6.636341848921041,papaya
25,50,50,6.9,bajra
32,53,54,6.509045592402889,bajra
27,59,51,7.308085495720186,bajra
25,50,50,6.9,jowar
24,56,57,6.69378415435328,jowar
21,43,58,6.600856982375105,jowar
25,50,50,6.9,sunflower
16,60,60,6.767902488353924,sunflower
26,56,56,7.050989676169045,sunflower
25,50,50,6.9,cottonlint
27,53,42,7.239316455934358,cottonlint
35,47,58,7.35596420727796,cottonlint
25,75,75,6.1,sugarcane
15,72,68,5.895100783608336,sugarcane
15,73,81,6.447569204128886,sugarcane
25,75,75,6.1,garlic
26,85,73,5.772987183091629,garlic
35,69,83,6.079973388264471,garlic
25,75,75,6.1,onion
32,76,65,5.603061814400163,onion
24,69,81,5.81727958473868,onion
25,75,75,6.1,potato
19,79,77,5.609495819113615,potato
26,83,72,6.160664970464798,potato
25,75,75,6.1,sweet_potato
27,65,69,6.140759467122389,sweet_potato
23,74,72,6.527238864068454,sweet_potato
25,75,75,6.1,banana
20,81,73,6.1742919572565915,banana
16,71,70,5.815350412933735,banana
25,75,75,6.1,coriander
24,80,76,6.484495225202047,coriander
30,84,78,5.703768305524585,coriander
25,75,75,6.1,dry_chillies
27,76,77,5.817231827558583,dry_chillies
21,69,70,6.0464344281134945,dry_chillies
25,75,75,6.1,ginger
24,80,73,6.557477033919571,ginger
24,77,78,6.519269324926819,ginger
25,75,75,6.1,sannhamp
27,73,72,6.273863415350066,sannhamp
33,77,77,6.481978730704332,sannhamp
25,75,75,6.1,tobacco
18,85,67,6.042166352724937,tobacco
35,79,73,6.536406127187378,tobacco
25,75,75,6.1,turmeric
33,83,78,5.716710341306738,turmeric
33,70,74,5.6269522186916925,turmeric
25,75,75,6.1,papaya
32,72,73,5.70222603210285,papaya
35,74,72,6.1061225370234204,papaya
25,75,75,6.1,coconut
18,80,85,6.434174525451443,coconut
27,85,75,6.578903133332109,coconut
25,75,75,6.1,jowar
29,70,80,6.101698338173115,jowar
34,85,65,6.348815002817904,jowar
25,75,75,6.1,sunflower
33,81,66,6.560812256439641,sunflower
24,75,75,6.218831495714763,sunflower
25,75,75,6.1,cashewnut
34,78,82,6.309983515898166,cashewnut
29,75,65,6.5402006054742685,cashewnut
50,75,50,7.4,sugarcane
45,83,41,7.00563170234209,sugarcane
57,82,43,7.11762003156288,sugarcane
50,75,50,7.4,onion
51,65,41,7.107287310649876,onion
60,77,55,7.014725508372347,onion
50,75,50,7.4,potato
43,78,55,7.0055278270870405,potato
43,83,49,7.185315005670137,potato
50,75,50,7.4,sweet_potato
44,71,45,7.524842192250693,sweet_potato
42,74,57,7.69245392633231,sweet_potato
50,75,50,7.4,banana
52,77,41,7.183765990638902,banana
47,74,45,7.069171202159396,banana
50,75,50,7.4,coriander
59,83,47,7.038452305103066,coriander
52,78,40,7.792329634551626,coriander
50,75,50,7.4,dry_chillies
40,76,53,7.756691137911682,dry_chillies
53,70,52,7.300414874660462,dry_chillies
50,75,50,7.4,garlic
53,80,42,7.100988798027043,garlic
49,73,40,7.543640580853754,garlic
50,75,50,7.4,sannhamp
58,69,50,7.6676801197529105,sannhamp
46,76,52,7.163116851139422,sannhamp
50,75,50,7.4,turmeric
60,66,53,7.4115162800858725,turmeric
47,75,57,7.415420313336249,turmeric
50,75,50,7.4,ginger
48,79,59,7.505139906528461,ginger
52,82,58,7.679902924502701,ginger
50,75,50,7.4,papaya
46,67,50,7.877034120951709,papaya
44,69,58,7.2217971141801245,papaya
50,75,50,7.4,jowar
57,80,50,7.689841835348076,jowar
42,68,48,7.235974797045511,jowar
50,75,50,7.4,sunflower
53,73,45,7.280834777459612,sunflower
52,73,43,7.07138363735732,sunflower
50,25,50,6.4,garlic
49,26,48,5.961455810054159,garlic
54,23,50,6.89859927170537,garlic
50,25,50,6.4,onion
44,32,42,6.777076561269696,onion
40,16,51,6.25016025907694,onion
50,25,50,6.4,sweet_potato
56,18,47,6.4110626918563876,sweet_potato
56,16,45,6.49023148271334,sweet_potato
50,25,50,6.4,banana
56,20,43,6.654203963704479,banana
42,17,41,6.7306962309417,banana
50,25,50,6.4,coriander
48,21,59,6.639315467151956,coriander
49,23,53,6.08238667553236,coriander
50,25,50,6.4,sannhamp
50,20,49,6.14810053121608,sannhamp
52,28,51,6.273257586964774,sannhamp
50,25,50,6.4,tobacco
48,24,57,6.067504829319305,tobacco
45,22,58,5.952732040354819,tobacco
50,25,50,6.4,papaya
47,25,57,5.925990352987567,papaya
57,19,40,6.234026819607983,papaya
50,25,50,6.4,cottonlint
43,22,56,6.617492451896451,cottonlint
56,26,55,6.597838134765611,cottonlint
50,25,50,6.4,jowar
44,22,53,6.263288817237625,jowar
58,28,56,6.174068435422647,jowar
50,25,50,6.4,sunflower
52,24,59,5.972184762736724,sunflower
56,23,60,6.84832513180206,sunflower
25,25,50,7.5,sugarcane
18,27,47,7.825101829772735,sugarcane
35,30,59,7.230603791454212,sugarcane
25,25,50,7.5,garlic
22,22,44,7.313988625036911,garlic
20,35,46,7.14533499784498,garlic
25,25,50,7.5,onion
25,18,43,7.191059652882597,onion
25,35,49,7.54496061222846,onion
25,25,50,7.5,potato
25,30,52,7.1448058020880145,potato
34,15,47,7.0703281521004815,potato
25,25,50,7.5,sweet_potato
28,28,41,7.317088922116289,sweet_potato
33,29,44,7.575401602955563,sweet_potato
25,25,50,7.5,banana
35,30,45,7.610358957306438,banana
27,18,42,7.446865158710825,banana
25,25,50,7.5,coriander
26,18,45,7.775223326566518,coriander
29,35,44,7.584959150680396,coriander
25,25,50,7.5,dry_chillies
34,22,60,7.7027240523898834,dry_chillies
32,32,46,7.623969035864766,dry_chillies
25,25,50,7.5,ginger
16,27,58,7.271589309763429,ginger
19,34,57,7.84554787559476,ginger
25,25,50,7.5,sannhamp
26,32,59,7.134107275840757,sannhamp
17,26,44,7.535199020357469,sannhamp
25,25,50,7.5,turmeric
22,24,56,7.278408128382246,turmeric
29,16,48,7.189186107319402,turmeric
25,25,50,7.5,sunflower
20,30,58,7.5416257806947335,sunflower
17,25,40,7.8757219026310334,sunflower
25,50,50,6.4,sugarcane
30,40,48,5.913844067839167,sugarcane
15,43,60,6.0186910393731425,sugarcane
25,50,50,6.4,garlic
24,46,56,6.310690136341469,garlic
33,60,57,6.643928681549334,garlic
25,50,50,6.4,onion
17,43,59,6.249874721880383,onion
29,48,40,6.571291905320769,onion
25,50,50,6.4,potato
16,47,40,6.7998462874815555,potato
35,47,52,6.579960194011317,potato
25,50,50,6.4,sweet_potato
33,48,56,6.842859096581857,sweet_potato
16,52,46,6.176296315662272,sweet_potato
25,50,50,6.4,banana
24,49,41,6.424994397504167,banana
34,57,52,6.487484920093028,banana
25,50,50,6.4,coriander
31,60,44,6.578809903949528,coriander
27,50,44,6.764980385722271,coriander
25,50,50,6.4,dry_chillies
31,51,44,6.736668709947602,dry_chillies
26,57,43,6.763146812315975,dry_chillies
25,50,50,6.4,ginger
22,40,56,6.546574106354838,ginger
16,59,50,6.615223716433273,ginger
25,50,50,6.4,sannhamp
35,40,51,6.594810512533811,sannhamp
31,54,45,6.421167988337293,sannhamp
25,50,50,6.4,tobacco
20,48,56,6.1552994194893325,tobacco
25,41,45,6.509518543769646,tobacco
25,50,50,6.4,turmeric
18,40,60,6.61750227006239,turmeric
34,55,43,5.973015434199856,turmeric
25,50,50,6.4,papaya
18,55,51,6.839529807042535,papaya
35,50,55,6.84993874984687,papaya
25,50,50,6.4,bajra
30,54,54,5.961206807032047,bajra
16,56,45,6.57740050960549,bajra
25,50,50,6.4,jowar
23,47,45,6.272590231777556,jowar
31,59,44,6.750949405956973,jowar
75,25,75,6.0,ragi
81,27,66,6.2758596286219435,ragi
79,26,66,6.03888631512193,ragi
75,25,75,6.0,black_pepper
75,20,79,6.33495368322891,black_pepper
81,26,85,5.857283397467676,black_pepper
75,25,75,6.0,cashewnut
70,15,66,6.1413825695130795,cashewnut
71,26,68,6.072588353721722,cashewnut
75,25,75,6.0,sugarcane
80,21,84,5.674637537422114,sugarcane
80,35,79,5.83843922274942,sugarcane
75,25,75,6.0,arecanut
68,28,78,5.783817046239772,arecanut
65,32,72,6.237124238962425,arecanut
75,25,75,6.0,banana
76,16,66,5.967355540908188,banana
75,23,79,6.33089843014528,banana
75,25,75,6.0,mango
76,34,67,5.873770531771407,mango
65,20,75,6.195769324309418,mango
75,25,75,6.0,other_fresh_fruits
69,32,74,5.859223018554228,other_fresh_fruits
69,34,82,6.475687631922234,other_fresh_fruits
75,25,75,6.0,other_vegetables
70,23,72,6.16303501346587,other_vegetables
66,15,69,5.725889032061619,other_vegetables
75,25,75,6.0,pineapple
76,27,82,5.765312375752141,pineapple
74,30,68,6.438895755361462,pineapple
75,25,75,6.0,sweet_potato
85,29,75,5.742608174475837,sweet_potato
77,24,66,6.123485703080607,sweet_potato
75,25,75,6.0,condspcs_other
78,25,79,6.033802540137686,condspcs_other
66,24,78,5.736300599729681,condspcs_other
75,25,75,6.0,other_oilseeds
84,34,71,5.53339990494524,other_oilseeds
65,25,71,6.190992833726608,other_oilseeds
75,25,75,6.0,coconut
84,16,71,6.330030905205935,coconut
70,27,83,6.134632020012278,coconut
25,25,50,5.6,ragi
34,28,60,5.166935173089782,ragi
29,26,59,5.825269909003492,ragi
25,25,50,5.6,black_pepper
34,24,58,5.178528865968392,black_pepper
19,28,53,5.348722273458758,black_pepper
25,25,50,5.6,cashewnut
29,25,41,5.908108178696831,cashewnut
15,18,55,5.934176402613689,cashewnut
25,25,50,5.6,sugarcane
16,32,51,5.655344880229309,sugarcane
20,29,51,5.2620089682307984,sugarcane
25,25,50,5.6,arecanut
31,26,46,5.491789361405303,arecanut
31,28,40,5.237096616080824,arecanut
25,25,50,5.6,banana
21,17,50,5.513828964358645,banana
24,32,41,5.368072678539625,banana
25,25,50,5.6,mango
22,24,52,5.888004738964345,mango
29,33,51,5.398406943525231,mango
25,25,50,5.6,other_fresh_fruits
35,18,57,5.214218159790804,other_fresh_fruits
29,32,47,5.217230987837838,other_fresh_fruits
25,25,50,5.6,other_vegetables
29,25,59,6.084636237648174,other_vegetables
18,17,40,5.395384908691604,other_vegetables
25,25,50,5.6,pineapple
32,24,40,5.130765019767152,pineapple
15,17,44,5.6758471318661305,pineapple
25,25,50,5.6,sweet_potato
23,23,54,5.458487458340135,sweet_potato
21,24,58,6.0962223447344925,sweet_potato
25,25,50,5.6,condspcs_other
15,28,56,5.214190830611101,condspcs_other
25,17,46,5.655595086059029,condspcs_other
25,25,50,5.6,other_oilseeds
23,20,45,5.432046791146279,other_oilseeds
19,33,47,5.296474754271312,other_oilseeds
25,50,50,8.2,castor_seed
35,53,55,8.262791078571171,castor_seed
34,43,45,8.555516031232273,castor_seed
25,50,50,8.2,cottonlint
23,58,58,8.144882939726319,cottonlint
21,51,57,8.690910635600604,cottonlint
25,50,50,8.2,garlic
19,55,57,8.372043694728628,garlic
20,47,59,8.689238110329551,garlic
25,50,50,8.2,maize
31,53,45,7.707264923155563,maize
18,44,53,7.870822816705007,maize
25,50,50,8.2,onion
22,58,41,8.135561679107111,onion
17,40,51,8.585867712411291,onion
25,50,50,8.2,pulses_total
27,59,58,8.287616899997962,pulses_total
31,55,59,8.670425082572644,pulses_total
25,50,50,8.2,sesamum
35,59,44,8.589910908686079,sesamum
19,52,51,8.045837340906106,sesamum
25,50,50,8.2,sugarcane
19,54,54,8.434754693388513,sugarcane
30,59,57,7.72058109303398,sugarcane
25,50,50,8.2,dry_chillies
24,42,44,7.739470099249183,dry_chillies
15,52,57,8.557038488327315,dry_chillies
25,50,50,8.2,oilseeds_total
23,41,59,8.34194501030564,oilseeds_total
17,53,49,7.892955909668855,oilseeds_total
25,50,50,8.2,guar_seed
20,53,53,8.420373947040199,guar_seed
21,53,57,8.054180095455376,guar_seed
25,50,50,8.2,banana
25,47,52,8.05469220251788,banana
20,42,46,7.804701845422584,banana
25,50,50,8.2,potato
35,49,42,8.166970898791542,potato
19,42,60,8.281328520827117,potato
25,50,75,7.0,banana
31,45,73,7.222036201075346,banana
25,52,67,6.934961355869794,banana
25,50,75,7.0,dry_chillies
32,46,84,7.174430750864545,dry_chillies
24,50,79,6.9924977871022715,dry_chillies
25,50,75,7.0,garlic
23,50,65,6.9020765313788495,garlic
32,59,79,7.4222361058932815,garlic
25,50,75,7.0,onion
25,58,66,7.426805210061863,onion
33,40,83,7.168071518987481,onion
25,50,75,7.0,potato
17,52,81,6.623394614754783,potato
32,56,68,6.5746909531340885,potato
25,50,75,7.0,tobacco
15,59,65,6.951810096045208,tobacco
17,48,66,7.249925815033623,tobacco
25,50,75,7.0,guar_seed
33,60,82,6.529462871613826,guar_seed
31,48,72,6.904536993495848,guar_seed
25,50,75,7.0,other_oilseeds
34,59,65,7.475315306124506,other_oilseeds
25,45,75,6.623215511386037,other_oilseeds
25,50,75,7.0,sugarcane
31,46,84,7.349989110377279,sugarcane
21,53,83,7.461237313592777,sugarcane
25,50,75,8.3,garlic
28,41,82,8.119306049304642,garlic
28,47,68,8.641410868970468,garlic
25,50,75,8.3,guar_seed
16,57,85,8.307100133464925,guar_seed
25,40,70,8.103113305375583,guar_seed
25,50,75,8.3,potato
17,43,77,8.425320615568916,potato
18,54,74,8.410229037493583,potato
50,75,75,7.2,banana
53,84,68,6.922937349799166,banana
54,69,76,7.524133754840124,banana
50,75,75,7.2,castor_seed
50,74,84,6.875507298694911,castor_seed
52,77,77,7.107209201756031,castor_seed
50,75,75,7.2,cottonlint
40,83,69,7.341857609013936,cottonlint
53,75,80,7.658268970113684,cottonlint
50,75,75,7.2,maize
44,81,69,7.132490965913564,maize
46,70,68,7.233095406206069,maize
50,75,75,7.2,pulses_total
58,68,84,7.467400635372676,pulses_total
55,76,82,7.6580655527505135,pulses_total
50,75,75,7.2,rice
52,82,77,7.671550051072346,rice
50,74,72,6.879352868170175,rice
50,75,75,7.2,sesamum
60,72,70,7.6004907291537505,sesamum
54,80,82,7.038487155062034,sesamum
50,75,75,7.2,sugarcane
42,78,78,7.19467739372994,sugarcane
47,84,65,6.740281691472626,sugarcane
50,75,75,7.2,tobacco
48,85,84,7.458445799548354,tobacco
40,77,72,7.511713518954545,tobacco
50,75,75,7.2,dry_chillies
43,85,78,7.495660054996007,dry_chillies
59,82,78,7.50448274377851,dry_chillies
50,75,75,7.2,oilseeds_total
46,83,79,7.232007640846976,oilseeds_total
46,68,78,7.080045517650124,oilseeds_total
50,75,75,7.2,onion
60,81,71,6.887870906782965,onion
46,79,77,7.049773172561712,onion
50,75,75,7.2,guar_seed
42,83,82,7.5752649840997055,guar_seed
56,79,83,7.271592125974674,guar_seed
50,75,75,7.2,other_oilseeds
47,78,70,7.455716390534634,other_oilseeds
55,68,77,6.856260690598008,other_oilseeds
50,75,75,7.2,garlic
47,65,78,7.053009287463771,garlic
40,73,77,7.02368894162557,garlic
25,50,75,7.6,banana
26,46,75,7.504580853072357,banana
27,60,81,7.26806411280453,banana
25,50,75,7.6,castor_seed
33,58,80,7.89260950375908,castor_seed
31,60,70,7.933298824744897,castor_seed
25,50,75,7.6,cottonlint
24,45,73,7.643350619459871,cottonlint
34,51,73,7.888372126654071,cottonlint
25,50,75,7.6,garlic
21,45,76,7.9180514650820015,garlic
33,51,78,7.813909265010991,garlic
25,50,75,7.6,maize
26,48,83,7.600427772049814,maize
16,45,77,7.184285936758651,maize
25,50,75,7.6,onion
26,46,72,8.068114073874858,onion
34,55,82,7.243659732948384,onion
25,50,75,7.6,pulses_total
27,41,66,7.132908757965022,pulses_total
16,44,73,7.490204532073054,pulses_total
25,50,75,7.6,rice
25,50,70,7.60714424627732,rice
28,57,80,7.559344882566205,rice
25,50,75,7.6,sesamum
15,40,79,7.993564322169462,sesamum
34,48,78,7.607803086023788,sesamum
25,50,75,7.6,sugarcane
31,55,67,7.791564456227514,sugarcane
32,42,85,7.807496650776071,sugarcane
25,50,75,7.6,dry_chillies
32,51,74,7.947899251005932,dry_chillies
22,55,68,7.565298381735396,dry_chillies
25,50,75,7.6,oilseeds_total
20,44,76,7.417537613194687,oilseeds_total
32,52,75,7.218663188952677,oilseeds_total
25,50,75,7.6,guar_seed
19,55,85,7.927957983090217,guar_seed
25,49,72,7.512804608944193,guar_seed
25,50,75,7.6,tobacco
15,60,75,7.281066643436068,tobacco
35,53,66,7.512448980883995,tobacco
50,50,50,7.4,garlic
52,46,58,7.578935769420448,garlic
48,50,56,7.128384236888126,garlic
50,50,50,7.4,guar_seed
52,60,47,7.854276140759586,guar_seed
54,44,47,7.808265029795832,guar_seed
50,50,75,7.5,maize
47,50,65,7.748474875059475,maize
49,48,71,7.006481732075519,maize
50,50,75,7.5,onion
45,40,72,7.295019671434388,onion
46,51,65,7.028039439198172,onion
50,50,75,7.5,pulses_total
59,45,79,7.595521980109793,pulses_total
58,41,74,7.828025316655659,pulses_total
50,50,75,7.5,ragi
59,45,66,7.917827964901449,ragi
58,50,79,7.730902773678284,ragi
50,50,75,7.5,rice
47,50,74,7.268368089285267,rice
48,40,68,7.483046367014231,rice
50,50,75,7.5,tobacco
54,56,84,7.452324452956284,tobacco
59,44,67,7.593415376003489,tobacco
50,50,75,7.5,dry_chillies
56,50,70,7.907147714642806,dry_chillies
44,59,67,7.379099563497175,dry_chillies
50,50,75,7.5,oilseeds_total
58,55,79,7.24486409141673,oilseeds_total
45,50,75,7.2643616500558,oilseeds_total
50,50,75,7.5,banana
58,41,65,7.964276755496446,banana
59,57,79,7.510593743064711,banana
50,50,75,7.5,garlic
58,50,77,7.344076023601321,garlic
48,45,84,7.072096983426572,garlic
50,50,75,7.5,sugarcane
41,45,77,7.7838300296993586,sugarcane
47,41,81,7.871102987635754,sugarcane
50,50,75,7.5,other_oilseeds
45,47,65,7.01929284781066,other_oilseeds
52,52,66,7.404591218837665,other_oilseeds
50,25,50,7.0,garlic
60,29,46,7.237637967482156,garlic
42,21,42,6.74114945467722,garlic
50,25,50,7.0,guar_seed
51,22,49,6.86294092113655,guar_seed
44,27,48,7.371412903175751,guar_seed
50,25,50,7.0,potato
55,31,45,7.091884403678849,potato
60,33,45,7.0694510920746305,potato
50,25,50,7.0,dry_chillies
46,32,46,7.40492702385803,dry_chillies
44,32,53,7.169861637596001,dry_chillies
50,75,50,6.8,cottonlint
58,82,58,7.010832587027795,cottonlint
52,84,40,6.609530441346538,cottonlint
50,75,50,6.8,maize
55,74,46,6.506971693452213,maize
46,83,50,7.256562256729951,maize
50,75,50,6.8,potato
53,76,40,6.8451141956510675,potato
45,69,44,7.273305724853177,potato
50,75,50,6.8,pulses_total
55,78,40,6.941665126512286,pulses_total
45,65,52,6.472243035599246,pulses_total
50,75,50,6.8,rice
40,65,57,6.918966691032368,rice
60,69,51,6.390624271121164,rice
50,75,50,6.8,sesamum
56,65,60,6.380200738999634,sesamum
58,67,58,6.363176732458458,sesamum
50,75,50,6.8,oilseeds_total
49,84,56,6.843332665552468,oilseeds_total
43,77,57,6.455082255648489,oilseeds_total
50,75,50,6.8,guar_seed
46,79,44,7.299760194092229,guar_seed
44,85,55,6.30027444396895,guar_seed
50,75,50,6.8,garlic
44,76,46,6.844565171401262,garlic
56,83,52,7.186222912561022,garlic
50,50,50,8.0,garlic
52,59,49,8.059633939584415,garlic
41,59,44,7.909793659819202,garlic
50,50,50,8.0,guar_seed
42,48,53,8.10040031947619,guar_seed
55,53,57,8.340796840535761,guar_seed
75,75,25,6.8,sugarcane
82,80,30,6.353709274200062,sugarcane
71,76,32,7.081086758124423,sugarcane
75,75,25,6.8,dry_chillies
70,76,17,6.408687608520662,dry_chillies
85,67,19,7.281911918367493,dry_chillies
75,75,25,6.8,onion
80,66,27,6.924886896847779,onion
68,75,30,6.414560777067888,onion
75,75,25,6.8,potato
79,71,31,6.541004633682914,potato
69,65,22,7.012802066731538,potato
75,75,25,6.8,garlic
85,77,19,7.025650254993757,garlic
83,73,16,6.921531751048154,garlic
75,75,25,6.8,turmeric
72,72,33,6.892120608926794,turmeric
77,76,24,7.13912314723324,turmeric
75,75,25,6.8,sweet_potato
72,84,20,6.721218219701939,sweet_potato
74,75,19,6.688863288097265,sweet_potato
75,75,25,6.8,other_fresh_fruits
79,79,16,6.67516222702103,other_fresh_fruits
65,66,31,6.929953807691017,other_fresh_fruits
75,75,25,6.8,other_vegetables
69,78,25,6.7476158530073365,other_vegetables
78,83,29,7.128649962756895,other_vegetables
75,75,25,6.8,sannhamp
76,83,22,6.584996081721334,sannhamp
79,65,34,6.7276677457777785,sannhamp
75,75,25,6.8,coriander
85,69,24,6.307090748914243,coriander
82,72,21,7.242974346031706,coriander
75,75,25,6.8,ginger
80,65,27,7.273687581636254,ginger
66,82,19,6.761034591620942,ginger
50,50,50,6.9,cottonlint
55,50,44,7.376767618467772,cottonlint
44,47,44,6.644016604077867,cottonlint
50,50,50,6.9,onion
50,40,41,6.489742013615039,onion
41,55,49,6.4672940272393955,onion
50,50,50,6.9,sannhamp
45,55,48,6.4369237737027225,sannhamp
50,42,47,6.65357917503735,sannhamp
50,50,50,6.9,garlic
51,58,48,6.403357556208472,garlic
54,40,54,6.771838595303884,garlic
50,50,50,6.9,other_fresh_fruits
42,45,48,7.3392050831243205,other_fresh_fruits
43,55,45,7.228051036174244,other_fresh_fruits
50,50,50,6.9,other_vegetables
53,55,46,7.268029398550517,other_vegetables
51,44,52,6.854831331278479,other_vegetables
50,50,50,6.9,guar_seed
41,40,60,6.5782215433523765,guar_seed
42,46,49,7.225365086324765,guar_seed
50,50,50,6.9,coriander
53,40,47,6.779897819960901,coriander
47,40,57,6.842719006588827,coriander
50,50,50,7.1,sugarcane
47,55,59,7.004638063109233,sugarcane
50,50,60,6.618428917063284,sugarcane
50,50,50,7.1,dry_chillies
46,41,51,7.469609273858884,dry_chillies
55,52,54,6.851377491693378,dry_chillies
50,50,50,7.1,onion
48,60,60,7.063466089557916,onion
40,46,42,7.041085573532212,onion
50,50,50,7.1,potato
45,41,53,7.49446715526573,potato
43,44,54,6.736441883275121,potato
50,50,50,7.1,sweet_potato
56,48,47,6.9170900060435425,sweet_potato
50,43,43,7.467555632111107,sweet_potato
50,50,50,7.1,garlic
54,42,51,7.459129937599362,garlic
42,53,40,7.403420271883695,garlic
50,50,50,7.1,sannhamp
58,40,49,7.140717245259553,sannhamp
57,45,53,7.006116670314761,sannhamp
50,50,50,7.1,banana
41,49,46,7.035136441869271,banana
54,43,49,7.550022651884361,banana
50,50,50,7.1,other_fresh_fruits
45,51,45,7.578594545390606,other_fresh_fruits
54,52,48,7.20782704753171,other_fresh_fruits
50,50,50,7.1,other_vegetables
49,49,53,7.574469407191393,other_vegetables
47,49,59,7.483088698090407,other_vegetables
50,50,50,7.1,coriander
42,50,59,7.441138688704999,coriander
52,55,42,7.01143438510164,coriander
50,50,50,7.1,guar_seed
58,57,49,6.641603780568483,guar_seed
41,42,43,6.916985258879436,guar_seed
50,25,50,7.5,cottonlint
54,15,44,7.6133732673358185,cottonlint
54,33,44,7.056919738997123,cottonlint
50,25,50,7.5,sugarcane
42,34,51,7.2526662885815085,sugarcane
46,26,53,7.663856378449973,sugarcane
50,25,50,7.5,dry_chillies
44,18,58,7.916293847497514,dry_chillies
49,35,41,7.617567168749004,dry_chillies
50,25,50,7.5,potato
55,19,51,7.786936845366092,potato
51,16,47,7.3378219361878525,potato
50,25,50,7.5,onion
40,15,57,7.115989951848275,onion
51,33,53,7.313852453175179,onion
50,25,50,7.5,sannhamp
51,34,59,7.141551365399264,sannhamp
45,29,54,7.67930807491363,sannhamp
50,25,50,7.5,grapes
54,26,59,7.228684488261941,grapes
51,26,44,7.807885882297124,grapes
50,25,50,7.5,other_fresh_fruits
58,16,53,7.5775210521602885,other_fresh_fruits
43,29,45,7.068324399893357,other_fresh_fruits
50,25,50,7.5,other_vegetables
40,33,60,7.948093324623095,other_vegetables
44,29,50,7.335055022201731,other_vegetables
50,25,50,7.5,garlic
50,20,43,7.6845502577951255,garlic
48,27,57,7.034459183557999,garlic
50,25,50,7.5,guar_seed
41,33,45,7.208413165636872,guar_seed
44,22,42,7.119171492299753,guar_seed
50,25,50,7.5,coriander
59,30,54,7.165425889107468,coriander
57,31,44,7.314450582489915,coriander
50,25,50,7.5,turmeric
45,22,50,7.929638477996865,turmeric
60,26,46,7.471006752538327,turmeric
50,75,25,7.7,cottonlint
60,80,19,8.162199147352657,cottonlint
48,85,24,7.3131295371546425,cottonlint
50,75,25,7.7,sugarcane
59,85,15,7.626777353708612,sugarcane
42,77,31,8.188745806981311,sugarcane
50,75,25,7.7,dry_chillies
42,85,20,7.882448469367054,dry_chillies
40,80,20,7.515333120642354,dry_chillies
50,75,25,7.7,onion
44,76,16,8.156603238795205,onion
53,83,21,7.696593191805274,onion
50,75,25,7.7,potato
53,68,18,8.182084155198362,potato
55,71,28,7.352543661427111,potato
50,75,25,7.7,sannhamp
50,81,16,7.703025242633533,sannhamp
43,76,33,7.2570059356890235,sannhamp
50,75,25,7.7,sweet_potato
53,73,25,7.719856445359724,sweet_potato
40,77,28,7.538815357318484,sweet_potato
50,75,25,7.7,garlic
57,85,16,7.203644319463534,garlic
41,84,26,8.145449106675322,garlic
50,75,25,7.7,other_fresh_fruits
54,84,22,7.378675857968269,other_fresh_fruits
53,71,18,8.023340073474623,other_fresh_fruits
50,75,25,7.7,other_vegetables
42,83,19,7.253603507372396,other_vegetables
41,73,29,7.8291907067745194,other_vegetables
50,75,25,7.7,guar_seed
44,78,22,7.746839507946045,guar_seed
58,72,33,7.727805974353499,guar_seed
50,75,25,7.7,coriander
53,68,26,7.526687210548187,coriander
51,68,28,8.07651849647514,coriander
50,75,25,7.7,turmeric
56,85,15,7.521881725025755,turmeric
41,70,19,7.7799777111970965,turmeric
25,50,25,7.3,cottonlint
19,52,16,7.23360414177719,cottonlint
30,45,15,7.662038868550263,cottonlint
25,50,25,7.3,sugarcane
24,60,22,6.908279637441341,sugarcane
35,43,23,7.777538471735776,sugarcane
25,50,25,7.3,onion
27,45,27,7.18406315618429,onion
28,45,27,7.485842853061591,onion
25,50,25,7.3,potato
20,54,17,7.381606654264146,potato
30,40,28,7.656035190719179,potato
25,50,25,7.3,sannhamp
32,58,17,7.266537114775922,sannhamp
26,54,22,7.764686236465251,sannhamp
25,50,25,7.3,banana
34,55,28,6.809288868643832,banana
24,58,30,7.634608583584689,banana
25,50,25,7.3,other_vegetables
18,40,33,7.110239031815284,other_vegetables
24,60,24,7.237539768437741,other_vegetables
25,50,25,7.3,mango
32,44,18,7.239905684913325,mango
21,44,22,6.955622019938887,mango
25,50,25,7.3,sweet_potato
20,53,15,7.749707700331429,sweet_potato
28,53,35,7.4243133581829985,sweet_potato
25,50,25,7.3,guar_seed
28,41,34,7.166355081545673,guar_seed
21,51,25,7.200034518492625,guar_seed
25,50,25,7.3,coriander
24,46,18,7.23889318281073,coriander
25,55,19,7.078699520967646,coriander
25,50,25,7.3,garlic
33,46,17,7.745013010318854,garlic
26,46,33,7.793757231756369,garlic
25,25,75,8.2,cottonlint
17,18,84,8.010913493230223,cottonlint
18,17,84,8.195477547983844,cottonlint
25,25,75,8.2,sugarcane
18,28,85,8.42473449283682,sugarcane
18,23,76,8.579347002092591,sugarcane
25,25,75,8.2,dry_chillies
29,31,75,7.953774772000533,dry_chillies
25,33,71,8.390054625337541,dry_chillies
25,25,75,8.2,onion
18,29,75,7.795888040026264,onion
18,26,82,7.716725714581531,onion
25,25,75,8.2,potato
33,20,82,7.946270383442433,potato
29,29,85,7.845774066839338,potato
25,25,75,8.2,sannhamp
15,20,67,8.095052094464101,sannhamp
29,32,70,8.029962797916046,sannhamp
25,25,75,8.2,other_fresh_fruits
35,28,84,8.631082554902246,other_fresh_fruits
23,24,85,8.084921754033756,other_fresh_fruits
25,25,75,8.2,other_vegetables
16,20,76,8.690892122985941,other_vegetables
25,21,83,7.867206741459847,other_vegetables
25,25,75,8.2,coriander
24,24,67,8.342423077953114,coriander
15,15,84,8.196882651621213,coriander
25,25,75,8.2,garlic
26,27,74,8.019655641351793,garlic
33,22,66,8.115719484098411,garlic
25,25,75,8.2,turmeric
28,34,78,8.197339197738723,turmeric
25,17,68,8.694999176389484,turmeric
25,25,75,8.2,guar_seed
21,25,71,8.062183044064312,guar_seed
22,21,68,8.011134188110494,guar_seed
25,75,50,6.9,cottonlint
22,72,49,6.952085576115279,cottonlint
26,73,40,6.469090487987861,cottonlint
25,75,50,6.9,sugarcane
28,76,47,7.345266135089067,sugarcane
22,65,48,6.960693917406282,sugarcane
25,75,50,6.9,dry_chillies
21,69,56,7.196872613197074,dry_chillies
29,68,55,6.620033312244507,dry_chillies
25,75,50,6.9,onion
27,71,46,7.357383442478286,onion
18,72,45,7.344342914781075,onion
25,75,50,6.9,potato
25,77,42,6.794056047064743,potato
30,65,56,7.133075588597378,potato
25,75,50,6.9,garlic
33,65,52,6.863675952800753,garlic
22,84,49,6.884429019826305,garlic
25,75,50,6.9,turmeric
26,74,46,7.344834206391734,turmeric
25,77,55,7.3410709611360545,turmeric
25,75,50,6.9,mango
29,77,40,7.263928273503635,mango
25,79,43,6.4508625273103535,mango
25,75,50,6.9,other_vegetables
21,78,53,6.585553457478709,other_vegetables
23,75,44,7.340043384059702,other_vegetables
25,75,50,6.9,other_fresh_fruits
16,66,51,6.758154636621851,other_fresh_fruits
26,84,48,6.603849093034042,other_fresh_fruits
25,75,50,6.9,sannhamp
16,77,48,7.080768984066981,sannhamp
15,82,44,6.609016759342697,sannhamp
25,75,50,6.9,coriander
16,79,54,7.255478545917164,coriander
16,79,43,6.648299905899509,coriander
25,75,50,6.9,tobacco
34,71,59,6.52789456240662,tobacco
20,76,58,6.7239897411984515,tobacco
25,75,50,6.9,guar_seed
35,69,57,6.844359053520701,guar_seed
29,83,58,6.885158536276865,guar_seed
25,75,50,6.9,sweet_potato
28,75,42,6.59725780797048,sweet_potato
33,83,60,6.750272699902581,sweet_potato
75,50,75,8.2,sugarcane
80,58,65,8.253075372567286,sugarcane
76,40,84,7.855888438874431,sugarcane
75,50,75,8.2,dry_chillies
65,41,68,7.950307016353237,dry_chillies
73,47,75,8.124575857588395,dry_chillies
75,50,75,8.2,potato
66,40,71,8.585194421847099,potato
80,54,76,8.306617146028426,potato
75,50,75,8.2,sannhamp
77,51,77,7.904753833508562,sannhamp
67,46,74,8.515831158884142,sannhamp
75,50,75,8.2,garlic
69,57,81,7.826637524047001,garlic
66,49,77,8.608820707310226,garlic
75,50,75,8.2,onion
76,54,76,8.240668997788543,onion
65,43,72,8.369254563497371,onion
75,50,75,8.2,sweet_potato
72,48,73,8.299084119974873,sweet_potato
66,50,71,7.792520300455234,sweet_potato
75,50,75,8.2,turmeric
75,54,84,8.162633790331974,turmeric
68,48,71,8.421681388015191,turmeric
75,50,75,8.2,other_fresh_fruits
85,40,70,8.245640556404425,other_fresh_fruits
68,57,85,8.079147107293686,other_fresh_fruits
75,50,75,8.2,other_vegetables
78,43,85,8.23631796272612,other_vegetables
77,42,65,8.649208508760978,other_vegetables
75,50,75,8.2,grapes
77,56,69,8.310930016844045,grapes
77,43,75,8.384000335477538,grapes
75,50,75,8.2,coriander
67,54,68,8.542579010981758,coriander
77,56,85,8.68270928121247,coriander
75,50,75,8.2,guar_seed
72,56,72,7.8598187756455,guar_seed
76,42,70,8.061597172144438,guar_seed
25,50,50,7.6,sugarcane
20,41,44,7.334859575732109,sugarcane
15,57,60,7.814490364880229,sugarcane
25,25,75,5.3,cottonlint
21,30,70,5.483690149431166,cottonlint
29,29,73,5.380618557028988,cottonlint
25,25,75,5.3,dry_chillies
17,22,82,5.126083702709536,dry_chillies
18,34,72,5.614791752413422,dry_chillies
25,25,75,5.3,garlic
35,35,71,5.609965179058963,garlic
20,29,81,5.752422518827369,garlic
25,25,75,5.3,ginger
26,15,83,5.062857621513798,ginger
20,18,78,4.973162250478305,ginger
25,25,75,5.3,turmeric
25,20,72,5.186428020405225,turmeric
31,35,67,5.126721768747155,turmeric
25,25,75,5.3,potato
23,28,82,5.423256687889713,potato
23,25,73,5.545805372681153,potato
25,25,75,5.3,sugarcane
31,15,72,5.5962249277198275,sugarcane
30,24,85,5.487362292934446,sugarcane
25,25,75,5.3,sannhamp
33,22,70,5.216263391896253,sannhamp
29,26,82,4.867738914938682,sannhamp
25,25,75,5.3,sweet_potato
35,22,71,5.28249060171042,sweet_potato
23,27,72,5.787335645023094,sweet_potato
25,25,75,5.3,tobacco
29,30,73,4.883490127676592,tobacco
23,27,74,4.980542079420236,tobacco
25,25,75,5.3,onion
20,19,83,5.171085310373847,onion
19,28,85,5.154475964695941,onion
75,25,50,6.7,dry_chillies
65,33,44,6.229303014369023,dry_chillies
73,33,41,6.680992142829826,dry_chillies
75,25,50,6.7,garlic
78,30,56,6.901352805246939,garlic
84,20,53,6.3427092080135345,garlic
75,25,50,6.7,ginger
71,22,46,7.048312294897574,ginger
65,22,41,6.877184081801284,ginger
75,25,50,6.7,tobacco
66,26,58,6.9442908268256875,tobacco
78,20,54,6.785798289336224,tobacco
75,25,50,6.7,potato
73,25,47,6.789204777837652,potato
73,18,58,7.037235680577566,potato
75,25,50,6.7,coriander
84,23,60,7.172435179530126,coriander
84,19,55,6.299625507703013,coriander
75,25,50,6.7,onion
79,15,50,6.588785152464625,onion
65,17,46,6.533140422771753,onion
50,50,50,6.5,cottonlint
41,51,48,6.859731785170671,cottonlint
49,41,46,6.136182773626216,cottonlint
50,50,50,6.5,dry_chillies
49,48,49,6.7285990511303915,dry_chillies
58,57,60,6.142735557196948,dry_chillies
50,50,50,6.5,garlic
44,40,53,6.271625045595819,garlic
53,52,45,6.866491859910216,garlic
50,50,50,6.5,ginger
58,57,57,6.190533137817954,ginger
41,41,45,6.673513592925323,ginger
50,50,50,6.5,turmeric
58,42,55,6.896840251108185,turmeric
57,54,47,6.0276547710046495,turmeric
50,50,50,6.5,sugarcane
52,52,41,6.523253336941211,sugarcane
55,41,58,6.015334611835275,sugarcane
50,50,50,6.5,coriander
40,55,55,6.764194025735666,coriander
40,44,52,6.214147112802888,coriander
50,50,50,6.5,onion
57,41,47,6.253623687604537,onion
51,42,51,6.035998934956605,onion
50,50,50,6.5,potato
46,54,43,6.64524844317941,potato
60,49,42,6.966201033103173,potato
50,25,50,6.6,cottonlint
53,30,58,6.2176651951808,cottonlint
60,20,47,6.548547262757714,cottonlint
50,25,50,6.6,dry_chillies
58,29,57,6.105719449123945,dry_chillies
41,18,48,6.528180040047677,dry_chillies
50,25,50,6.6,garlic
59,24,42,6.562878176811212,garlic
47,34,55,6.331260782658992,garlic
50,25,50,6.6,ginger
57,33,47,7.064282444761387,ginger
41,32,51,6.408597867311029,ginger
50,25,50,6.6,turmeric
44,34,55,6.321125188151908,turmeric
44,27,45,7.040561402880204,turmeric
50,25,50,6.6,sugarcane
51,23,53,6.324677202133461,sugarcane
58,29,56,7.002143179269724,sugarcane
50,25,50,6.6,coriander
56,26,47,6.372670610452892,coriander
50,34,52,6.348042769046859,coriander
50,25,50,6.6,onion
55,34,47,6.697651255247095,onion
49,26,41,6.5992893847287295,onion
50,25,50,6.6,potato
50,19,56,6.513422375283078,potato
59,21,55,6.505178880645425,potato
50,25,50,6.6,sannhamp
60,32,54,7.034324653536954,sannhamp
44,25,43,6.772973064384129,sannhamp
50,25,50,6.6,sweet_potato
54,31,42,6.935247848188534,sweet_potato
60,18,51,6.6045078475849595,sweet_potato
50,50,50,5.6,garlic
40,51,40,5.636956805081861,garlic
48,41,42,5.378383989761152,garlic
50,50,50,5.6,potato
50,44,52,5.207661153034795,potato
47,49,54,5.474749285218549,potato
50,50,50,6.0,dry_chillies
55,51,42,6.140693127939668,dry_chillies
56,40,40,6.185674935382245,dry_chillies
50,50,50,6.0,garlic
54,59,44,6.35697748907488,garlic
55,55,47,6.452512799125266,garlic
50,50,50,6.0,tobacco
57,59,43,5.618826413127217,tobacco
46,59,55,6.478945267797698,tobacco
50,50,50,6.0,coriander
57,43,56,6.481853064151138,coriander
55,53,47,6.393453586946049,coriander
50,50,50,6.0,onion
54,45,52,6.432321053325167,onion
40,51,43,6.428991140070005,onion
50,50,50,6.0,potato
51,48,46,6.036599155913624,potato
48,45,44,5.819813980378816,potato
50,25,75,6.1,dry_chillies
54,18,65,6.580756253179299,dry_chillies
51,32,80,6.590938464956794,dry_chillies
50,25,75,6.1,garlic
59,34,77,6.151704216876663,garlic
53,21,71,6.268445057336402,garlic
50,25,75,6.1,ginger
50,18,77,5.936826568180913,ginger
55,33,80,6.024412140717278,ginger
50,25,75,6.1,turmeric
56,20,68,6.201171369599788,turmeric
48,22,81,5.782831098952407,turmeric
50,25,75,6.1,sugarcane
47,20,78,5.859998266449222,sugarcane
47,33,69,5.915945597929597,sugarcane
50,25,75,6.1,coriander
51,28,66,6.102948295165845,coriander
55,26,66,6.4454068108701446,coriander
50,25,75,6.1,onion
54,15,85,5.654146400830179,onion
46,25,83,6.525771624592556,onion
50,25,75,6.1,potato
58,15,69,5.973221058264317,potato
47,19,65,6.004638854392105,potato
50,25,50,6.0,garlic
52,19,49,5.722803921126426,garlic
54,31,47,5.564591137740944,garlic
50,25,50,6.0,ginger
44,31,57,6.321583856936223,ginger
51,30,54,6.062392283847994,ginger
50,25,50,6.0,coriander
60,20,57,6.075231817887352,coriander
43,25,45,5.896556682499248,coriander
50,25,50,6.8,cottonlint
55,15,60,6.83710437900293,cottonlint
45,26,50,6.619029842761945,cottonlint
50,25,50,6.8,garlic
49,19,48,6.3977574120912255,garlic
51,22,60,6.919620811433479,garlic
50,25,50,6.8,coriander
42,26,57,6.32618894877791,coriander
51,34,52,6.879190243573628,coriander
50,25,50,6.8,onion
50,21,59,6.337787621119844,onion
53,35,53,6.590346716567282,onion
50,25,50,6.8,tobacco
46,31,54,6.801007813994662,tobacco
53,35,59,7.1256948182320246,tobacco
50,75,25,6.2,cottonlint
45,70,35,6.1601821188693995,cottonlint
41,80,30,6.1772923487572395,cottonlint
50,75,25,6.2,dry_chillies
46,80,16,5.843322226386165,dry_chillies
52,85,33,6.269101202326353,dry_chillies
50,75,25,6.2,garlic
56,74,20,5.997676978491653,garlic
52,71,20,6.048677297750239,garlic
50,75,25,6.2,ginger
44,77,34,6.091723469597816,ginger
53,66,35,6.664552600310102,ginger
50,75,25,6.2,sugarcane
42,80,16,6.6289772799294076,sugarcane
51,72,23,6.04888544683548,sugarcane
50,75,25,6.2,onion
42,66,26,6.130626057724477,onion
42,84,33,6.337531697538732,onion
50,75,25,6.2,potato
42,82,23,6.588289446077553,potato
50,66,24,6.202367277754611,potato
50,75,25,6.2,turmeric
42,67,15,5.735011358826448,turmeric
56,70,23,6.64311136250713,turmeric
50,75,75,6.3,cottonlint
42,66,66,6.468281355999934,cottonlint
59,68,78,6.3746287580047785,cottonlint
50,75,75,6.3,dry_chillies
56,68,84,5.957291583466378,dry_chillies
42,81,69,6.236995400615072,dry_chillies
50,75,75,6.3,garlic
55,70,71,6.180771125583274,garlic
47,82,71,6.534717021404865,garlic
50,75,75,6.3,ginger
53,72,82,6.279613885240473,ginger
45,71,71,6.163610858022933,ginger
50,75,75,6.3,turmeric
58,82,76,6.6322243335363655,turmeric
43,76,73,6.6048047267049705,turmeric
50,75,75,6.3,sugarcane
54,81,69,6.740451626473887,sugarcane
59,76,73,6.683259375977541,sugarcane
50,75,75,6.3,coriander
52,73,65,6.5277697892342905,coriander
51,72,81,6.414485292461261,coriander
50,75,75,6.3,onion
55,76,75,6.791831135611271,onion
50,70,67,6.238491824331704,onion
50,75,75,6.3,potato
59,65,68,6.1802769183805335,potato
53,73,79,5.886990999886872,potato
50,75,75,6.3,sannhamp
42,82,74,6.2528173531350975,sannhamp
57,84,69,6.745655191688323,sannhamp
75,75,75,6.5,dry_chillies
80,71,66,6.8319798790889195,dry_chillies
69,66,79,6.7367654084206094,dry_chillies
75,75,75,6.5,onion
74,81,65,6.194724333053311,onion
67,76,76,6.5666072971947225,onion
75,75,75,6.5,potato
80,73,82,6.95325860307924,potato
69,72,69,6.120575117739654,potato
75,75,75,6.5,other_fresh_fruits
76,66,82,6.669348250545432,other_fresh_fruits
80,78,74,6.12230913703872,other_fresh_fruits
75,75,75,6.5,other_vegetables
66,80,85,6.223422368548736,other_vegetables
76,73,77,6.906416379207738,other_vegetables
25,25,75,6.8,potato
29,28,81,6.450047699320155,potato
17,27,72,6.520028791044168,potato
25,25,75,6.8,other_fresh_fruits
15,29,72,6.632316929543881,other_fresh_fruits
33,30,72,6.551340859996015,other_fresh_fruits
25,25,75,6.8,other_vegetables
29,31,85,6.914312680390005,other_vegetables
33,19,74,6.38942571116817,other_vegetables
50,25,50,7.3,garlic
40,31,47,6.9002751224887815,garlic
49,18,42,7.349486948907783,garlic
50,25,50,7.3,onion
60,30,56,7.378523273509643,onion
47,19,58,6.8563038145700235,onion
50,25,50,7.3,potato
50,28,56,6.98808561377113,potato
55,18,45,7.453651079237871,potato
50,25,50,7.3,other_fresh_fruits
56,20,54,6.894251930697343,other_fresh_fruits
40,20,60,7.363700290849594,other_fresh_fruits
50,25,50,7.3,other_vegetables
50,27,43,7.3488103991765374,other_vegetables
59,32,40,7.57499169301419,other_vegetables
75,50,50,6.9,sugarcane
68,60,49,7.280070589269851,sugarcane
85,51,44,6.479380625164824,sugarcane
75,50,50,6.9,garlic
69,46,44,7.393025569765876,garlic
85,54,57,7.149901570490282,garlic
75,50,50,6.9,sannhamp
70,56,43,7.2118971579416185,sannhamp
84,46,54,7.18574188352856,sannhamp
75,50,50,6.9,tobacco
68,45,40,6.60413432070947,tobacco
80,47,52,6.791500725546258,tobacco
75,50,50,6.9,potato
84,51,55,7.126852893902017,potato
79,56,54,7.21536687101725,potato
75,50,50,6.9,onion
80,59,45,6.7281582140318275,onion
67,57,60,6.6982117185713514,onion
75,50,50,6.9,other_fresh_fruits
82,48,50,6.514060700011768,other_fresh_fruits
71,50,55,7.380567330116148,other_fresh_fruits
75,50,50,6.9,other_vegetables
68,59,57,6.536775654488729,other_vegetables
79,42,45,6.943451448553026,other_vegetables
75,50,50,6.9,other_oilseeds
70,51,49,7.132340931264312,other_oilseeds
82,44,50,6.713012210210469,other_oilseeds
50,50,25,6.0,sugarcane
54,45,27,5.982860535513181,sugarcane
56,40,15,6.461406949904422,sugarcane
50,50,25,6.0,dry_chillies
42,53,29,5.8215742269898785,dry_chillies
49,47,33,5.805225951135541,dry_chillies
50,50,25,6.0,garlic
50,58,21,6.074657438296655,garlic
53,54,19,5.92720695479689,garlic
50,50,25,6.0,sannhamp
40,58,34,5.6922860212146595,sannhamp
58,47,22,5.620579164443411,sannhamp
50,50,25,6.0,tobacco
60,42,34,6.406531705665197,tobacco
56,58,22,6.002563516665671,tobacco
50,50,25,6.0,turmeric
48,54,17,6.279447785291879,turmeric
56,48,18,6.32080107532946,turmeric
50,50,25,6.0,onion
44,47,31,5.991696555010541,onion
46,50,31,5.995867509480549,onion
50,50,25,6.0,potato
54,44,20,6.297109409490682,potato
48,43,24,6.008245103816527,potato
50,50,25,6.0,other_fresh_fruits
51,44,16,5.882286313463786,other_fresh_fruits
47,41,33,5.92656137606829,other_fresh_fruits
50,50,25,6.0,other_vegetables
47,55,35,5.923306174928179,other_vegetables
59,45,15,5.908517845651428,other_vegetables
50,50,25,7.6,sugarcane
47,49,17,7.268591361252899,sugarcane
53,42,31,7.439625268324301,sugarcane
50,50,50,6.7,potato
54,47,40,7.129381482285931,potato
46,59,45,6.255033014142977,potato
50,50,50,6.7,other_fresh_fruits
40,42,52,6.2586337970025205,other_fresh_fruits
60,49,49,7.178183602247185,other_fresh_fruits
50,50,50,6.7,other_vegetables
53,44,44,7.1827968063331475,other_vegetables
46,49,40,6.228123455309713,other_vegetables
50,75,75,5.9,dry_chillies
40,65,73,6.001848089872959,dry_chillies
59,79,77,6.100399472942743,dry_chillies
50,75,75,5.9,garlic
51,71,78,6.369666951306599,garlic
58,71,80,5.964811456069472,garlic
50,75,75,5.9,sannhamp
42,68,77,5.535375562938071,sannhamp
41,79,66,6.090073443797506,sannhamp
50,75,75,5.9,potato
46,69,77,5.74936161756659,potato
43,67,81,5.691271245515437,potato
50,75,75,5.9,other_fresh_fruits
45,81,82,5.748971008464248,other_fresh_fruits
50,65,76,5.751151101722632,other_fresh_fruits
50,75,75,5.9,other_vegetables
41,78,76,6.3338521499674165,other_vegetables
56,75,73,6.16100598187999,other_vegetables
50,50,50,5.8,other_fresh_fruits
51,59,42,5.582767055113889,other_fresh_fruits
40,60,54,6.093940121333299,other_fresh_fruits
50,50,50,5.8,other_vegetables
47,49,49,5.996210795311674,other_vegetables
56,48,43,5.749955062276301,other_vegetables
50,50,75,6.5,sugarcane
58,50,78,6.729985156607958,sugarcane
51,58,82,6.291608363160186,sugarcane
75,25,50,5.6,dry_chillies
76,30,56,5.307031979819379,dry_chillies
76,23,48,5.781897503636498,dry_chillies
75,25,50,5.6,garlic
70,20,60,5.122621069450986,garlic
71,29,57,5.314547926164254,garlic
75,25,50,5.6,onion
72,33,56,5.499503011275342,onion
73,31,52,5.40401750305327,onion
75,25,50,5.6,potato
77,26,55,5.990175879835128,potato
70,28,54,5.716805446138518,potato
75,25,50,5.6,other_fresh_fruits
71,17,51,6.070804402493421,other_fresh_fruits
69,22,55,5.49692865630814,other_fresh_fruits
75,25,50,5.6,other_vegetables
83,31,44,5.194146004755762,other_vegetables
84,18,54,5.5090196700891045,other_vegetables
75,25,50,5.6,redish
69,31,40,5.716742024267071,redish
68,18,51,5.180256090237478,redish
75,25,50,5.6,turnip
77,24,55,5.5149732731471985,turnip
79,35,45,5.279872951845314,turnip
75,25,50,5.6,other_oilseeds
83,30,51,5.763273107054914,other_oilseeds
67,24,60,5.149583178153095,other_oilseeds
50,25,75,5.7,sugarcane
60,16,78,5.391940824657113,sugarcane
46,32,82,5.390703057268898,sugarcane
50,25,75,5.7,dry_chillies
54,18,66,5.328230813407397,dry_chillies
47,31,76,6.045293836420462,dry_chillies
50,25,75,5.7,garlic
45,19,75,5.504873625114198,garlic
50,35,83,5.470686249117872,garlic
50,25,75,5.7,sannhamp
54,19,68,6.121545675297248,sannhamp
58,28,79,5.683456851280086,sannhamp
50,25,75,5.7,turmeric
44,21,80,5.961099677547599,turmeric
41,34,78,5.765425703101142,turmeric
50,25,75,5.7,onion
45,16,76,6.03137621114524,onion
44,32,77,5.450882875822339,onion
50,25,75,5.7,potato
42,32,70,5.641929913440975,potato
55,24,84,5.330158695297781,potato
50,25,75,5.7,tobacco
48,17,75,5.639267203557342,tobacco
54,18,80,5.24627391929444,tobacco
50,25,75,5.7,other_vegetables
53,31,75,5.288690914008331,other_vegetables
57,22,75,5.255356817731459,other_vegetables
25,50,50,6.8,onion
33,49,56,6.482594800088396,onion
21,58,58,7.052350962933919,onion
25,50,50,6.8,potato
27,49,45,6.497685019918894,potato
28,40,59,6.342267047817045,potato
25,50,50,6.8,ragi
25,44,51,6.45287071531266,ragi
21,48,58,6.694295827016448,ragi
25,50,50,6.8,sugarcane
17,52,50,6.656043167753671,sugarcane
22,59,43,6.915580999172887,sugarcane
25,50,50,6.8,sweet_potato
23,44,47,7.006348114176469,sweet_potato
30,57,51,6.640824130350077,sweet_potato
25,50,50,6.8,sannhamp
33,53,60,6.904081398327809,sannhamp
23,54,44,7.218559980618943,sannhamp
75,50,50,7.1,dry_chillies
69,57,40,7.442425076537733,dry_chillies
65,40,50,7.12222331267824,dry_chillies
75,50,50,7.1,garlic
77,46,46,7.192077094959522,garlic
72,48,48,7.038905723125877,garlic
75,50,50,7.1,onion
73,55,46,6.652967991868763,onion
84,44,47,7.217148528789746,onion
75,50,50,7.1,potato
72,49,46,7.599609561277109,potato
84,51,47,6.766379433753787,potato
75,50,50,7.1,ragi
83,45,53,7.0420904420299895,ragi
76,54,40,7.469412536156798,ragi
75,50,50,7.1,sugarcane
65,45,47,6.6270727446063535,sugarcane
76,46,59,7.373092689263223,sugarcane
75,25,50,7.2,onion
73,21,59,6.984231177730145,onion
82,18,56,7.259892313190216,onion
75,25,50,7.2,potato
66,33,45,7.274340540670344,potato
77,25,56,7.090070009506388,potato
75,25,50,7.2,ragi
65,18,53,6.80161162790593,ragi
72,34,48,7.029947026680876,ragi
75,25,50,7.2,sannhamp
71,19,47,7.411583434180508,sannhamp
72,25,48,7.125263934030355,sannhamp
75,25,50,7.2,dry_chillies
77,29,48,7.377655489974703,dry_chillies
81,27,44,7.259425779068617,dry_chillies
25,25,25,5.6,onion
19,29,34,5.1164843834027245,onion
33,19,21,6.0544935210995074,onion
25,25,25,5.6,potato
19,28,33,5.426162303601078,potato
30,22,20,5.73315185093089,potato
25,25,25,5.6,ragi
23,22,30,5.758866784965578,ragi
20,16,19,5.210937018071904,ragi
25,25,25,5.6,sugarcane
32,35,29,5.10246334046526,sugarcane
19,35,23,6.022387863415318,sugarcane
50,75,50,5.8,dry_chillies
54,66,47,5.413757093046302,dry_chillies
54,65,56,5.942939772787943,dry_chillies
50,75,50,5.8,onion
53,73,53,5.690781247225309,onion
53,76,48,5.56214388329968,onion
50,75,50,5.8,potato
51,73,40,6.100762216157783,potato
49,85,50,5.922744064878464,potato
50,75,50,5.8,ragi
58,67,49,5.498879625472414,ragi
51,67,41,5.482286807928827,ragi
50,75,50,5.8,sannhamp
60,74,48,6.0803329197017995,sannhamp
45,66,58,5.3461672688615645,sannhamp
50,75,50,5.8,sugarcane
41,74,56,5.46304505028709,sugarcane
53,81,49,5.918899293945462,sugarcane
50,75,50,5.8,sweet_potato
42,66,46,5.916392050457789,sweet_potato
57,69,50,6.229738682307932,sweet_potato
50,75,50,5.8,tobacco
58,74,56,5.821910988628446,tobacco
45,72,57,5.477503741810722,tobacco
75,25,25,6.1,coriander
85,34,30,5.612555645896075,coriander
74,19,23,5.67300900230145,coriander
75,25,25,6.1,dry_chillies
70,23,26,6.218137534336157,dry_chillies
82,26,29,5.879688467276132,dry_chillies
75,25,25,6.1,garlic
84,30,15,5.654560201840399,garlic
71,34,18,6.408494276516608,garlic
75,25,25,6.1,onion
65,32,23,6.568296409917849,onion
70,18,35,6.465484000673558,onion
75,25,25,6.1,potato
71,23,19,5.975373093639628,potato
83,27,20,6.526788409696955,potato
75,25,25,6.1,ragi
81,29,35,5.700045135290302,ragi
78,23,25,6.58590177845904,ragi
75,25,25,6.1,sannhamp
85,32,19,6.10752926645944,sannhamp
75,23,31,6.540201857492483,sannhamp
75,25,25,6.1,sugarcane
66,27,35,6.458265610374364,sugarcane
70,15,15,5.97576345416321,sugarcane
75,25,25,6.1,sweet_potato
81,18,24,6.178399687144684,sweet_potato
84,34,35,5.966496590737255,sweet_potato
75,25,25,6.1,ginger
84,21,15,5.991843032143148,ginger
66,18,35,5.968157699686944,ginger
50,50,75,6.4,dry_chillies
41,46,68,6.574603141545798,dry_chillies
54,53,74,6.655933290919777,dry_chillies
50,50,75,6.4,onion
41,45,65,6.607244913853564,onion
42,54,85,6.399927264493728,onion
50,50,75,6.4,potato
53,57,75,6.5632575725609055,potato
57,44,69,6.153713420451626,potato
50,50,75,6.4,ragi
47,54,73,5.987989868269922,ragi
40,55,79,6.797161091827847,ragi
50,50,75,6.4,sugarcane
57,43,67,6.220656695793712,sugarcane
59,50,74,6.682753770779454,sugarcane
50,50,75,6.4,sannhamp
57,52,71,6.061724523093887,sannhamp
58,58,65,6.693508831159211,sannhamp
75,25,75,7.5,dry_chillies
75,27,83,7.819216427874099,dry_chillies
82,20,84,7.228347905084943,dry_chillies
75,25,75,7.5,onion
81,25,85,7.944836659282176,onion
74,23,84,7.0130773459428335,onion
75,25,75,7.5,potato
76,18,78,7.631887179781277,potato
67,23,71,7.446883111050067,potato
75,25,75,7.5,ragi
85,16,82,7.312895518692399,ragi
74,27,74,7.7971039675644604,ragi
75,25,75,7.5,sannhamp
72,22,66,7.636895016682951,sannhamp
79,23,73,7.603904633013622,sannhamp
75,25,75,7.5,sugarcane
77,32,73,7.2699207608465,sugarcane
73,17,76,7.087214272516185,sugarcane
75,25,75,7.5,sweet_potato
84,32,84,7.846824750713217,sweet_potato
65,19,79,7.7874454574212,sweet_potato
50,25,25,6.9,banana
52,35,30,7.028225192491131,banana
47,27,21,6.964239900729215,banana
50,25,25,6.9,coriander
41,35,27,6.980832824260048,coriander
41,22,32,6.992429697896908,coriander
50,25,25,6.9,dry_chillies
51,23,18,6.573365029728734,dry_chillies
42,28,26,7.039715638820283,dry_chillies
50,25,25,6.9,garlic
51,18,19,7.038657794277662,garlic
60,20,20,6.561169519529047,garlic
50,25,25,6.9,onion
58,26,16,7.250021712581704,onion
54,28,31,6.907896592433176,onion
50,25,25,6.9,potato
56,24,17,6.6804885604041475,potato
47,21,32,6.868030402781856,potato
50,25,25,6.9,ragi
53,22,33,6.499537609770963,ragi
58,15,33,7.360684195938239,ragi
50,25,25,6.9,sannhamp
52,33,34,6.995952622153071,sannhamp
46,18,28,7.391134232566468,sannhamp
50,25,25,6.9,sweet_potato
53,34,33,6.6584966365009235,sweet_potato
43,31,34,6.612447628714958,sweet_potato
50,25,25,6.9,ginger
51,23,16,6.943876562160482,ginger
42,26,18,6.887245577520508,ginger
50,25,25,6.9,sugarcane
42,20,19,7.096483848878628,sugarcane
41,32,15,7.197082819392614,sugarcane
50,25,50,5.6,dry_chillies
58,32,48,5.821306890993361,dry_chillies
40,15,47,5.138330780193815,dry_chillies
50,25,50,5.6,garlic
59,28,52,5.968940330426339,garlic
57,29,49,5.46126370195052,garlic
50,25,50,5.6,onion
54,22,59,5.5392879903876375,onion
55,19,53,5.731927788840827,onion
50,25,50,5.6,potato
44,33,44,5.515893920726337,potato
58,33,41,5.22835666770405,potato
50,25,50,5.6,ragi
53,26,45,5.9283383646144205,ragi
56,19,40,6.090057298913182,ragi
50,25,50,5.6,sugarcane
45,25,48,5.205496681683572,sugarcane
47,31,52,5.594971834514962,sugarcane
50,25,50,5.6,sweet_potato
44,30,50,6.056306573793895,sweet_potato
55,18,54,5.121806888460863,sweet_potato
50,25,50,5.6,coriander
48,26,44,5.809962127859717,coriander
46,18,51,5.6382998187541515,coriander
75,50,50,7.8,sugarcane
72,56,50,7.6400503668233375,sugarcane
77,58,57,8.297470101173191,sugarcane
50,75,50,7.3,banana
45,66,54,7.2537016242516446,banana
51,75,53,7.6429542566767985,banana
50,75,50,7.3,coriander
56,67,54,7.438521163128975,coriander
55,82,54,7.144334417799945,coriander
50,75,50,7.3,garlic
58,72,56,7.223511389011131,garlic
54,85,58,7.645909806318453,garlic
50,75,50,7.3,onion
54,83,43,7.440228034171124,onion
50,70,48,7.2359416264241165,onion
50,75,50,7.3,ragi
52,80,53,7.431567428315616,ragi
48,71,59,7.664796041448223,ragi
50,75,50,7.3,sannhamp
55,75,41,7.647428654993733,sannhamp
50,70,49,7.277348366360007,sannhamp
50,75,50,7.3,sweet_potato
58,85,55,7.288638778940512,sweet_potato
60,73,57,7.578225234327805,sweet_potato
50,75,50,7.3,tobacco
48,83,52,6.994890320938515,tobacco
49,66,50,7.119901712261656,tobacco
75,50,75,7.4,coriander
85,42,74,7.113490410035416,coriander
72,54,84,7.317004926128546,coriander
75,50,75,7.4,garlic
65,58,73,7.655678456979417,garlic
65,44,65,7.543874504316812,garlic
75,50,75,7.4,onion
76,44,85,7.536587646196722,onion
68,41,66,7.40873801946601,onion
75,50,75,7.4,potato
65,40,66,7.473862171544581,potato
79,57,80,7.294331539664338,potato
75,50,75,7.4,ragi
74,44,83,7.000881496578789,ragi
72,56,82,7.668627227277488,ragi
75,50,75,7.4,sannhamp
84,57,77,7.520233755624409,sannhamp
83,52,72,6.988331160046249,sannhamp
75,50,75,7.4,sugarcane
72,57,77,7.7352025651265155,sugarcane
80,60,69,7.594490931102616,sugarcane
25,25,50,5.1,coriander
27,31,48,5.17382119189838,coriander
32,33,53,4.8688752770720685,coriander
25,25,50,5.1,dry_chillies
23,32,51,4.7053441897787724,dry_chillies
22,18,54,5.584613385782681,dry_chillies
25,25,50,5.1,garlic
22,20,41,4.912740519941055,garlic
23,24,58,4.724669701266984,garlic
25,25,50,5.1,onion
31,24,48,5.26492704688581,onion
27,23,49,5.232798990026503,onion
25,25,50,5.1,potato
17,27,45,4.714776900865328,potato
30,32,41,4.722385993983404,potato
25,25,50,5.1,ragi
16,24,41,5.1560949315139055,ragi
30,17,44,5.557726211728133,ragi
25,25,50,5.1,sannhamp
29,31,59,4.923748291754309,sannhamp
15,25,60,5.1623636924317955,sannhamp
25,25,50,5.1,sugarcane
18,18,43,5.528266543865891,sugarcane
33,16,54,4.789450306442438,sugarcane
25,25,50,5.1,sweet_potato
30,25,54,5.5812554905970035,sweet_potato
33,15,52,5.2265425036986795,sweet_potato
25,25,50,5.1,turmeric
29,33,53,5.506724520530692,turmeric
18,19,60,5.349511564631727,turmeric
25,50,75,6.0,banana
28,45,76,6.335395013081639,banana
26,53,84,6.454199361880571,banana
25,50,75,6.0,coriander
24,53,80,6.258684420365608,coriander
19,59,69,5.6988428050129425,coriander
25,50,75,6.0,dry_chillies
24,54,77,6.08864481013974,dry_chillies
28,44,81,6.094147257912512,dry_chillies
25,50,75,6.0,garlic
29,56,73,6.208529596938172,garlic
25,60,66,6.27388731148922,garlic
25,50,75,6.0,onion
16,60,82,5.501059667943648,onion
24,57,67,5.741835416124851,onion
25,50,75,6.0,potato
35,50,82,5.79863863919988,potato
20,60,80,5.552008578675606,potato
25,50,75,6.0,ragi
35,50,74,6.2154201063062295,ragi
29,47,77,5.54979874757635,ragi
25,50,75,6.0,sannhamp
34,52,84,6.093952291336824,sannhamp
23,60,68,5.765190089541417,sannhamp
25,50,75,6.0,sugarcane
22,49,75,6.399299354262558,sugarcane
17,51,73,5.964098632247183,sugarcane
25,50,75,6.0,sweet_potato
34,54,85,5.658354463142018,sweet_potato
20,52,80,5.859372193746353,sweet_potato
25,50,75,6.0,turmeric
21,49,74,5.692869611663963,turmeric
25,53,66,5.729000286171552,turmeric
25,50,75,6.0,ginger
22,53,74,5.509773737278591,ginger
16,58,81,5.5760763306028664,ginger
25,50,75,6.0,tobacco
30,40,72,5.916064687548154,tobacco
28,58,76,6.275115361878001,tobacco
75,50,50,5.2,sugarcane
67,42,59,5.260283541855179,sugarcane
70,43,58,4.844319940472192,sugarcane
50,50,50,6.0,ragi
52,42,60,6.384383809257343,ragi
40,54,41,6.47502768786737,ragi
50,50,50,6.0,sannhamp
48,41,40,6.343030617434721,sannhamp
48,42,55,5.695070313670627,sannhamp
50,50,50,6.0,sweet_potato
55,49,43,5.874342270346101,sweet_potato
43,56,48,6.363137881263331,sweet_potato
25,50,75,7.3,arecanut
20,54,67,7.092082873538802,arecanut
28,59,69,6.950802113993419,arecanut
25,50,75,7.3,coriander
20,54,70,7.51654291899473,coriander
18,40,70,7.621712304110798,coriander
25,50,75,7.3,dry_chillies
23,59,73,7.134292217445392,dry_chillies
17,49,75,7.010463991482792,dry_chillies
25,50,75,7.3,garlic
19,43,72,7.52152834590243,garlic
32,40,85,6.9178874702399185,garlic
25,50,75,7.3,turmeric
20,54,82,6.805509581306072,turmeric
30,56,74,6.9918145387344515,turmeric
25,50,75,7.3,banana
25,40,71,7.234316760006044,banana
20,59,76,7.523316571635229,banana
25,50,75,7.3,onion
21,58,66,7.535949359633191,onion
18,57,77,7.633047249745064,onion
25,50,75,7.3,sugarcane
21,55,81,7.4090513406786425,sugarcane
16,50,80,7.271728819477159,sugarcane
25,50,75,7.3,sweet_potato
28,46,82,7.157412838148971,sweet_potato
28,51,66,7.630538390492859,sweet_potato
25,50,75,7.3,sannhamp
19,52,65,7.141684252760635,sannhamp
16,45,78,7.777881999800478,sannhamp
25,50,75,7.3,arcanut_processed
22,43,82,7.153737392959489,arcanut_processed
31,44,65,7.623672017923084,arcanut_processed
25,50,75,7.3,atcanut_raw
34,58,83,7.727814285876222,atcanut_raw
33,52,84,7.171451557735618,atcanut_raw
25,50,75,7.3,brinjal
30,50,83,7.5755262134409485,brinjal
27,51,83,7.172606246488329,brinjal
25,50,75,7.3,citrus_fruit
30,44,70,7.0125446370556155,citrus_fruit
24,53,67,7.291438024740332,citrus_fruit
25,50,75,7.3,grapes
23,52,71,7.57005088735683,grapes
35,57,73,7.373943252094113,grapes
25,50,75,7.3,mango
22,51,72,7.005065428943024,mango
33,54,68,6.813010587522958,mango
25,50,75,7.3,other_fresh_fruits
21,60,81,7.543968517453805,other_fresh_fruits
16,50,78,7.017886895867458,other_fresh_fruits
25,50,75,7.3,papaya
28,52,69,7.163302800291726,papaya
35,45,72,7.740539705480823,papaya
25,50,75,7.3,pome_fruit
28,54,65,7.207630101437536,pome_fruit
21,45,68,7.3933405302122335,pome_fruit
25,50,75,7.3,tomato
26,44,72,7.141609002292917,tomato
33,46,71,7.035966575639659,tomato
25,50,75,7.3,cottonlint
22,56,81,6.901961882363085,cottonlint
28,55,80,7.713554829547272,cottonlint
25,50,75,7.3,mesta
34,45,83,7.698710057983608,mesta
35,60,84,7.5995294743747195,mesta
25,50,75,7.3,cashewnut
18,54,66,6.879555337418551,cashewnut
22,44,73,7.223787218700253,cashewnut
25,50,75,7.3,tobacco
24,58,77,7.580550985942946,tobacco
33,53,82,7.710403709798223,tobacco
25,50,75,7.3,black_pepper
15,46,80,7.484465111392092,black_pepper
23,52,74,7.014757843487496,black_pepper
25,50,75,7.3,ginger
19,46,78,7.144240263157959,ginger
19,54,73,7.724748953364361,ginger
25,50,75,7.3,tapioca
22,50,82,7.435186115722294,tapioca
33,51,72,7.565471711007493,tapioca
25,50,75,7.3,cardamom
24,46,79,7.15472040800149,cardamom
35,51,65,7.731180469988565,cardamom
25,50,75,7.3,coconut
23,50,75,7.713138053739793,coconut
25,56,70,7.786122724403479,coconut
25,50,75,7.3,dry_ginger
27,51,75,7.092820468378584,dry_ginger
23,57,65,7.056481115230163,dry_ginger
50,25,50,7.1,arecanut
56,35,50,7.27526344792851,arecanut
60,27,40,7.388138640115487,arecanut
50,25,50,7.1,coriander
44,31,54,7.34225157827805,coriander
46,35,54,7.120925729683481,coriander
50,25,50,7.1,garlic
55,17,54,7.237461946414042,garlic
43,21,48,6.658098661820427,garlic
50,25,50,7.1,sugarcane
46,18,40,6.887019635937729,sugarcane
55,33,59,6.84608901563654,sugarcane
50,25,50,7.1,turmeric
60,31,58,7.4574196749515576,turmeric
50,25,59,6.814987762466559,turmeric
50,25,50,7.1,dry_chillies
52,19,49,7.218003406966667,dry_chillies
48,15,53,7.48792235411663,dry_chillies
50,25,50,7.1,potato
57,29,47,6.802042584285766,potato
55,23,57,7.298566724342802,potato
50,25,50,7.1,banana
42,28,42,6.615519804949123,banana
48,24,57,7.099174516856097,banana
50,25,50,7.1,onion
47,25,54,7.434571523335627,onion
50,29,44,6.909603115647577,onion
50,25,50,7.1,peas_beans_pulses
59,35,44,7.174185892004667,peas_beans_pulses
41,21,55,6.849716903767062,peas_beans_pulses
50,25,50,7.1,arcanut_processed
47,33,56,7.403766146280502,arcanut_processed
40,28,60,6.6588020900721965,arcanut_processed
50,25,50,7.1,atcanut_raw
58,19,47,6.798491798626061,atcanut_raw
50,26,50,7.097751813933369,atcanut_raw
50,25,50,7.1,brinjal
45,23,48,7.594174501598145,brinjal
41,32,58,7.465300409697596,brinjal
50,25,50,7.1,grapes
50,34,53,6.897555146444629,grapes
52,15,58,6.705829341088891,grapes
50,25,50,7.1,mango
60,30,55,7.4924320132573605,mango
56,28,43,7.286421200375974,mango
50,25,50,7.1,other_fresh_fruits
57,33,59,6.930793294070753,other_fresh_fruits
54,35,44,7.435338865927486,other_fresh_fruits
50,25,50,7.1,papaya
59,34,46,7.063215461113448,papaya
55,33,48,7.248802988228984,papaya
50,25,50,7.1,pome_fruit
43,34,51,7.578817495319855,pome_fruit
53,32,58,7.03573094336133,pome_fruit
50,25,50,7.1,tomato
46,33,53,7.508758891347105,tomato
46,34,42,6.8717282550308925,tomato
50,25,50,7.1,sweet_potato
41,31,50,7.427305413488945,sweet_potato
42,29,45,6.847785478318003,sweet_potato
50,25,50,7.1,black_pepper
47,26,52,6.812831185640129,black_pepper
59,28,45,7.517950573611546,black_pepper
50,25,50,7.1,cashewnut
56,33,53,7.583046626365007,cashewnut
50,31,41,6.759178117383363,cashewnut
50,25,50,7.1,ginger
40,15,52,7.549759744037098,ginger
52,27,47,6.997573935710569,ginger
50,25,50,7.1,tapioca
40,19,48,7.2764816256753875,tapioca
50,31,47,7.403780958367397,tapioca
50,25,50,7.1,tobacco
51,30,43,6.638942489460931,tobacco
42,25,59,7.199171076080903,tobacco
50,25,50,7.1,cardamom
55,17,50,7.072367134216607,cardamom
58,20,56,7.388477251197258,cardamom
50,25,50,7.1,sannhamp
44,21,53,7.327088260567328,sannhamp
47,21,55,7.016164579701735,sannhamp
50,25,50,7.1,coconut
47,15,53,7.09896733194249,coconut
48,24,54,7.175218590829255,coconut
50,25,50,7.1,dry_ginger
53,27,40,6.6829447848723635,dry_ginger
40,15,41,7.080599579952268,dry_ginger
75,25,75,5.2,coriander
72,26,76,5.072780698535904,coriander
83,19,82,5.653808566010435,coriander
75,25,75,5.2,garlic
69,22,67,5.390326619003339,garlic
71,22,85,4.968134402435143,garlic
75,25,75,5.2,sugarcane
75,23,70,5.2117817607721895,sugarcane
77,15,79,5.264997346024325,sugarcane
75,25,75,5.2,turmeric
75,27,84,5.565304443419291,turmeric
68,17,79,4.959355341346635,turmeric
75,25,75,5.2,dry_chillies
83,17,79,5.206863958936259,dry_chillies
70,20,68,5.666943744524953,dry_chillies
75,25,75,5.2,banana
65,25,67,5.494793558886864,banana
68,20,65,5.215480265945572,banana
75,25,75,5.2,black_pepper
71,23,66,5.422720041337694,black_pepper
66,20,73,4.862774692242972,black_pepper
75,25,75,5.2,onion
80,18,70,4.801995850808508,onion
68,29,74,4.719629396468975,onion
75,25,75,5.2,potato
84,29,66,5.230198536797998,potato
84,27,81,5.53827342647093,potato
75,25,75,5.2,sannhamp
84,21,81,5.185567836466077,sannhamp
66,32,69,5.17944664866529,sannhamp
75,25,75,5.2,peas_beans_pulses
68,28,77,5.056263350318583,peas_beans_pulses
74,35,85,5.261252140091604,peas_beans_pulses
75,25,75,5.2,brinjal
70,33,83,5.61903607947587,brinjal
84,30,82,5.492289142688266,brinjal
75,25,75,5.2,cashewnut_processed
83,18,84,5.348251088025318,cashewnut_processed
84,24,84,5.235804729732467,cashewnut_processed
75,25,75,5.2,cashewnut_raw
76,18,85,5.235065865310941,cashewnut_raw
84,27,80,5.265388696132826,cashewnut_raw
75,25,75,5.2,citrus_fruit
77,17,69,4.932660455514409,citrus_fruit
65,26,69,4.709119580175685,citrus_fruit
75,25,75,5.2,grapes
82,29,82,5.323965945234942,grapes
76,15,70,5.315924176752433,grapes
75,25,75,5.2,mango
71,35,81,5.282030737430351,mango
83,27,79,5.030204927413417,mango
75,25,75,5.2,other_fresh_fruits
76,34,78,5.533232305851556,other_fresh_fruits
66,33,82,5.587602474131087,other_fresh_fruits
75,25,75,5.2,papaya
68,29,79,4.806914431819278,papaya
66,21,80,5.569172976157927,papaya
75,25,75,5.2,pome_fruit
75,34,68,4.8713173743094105,pome_fruit
73,18,83,5.464825499052529,pome_fruit
75,25,75,5.2,sweet_potato
67,30,83,5.6593437965421005,sweet_potato
72,29,73,5.3678608026197026,sweet_potato
75,25,75,5.2,tomato
68,27,73,5.637333130728393,tomato
79,25,79,5.234119031989372,tomato
75,25,75,5.2,cottonlint
85,23,67,5.6623486084130885,cottonlint
78,26,84,4.919729130423903,cottonlint
75,25,75,5.2,ginger
72,24,77,5.676595946462641,ginger
81,27,71,5.0559432128887005,ginger
75,25,75,5.2,mesta
75,27,66,5.509308559798753,mesta
82,29,85,5.601644173960593,mesta
75,25,75,5.2,cashewnut
73,17,68,4.797127509225926,cashewnut
70,31,79,5.273976356703969,cashewnut
75,25,75,5.2,tapioca
72,26,76,5.1325915674134395,tapioca
69,16,69,4.9452489312621895,tapioca
75,25,75,5.2,tobacco
73,25,76,5.454448023436589,tobacco
77,33,66,5.3060519369788475,tobacco
75,25,75,5.2,cardamom
77,25,84,5.533820002621512,cardamom
84,28,84,5.430394827121951,cardamom
75,25,75,5.2,coconut
74,25,78,4.7219327359047085,coconut
79,32,79,4.715719177142889,coconut
75,25,75,5.2,dry_ginger
83,28,71,5.691899034481105,dry_ginger
77,28,70,5.129999265301841,dry_ginger
50,50,25,5.7,arecanut
45,46,24,5.861649811754508,arecanut
52,57,22,5.659074429847223,arecanut
50,50,25,5.7,cardamom
54,47,26,5.486543205113404,cardamom
44,46,29,6.1377495075397706,cardamom
50,50,25,5.7,coriander
57,46,23,5.286014235020713,coriander
56,50,23,5.702773312401848,coriander
50,50,25,5.7,dry_chillies
51,52,23,5.3478767758687535,dry_chillies
47,58,31,5.986860678687682,dry_chillies
50,50,25,5.7,garlic
57,42,25,5.635160272331296,garlic
55,45,30,5.321795567839224,garlic
50,50,25,5.7,turmeric
53,55,25,5.818574366693599,turmeric
60,40,35,5.282173725656446,turmeric
50,50,25,5.7,banana
52,44,17,5.607140955826755,banana
48,58,30,5.283378931593008,banana
50,50,25,5.7,onion
41,48,17,5.4643255949264695,onion
55,52,26,5.68446028991172,onion
50,50,25,5.7,sugarcane
42,60,23,5.996412496094851,sugarcane
46,57,33,5.961830982176317,sugarcane
50,50,25,5.7,tobacco
40,45,31,6.027715716559985,tobacco
57,45,31,5.905780161247898,tobacco
50,50,25,5.7,potato
55,57,21,5.758986051746606,potato
51,49,28,5.482668185026311,potato
50,50,25,5.7,peas_beans_pulses
49,47,25,6.11693844536356,peas_beans_pulses
47,56,26,5.969648638598069,peas_beans_pulses
50,50,25,5.7,arcanut_processed
45,55,16,5.6064067925368075,arcanut_processed
56,54,15,5.960059321585855,arcanut_processed
50,50,25,5.7,atcanut_raw
60,50,32,5.273075662598421,atcanut_raw
52,43,31,5.4238375215215395,atcanut_raw
50,50,25,5.7,brinjal
41,57,18,5.430219513595805,brinjal
50,60,27,6.012659671207146,brinjal
50,50,25,5.7,cashewnut_processed
56,56,24,5.692695436542069,cashewnut_processed
42,45,21,6.100622377317559,cashewnut_processed
50,50,25,5.7,cashewnut_raw
56,53,31,5.9779560271524375,cashewnut_raw
46,53,19,6.182912346915106,cashewnut_raw
50,50,25,5.7,citrus_fruit
55,41,19,5.579701264973299,citrus_fruit
60,50,17,5.490406692077226,citrus_fruit
50,50,25,5.7,mango
59,60,35,5.204940892506674,mango
45,41,16,5.782990038752121,mango
50,50,25,5.7,other_fresh_fruits
47,60,28,5.748504740362572,other_fresh_fruits
41,44,27,6.0359579187977825,other_fresh_fruits
50,50,25,5.7,pome_fruit
47,49,32,6.047823922113972,pome_fruit
43,59,31,5.44540364014671,pome_fruit
50,50,25,5.7,tomato
49,47,15,5.633891140997466,tomato
58,56,29,6.068400962657075,tomato
50,50,25,5.7,grapes
60,52,28,5.675258389782286,grapes
55,58,18,5.725730065772132,grapes
50,50,25,5.7,cottonlint
57,52,16,5.283465959681961,cottonlint
48,51,26,5.905150629743648,cottonlint
50,50,25,5.7,ginger
52,44,24,5.70375114875579,ginger
57,51,16,5.261553169938403,ginger
50,50,25,5.7,black_pepper
58,58,34,5.547885349922053,black_pepper
55,56,26,5.350531537650881,black_pepper
50,50,25,5.7,cashewnut
41,60,27,5.827257992942909,cashewnut
43,42,22,5.43848765723525,cashewnut
50,50,25,5.7,tapioca
51,52,20,5.9477250254313585,tapioca
49,48,29,5.370947548317387,tapioca
50,50,25,5.7,sannhamp
59,43,25,5.234458224554199,sannhamp
51,55,19,6.1291069561053195,sannhamp
50,50,25,5.7,sweet_potato
60,40,32,5.584200182894808,sweet_potato
53,45,35,6.007246156267092,sweet_potato
50,50,25,5.7,coconut
52,58,18,5.398745882027425,coconut
54,42,25,5.939248725412689,coconut
50,50,25,5.7,dry_ginger
58,41,29,5.673708854621648,dry_ginger
59,54,24,5.766094245373198,dry_ginger
25,25,50,6.7,coriander
16,15,40,6.971298489034625,coriander
23,15,59,6.8061064154764095,coriander
25,25,50,6.7,cashewnut
27,22,60,7.081841280171437,cashewnut
28,33,54,7.035467670429377,cashewnut
25,25,50,6.7,garlic
22,20,57,6.522961002526865,garlic
16,20,46,6.704159307179213,garlic
25,25,50,6.7,sannhamp
18,19,51,6.741459357611941,sannhamp
18,22,51,6.8340763684793195,sannhamp
25,25,50,6.7,arcanut_processed
31,19,51,6.668677033690512,arcanut_processed
25,18,52,6.2935801256233646,arcanut_processed
25,25,50,6.7,cardamom
23,30,56,6.530374620428141,cardamom
35,25,47,6.3804580877211645,cardamom
25,25,50,6.7,coconut
32,31,58,6.615509000244892,coconut
22,21,53,6.206293320817208,coconut
25,25,50,6.7,dry_ginger
24,28,44,6.279017922200978,dry_ginger
26,29,58,7.143778218807753,dry_ginger
25,25,50,8.3,arecanut
33,28,45,8.708151620111689,arecanut
23,35,49,8.168092568560537,arecanut
25,25,50,8.3,coriander
26,33,41,8.144618907970896,coriander
21,23,45,8.53064524050442,coriander
25,25,50,8.3,garlic
18,28,50,8.006987677653568,garlic
24,31,45,7.891255562189488,garlic
25,25,50,8.3,sugarcane
32,28,52,8.625741059940768,sugarcane
34,22,57,8.752886236483036,sugarcane
25,25,50,8.3,turmeric
24,22,55,8.649080523123484,turmeric
19,29,45,8.393218656892369,turmeric
25,25,50,8.3,dry_chillies
17,18,58,8.786651368846796,dry_chillies
25,27,52,8.251911258644176,dry_chillies
25,25,50,8.3,banana
20,17,40,7.839572637536085,banana
32,25,58,8.587360619180053,banana
25,25,50,8.3,onion
35,19,45,8.38535836541888,onion
19,23,57,8.157284138053335,onion
25,25,50,8.3,tobacco
30,18,49,8.382151909775859,tobacco
30,16,47,8.560691525377479,tobacco
25,25,50,8.3,peas_beans_pulses
18,26,45,8.21460682783533,peas_beans_pulses
23,20,57,7.911387628043819,peas_beans_pulses
25,25,50,8.3,arcanut_processed
20,19,45,8.250122364890712,arcanut_processed
17,30,56,8.04806879740444,arcanut_processed
25,25,50,8.3,atcanut_raw
17,22,50,8.733654308382823,atcanut_raw
29,27,48,8.152406414127416,atcanut_raw
25,25,50,8.3,brinjal
32,22,57,8.53460002873056,brinjal
28,32,43,7.869183972669193,brinjal
25,25,50,8.3,cashewnut_processed
28,20,50,8.133367220096634,cashewnut_processed
20,21,50,8.07660501963256,cashewnut_processed
25,25,50,8.3,cashewnut_raw
35,19,55,8.386829904700592,cashewnut_raw
35,19,45,8.156139934482475,cashewnut_raw
25,25,50,8.3,citrus_fruit
34,30,57,8.630687088341674,citrus_fruit
33,19,46,8.340268461500605,citrus_fruit
25,25,50,8.3,grapes
27,29,45,8.27043469065047,grapes
18,35,46,8.401837115010952,grapes
25,25,50,8.3,mango
33,19,55,8.552442415551168,mango
27,34,54,8.453745552175343,mango
25,25,50,8.3,other_fresh_fruits
24,26,60,7.955322854164037,other_fresh_fruits
31,30,58,8.59024579045156,other_fresh_fruits
25,25,50,8.3,papaya
33,25,51,8.270405077797369,papaya
22,30,51,8.086877209245445,papaya
25,25,50,8.3,pome_fruit
19,24,57,8.779107868161544,pome_fruit
19,28,60,8.332739268645698,pome_fruit
25,25,50,8.3,tomato
20,26,60,8.26249782228625,tomato
30,18,55,8.003027423056862,tomato
25,25,50,8.3,cottonlint
15,32,49,8.61447891370967,cottonlint
17,26,56,8.31665104712029,cottonlint
50,25,50,6.9,arecanut
51,19,45,7.371442540381041,arecanut
42,22,45,6.646061071994152,arecanut
50,25,50,6.9,black_pepper
44,35,56,6.821738548724872,black_pepper
49,33,45,6.671665120545817,black_pepper
50,25,50,6.9,cashewnut
45,30,49,6.433889528317622,cashewnut
43,35,42,7.345445323400825,cashewnut
50,25,50,6.9,tapioca
58,26,45,6.794011440436395,tapioca
57,26,48,7.109170004275579,tapioca
50,25,50,6.9,banana
56,15,60,6.973413119344442,banana
60,16,50,6.64412593033713,banana
50,25,50,6.9,ginger
56,30,57,7.115871116731675,ginger
44,31,40,6.782329014631792,ginger
50,25,50,6.9,sugarcane
57,16,52,6.58099047120146,sugarcane
41,27,52,6.837274003491175,sugarcane
50,25,50,6.9,sweet_potato
43,24,50,7.128941561176048,sweet_potato
42,34,59,6.859530127330608,sweet_potato
50,25,50,6.9,turmeric
41,16,42,7.398850158060919,turmeric
47,20,53,7.0235845599110975,turmeric
50,25,50,6.9,rubber
51,34,47,7.21128197608773,rubber
48,16,60,7.284017029452145,rubber
50,25,50,6.9,bhindi
44,19,40,7.322291614511679,bhindi
46,29,60,7.135464141401038,bhindi
50,25,50,6.9,bitter_gourd
47,28,49,6.6581011981080245,bitter_gourd
58,30,50,6.60873355670176,bitter_gourd
50,25,50,6.9,brinjal
50,22,43,6.51330740396058,brinjal
43,32,40,6.743625800039145,brinjal
50,25,50,6.9,cashewnut_raw
59,23,58,6.6997526361979425,cashewnut_raw
57,20,49,6.532223066547711,cashewnut_raw
50,25,50,6.9,drum_stick
42,30,50,7.065038703007167,drum_stick
47,29,59,7.224874511376756,drum_stick
50,25,50,6.9,jack_fruit
59,21,45,6.794950289488995,jack_fruit
43,35,40,6.778898152352378,jack_fruit
50,25,50,6.9,mango
43,32,57,6.449783632997685,mango
41,19,41,7.2798879125583955,mango
50,25,50,6.9,other_fresh_fruits
53,27,46,6.572109504317609,other_fresh_fruits
60,25,53,6.764226819105928,other_fresh_fruits
50,25,50,6.9,other_vegetables
52,29,45,7.162246749689033,other_vegetables
45,17,52,6.9188587892000575,other_vegetables
50,25,50,6.9,papaya
57,21,41,6.456090015998145,papaya
53,25,53,7.342243734625739,papaya
50,25,50,6.9,pineapple
57,15,60,6.865314553551203,pineapple
51,28,57,6.466093036803675,pineapple
50,25,50,6.9,snak_guard
53,25,57,7.2477206063657995,snak_guard
51,30,42,6.763093595040173,snak_guard
50,25,50,6.9,other_oilseeds
54,15,59,7.242365198533211,other_oilseeds
49,19,43,7.214314807298086,other_oilseeds
50,25,50,6.9,potato
50,15,42,6.825154604314024,potato
42,18,49,6.4874197254423365,potato
50,25,50,6.9,cowpealobia
53,31,57,6.439275289892021,cowpealobia
50,26,45,6.798113851259069,cowpealobia
50,25,50,6.9,moonggreen_gram
40,24,60,6.5187044755683745,moonggreen_gram
53,35,43,7.391595612811678,moonggreen_gram
50,25,50,6.9,sesamum
44,31,52,6.403571748356192,sesamum
51,35,59,6.455907843458874,sesamum
50,25,50,6.9,gram
55,22,59,6.821328824223691,gram
56,16,54,6.907569627308291,gram
50,25,50,6.9,ragi
46,22,48,6.696593435188889,ragi
47,25,43,6.849690408030589,ragi
50,25,50,6.9,sunflower
48,18,41,7.3528906623068595,sunflower
50,21,59,6.600771839195054,sunflower
50,25,50,6.9,maize
56,23,54,7.389097010653737,maize
55,23,54,6.93674883350648,maize
50,25,50,6.9,groundnut
59,20,52,6.824309415608843,groundnut
57,17,48,7.095311360117831,groundnut
50,50,50,7.4,arecanut
55,48,55,7.276312240738314,arecanut
48,49,46,7.157638719910592,arecanut
50,50,50,7.4,black_pepper
47,41,51,7.323993059638306,black_pepper
58,51,57,7.3120008333212505,black_pepper
50,50,50,7.4,cashewnut
54,56,51,7.026504434638245,cashewnut
53,45,60,6.988696155907341,cashewnut
50,50,50,7.4,tapioca
44,44,51,7.010525058669859,tapioca
54,51,47,7.161818101209052,tapioca
50,50,50,7.4,banana
52,52,60,7.357303566456162,banana
42,48,47,7.22521222994339,banana
50,50,50,7.4,sweet_potato
48,54,59,7.527663441909264,sweet_potato
56,42,43,7.720978631186342,sweet_potato
50,50,50,7.4,rubber
54,60,57,7.617424303589951,rubber
50,48,42,7.418296871147007,rubber
50,50,50,7.4,bhindi
52,53,47,7.8257334370337075,bhindi
57,51,49,7.859214038612609,bhindi
50,50,50,7.4,bitter_gourd
46,58,43,6.949457356642178,bitter_gourd
40,52,48,7.858315759163937,bitter_gourd
50,50,50,7.4,brinjal
52,54,49,6.9774015389931625,brinjal
45,57,45,7.45570897909369,brinjal
50,50,50,7.4,cashewnut_raw
43,58,57,7.174916072936542,cashewnut_raw
42,45,41,7.276045641852084,cashewnut_raw
50,50,50,7.4,drum_stick
59,51,54,6.959110870094081,drum_stick
46,58,45,7.120163839840707,drum_stick
50,50,50,7.4,jack_fruit
44,48,47,6.922775341208092,jack_fruit
46,45,44,7.257163091761233,jack_fruit
50,50,50,7.4,mango
58,46,40,7.272577854105777,mango
51,51,46,7.084152268643507,mango
50,50,50,7.4,other_fresh_fruits
58,56,55,7.725577944270407,other_fresh_fruits
58,59,42,7.71987700206958,other_fresh_fruits
50,50,50,7.4,other_vegetables
45,56,54,7.42071613164014,other_vegetables
48,53,44,6.981787633179982,other_vegetables
50,50,50,7.4,papaya
50,46,50,7.474538183759811,papaya
59,53,42,7.571695791197339,papaya
50,50,50,7.4,pineapple
40,52,56,7.62283779719291,pineapple
47,49,55,7.070843664909385,pineapple
50,50,50,7.4,snak_guard
43,44,60,6.948569843712515,snak_guard
56,42,43,7.662940721763889,snak_guard
50,50,50,7.4,tea
58,50,53,7.6372082641920676,tea
42,58,58,7.70347578412051,tea
50,50,50,7.4,other_oilseeds
56,46,51,7.853192611371825,other_oilseeds
49,49,48,7.750258147998523,other_oilseeds
50,50,50,7.4,cowpealobia
53,60,44,7.173640110144155,cowpealobia
44,48,52,7.807691863727027,cowpealobia
50,50,50,7.4,moonggreen_gram
55,56,56,7.018157575722493,moonggreen_gram
57,56,58,7.575616731647555,moonggreen_gram
50,50,50,7.4,sesamum
52,45,43,7.106284748741508,sesamum
58,50,56,7.810492876006119,sesamum
50,50,50,7.4,coconut
51,43,41,7.405491947626584,coconut
59,48,46,7.458341945519978,coconut
50,50,50,7.4,maize
55,43,51,7.073887700440093,maize
45,40,51,7.466709717452949,maize
25,50,50,6.5,arecanut
30,60,42,6.589355654641179,arecanut
15,47,40,6.528197860976198,arecanut
25,50,50,6.5,black_pepper
20,46,47,6.586521958408849,black_pepper
26,55,48,6.653455215864845,black_pepper
25,50,50,6.5,cashewnut
30,52,41,6.966167948749227,cashewnut
21,41,46,6.614860337819672,cashewnut
25,50,50,6.5,tapioca
30,56,44,6.724184177394414,tapioca
22,53,42,6.861647056438155,tapioca
25,50,50,6.5,banana
21,56,46,6.2126343773742345,banana
25,51,47,6.79132481384044,banana
25,50,50,6.5,cardamom
25,50,40,6.315370375833661,cardamom
15,41,49,6.5297900798922015,cardamom
25,50,50,6.5,garlic
28,47,52,6.081641539800597,garlic
23,49,50,6.959815473674377,garlic
25,50,50,6.5,ginger
17,53,41,6.425958376269196,ginger
21,48,51,6.773628910335483,ginger
25,50,50,6.5,sugarcane
29,42,53,6.604489507461744,sugarcane
15,47,58,6.680298600903432,sugarcane
25,50,50,6.5,sweet_potato
25,40,53,6.758071365077847,sweet_potato
15,46,58,6.7775781576235445,sweet_potato
25,50,50,6.5,turmeric
23,57,41,6.983029061602149,turmeric
29,56,57,6.240528081880409,turmeric
25,50,50,6.5,coffee
33,50,46,6.03131657768864,coffee
30,56,59,6.673019579519565,coffee
25,50,50,6.5,rubber
15,56,51,6.609255914422446,rubber
28,50,49,6.5139799252928725,rubber
25,50,50,6.5,tea
29,46,55,6.926005381452568,tea
19,57,44,6.02492382531006,tea
25,50,50,6.5,bhindi
28,40,42,6.966097543105274,bhindi
32,52,54,6.353804426492809,bhindi
25,50,50,6.5,bitter_gourd
30,51,59,6.003387501637794,bitter_gourd
17,57,46,6.344915814230805,bitter_gourd
25,50,50,6.5,brinjal
28,53,48,6.184998640899963,brinjal
34,47,42,6.2489231967135055,brinjal
25,50,50,6.5,cashewnut_raw
18,41,41,6.123671775977766,cashewnut_raw
21,46,46,6.050691795864972,cashewnut_raw
25,50,50,6.5,drum_stick
18,60,52,6.6765437639887715,drum_stick
31,50,56,6.7047268851389745,drum_stick
25,50,50,6.5,jack_fruit
23,60,45,6.390270239684854,jack_fruit
17,48,48,6.543596909378724,jack_fruit
25,50,50,6.5,mango
31,48,57,6.672646311366235,mango
26,46,47,6.5926778587001635,mango
25,50,50,6.5,other_fresh_fruits
28,57,50,6.197518347191623,other_fresh_fruits
15,40,57,6.053162628752866,other_fresh_fruits
25,50,50,6.5,other_vegetables
18,42,54,6.547703340654535,other_vegetables
35,41,51,6.682631853094111,other_vegetables
25,50,50,6.5,papaya
23,54,44,6.319043360063638,papaya
29,58,57,6.0817531932369215,papaya
25,50,50,6.5,pineapple
25,45,48,6.326931502414861,pineapple
24,45,48,6.997348070519155,pineapple
25,50,50,6.5,snak_guard
30,45,50,6.187010171778873,snak_guard
21,55,52,6.226578492347486,snak_guard
25,50,50,6.5,other_oilseeds
19,41,60,6.0995327375010255,other_oilseeds
29,54,48,6.4827845666686015,other_oilseeds
25,50,50,6.5,potato
27,40,50,6.141925088520795,potato
35,47,55,6.038502299138377,potato
25,50,50,6.5,arhartur
21,52,48,6.620899620172241,arhartur
19,40,53,6.215801237173906,arhartur
25,50,50,6.5,maize
31,42,57,6.372646089379579,maize
31,44,54,6.499987546013182,maize
25,50,50,6.5,wheat
24,50,48,6.977585279626381,wheat
21,41,42,6.734590120347246,wheat
25,50,50,6.5,moonggreen_gram
24,56,59,6.1746099657018,moonggreen_gram
31,56,54,6.513808964264431,moonggreen_gram
25,50,50,6.5,onion
29,57,57,6.543369082377277,onion
24,46,56,6.921211075686835,onion
25,50,50,6.5,cowpealobia
21,58,60,6.931446395152269,cowpealobia
16,54,54,6.553383668087898,cowpealobia
25,50,50,6.5,ragi
32,48,40,6.701107332288259,ragi
18,47,49,6.896923937397543,ragi
25,50,50,6.5,sesamum
31,51,49,6.043220456806967,sesamum
23,53,47,6.972937513866408,sesamum
25,50,50,6.5,coconut
25,57,40,6.841023135379042,coconut
35,58,50,6.639679907524423,coconut
25,50,50,6.5,rapeseed_mustard
19,41,47,6.816643899488485,rapeseed_mustard
22,47,57,6.286264036033929,rapeseed_mustard
25,75,50,7.6,arecanut
22,70,59,7.61934783349786,arecanut
24,80,46,7.287145967907914,arecanut
25,75,50,7.6,black_pepper
21,72,58,7.387811692789927,black_pepper
32,80,43,7.293446589092478,black_pepper
25,75,50,7.6,cashewnut
22,70,57,7.124300851862459,cashewnut
18,67,55,7.615322910982394,cashewnut
25,75,50,7.6,tapioca
19,77,55,7.93207421613711,tapioca
28,81,49,7.118384095579131,tapioca
25,75,50,7.6,banana
35,81,50,7.556189932879157,banana
15,70,57,7.88621068499776,banana
25,75,50,7.6,cardamom
17,72,53,7.1614080843016765,cardamom
35,76,56,7.826558948929257,cardamom
25,75,50,7.6,dry_chillies
34,72,57,7.394973262696919,dry_chillies
35,80,53,8.005124293654111,dry_chillies
25,75,50,7.6,ginger
29,73,43,8.044134331420294,ginger
17,74,49,8.06590785094919,ginger
25,75,50,7.6,sugarcane
17,84,58,7.397297730848078,sugarcane
34,80,48,7.237687863784936,sugarcane
25,75,50,7.6,sweet_potato
35,65,55,7.658984560115313,sweet_potato
28,78,58,7.228195491448066,sweet_potato
25,75,50,7.6,turmeric
31,74,45,7.963551103662375,turmeric
28,84,52,7.368060238088827,turmeric
25,75,50,7.6,rubber
19,83,60,7.418719962479021,rubber
31,75,58,7.169978808829086,rubber
25,75,50,7.6,bhindi
27,68,41,7.153258393078911,bhindi
22,78,44,7.341604045862059,bhindi
25,75,50,7.6,bitter_gourd
22,77,53,7.654842049807868,bitter_gourd
27,72,57,7.621765577271869,bitter_gourd
25,75,50,7.6,brinjal
19,74,48,7.689530977773149,brinjal
22,65,44,8.06739936180093,brinjal
25,75,50,7.6,cashewnut_raw
18,75,43,8.088832466998557,cashewnut_raw
15,74,46,7.69464198675872,cashewnut_raw
25,75,50,7.6,drum_stick
21,74,50,7.669967992254852,drum_stick
24,67,41,7.393959312264135,drum_stick
25,75,50,7.6,jack_fruit
28,72,45,7.7558051296266575,jack_fruit
28,67,52,7.982094430089888,jack_fruit
25,75,50,7.6,mango
30,84,44,7.921560464504003,mango
29,75,53,7.42313586217861,mango
25,75,50,7.6,other_fresh_fruits
32,75,52,7.823086295806122,other_fresh_fruits
35,68,49,7.694721908680022,other_fresh_fruits
25,75,50,7.6,other_vegetables
25,73,57,7.545593238471837,other_vegetables
28,70,56,7.5711188956094615,other_vegetables
25,75,50,7.6,papaya
21,73,56,7.975031295159362,papaya
26,76,53,7.182806934205321,papaya
25,75,50,7.6,pineapple
33,69,48,7.6029031732493175,pineapple
27,77,45,8.028110158444624,pineapple
25,75,50,7.6,snak_guard
27,75,56,7.637872661484655,snak_guard
16,78,49,7.398848353699614,snak_guard
25,75,50,7.6,other_oilseeds
26,78,45,7.272983101828512,other_oilseeds
15,80,42,7.71226594459159,other_oilseeds
25,75,50,7.6,potato
23,71,42,7.842890944888195,potato
33,71,47,7.359946679388854,potato
25,75,50,7.6,arhartur
34,83,45,7.360546574038284,arhartur
22,70,50,7.659110723282993,arhartur
25,75,50,7.6,cowpealobia
17,84,60,7.359079089092453,cowpealobia
24,67,46,7.287987603250553,cowpealobia
25,75,50,7.6,horsegram
15,74,57,7.871826807021902,horsegram
25,84,42,7.707822343009556,horsegram
25,75,50,7.6,moonggreen_gram
20,80,47,8.014348218219235,moonggreen_gram
16,76,55,7.627618632294816,moonggreen_gram
25,75,50,7.6,urad
31,71,46,7.408467112256174,urad
17,65,45,7.160153787568096,urad
25,75,50,7.6,sesamum
28,84,45,7.801317240894477,sesamum
18,82,41,8.053665130224259,sesamum
25,75,50,7.6,gram
17,85,54,7.5516414321853755,gram
34,82,45,7.202996451389586,gram
25,75,50,7.6,maize
28,65,43,7.588795616218454,maize
17,76,42,7.9792051475278924,maize
25,75,50,7.6,ragi
22,80,53,7.581648146484704,ragi
32,76,42,7.7814150006609,ragi
50,50,50,7.0,arecanut
60,42,53,7.435905990128873,arecanut
49,52,60,6.937843079718578,arecanut
50,50,50,7.0,black_pepper
54,44,50,7.118130873551341,black_pepper
44,55,49,6.552046267663766,black_pepper
50,50,50,7.0,cashewnut
50,46,60,6.584545897969244,cashewnut
60,47,40,6.550337231317244,cashewnut
50,50,50,7.0,tapioca
59,57,43,6.942792777624361,tapioca
40,53,47,7.036194001060021,tapioca
50,50,50,7.0,banana
60,50,57,6.907521311848286,banana
47,48,46,7.492577109382626,banana
50,50,50,7.0,cardamom
58,43,53,6.897712832502319,cardamom
53,46,53,7.37592682979934,cardamom
50,50,50,7.0,dry_chillies
48,47,46,6.783230159515662,dry_chillies
59,44,51,6.818128858428594,dry_chillies
50,50,50,7.0,ginger
56,45,54,7.403177307841921,ginger
47,40,43,7.351275237076408,ginger
50,50,50,7.0,sugarcane
49,42,57,6.53139552771588,sugarcane
44,40,42,6.687846979439808,sugarcane
50,50,50,7.0,sweet_potato
59,46,51,6.909557610341505,sweet_potato
51,49,52,6.950382485910538,sweet_potato
50,50,50,7.0,tobacco
57,51,58,6.761655696434162,tobacco
50,52,45,7.035226762814509,tobacco
50,50,50,7.0,turmeric
47,55,43,6.702588685572978,turmeric
41,55,60,6.563140988374752,turmeric
50,50,50,7.0,rubber
40,43,52,7.181099428669958,rubber
57,56,46,7.231433025834601,rubber
50,50,50,7.0,bhindi
44,50,44,7.422457700386267,bhindi
49,48,57,6.64909944340704,bhindi
50,50,50,7.0,bitter_gourd
51,57,60,7.486673191463561,bitter_gourd
46,59,54,6.874426535026217,bitter_gourd
50,50,50,7.0,brinjal
46,57,51,6.62582521558801,brinjal
55,50,60,7.357751921599471,brinjal
50,50,50,7.0,cashewnut_raw
55,45,47,6.887828788956794,cashewnut_raw
59,46,56,7.453403310647709,cashewnut_raw
50,50,50,7.0,drum_stick
42,43,50,6.771919933551308,drum_stick
60,53,54,6.985885584602603,drum_stick
50,50,50,7.0,jack_fruit
43,58,43,6.899802512599262,jack_fruit
57,57,41,7.272939774309778,jack_fruit
50,50,50,7.0,mango
48,49,48,6.987985288451031,mango
59,50,55,7.366500400237689,mango
50,50,50,7.0,other_fresh_fruits
53,48,55,6.6341285734653574,other_fresh_fruits
53,41,52,7.444643113994887,other_fresh_fruits
50,50,50,7.0,other_vegetables
60,59,59,6.9051682733453426,other_vegetables
50,59,55,6.899157036456592,other_vegetables
50,50,50,7.0,papaya
59,57,41,7.118190075001324,papaya
43,56,48,7.069634613485011,papaya
50,50,50,7.0,pineapple
48,53,41,7.365896291408404,pineapple
50,55,49,6.756586861611843,pineapple
50,50,50,7.0,snak_guard
49,55,58,7.005375939420886,snak_guard
56,43,48,6.9976123554946215,snak_guard
50,50,50,7.0,other_oilseeds
59,40,55,6.503279914611874,other_oilseeds
43,57,52,6.59639396393564,other_oilseeds
50,50,50,7.0,potato
50,56,43,7.078165494095243,potato
56,42,55,7.196618421542061,potato
50,50,50,7.0,arhartur
50,59,42,6.707891808043991,arhartur
59,40,52,6.992290413210862,arhartur
50,50,50,7.0,cowpealobia
48,43,55,7.290613066904769,cowpealobia
51,59,51,6.860133965814441,cowpealobia
50,50,50,7.0,horsegram
52,46,58,7.401265326492101,horsegram
58,48,50,7.103577461069108,horsegram
50,50,50,7.0,jowar
50,48,52,7.351895542010031,jowar
50,43,58,7.3437838777006945,jowar
50,50,50,7.0,moonggreen_gram
48,48,56,6.5087805094435565,moonggreen_gram
54,55,57,7.22814701748163,moonggreen_gram
50,50,50,7.0,urad
40,45,53,7.327177676309715,urad
59,56,49,6.691228121528299,urad
50,50,50,7.0,sesamum
44,40,47,6.6878683028051125,sesamum
51,60,40,7.239059508548726,sesamum
50,50,50,7.0,gram
50,44,44,7.044864493645789,gram
48,54,47,6.567442937310967,gram
50,50,50,7.0,groundnut
42,50,58,7.129944506672979,groundnut
43,55,42,7.417756961261614,groundnut
50,50,50,7.0,maize
54,43,43,6.852468780366764,maize
53,55,40,6.963531417495044,maize
50,50,50,7.0,ragi
47,45,43,6.6500653307874815,ragi
48,49,60,7.27447708926988,ragi
25,75,50,7.8,arecanut
29,71,41,7.341991868405799,arecanut
18,71,51,7.365702881476766,arecanut
25,75,50,7.8,black_pepper
26,77,56,7.941141618376289,black_pepper
21,79,43,7.928046950005127,black_pepper
25,75,50,7.8,cashewnut
26,77,49,7.516337490825211,cashewnut
28,74,45,8.26360446660959,cashewnut
25,75,50,7.8,tapioca
19,84,49,8.038231012018812,tapioca
18,78,59,8.287967546413196,tapioca
25,75,50,7.8,banana
22,69,55,7.501400590538481,banana
33,68,53,7.351278525226557,banana
25,75,50,7.8,dry_chillies
25,76,50,8.012771690228522,dry_chillies
30,67,53,8.08502976076541,dry_chillies
25,75,50,7.8,ginger
22,68,52,7.7135186940822384,ginger
31,81,58,7.980612285728075,ginger
25,75,50,7.8,turmeric
27,78,46,8.167719108074103,turmeric
28,77,49,7.884626108933289,turmeric
25,75,50,7.8,sweet_potato
23,77,40,7.6624676504794405,sweet_potato
17,76,53,8.254173946176564,sweet_potato
25,75,50,7.8,cardamom
31,68,48,7.307568348029166,cardamom
31,84,44,7.847466785707386,cardamom
25,75,50,7.8,sugarcane
30,73,44,7.90905345871961,sugarcane
21,73,55,7.8010975579989665,sugarcane
25,75,50,7.8,rubber
31,81,46,7.548597290802563,rubber
27,80,53,8.232620983275895,rubber
25,75,50,7.8,tea
21,72,54,8.195538454418543,tea
28,66,54,7.363078807855503,tea
25,75,50,7.8,bhindi
34,74,53,7.783712877337045,bhindi
17,82,54,7.590523078655022,bhindi
25,75,50,7.8,bitter_gourd
16,80,43,8.019452676464574,bitter_gourd
17,81,44,8.017147352899824,bitter_gourd
25,75,50,7.8,brinjal
24,71,60,7.325766620226992,brinjal
25,77,46,7.441942733617589,brinjal
25,75,50,7.8,cashewnut_raw
27,73,58,7.479141080525961,cashewnut_raw
34,82,60,7.7002177074541525,cashewnut_raw
25,75,50,7.8,drum_stick
20,76,59,8.195520386836511,drum_stick
19,65,50,7.894430624433774,drum_stick
25,75,50,7.8,jack_fruit
15,78,56,7.875988263283338,jack_fruit
18,66,46,7.591286016201119,jack_fruit
25,75,50,7.8,mango
15,65,51,7.564624339692684,mango
20,82,51,7.959910554532093,mango
25,75,50,7.8,other_fresh_fruits
26,70,54,7.853961979364198,other_fresh_fruits
27,69,49,7.320878505980134,other_fresh_fruits
25,75,50,7.8,other_vegetables
27,79,44,8.219569874452864,other_vegetables
28,85,43,8.00278972346351,other_vegetables
25,75,50,7.8,papaya
27,72,51,7.687361151162621,papaya
18,73,54,7.924109310894132,papaya
25,75,50,7.8,pineapple
17,78,46,7.617200958410344,pineapple
21,69,54,7.701664212417525,pineapple
25,75,50,7.8,snak_guard
21,72,50,7.780760976033906,snak_guard
31,84,44,7.5916662374942385,snak_guard
25,75,50,7.8,other_oilseeds
28,80,50,7.632078499315571,other_oilseeds
28,71,46,7.722243269148345,other_oilseeds
25,75,50,7.8,potato
29,66,60,8.289490097154436,potato
22,75,41,7.316112024141858,potato
25,75,50,7.8,cowpealobia
34,66,40,7.519807834259601,cowpealobia
35,78,59,7.550235086761758,cowpealobia
25,75,50,7.8,moonggreen_gram
34,80,48,8.282005578693385,moonggreen_gram
30,65,47,7.9358499711426465,moonggreen_gram
25,75,50,7.8,sesamum
15,83,57,7.671229800406386,sesamum
26,76,60,8.11626190919435,sesamum
25,75,50,7.8,urad
29,73,47,7.376616482421044,urad
28,71,54,7.311690306862783,urad
25,75,50,7.8,gram
34,80,52,7.707397818816998,gram
19,75,44,7.788403073103706,gram
25,50,75,6.4,arecanut
15,56,78,6.823079955570057,arecanut
18,47,81,6.283407598720685,arecanut
25,50,75,6.4,black_pepper
35,58,76,5.980758442126899,black_pepper
26,53,83,6.357292164313617,black_pepper
25,50,75,6.4,cashewnut
26,58,70,6.22229922866625,cashewnut
28,59,85,6.575481791843216,cashewnut
25,50,75,6.4,tapioca
23,47,77,6.1977455725439325,tapioca
17,47,76,6.64054910007364,tapioca
25,50,75,6.4,banana
34,40,79,6.090530999952424,banana
32,54,68,6.8773547189734705,banana
25,50,75,6.4,cardamom
17,42,67,6.3577109686893625,cardamom
29,55,83,6.470647115384561,cardamom
25,50,75,6.4,sugarcane
20,56,65,6.520855345731729,sugarcane
19,55,66,5.945760516124247,sugarcane
25,50,75,6.4,sweet_potato
24,40,68,6.890125417549387,sweet_potato
21,42,67,6.101809777843993,sweet_potato
25,50,75,6.4,turmeric
24,48,77,6.022630027438564,turmeric
18,42,73,6.475437943081756,turmeric
25,50,75,6.4,rubber
28,53,67,6.271055713890675,rubber
23,45,80,6.297942052515818,rubber
25,50,75,6.4,tea
27,40,72,6.161160473165815,tea
18,59,76,5.913183573459276,tea
25,50,75,6.4,bhindi
25,40,77,6.812056087135744,bhindi
17,42,75,6.624670233420997,bhindi
25,50,75,6.4,bitter_gourd
15,56,84,6.150049643491677,bitter_gourd
30,52,70,6.218988077219905,bitter_gourd
25,50,75,6.4,brinjal
30,59,70,6.072489625318864,brinjal
17,49,79,6.7027619264251355,brinjal
25,50,75,6.4,cashewnut_raw
16,41,83,6.873765980118602,cashewnut_raw
17,56,78,5.900143002143123,cashewnut_raw
25,50,75,6.4,drum_stick
19,44,81,6.011540895595578,drum_stick
17,46,83,6.419599457669681,drum_stick
25,50,75,6.4,jack_fruit
29,50,66,6.6085886718339895,jack_fruit
28,52,72,6.571090548453066,jack_fruit
25,50,75,6.4,mango
33,53,73,5.9795634956842045,mango
32,56,72,6.072280264324092,mango
25,50,75,6.4,other_fresh_fruits
21,44,83,6.627706115558665,other_fresh_fruits
34,55,68,6.856847996269063,other_fresh_fruits
25,50,75,6.4,other_vegetables
26,48,77,6.7927330329210545,other_vegetables
35,56,73,6.004843455465844,other_vegetables
25,50,75,6.4,papaya
16,54,84,6.300725150694369,papaya
26,60,68,6.017109974676589,papaya
25,50,75,6.4,pineapple
35,44,75,6.634793007623156,pineapple
18,41,77,6.892717182221101,pineapple
25,50,75,6.4,snak_guard
23,40,68,6.01655942875826,snak_guard
19,48,70,6.4835309936127405,snak_guard
25,50,75,6.4,other_oilseeds
20,43,65,6.528552443081951,other_oilseeds
19,49,69,5.920186296932626,other_oilseeds
25,50,75,6.4,cowpealobia
33,60,71,6.764303983351595,cowpealobia
23,48,72,6.087058486918243,cowpealobia
25,50,75,6.4,urad
34,58,66,6.424470613951802,urad
29,47,66,6.896083369807732,urad
25,50,75,6.4,sesamum
19,40,82,6.564521562172831,sesamum
18,56,74,6.499065036342104,sesamum
50,25,25,6.3,arecanut
60,31,32,6.346543388415093,arecanut
53,20,16,6.698265011175539,arecanut
50,25,25,6.3,black_pepper
48,34,25,5.977172522108247,black_pepper
60,28,18,6.2888861066608905,black_pepper
50,25,25,6.3,cashewnut
44,20,28,6.187516121780338,cashewnut
53,18,29,6.045970736403336,cashewnut
50,25,25,6.3,tapioca
60,27,25,6.138814692073826,tapioca
46,24,27,5.963875972527655,tapioca
50,25,25,6.3,banana
53,30,27,5.8842506230966585,banana
40,35,30,6.364082328472837,banana
50,25,25,6.3,cardamom
40,31,21,6.069643599137014,cardamom
46,17,22,6.66189876246905,cardamom
50,25,25,6.3,ginger
45,19,23,6.392644916701983,ginger
57,28,23,6.432867411894381,ginger
50,25,25,6.3,sugarcane
53,35,27,6.586109939487241,sugarcane
57,28,28,6.760104774960822,sugarcane
50,25,25,6.3,sweet_potato
56,33,34,5.928330678075063,sweet_potato
49,22,32,5.992617061635998,sweet_potato
50,25,25,6.3,turmeric
50,25,34,5.816058518262278,turmeric
41,18,27,5.85791221936104,turmeric
50,25,25,6.3,rubber
53,26,24,6.5410570989495085,rubber
50,33,30,6.450610741504658,rubber
50,25,25,6.3,bhindi
50,20,23,6.118733390333343,bhindi
41,17,19,6.2850071919422295,bhindi
50,25,25,6.3,bitter_gourd
53,25,24,5.995224070292734,bitter_gourd
50,28,15,6.240280668446399,bitter_gourd
50,25,25,6.3,brinjal
44,20,19,6.100276270121026,brinjal
42,15,32,6.596585506941443,brinjal
50,25,25,6.3,cashewnut_raw
45,15,19,6.206888174434379,cashewnut_raw
53,22,22,6.657367260362161,cashewnut_raw
50,25,25,6.3,drum_stick
50,25,18,6.614992001610606,drum_stick
47,19,32,6.337280739222213,drum_stick
50,25,25,6.3,jack_fruit
48,35,35,6.2504641518589565,jack_fruit
42,23,17,6.505435825306574,jack_fruit
50,25,25,6.3,mango
57,25,21,6.073490146367085,mango
46,32,31,6.654715600688011,mango
50,25,25,6.3,other_fresh_fruits
41,29,29,6.583504606559511,other_fresh_fruits
58,28,32,6.545752559973383,other_fresh_fruits
50,25,25,6.3,other_vegetables
50,24,17,6.397544542473638,other_vegetables
59,19,28,6.526021311597066,other_vegetables
50,25,25,6.3,papaya
43,33,23,5.810645573934809,papaya
45,35,17,5.884477153357539,papaya
50,25,25,6.3,pineapple
52,29,16,6.190619705992712,pineapple
40,18,30,6.129553505191494,pineapple
50,25,25,6.3,snak_guard
45,15,35,5.937927747648897,snak_guard
59,15,24,5.9754319375555,snak_guard
50,25,25,6.3,other_oilseeds
60,18,21,6.70212389412225,other_oilseeds
55,19,27,6.7088277547230595,other_oilseeds
50,25,25,6.3,potato
53,24,18,6.093737540215728,potato
43,27,35,5.923856185939323,potato
50,25,25,6.3,cowpealobia
49,16,29,6.528091243154781,cowpealobia
42,16,35,5.827423398460695,cowpealobia
50,25,25,6.3,moonggreen_gram
47,22,23,6.241797316759351,moonggreen_gram
42,20,19,6.670451401604536,moonggreen_gram
50,25,25,6.3,sesamum
45,19,34,6.157012071197583,sesamum
50,18,15,6.298145239489627,sesamum
50,25,25,6.3,gram
40,19,31,6.730225085580695,gram
42,26,21,6.455714861814485,gram
75,75,25,7.7,arecanut
66,66,17,7.721383092116531,arecanut
65,74,35,8.116735405119192,arecanut
75,75,25,7.7,black_pepper
68,68,15,7.668925130000933,black_pepper
81,73,28,7.7534803175927,black_pepper
75,75,25,7.7,cashewnut
85,81,18,7.243914572437355,cashewnut
85,77,35,7.941441499440186,cashewnut
75,75,25,7.7,tapioca
72,73,32,7.519835552855956,tapioca
76,71,25,7.945096856228545,tapioca
75,75,25,7.7,banana
70,79,34,7.349571862478867,banana
84,80,24,7.837883295399869,banana
75,75,25,7.7,cardamom
72,83,20,7.827900611150332,cardamom
76,79,22,7.914786742388358,cardamom
75,75,25,7.7,ginger
70,77,21,7.382945378936922,ginger
82,66,20,8.175575855410276,ginger
75,75,25,7.7,sugarcane
67,82,34,8.052090779591937,sugarcane
66,67,22,7.409906914892823,sugarcane
75,75,25,7.7,sweet_potato
73,69,20,7.7429503853692445,sweet_potato
82,76,21,7.797390497474452,sweet_potato
75,75,25,7.7,turmeric
82,65,16,7.487473398536235,turmeric
66,78,24,7.285204843168726,turmeric
75,75,25,7.7,rubber
73,79,29,7.277039692119919,rubber
84,85,28,7.59987887545862,rubber
75,75,25,7.7,bhindi
84,77,34,7.690402629438824,bhindi
68,66,25,7.9170152745211135,bhindi
75,75,25,7.7,bitter_gourd
76,82,21,8.126848150600951,bitter_gourd
74,79,28,7.4032938170217255,bitter_gourd
75,75,25,7.7,brinjal
66,66,23,8.020179726104772,brinjal
68,82,23,8.078435592800947,brinjal
75,75,25,7.7,cashewnut_raw
81,79,29,7.746846160458768,cashewnut_raw
82,67,22,8.022917626617897,cashewnut_raw
75,75,25,7.7,drum_stick
65,65,18,8.053020439062566,drum_stick
81,70,25,7.848187824997179,drum_stick
75,75,25,7.7,jack_fruit
81,76,34,7.788230096378371,jack_fruit
84,78,34,7.373007338230924,jack_fruit
75,75,25,7.7,mango
79,70,27,7.940991645646797,mango
75,68,35,7.841844814951484,mango
75,75,25,7.7,other_fresh_fruits
83,80,16,7.689617104920867,other_fresh_fruits
65,76,30,7.685981590307801,other_fresh_fruits
75,75,25,7.7,other_vegetables
74,71,24,7.501716640107795,other_vegetables
66,85,16,7.681702739227468,other_vegetables
75,75,25,7.7,papaya
78,75,28,7.510478258575187,papaya
71,82,33,7.76068911245548,papaya
75,75,25,7.7,pineapple
78,82,28,7.269915387981063,pineapple
69,81,28,7.842906788816792,pineapple
75,75,25,7.7,snak_guard
72,82,34,7.340937060532434,snak_guard
71,75,23,8.068310796971824,snak_guard
75,75,25,7.7,tea
74,71,24,8.042172884347599,tea
68,77,34,7.488162679348694,tea
75,75,25,7.7,other_oilseeds
78,79,19,7.32670704708935,other_oilseeds
77,74,25,7.569233947235514,other_oilseeds
75,75,25,7.7,potato
75,83,19,7.423989141823389,potato
67,79,25,8.157307386964641,potato
75,75,25,7.7,cowpealobia
68,80,21,8.111760473307442,cowpealobia
85,77,19,8.18547420352905,cowpealobia
75,75,25,7.7,ragi
74,66,18,7.9963895078051035,ragi
70,77,18,7.247218951178434,ragi
75,75,25,7.7,sesamum
75,69,19,8.129287728199676,sesamum
78,66,15,7.813474395289598,sesamum
75,75,25,7.7,urad
65,72,21,7.7414700642642185,urad
79,79,35,7.453209093848347,urad
75,75,25,7.7,moonggreen_gram
79,68,27,8.16818331534744,moonggreen_gram
85,68,33,8.058839270720924,moonggreen_gram
75,75,25,7.7,gram
65,66,29,7.658644144239467,gram
71,85,28,7.261961833556689,gram
75,75,25,7.7,maize
67,67,20,8.041635541743169,maize
65,66,17,7.3167103226053065,maize
75,75,25,7.7,sunflower
77,69,18,7.976097780563315,sunflower
70,79,24,7.475316332853795,sunflower
50,75,50,5.2,arecanut
60,75,58,5.32967127877699,arecanut
40,76,55,5.086125522865317,arecanut
50,75,50,5.2,black_pepper
57,77,56,5.067029464972597,black_pepper
43,76,43,4.711120132979883,black_pepper
50,75,50,5.2,cashewnut
59,77,42,4.873324806606834,cashewnut
45,80,56,4.9605025479048095,cashewnut
50,75,50,5.2,tapioca
54,73,47,4.991245019226901,tapioca
45,67,47,5.6312896502745735,tapioca
50,75,50,5.2,banana
58,66,56,5.1704545305221625,banana
46,82,45,5.630616252706978,banana
50,75,50,5.2,cardamom
57,79,60,5.286033352399886,cardamom
56,71,53,4.721264252388988,cardamom
50,75,50,5.2,dry_chillies
49,82,42,5.225878531580558,dry_chillies
52,81,47,5.601066564534649,dry_chillies
50,75,50,5.2,ginger
58,84,55,5.120396819862185,ginger
49,70,40,5.560736864414105,ginger
50,75,50,5.2,sugarcane
42,70,55,5.575534023735095,sugarcane
48,65,56,5.529472349235291,sugarcane
50,75,50,5.2,sweet_potato
54,80,56,5.353948733454363,sweet_potato
43,78,55,4.80784228073297,sweet_potato
50,75,50,5.2,turmeric
57,79,40,5.182458734168671,turmeric
43,74,56,5.502595802510962,turmeric
50,75,50,5.2,coffee
40,67,50,5.4908173159051925,coffee
58,80,53,4.721696485932859,coffee
50,75,50,5.2,rubber
55,74,50,5.241418588472903,rubber
47,82,42,5.115058944666927,rubber
50,75,50,5.2,tea
51,70,53,5.370255625308815,tea
44,79,59,5.022561003085981,tea
50,75,50,5.2,bhindi
52,75,47,5.667811489231705,bhindi
52,70,58,5.183749913033741,bhindi
50,75,50,5.2,bitter_gourd
59,75,40,5.296530729487473,bitter_gourd
60,79,45,5.030957046725266,bitter_gourd
50,75,50,5.2,brinjal
40,85,49,4.775679017763833,brinjal
53,79,46,5.324754317048765,brinjal
50,75,50,5.2,cashewnut_raw
49,76,48,5.1414961123444485,cashewnut_raw
43,80,47,5.363224132424298,cashewnut_raw
50,75,50,5.2,drum_stick
44,69,52,5.008859270661306,drum_stick
44,85,52,4.90213715929759,drum_stick
50,75,50,5.2,jack_fruit
47,77,59,4.758662096396161,jack_fruit
54,69,52,4.946040309565113,jack_fruit
50,75,50,5.2,mango
54,76,56,4.826043139446792,mango
54,68,53,5.122429991324498,mango
50,75,50,5.2,other_fresh_fruits
50,65,51,4.822957316733484,other_fresh_fruits
41,84,60,4.8757993774090105,other_fresh_fruits
50,75,50,5.2,other_vegetables
55,85,49,5.631082246972386,other_vegetables
47,69,48,5.043548722281244,other_vegetables
50,75,50,5.2,papaya
45,79,53,5.392734245323046,papaya
58,76,41,4.872630176808011,papaya
50,75,50,5.2,pineapple
40,68,41,4.983122740137597,pineapple
53,80,54,4.791433651572705,pineapple
50,75,50,5.2,snak_guard
46,84,46,5.425083665994877,snak_guard
43,68,54,5.307386744310476,snak_guard
50,75,50,5.2,other_oilseeds
59,76,50,5.175525360473966,other_oilseeds
58,73,52,4.804786202816862,other_oilseeds
50,75,50,5.2,potato
50,83,51,4.9295032043804525,potato
56,65,42,5.409829358024312,potato
50,75,50,5.2,arhartur
58,79,51,5.468235654721017,arhartur
53,75,50,5.224229570027675,arhartur
50,75,50,5.2,cowpealobia
58,77,48,5.388481739407857,cowpealobia
54,82,51,5.439196051408127,cowpealobia
50,75,50,5.2,groundnut
53,80,46,4.785311367276211,groundnut
48,85,59,4.971137668104333,groundnut
50,75,50,5.2,horsegram
51,70,53,5.634128107179315,horsegram
42,72,59,5.487932206946356,horsegram
50,75,50,5.2,jowar
40,74,56,4.932661239187207,jowar
46,73,42,5.238045868996935,jowar
50,75,50,5.2,maize
42,79,41,5.440438632203959,maize
48,73,46,5.206592486611727,maize
50,75,50,5.2,moonggreen_gram
58,65,57,5.686843533222994,moonggreen_gram
52,80,59,4.759856729858988,moonggreen_gram
50,75,50,5.2,onion
46,76,52,5.504790720574948,onion
44,68,60,5.5229189411809365,onion
50,75,50,5.2,ragi
50,65,52,5.6775389413818385,ragi
52,68,49,5.386506016540586,ragi
50,75,50,5.2,sesamum
41,66,41,5.675453587034552,sesamum
60,83,48,5.540163856586647,sesamum
50,75,50,5.2,small_millets
50,68,47,5.079122944106951,small_millets
57,76,41,5.63364222077358,small_millets
50,75,50,5.2,soyabean
47,68,57,5.561505622143088,soyabean
50,78,59,4.759677833691301,soyabean
50,75,50,5.2,urad
57,83,40,5.117637037497738,urad
40,84,52,4.898873448900253,urad
50,75,50,5.2,cottonlint
46,71,40,5.539030204638332,cottonlint
45,75,59,5.445194611018293,cottonlint
50,75,50,5.2,gram
43,72,42,5.431067525770934,gram
43,69,44,4.735262877868514,gram
50,25,50,7.7,coriander
47,19,58,7.67361189351202,coriander
53,19,57,7.942752294886287,coriander
50,25,50,7.7,dry_chillies
47,20,51,8.140782054275206,dry_chillies
41,34,46,7.2720179615952665,dry_chillies
50,25,50,7.7,garlic
60,23,51,7.414365866334087,garlic
57,25,56,7.561512493310443,garlic
50,25,50,7.7,ginger
45,30,40,7.969230568026415,ginger
42,23,47,7.78435910578701,ginger
50,25,50,7.7,onion
52,31,41,8.152847939513796,onion
60,31,48,7.838028189125046,onion
50,25,50,7.7,potato
50,32,49,7.320391421247583,potato
55,30,48,7.6538421889437505,potato
50,25,50,7.7,sesamum
46,22,43,7.510181503151072,sesamum
56,29,60,7.782233356816507,sesamum
50,25,50,7.7,sugarcane
46,32,42,7.342994696755229,sugarcane
53,19,46,7.611447021441464,sugarcane
50,25,50,7.7,sweet_potato
59,29,45,8.086457667512331,sweet_potato
49,16,52,7.481620971005288,sweet_potato
50,25,50,7.7,turmeric
52,22,57,7.327488203718992,turmeric
40,16,50,8.06141475062909,turmeric
50,25,25,6.7,garlic
52,34,21,7.124505444049911,garlic
46,22,29,6.651031335397888,garlic
50,25,25,6.7,onion
51,33,16,6.921153851438186,onion
47,26,24,6.312885966120498,onion
50,25,25,6.7,sesamum
47,16,34,6.62470263406877,sesamum
53,25,23,6.535614490520062,sesamum
50,25,25,6.7,small_millets
41,22,20,6.207300406067339,small_millets
59,25,30,6.311671127942119,small_millets
50,25,25,6.7,sugarcane
56,27,19,6.489639295436741,sugarcane
44,25,32,6.951489196482735,sugarcane
50,25,25,6.7,sweet_potato
44,20,20,6.262098188471226,sweet_potato
42,26,15,6.6968975376908215,sweet_potato
50,25,25,6.7,turmeric
58,23,15,6.3859336064928245,turmeric
56,19,29,6.240666544617697,turmeric
50,25,25,6.7,arhartur
50,27,27,6.342256164250286,arhartur
53,35,20,6.539760499672178,arhartur
50,25,25,6.7,bajra
54,28,15,7.173317766981433,bajra
60,28,18,6.908318729357891,bajra
50,25,25,6.7,castor_seed
50,30,24,7.131784014264843,castor_seed
55,25,34,6.90190928443099,castor_seed
50,25,25,6.7,cottonlint
44,25,29,6.248699731886971,cottonlint
50,20,21,6.374315202203302,cottonlint
50,25,25,6.7,dry_chillies
41,25,18,6.560576208633578,dry_chillies
45,25,15,6.969891804224165,dry_chillies
50,25,25,6.7,ginger
54,27,24,7.186820959577031,ginger
54,21,29,6.367024031384038,ginger
50,25,25,6.7,gram
59,25,25,7.181789046334549,gram
40,29,23,6.788390723208057,gram
50,25,25,6.7,groundnut
42,26,29,6.826934944491638,groundnut
49,28,27,6.848874454567207,groundnut
50,25,25,6.7,linseed
52,33,15,6.560214092203653,linseed
51,23,23,7.161937994930072,linseed
50,25,25,6.7,maize
59,20,35,6.299900455408374,maize
50,29,20,6.75770518881121,maize
50,25,25,6.7,mesta
56,21,19,7.074547514824494,mesta
52,25,20,6.639413977329014,mesta
50,25,25,6.7,peas_beans_pulses
42,22,16,6.953514104360579,peas_beans_pulses
42,21,33,6.725227908928983,peas_beans_pulses
50,25,25,6.7,potato
43,16,22,6.486121466550922,potato
57,16,30,6.345719870449515,potato
50,25,25,6.7,rice
49,29,25,6.359031465575092,rice
56,15,31,6.485550378323074,rice
50,25,25,6.7,sannhamp
52,26,19,6.519196694493434,sannhamp
41,28,34,6.759129454318707,sannhamp
50,25,25,6.7,soyabean
42,24,22,6.303867881648912,soyabean
58,17,31,6.926019550307136,soyabean
50,25,25,6.7,wheat
55,29,24,6.637554827149725,wheat
40,16,15,7.033719074110799,wheat
50,25,25,6.7,coriander
49,29,16,6.367274763398619,coriander
55,16,23,6.809609892178522,coriander
50,25,50,7.6,sugarcane
45,35,43,7.477078643301932,sugarcane
50,23,54,7.822934956831878,sugarcane
50,25,50,7.6,banana
46,30,52,7.122158005579343,banana
46,28,49,7.77695277886689,banana
50,25,50,7.6,bhindi
59,29,59,7.685481070669157,bhindi
41,31,41,7.624247989491875,bhindi
50,25,50,7.6,brinjal
44,25,50,8.042698838488583,brinjal
51,30,49,7.700921138117294,brinjal
50,25,50,7.6,cabbage
56,35,58,7.175226147266538,cabbage
49,32,55,7.124565252203479,cabbage
50,25,50,7.6,cauliflower
40,17,56,7.882053802886466,cauliflower
49,33,44,7.395883371925581,cauliflower
50,25,50,7.6,coriander
44,33,49,7.27443645755246,coriander
46,16,60,8.009027399464648,coriander
50,25,50,7.6,dry_chillies
54,15,44,7.405077413576043,dry_chillies
48,29,48,7.183300872642962,dry_chillies
50,25,50,7.6,garlic
57,34,48,7.689732729344781,garlic
55,35,59,7.585138105484429,garlic
50,25,50,7.6,mango
45,25,46,7.246407696912178,mango
50,23,42,7.391181393627378,mango
50,25,50,7.6,onion
43,20,41,7.306894864650117,onion
58,23,45,8.054825931380348,onion
50,25,50,7.6,other_vegetables
54,24,48,7.209460263626167,other_vegetables
41,30,46,7.465382693439735,other_vegetables
50,25,50,7.6,potato
51,18,56,7.804385825809134,potato
56,21,59,7.217369585522184,potato
50,25,50,7.6,sannhamp
49,16,55,7.116395287160188,sannhamp
45,15,60,7.25470289041961,sannhamp
50,25,50,7.6,sweet_potato
52,27,55,7.659608857882922,sweet_potato
60,34,57,7.543675866774872,sweet_potato
50,25,50,7.6,tomato
52,33,60,8.02836767509292,tomato
52,28,50,7.592559363557197,tomato
50,25,50,7.6,turmeric
59,20,53,7.694888681279933,turmeric
48,30,59,7.298168841495782,turmeric
50,25,50,7.6,sesamum
49,20,48,7.451219240002718,sesamum
57,15,42,7.337679451314539,sesamum
50,25,50,7.6,small_millets
47,26,52,7.972555928308838,small_millets
58,26,56,7.503720247702156,small_millets
50,25,50,7.6,arhartur
47,17,40,7.475960015954378,arhartur
49,25,47,7.175035540543558,arhartur
50,25,50,7.6,barley
42,15,41,7.5262257615325145,barley
47,24,54,7.202718179992416,barley
50,25,50,7.6,ginger
41,27,44,8.062989987814166,ginger
59,24,47,7.448092485843658,ginger
50,25,50,7.6,gram
49,24,40,7.1238306252103625,gram
47,28,51,8.007080920911875,gram
50,25,50,7.6,groundnut
46,27,60,7.619972967554366,groundnut
50,32,48,8.069004909998945,groundnut
50,25,50,7.6,khesari
60,34,54,7.870066307453958,khesari
46,25,42,7.4428186164807,khesari
50,25,50,7.6,linseed
40,23,54,8.041025307262462,linseed
41,28,47,7.476181423584034,linseed
50,25,50,7.6,maize
53,31,44,7.32907676466808,maize
59,20,47,7.254767292974626,maize
50,25,50,7.6,masoor
55,31,41,7.136502440338699,masoor
59,21,49,7.766481762873558,masoor
50,25,50,7.6,niger_seed
49,34,54,7.171769602309495,niger_seed
51,16,54,7.663880439763459,niger_seed
50,25,50,7.6,peas_beans_pulses
57,26,47,7.786213316560417,peas_beans_pulses
59,28,41,7.269190678687222,peas_beans_pulses
50,25,50,7.6,rapeseed_mustard
57,23,43,7.6850373205147875,rapeseed_mustard
47,28,51,7.48877407634942,rapeseed_mustard
50,25,50,7.6,rice
43,17,44,7.255229319575721,rice
46,30,45,7.108961388511788,rice
50,25,50,7.6,soyabean
41,19,49,7.986433573022694,soyabean
42,28,57,7.793667340024046,soyabean
50,25,50,7.6,wheat
45,23,56,7.238183026308405,wheat
55,33,51,7.486512614180969,wheat
50,25,50,7.6,tobacco
42,26,40,7.3548116487062885,tobacco
49,17,58,7.567874081676038,tobacco
50,50,50,8.2,bhindi
58,56,42,8.35068625210899,bhindi
40,55,57,8.532209373555869,bhindi
50,50,50,8.2,brinjal
40,49,50,7.714787617242713,brinjal
60,45,51,8.249610017146965,brinjal
50,50,50,8.2,cabbage
43,46,41,8.227746660480474,cabbage
57,60,52,8.340194497856157,cabbage
50,50,50,8.2,cauliflower
50,55,59,7.768845881263997,cauliflower
49,57,42,8.0994354088742,cauliflower
50,50,50,8.2,coriander
45,54,49,7.900055290683452,coriander
60,49,51,8.3016223310978,coriander
50,50,50,8.2,dry_chillies
50,41,40,8.293045075084663,dry_chillies
55,60,53,7.903304652882456,dry_chillies
50,50,50,8.2,garlic
54,60,42,8.564141580861396,garlic
53,51,41,8.25911894248839,garlic
50,50,50,8.2,mango
42,49,48,7.915803073366201,mango
51,47,50,7.777650753548034,mango
50,50,50,8.2,onion
50,47,59,8.386612716185697,onion
49,44,41,8.277577059833575,onion
50,50,50,8.2,orange
46,46,58,8.285869733466699,orange
41,50,53,8.514580566541559,orange
50,50,50,8.2,other_citrus_fruit
42,40,48,8.283836440160135,other_citrus_fruit
44,58,48,7.987939109363509,other_citrus_fruit
50,50,50,8.2,other_fresh_fruits
43,49,49,7.916376423890529,other_fresh_fruits
57,48,59,7.911210618044006,other_fresh_fruits
50,50,50,8.2,other_vegetables
51,57,51,8.088333869733512,other_vegetables
52,57,47,7.889901915906381,other_vegetables
50,50,50,8.2,papaya
51,43,52,7.811031100230791,papaya
59,52,52,7.810628422959957,papaya
50,50,50,8.2,pome_fruit
41,58,40,8.003523153857012,pome_fruit
52,43,41,8.472353496568582,pome_fruit
50,50,50,8.2,potato
47,53,42,8.479058168381492,potato
59,46,50,7.768599085251582,potato
50,50,50,8.2,sugarcane
45,47,59,7.760992245314241,sugarcane
54,49,54,8.49613404320588,sugarcane
50,50,50,8.2,sweet_potato
51,59,53,7.921356743611021,sweet_potato
44,44,48,8.571214370110273,sweet_potato
50,50,50,8.2,tomato
57,41,51,8.681145137406501,tomato
44,49,41,8.127149659895549,tomato
50,50,50,8.2,sesamum
55,50,55,8.426180158803282,sesamum
52,42,48,8.34479222978652,sesamum
50,50,50,8.2,arhartur
40,47,47,8.403348875163468,arhartur
52,58,41,8.35134624640113,arhartur
50,50,50,8.2,barley
49,41,48,7.803521472752569,barley
48,50,54,8.367309364009872,barley
50,50,50,8.2,ginger
40,51,55,7.8652740860587835,ginger
60,44,48,7.874134513964224,ginger
50,50,50,8.2,gram
41,47,44,7.9042722717225375,gram
49,47,48,8.363179530667308,gram
50,50,50,8.2,groundnut
41,41,45,8.068367208212207,groundnut
46,52,48,8.34778843552519,groundnut
50,50,50,8.2,khesari
51,58,47,8.400067670266422,khesari
55,54,45,8.108351300856315,khesari
50,50,50,8.2,linseed
52,55,45,8.61818085046878,linseed
42,43,42,7.980594787426448,linseed
50,50,50,8.2,maize
47,56,55,8.401961166837948,maize
56,49,60,7.769183315270057,maize
50,50,50,8.2,masoor
58,58,47,8.150044686298289,masoor
40,55,53,8.106802698046032,masoor
50,50,50,8.2,niger_seed
41,57,49,7.797350119784969,niger_seed
56,50,53,8.459571304487456,niger_seed
50,50,50,8.2,peas_beans_pulses
41,44,54,7.918397044423719,peas_beans_pulses
47,47,46,8.46857027377439,peas_beans_pulses
50,50,50,8.2,rapeseed_mustard
52,51,46,8.655208626994362,rapeseed_mustard
47,49,41,8.583843821396119,rapeseed_mustard
50,50,50,8.2,rice
58,58,57,8.178806065778367,rice
43,60,57,7.836663178821291,rice
50,50,50,8.2,soyabean
45,41,46,8.215819124794198,soyabean
51,43,57,8.005492953336116,soyabean
50,50,50,8.2,wheat
49,59,47,8.174347061389447,wheat
47,48,47,8.651067385454713,wheat
50,50,50,8.2,sunflower
44,54,46,7.956969152101931,sunflower
40,51,55,8.120913350490358,sunflower
50,50,50,8.2,turmeric
51,52,57,8.231926481037542,turmeric
47,48,49,8.638853392685583,turmeric
50,50,50,7.8,sugarcane
52,48,46,8.135325260684832,sugarcane
47,47,48,7.757917172506223,sugarcane
50,50,50,7.8,coriander
55,51,46,8.081521835228418,coriander
40,47,43,7.305724018771025,coriander
50,50,50,7.8,dry_chillies
56,40,52,7.925790539845879,dry_chillies
58,54,49,7.752962343869158,dry_chillies
50,50,50,7.8,garlic
45,59,42,8.052163328628124,garlic
53,45,42,7.9570194641063345,garlic
50,50,50,7.8,onion
40,60,49,7.962485293399451,onion
49,48,50,7.784507472305695,onion
50,50,50,7.8,potato
49,53,43,8.0509467674093,potato
56,51,50,7.501447531647263,potato
50,50,50,7.8,sannhamp
43,52,60,7.985425480101724,sannhamp
50,54,44,8.046976370270992,sannhamp
50,50,50,7.8,sweet_potato
48,41,46,7.803973309385104,sweet_potato
46,43,58,8.172396829591605,sweet_potato
50,50,50,7.8,turmeric
58,45,51,8.065468456386023,turmeric
58,57,53,7.640588063780578,turmeric
50,50,50,7.8,banana
56,60,43,7.973143115575172,banana
59,58,40,8.011981658665615,banana
50,50,50,7.8,tobacco
58,54,44,7.850733460394179,tobacco
58,42,53,7.799802584099169,tobacco
50,50,50,7.8,bhindi
55,41,42,7.324135416135832,bhindi
44,44,42,8.22601878980722,bhindi
50,50,50,7.8,brinjal
46,43,50,7.593207541562483,brinjal
45,40,60,7.718401273193996,brinjal
50,50,50,7.8,cabbage
51,48,58,7.974049182237668,cabbage
58,60,52,8.179817671319173,cabbage
50,50,50,7.8,cauliflower
46,52,52,7.477805170205581,cauliflower
49,59,54,8.036974098650893,cauliflower
50,50,50,7.8,citrus_fruit
54,57,60,8.28754306306507,citrus_fruit
43,48,55,7.469844707536927,citrus_fruit
50,50,50,7.8,mango
45,55,54,7.487919980225313,mango
47,49,43,7.6486004260141796,mango
50,50,50,7.8,other_fresh_fruits
54,54,51,7.657579526110786,other_fresh_fruits
44,43,57,7.725929536436125,other_fresh_fruits
50,50,50,7.8,other_vegetables
44,51,53,8.116373997143977,other_vegetables
44,54,58,8.080630115264508,other_vegetables
50,50,50,7.8,papaya
54,56,44,8.125916441717118,papaya
60,46,43,7.413152237588533,papaya
50,50,50,7.8,pome_fruit
56,52,43,7.385936471292203,pome_fruit
58,42,60,7.363891340369758,pome_fruit
50,50,50,7.8,tomato
60,45,51,8.269369147731148,tomato
48,59,50,8.186943713179753,tomato
50,50,50,7.8,orange
59,40,41,8.232480359737231,orange
51,60,45,8.167768168712833,orange
50,50,50,7.8,water_melon
42,50,46,7.630411900323716,water_melon
45,53,54,7.655681977213679,water_melon
50,50,50,7.8,sesamum
43,54,57,8.27685725824815,sesamum
60,45,60,7.642203496935031,sesamum
50,50,50,7.8,sunflower
47,42,50,8.240364436049028,sunflower
54,51,48,7.568968680102264,sunflower
50,50,50,7.8,small_millets
53,52,49,7.601224050561433,small_millets
54,49,41,8.026813979178808,small_millets
50,50,50,7.8,arhartur
47,41,42,8.066636288760108,arhartur
55,55,54,7.714948061280912,arhartur
50,50,50,7.8,castor_seed
49,43,43,7.5138770312454986,castor_seed
51,47,42,7.3554037232448755,castor_seed
50,50,50,7.8,ginger
43,60,40,7.5291562216306485,ginger
53,50,53,8.22756390869522,ginger
50,50,50,7.8,gram
57,43,60,7.6172057314883315,gram
55,41,43,7.4594844257125885,gram
50,50,50,7.8,groundnut
57,52,49,7.444727331173621,groundnut
59,40,43,7.459957692182112,groundnut
50,50,50,7.8,khesari
59,49,46,8.056607604954863,khesari
49,40,54,7.937008328824213,khesari
50,50,50,7.8,linseed
51,45,54,7.612129248531692,linseed
43,50,42,7.8868218565364705,linseed
50,50,50,7.8,maize
60,53,53,8.14480812165524,maize
59,59,59,7.877249682161342,maize
50,50,50,7.8,masoor
60,44,49,7.366049720313496,masoor
57,50,59,7.3543167534317755,masoor
50,50,50,7.8,mesta
57,50,42,8.008077104017193,mesta
48,47,44,8.1774777777189,mesta
50,50,50,7.8,niger_seed
45,52,50,7.731059152012251,niger_seed
53,44,52,7.308064191849251,niger_seed
50,50,50,7.8,peas_beans_pulses
59,47,50,8.01494684489047,peas_beans_pulses
59,51,44,7.78343816655457,peas_beans_pulses
50,50,50,7.8,ragi
50,56,55,7.475984691646077,ragi
55,45,60,7.36236488244681,ragi
50,50,50,7.8,rapeseed_mustard
57,59,58,7.644771456655824,rapeseed_mustard
58,56,42,8.155392278969158,rapeseed_mustard
50,50,50,7.8,rice
43,55,41,7.374569318664904,rice
60,59,52,7.881248594768065,rice
50,50,50,7.8,safflower
50,43,51,7.330692060766233,safflower
58,47,40,7.903770179647467,safflower
50,50,50,7.8,soyabean
45,43,52,8.041120898028861,soyabean
50,40,60,8.018545867682706,soyabean
50,50,50,7.8,wheat
59,41,52,8.031317003713506,wheat
60,51,54,8.027671742041784,wheat
25,50,50,5.9,coriander
26,56,40,5.660529721056262,coriander
29,52,59,6.325786477513671,coriander
25,50,50,5.9,garlic
34,54,42,5.599496247269065,garlic
34,60,44,6.092740616417269,garlic
25,50,50,5.9,sannhamp
35,41,44,5.645724635814366,sannhamp
16,43,45,5.420949002526051,sannhamp
25,50,50,5.9,bhindi
28,45,57,6.136297468073055,bhindi
26,41,60,5.565056541288215,bhindi
25,50,50,5.9,brinjal
18,46,57,6.172683101326545,brinjal
28,47,52,6.350984046684598,brinjal
25,50,50,5.9,cabbage
18,43,48,6.143082314416217,cabbage
28,46,60,6.296546312548203,cabbage
25,50,50,5.9,cauliflower
30,60,41,6.198470473371414,cauliflower
35,60,52,5.855405364990251,cauliflower
25,50,50,5.9,citrus_fruit
30,41,59,6.0342273336556875,citrus_fruit
26,55,43,6.131119927235758,citrus_fruit
25,50,50,5.9,mango
27,60,41,6.070989224266912,mango
18,48,45,6.281019379945265,mango
25,50,50,5.9,other_fresh_fruits
33,56,47,5.65468541814631,other_fresh_fruits
27,44,45,5.540567692851856,other_fresh_fruits
25,50,50,5.9,other_vegetables
35,59,54,6.352518595639388,other_vegetables
19,58,54,6.110036055843843,other_vegetables
25,50,50,5.9,pome_fruit
35,43,48,6.070373998059576,pome_fruit
25,54,55,5.893908824929268,pome_fruit
25,50,50,5.9,tomato
22,49,49,5.59959687899007,tomato
20,46,52,6.09491953335349,tomato
25,50,50,5.9,other_citrus_fruit
27,58,59,6.101688003747767,other_citrus_fruit
25,52,60,6.351206002418611,other_citrus_fruit
25,50,50,5.9,water_melon
31,43,41,5.402819101390128,water_melon
22,44,48,6.064956304509293,water_melon
25,50,50,5.9,small_millets
34,51,50,6.2658296703749246,small_millets
16,47,48,6.2835930183979345,small_millets
25,50,50,5.9,sunflower
19,47,48,5.840802119204023,sunflower
17,55,57,5.589578146505813,sunflower
25,50,50,5.9,arhartur
23,53,53,6.140598863399266,arhartur
15,44,47,5.4795358233246105,arhartur
25,50,50,5.9,bajra
27,44,52,5.67401969980826,bajra
22,46,58,6.353979792740022,bajra
25,50,50,5.9,castor_seed
29,56,41,5.956662045403409,castor_seed
32,58,58,6.228658978547645,castor_seed
25,50,50,5.9,cottonlint
33,45,52,5.965165744264475,cottonlint
24,50,53,6.369852063028726,cottonlint
25,50,50,5.9,gram
29,46,48,5.966155607971781,gram
24,51,43,5.8048913241132905,gram
25,50,50,5.9,groundnut
35,49,43,5.981036204158959,groundnut
22,49,52,6.240832809220232,groundnut
25,50,50,5.9,linseed
18,48,57,6.178489413819829,linseed
23,54,55,5.696588092600146,linseed
25,50,50,5.9,maize
21,55,58,6.13852519964199,maize
15,43,44,5.500513005221271,maize
25,50,50,5.9,mesta
32,42,53,5.817008576497583,mesta
27,57,55,5.524125486766889,mesta
25,50,50,5.9,rapeseed_mustard
35,58,54,5.622492272497774,rapeseed_mustard
35,48,59,6.321726305134475,rapeseed_mustard
25,50,50,5.9,rice
18,56,59,5.90917179486126,rice
31,41,51,5.540153020966863,rice
25,50,50,5.9,soyabean
24,43,55,5.454725640874126,soyabean
29,59,43,5.934251739786068,soyabean
25,50,50,5.9,wheat
30,54,41,5.9873290809178386,wheat
19,58,60,5.711528657136703,wheat
25,50,25,6.0,sugarcane
33,40,28,5.735235476652153,sugarcane
22,58,23,6.188411670718402,sugarcane
25,50,25,6.0,coriander
19,52,22,6.448918537955678,coriander
30,56,24,5.921094727195169,coriander
25,50,25,6.0,dry_chillies
34,55,25,5.7075866943923135,dry_chillies
15,53,35,5.915445089119322,dry_chillies
25,50,25,6.0,garlic
26,47,25,5.87442654955214,garlic
19,49,24,5.692609375823462,garlic
25,50,25,6.0,onion
29,51,16,6.173408512656115,onion
15,49,25,6.032017962405922,onion
25,50,25,6.0,potato
30,53,18,5.919643385653111,potato
29,45,23,6.433281691063986,potato
25,50,25,6.0,sannhamp
27,43,27,6.326937272699224,sannhamp
23,46,34,6.206564961914899,sannhamp
25,50,25,6.0,sweet_potato
32,41,30,5.6572556857423315,sweet_potato
33,54,24,6.058268702406106,sweet_potato
25,50,25,6.0,turmeric
35,52,24,5.642183067594027,turmeric
31,54,27,6.077287390892056,turmeric
25,50,25,6.0,banana
32,44,16,5.948437457780729,banana
23,42,20,5.89193338906759,banana
25,50,25,6.0,bhindi
28,60,15,6.075318253154246,bhindi
24,46,32,6.216093936903313,bhindi
25,50,25,6.0,brinjal
35,47,16,5.7041865447896924,brinjal
28,40,33,6.318651329552964,brinjal
25,50,25,6.0,cabbage
26,47,17,6.389736318381133,cabbage
26,46,22,5.726485217793986,cabbage
25,50,25,6.0,cauliflower
28,42,20,6.151647840668305,cauliflower
34,42,26,5.964250878093088,cauliflower
25,50,25,6.0,citrus_fruit
24,50,21,6.132352397754675,citrus_fruit
20,55,20,6.306261753699165,citrus_fruit
25,50,25,6.0,mango
31,51,22,5.795087851126527,mango
24,59,21,5.65822258000127,mango
25,50,25,6.0,other_vegetables
19,56,35,5.814006160562914,other_vegetables
23,53,23,6.07159917118645,other_vegetables
25,50,25,6.0,pome_fruit
29,49,32,5.6068491683557635,pome_fruit
17,60,30,6.234548549621475,pome_fruit
25,50,25,6.0,tomato
18,55,17,6.254193553079936,tomato
30,54,23,5.6840197217177435,tomato
25,50,25,6.0,orange
31,54,17,5.818971547671747,orange
33,40,15,5.994161934015737,orange
25,50,25,6.0,sesamum
35,59,34,6.418266970115142,sesamum
32,41,18,6.379107633476508,sesamum
25,50,25,6.0,sunflower
25,52,31,5.960659437787703,sunflower
28,59,15,6.3278218215704065,sunflower
25,50,25,6.0,small_millets
28,40,28,6.251370198071275,small_millets
27,42,32,6.07233019728604,small_millets
25,50,25,6.0,arhartur
27,50,25,5.941265593623122,arhartur
20,57,27,5.761012415970905,arhartur
25,50,25,6.0,cottonlint
31,55,26,6.4370983418565535,cottonlint
19,42,16,5.552402668478243,cottonlint
25,50,25,6.0,gram
15,47,19,6.152538394922945,gram
18,45,19,6.2466913578637495,gram
25,50,25,6.0,groundnut
27,51,18,5.532931690265,groundnut
30,49,29,6.431454284166373,groundnut
25,50,25,6.0,khesari
24,41,33,6.1021834402161135,khesari
30,59,17,5.839281937474554,khesari
25,50,25,6.0,linseed
31,49,23,6.455974728784522,linseed
17,53,28,6.446784777013892,linseed
25,50,25,6.0,maize
34,54,16,6.391778936638195,maize
32,43,32,6.052150160493574,maize
25,50,25,6.0,masoor
22,48,33,5.671007670734986,masoor
28,57,32,5.698061192412128,masoor
25,50,25,6.0,niger_seed
23,51,19,6.4759543740289,niger_seed
19,45,20,6.487349860291372,niger_seed
25,50,25,6.0,peas_beans_pulses
35,52,25,5.786095570956635,peas_beans_pulses
17,45,35,6.222072606756054,peas_beans_pulses
25,50,25,6.0,rapeseed_mustard
24,49,32,5.950820166050446,rapeseed_mustard
18,46,26,5.9754274998520485,rapeseed_mustard
25,50,25,6.0,rice
27,46,26,6.253865451497645,rice
26,59,35,5.5487321703273285,rice
25,50,25,6.0,soyabean
30,45,19,6.220359785686587,soyabean
31,55,20,5.755915767959918,soyabean
25,50,25,6.0,wheat
21,56,29,5.645836838590688,wheat
33,46,30,6.074738662766879,wheat
25,50,25,6.0,ginger
20,45,33,6.218199279898746,ginger
20,41,21,5.988707077182317,ginger
50,25,50,6.0,sannhamp
58,32,45,6.49482321287688,sannhamp
51,30,46,5.904749010372517,sannhamp
50,25,50,6.0,bhindi
44,31,45,6.078784356590154,bhindi
54,15,41,5.613538168468774,bhindi
50,25,50,6.0,brinjal
40,29,44,6.030434549872821,brinjal
47,17,55,5.801985191729269,brinjal
50,25,50,6.0,cabbage
41,17,54,6.457930635805835,cabbage
46,26,49,5.733789315682088,cabbage
50,25,50,6.0,cauliflower
45,27,56,6.328421269691856,cauliflower
50,29,48,5.920106774959183,cauliflower
50,25,50,6.0,citrus_fruit
60,25,44,5.9833672790240655,citrus_fruit
42,26,44,6.095004392109404,citrus_fruit
50,25,50,6.0,other_fresh_fruits
49,23,44,5.834748357490997,other_fresh_fruits
46,33,59,6.393711036567508,other_fresh_fruits
50,25,50,6.0,other_vegetables
46,18,48,5.646226836141853,other_vegetables
51,20,40,5.983159930639087,other_vegetables
50,25,50,6.0,papaya
40,31,47,6.3155467743105,papaya
46,17,52,5.823299861940912,papaya
50,25,50,6.0,pome_fruit
58,25,42,5.877084813182444,pome_fruit
54,16,57,6.169481970243565,pome_fruit
50,25,50,6.0,tomato
44,29,54,6.423373949954879,tomato
40,30,47,5.603020529415523,tomato
50,25,50,6.0,small_millets
56,18,44,5.652461366866323,small_millets
41,20,42,6.003372424296362,small_millets
50,25,50,6.0,arhartur
59,24,49,6.305642912001311,arhartur
40,32,49,6.347257734712096,arhartur
50,25,50,6.0,bajra
45,29,53,6.371390363888613,bajra
49,23,57,6.465762795846462,bajra
50,25,50,6.0,barley
56,15,54,5.583074056645993,barley
59,25,52,5.790592894294199,barley
50,25,50,6.0,gram
44,31,59,5.7956918643188295,gram
44,34,50,5.583534614385847,gram
50,25,50,6.0,linseed
48,28,49,6.228942286091649,linseed
53,33,44,6.414013633584758,linseed
50,25,50,6.0,maize
52,30,43,6.264036276144566,maize
50,35,50,5.525545635945155,maize
50,25,50,6.0,masoor
59,20,47,6.41272707165401,masoor
45,30,45,5.794600649244716,masoor
50,25,50,6.0,peas_beans_pulses
40,20,54,5.677939148773182,peas_beans_pulses
43,32,49,5.874167580586775,peas_beans_pulses
50,25,50,6.0,rapeseed_mustard
59,27,40,6.153797031872467,rapeseed_mustard
59,21,41,6.211043943706044,rapeseed_mustard
50,25,50,6.0,rice
46,16,46,5.907084959984133,rice
60,17,44,5.7631086925053445,rice
50,25,50,6.0,soyabean
59,31,55,6.3583611949852274,soyabean
50,29,45,5.6307193624930605,soyabean
50,25,50,6.0,wheat
41,34,47,6.377793736943824,wheat
57,17,42,5.970230840278137,wheat
50,25,50,6.6,bhindi
54,21,58,7.062672381751389,bhindi
56,33,51,6.86518659827933,bhindi
50,25,50,6.6,brinjal
57,20,44,6.81060227585211,brinjal
54,34,44,7.071700924800019,brinjal
50,25,50,6.6,cabbage
41,15,47,6.647988867015387,cabbage
57,32,54,6.432973551093431,cabbage
50,25,50,6.6,cauliflower
52,18,58,6.648805303001946,cauliflower
44,22,58,6.650755106994451,cauliflower
50,25,50,6.6,citrus_fruit
54,19,45,6.579331732862231,citrus_fruit
49,29,50,6.6034802318263655,citrus_fruit
50,25,50,6.6,mango
42,17,53,6.4286728994508255,mango
45,30,44,6.976292952272402,mango
50,25,50,6.6,other_vegetables
46,20,44,6.487865216440178,other_vegetables
48,31,54,6.395217061830655,other_vegetables
50,25,50,6.6,papaya
53,28,42,6.359376147498137,papaya
41,15,50,6.14814859861432,papaya
50,25,50,6.6,pome_fruit
50,21,45,7.080193589548133,pome_fruit
41,21,46,6.592767159890053,pome_fruit
50,25,50,6.6,tomato
58,17,43,6.62923115799583,tomato
45,22,57,6.51215684172143,tomato
50,25,50,6.6,orange
49,19,56,6.864887279777617,orange
47,20,52,6.568040269088218,orange
50,25,50,6.6,sesamum
45,33,54,6.6318857129811315,sesamum
58,22,58,6.600777974028842,sesamum
50,25,50,6.6,arhartur
51,29,53,6.31046287872747,arhartur
60,19,52,7.011711346789648,arhartur
50,25,50,6.6,gram
48,29,53,6.685122122266482,gram
57,33,56,6.743582344649138,gram
50,25,50,6.6,groundnut
58,31,60,6.810358131309747,groundnut
59,15,56,6.184710498540083,groundnut
50,25,50,6.6,khesari
57,33,51,6.726936732281336,khesari
42,29,54,6.8100502405054275,khesari
50,25,50,6.6,linseed
52,29,60,6.913738019609679,linseed
40,23,55,6.509552478595019,linseed
50,25,50,6.6,maize
50,35,49,6.712507698987844,maize
53,17,42,6.4068277237267095,maize
50,25,50,6.6,masoor
54,16,44,6.767581486678996,masoor
60,27,60,6.332915310810098,masoor
50,25,50,6.6,peas_beans_pulses
50,18,45,6.1226897446021225,peas_beans_pulses
52,16,60,6.4019347235107515,peas_beans_pulses
50,25,50,6.6,rapeseed_mustard
51,32,58,6.600295298537276,rapeseed_mustard
49,25,50,6.682632977606112,rapeseed_mustard
50,25,50,6.6,rice
44,23,49,7.022430903070988,rice
41,26,44,6.331876115620258,rice
50,25,50,6.6,soyabean
59,26,57,6.265194752433162,soyabean
52,35,42,6.195148739959126,soyabean
50,25,50,6.6,wheat
42,29,50,6.837097188001678,wheat
51,29,52,6.392540035580775,wheat
25,50,50,7.5,bhindi
19,59,45,7.066052548253299,bhindi
31,40,41,7.138451366526638,bhindi
25,50,50,7.5,brinjal
20,56,58,7.403722438862899,brinjal
30,50,51,7.728520151765137,brinjal
25,50,50,7.5,cauliflower
25,45,55,7.877609598762521,cauliflower
20,57,52,7.616114233238359,cauliflower
25,50,50,7.5,citrus_fruit
20,52,57,7.31663774115573,citrus_fruit
22,52,42,7.25723410143545,citrus_fruit
25,50,50,7.5,mango
35,45,48,7.679729133548413,mango
15,59,43,7.8377972344341105,mango
25,50,50,7.5,orange
19,59,42,7.094483781357056,orange
35,54,44,7.461265082745676,orange
25,50,50,7.5,other_citrus_fruit
23,55,41,7.4760509340985974,other_citrus_fruit
17,51,51,7.761560713240362,other_citrus_fruit
25,50,50,7.5,other_fresh_fruits
25,58,50,7.1640470398155625,other_fresh_fruits
29,41,49,7.639781586733154,other_fresh_fruits
25,50,50,7.5,other_vegetables
33,40,50,7.506748369693242,other_vegetables
15,54,46,7.652268719189227,other_vegetables
25,50,50,7.5,papaya
33,56,44,7.514422082359109,papaya
16,46,60,7.509419181133758,papaya
25,50,50,7.5,pome_fruit
29,48,59,7.921788231319554,pome_fruit
24,58,55,7.942188957309735,pome_fruit
25,50,50,7.5,potato
30,48,43,7.221960594405268,potato
29,40,46,7.146114709231481,potato
25,50,50,7.5,tomato
33,49,46,7.268028486240766,tomato
34,52,45,7.149873689542881,tomato
25,50,50,7.5,water_melon
19,57,47,7.001306415884284,water_melon
15,58,49,7.690844339173727,water_melon
25,50,50,7.5,sesamum
22,41,52,7.136369842326856,sesamum
23,57,55,7.419857744404826,sesamum
25,50,50,7.5,small_millets
21,50,53,7.8675935224706945,small_millets
24,40,53,7.2031454333778315,small_millets
25,50,50,7.5,arhartur
16,42,44,7.581977040244018,arhartur
16,46,52,7.900472055980207,arhartur
25,50,50,7.5,bajra
24,48,58,7.451331070590047,bajra
20,44,51,7.377183234590704,bajra
25,50,50,7.5,castor_seed
19,48,48,7.717975299755688,castor_seed
22,49,54,7.189438438361525,castor_seed
25,50,50,7.5,gram
23,46,56,7.181990677491559,gram
15,51,58,7.854622116262348,gram
25,50,50,7.5,groundnut
31,50,47,7.4345124740220765,groundnut
17,55,43,7.532182011418771,groundnut
25,50,50,7.5,maize
21,53,46,7.066415936889103,maize
15,44,41,7.633290611746149,maize
25,50,50,7.5,masoor
34,51,48,7.833878258627303,masoor
23,42,53,7.500306170688539,masoor
25,50,50,7.5,peas_beans_pulses
27,45,59,7.644091372472438,peas_beans_pulses
17,41,57,7.11662749623814,peas_beans_pulses
25,50,50,7.5,rapeseed_mustard
19,60,52,7.42023772894406,rapeseed_mustard
35,42,40,7.019523492221213,rapeseed_mustard
25,50,50,7.5,rice
21,57,55,7.943721595070136,rice
20,54,55,7.951635450879554,rice
25,50,50,7.5,soyabean
18,57,53,7.819566040053315,soyabean
17,45,50,7.713964039786683,soyabean
25,50,50,7.5,wheat
30,42,46,7.724687774147893,wheat
20,46,44,7.091047804133952,wheat
75,50,75,6.0,sugarcane
81,56,83,6.4398703438896,sugarcane
80,53,71,5.8626886046632105,sugarcane
75,50,75,6.0,coriander
84,57,65,6.468348303658109,coriander
65,54,77,5.895858724785606,coriander
75,50,75,6.0,dry_chillies
66,58,70,6.266665116322971,dry_chillies
79,48,66,6.178047465810451,dry_chillies
75,50,75,6.0,garlic
84,48,74,6.235410637973154,garlic
71,46,73,5.7693469363080565,garlic
75,50,75,6.0,onion
80,48,68,6.36210936416167,onion
66,59,74,5.862650160868131,onion
75,50,75,6.0,potato
68,44,76,6.260008036903267,potato
77,42,85,6.098537402731545,potato
75,50,75,6.0,sannhamp
81,58,69,6.277389418263901,sannhamp
85,40,75,5.650902068776361,sannhamp
75,50,75,6.0,sweet_potato
80,58,72,5.7267480503843435,sweet_potato
77,51,83,5.892490237590583,sweet_potato
75,50,75,6.0,turmeric
81,50,74,5.875520914298831,turmeric
81,57,70,6.421544073752925,turmeric
75,50,75,6.0,banana
80,50,85,5.930751430482975,banana
73,53,73,5.768183457496683,banana
75,50,75,6.0,tobacco
83,51,77,6.195755871793256,tobacco
75,48,79,5.952663141236266,tobacco
75,50,75,6.0,bhindi
65,58,83,6.061874764045095,bhindi
85,60,68,6.423646107733683,bhindi
75,50,75,6.0,brinjal
82,46,82,6.483224153168202,brinjal
74,48,85,5.978635825300008,brinjal
75,50,75,6.0,cauliflower
66,59,77,6.32182320430838,cauliflower
74,60,79,5.612501752635061,cauliflower
75,50,75,6.0,citrus_fruit
73,49,71,6.39653875181127,citrus_fruit
82,56,83,6.490804780719033,citrus_fruit
75,50,75,6.0,mango
72,50,81,6.016716158826648,mango
67,44,67,5.807900939868802,mango
75,50,75,6.0,other_vegetables
72,60,85,6.463277200697482,other_vegetables
65,40,74,6.428963923806576,other_vegetables
75,50,75,6.0,papaya
77,52,77,6.216263757668496,papaya
72,41,74,6.352346262736333,papaya
75,50,75,6.0,pome_fruit
73,40,78,6.3044869579017675,pome_fruit
78,56,84,5.82960374924289,pome_fruit
75,50,75,6.0,tomato
75,53,68,6.442999688970887,tomato
69,41,82,5.998567955645761,tomato
75,50,75,6.0,orange
67,52,77,5.964753860257883,orange
69,48,70,5.815512156053801,orange
75,50,75,6.0,sesamum
68,53,68,6.342238141819721,sesamum
65,58,79,6.486581954923826,sesamum
75,50,75,6.0,small_millets
77,56,79,6.264821539437559,small_millets
82,51,71,5.9685887618081575,small_millets
75,50,75,6.0,arhartur
80,47,66,5.8586787436410885,arhartur
82,59,79,6.330095523013643,arhartur
75,50,75,6.0,bajra
81,52,73,5.734247525732429,bajra
65,50,78,6.073436586387482,bajra
75,50,75,6.0,barley
70,56,73,5.758394266291079,barley
83,52,81,5.584894304454214,barley
75,50,75,6.0,ginger
81,56,75,5.783050403506037,ginger
66,40,80,6.130864806285994,ginger
75,50,75,6.0,gram
83,54,73,5.712683361582052,gram
79,60,81,5.787351084905556,gram
75,50,75,6.0,groundnut
76,50,68,5.958489480104419,groundnut
85,41,71,6.434018742857109,groundnut
75,50,75,6.0,linseed
78,45,72,6.12774341786905,linseed
82,43,82,5.545035377031347,linseed
75,50,75,6.0,maize
74,52,72,6.256869590085137,maize
67,50,76,5.974112398781851,maize
75,50,75,6.0,masoor
78,44,71,5.910168690516755,masoor
73,46,66,6.174769724191786,masoor
75,50,75,6.0,niger_seed
82,46,82,5.680187370028522,niger_seed
67,52,79,6.2441883926326796,niger_seed
75,50,75,6.0,peas_beans_pulses
66,56,66,6.020721997756863,peas_beans_pulses
74,57,66,6.317569728974129,peas_beans_pulses
75,50,75,6.0,rapeseed_mustard
74,52,79,6.070663964773107,rapeseed_mustard
73,52,68,6.39797734306252,rapeseed_mustard
75,50,75,6.0,rice
74,59,74,5.6202792847090315,rice
77,52,71,6.206189193169678,rice
75,50,75,6.0,soyabean
85,47,84,5.730891233466331,soyabean
84,48,85,5.67018086084604,soyabean
75,50,75,6.0,wheat
68,50,74,6.060975091856019,wheat
85,51,78,5.90000945799349,wheat
75,50,75,6.0,castor_seed
79,56,70,6.175377539624149,castor_seed
65,52,76,5.766478198205215,castor_seed
50,25,50,7.7,sannhamp
56,31,53,7.588203485746804,sannhamp
53,22,54,7.952288463558682,sannhamp
50,25,50,7.7,banana
53,19,50,7.536374055345222,banana
52,24,45,8.076162005413034,banana
50,25,50,7.7,bhindi
51,20,57,8.045949671362333,bhindi
40,31,46,7.688764599869158,bhindi
50,25,50,7.7,brinjal
41,35,57,8.13654911506553,brinjal
52,19,48,7.979735879884985,brinjal
50,25,50,7.7,cabbage
48,18,57,7.365760223653036,cabbage
47,22,58,7.53156000361166,cabbage
50,25,50,7.7,cauliflower
58,23,54,7.6390955768788595,cauliflower
47,20,52,7.413924735027914,cauliflower
50,25,50,7.7,citrus_fruit
48,35,57,7.777873663834977,citrus_fruit
44,23,60,7.451255294547554,citrus_fruit
50,25,50,7.7,other_fresh_fruits
52,23,44,7.707658175399353,other_fresh_fruits
46,24,45,7.853900037225325,other_fresh_fruits
50,25,50,7.7,other_vegetables
42,30,60,8.045429169405097,other_vegetables
58,30,50,8.050065353216015,other_vegetables
50,25,50,7.7,pome_fruit
43,18,43,7.902474525121907,pome_fruit
40,27,48,7.803695904624807,pome_fruit
50,25,50,7.7,tomato
54,33,54,7.762636440284503,tomato
41,28,54,8.169921174511439,tomato
50,25,50,7.7,orange
51,26,40,7.8704628763492055,orange
48,27,41,7.46286791543619,orange
50,25,50,7.7,other_citrus_fruit
51,33,60,7.681019311387348,other_citrus_fruit
53,21,54,7.558701031272535,other_citrus_fruit
50,25,50,7.7,water_melon
51,24,50,7.941103466348698,water_melon
43,26,54,7.58614417037915,water_melon
50,25,50,7.7,small_millets
43,15,53,7.399237192122252,small_millets
58,23,52,8.151790753037373,small_millets
50,25,50,7.7,sunflower
53,26,40,7.243059072670697,sunflower
46,32,42,7.284760929487128,sunflower
50,25,50,7.7,arhartur
60,21,41,7.406423621587746,arhartur
47,35,46,7.590572341902235,arhartur
50,25,50,7.7,bajra
58,24,54,7.477726490766622,bajra
42,15,54,7.756539511830586,bajra
50,25,50,7.7,castor_seed
41,33,58,7.7661320365236675,castor_seed
41,23,45,7.977068916155914,castor_seed
50,25,50,7.7,cottonlint
59,22,60,7.966808456469451,cottonlint
58,23,58,7.938748346901951,cottonlint
50,25,50,7.7,gram
47,33,49,8.064638751560084,gram
57,28,51,7.8444583528040885,gram
50,25,50,7.7,groundnut
53,26,52,7.978159514289578,groundnut
46,31,49,8.05433584542799,groundnut
50,25,50,7.7,khesari
55,33,47,7.621981413037372,khesari
59,20,59,7.911379399093343,khesari
50,25,50,7.7,linseed
60,19,58,7.277829342015715,linseed
50,18,45,7.369258342663692,linseed
50,25,50,7.7,maize
43,19,46,7.312891227066544,maize
50,19,56,7.472749757412116,maize
50,25,50,7.7,masoor
43,29,47,8.109901441406937,masoor
51,35,47,7.831405460878816,masoor
50,25,50,7.7,niger_seed
49,21,47,8.188506366755762,niger_seed
51,25,57,8.154086889921484,niger_seed
50,25,50,7.7,peas_beans_pulses
41,29,47,8.055359162548168,peas_beans_pulses
55,20,52,7.3809099035521015,peas_beans_pulses
50,25,50,7.7,ragi
59,19,60,7.250631422511657,ragi
43,28,53,7.212793165822208,ragi
50,25,50,7.7,rapeseed_mustard
43,19,48,7.257291257387889,rapeseed_mustard
45,30,41,7.5318933602874765,rapeseed_mustard
50,25,50,7.7,rice
58,22,56,7.642655968081258,rice
44,33,51,7.605654211178332,rice
50,25,50,7.7,soyabean
49,17,52,7.777591409758406,soyabean
53,34,51,7.459816573881843,soyabean
50,25,50,7.7,wheat
41,25,52,7.286054288117054,wheat
51,20,45,7.630312105781123,wheat
50,50,75,5.8,cottonlint
40,47,79,5.8219915422125865,cottonlint
60,42,69,5.4148182819098025,cottonlint
50,50,75,5.8,sugarcane
49,44,69,5.422701328181779,sugarcane
59,47,72,6.006058317576978,sugarcane
50,50,75,5.8,banana
44,51,74,5.848105724990245,banana
54,52,69,6.226327849182741,banana
50,50,75,5.8,grapes
40,44,81,5.527769019200138,grapes
55,57,80,5.3256446910058655,grapes
50,50,75,5.8,mango
57,46,67,5.9184727871396285,mango
40,56,67,5.758742116499442,mango
50,50,75,5.8,onion
59,56,75,5.912347596895522,onion
47,51,77,6.0767276151435485,onion
50,50,75,5.8,tomato
46,43,74,6.033069985260881,tomato
53,56,68,5.716229091496254,tomato
25,25,25,7.1,cottonlint
16,24,20,6.808739977854126,cottonlint
21,24,17,6.8545619860524365,cottonlint
25,25,25,7.1,sugarcane
32,21,28,6.750162262244115,sugarcane
16,29,32,7.038650881465708,sugarcane
25,25,25,7.1,banana
30,35,19,7.381608756386564,banana
26,32,26,6.880954301710158,banana
25,25,25,7.1,grapes
34,27,32,6.742397427980905,grapes
31,24,35,7.172597700989425,grapes
25,25,25,7.1,mango
23,15,16,7.308016824801883,mango
19,20,31,7.36591727568932,mango
25,25,25,7.1,onion
29,28,21,6.830857168550873,onion
17,18,31,6.720105136761356,onion
25,25,25,7.1,tomato
35,19,26,7.2629085011252155,tomato
29,33,23,6.623623949511467,tomato
75,50,50,8.2,cottonlint
76,47,41,7.8661935453821545,cottonlint
66,50,41,7.7524409213791525,cottonlint
75,50,50,8.2,sugarcane
71,58,48,8.12150979007246,sugarcane
82,57,57,8.225314056944487,sugarcane
75,50,50,8.2,banana
68,57,40,8.187911130270605,banana
71,46,53,8.211003192743581,banana
75,50,50,8.2,grapes
83,56,46,8.657368363905166,grapes
69,52,51,8.179135741731486,grapes
75,50,50,8.2,mango
84,56,54,8.01060042794211,mango
74,48,40,8.226295100133242,mango
75,50,50,8.2,onion
69,57,44,7.877381152049402,onion
81,58,45,7.868553086267705,onion
75,50,50,8.2,tomato
70,46,51,8.547839007641066,tomato
83,50,51,8.49309892864296,tomato
25,75,75,5.8,sugarcane
19,72,79,5.47652143273926,sugarcane
23,76,75,5.874513319605323,sugarcane
25,75,75,5.8,banana
33,79,73,6.189193005620735,banana
23,85,75,5.666618788823207,banana
25,75,75,5.8,mango
19,83,71,5.705326826810791,mango
29,82,77,6.210355093880539,mango
25,75,75,5.8,onion
31,85,70,5.766407441598974,onion
28,85,67,5.602976055200122,onion
25,75,75,5.8,tomato
28,84,78,5.7148976110703265,tomato
16,69,76,5.939777066125175,tomato
50,25,25,8.2,cottonlint
47,20,26,7.898563153243862,cottonlint
48,16,20,7.870060811794646,cottonlint
50,25,25,8.2,sugarcane
43,30,24,7.956258020125172,sugarcane
60,30,21,8.056408179541203,sugarcane
50,25,25,8.2,banana
54,24,25,7.714145085457083,banana
42,35,23,8.517385880923516,banana
50,25,25,8.2,grapes
40,33,35,8.50481772166174,grapes
56,23,19,8.097227406844768,grapes
50,25,25,8.2,mango
45,33,26,7.930376762919922,mango
49,26,29,8.260276268776177,mango
50,25,25,8.2,onion
57,35,15,7.960413461524996,onion
58,15,17,7.750533172221694,onion
50,25,25,8.2,tomato
54,26,33,8.049156834749468,tomato
60,30,27,8.472638945241151,tomato
50,25,50,5.2,cottonlint
54,19,56,4.828977395002789,cottonlint
58,24,50,4.9707825056150945,cottonlint
50,25,50,5.2,mango
42,32,59,5.522525980332323,mango
45,31,43,4.842054437496396,mango
50,25,50,5.2,onion
59,22,59,5.276272511601898,onion
45,32,55,5.5004532832951405,onion
50,25,50,5.2,tomato
50,23,55,4.73073789914825,tomato
45,24,45,4.896834451999206,tomato
50,25,50,5.2,sugarcane
41,16,57,4.930974243450195,sugarcane
56,34,58,4.765168357827401,sugarcane
50,25,75,6.9,cottonlint
58,21,70,6.681510823492223,cottonlint
54,22,72,6.7063954491236,cottonlint
50,25,75,6.9,sugarcane
47,27,71,6.769732810453065,sugarcane
56,32,73,6.99148682796663,sugarcane
50,25,75,6.9,banana
59,17,70,7.344783279018667,banana
59,30,82,6.807860624464939,banana
50,25,75,6.9,grapes
53,20,78,7.317142732013165,grapes
57,17,82,6.733036562987859,grapes
50,25,75,6.9,mango
60,20,83,6.447845258554365,mango
54,22,78,6.458710526079931,mango
50,25,75,6.9,onion
52,20,69,6.576197296159842,onion
50,34,68,7.325887697471787,onion
50,25,75,6.9,tomato
58,27,73,6.877706117735544,tomato
55,29,65,7.204109806705504,tomato
50,50,50,5.8,mango
42,41,42,6.03528393211902,mango
46,44,43,5.948186269770784,mango
50,50,50,5.8,tomato
40,45,43,5.85321182239995,tomato
51,44,52,5.57812506573866,tomato
50,50,50,6.0,sugarcane
43,51,58,6.4853349994143175,sugarcane
47,40,51,5.550845336411768,sugarcane
50,50,50,6.0,banana
41,44,47,5.870061115606629,banana
52,57,59,6.315293620399273,banana
50,50,50,6.0,grapes
57,58,51,6.129156401902578,grapes
43,51,59,5.837865003155412,grapes
50,50,50,6.0,tomato
45,41,51,6.221493841865643,tomato
57,41,43,6.033069868930351,tomato
50,75,25,7.7,banana
60,66,19,7.514066540824109,banana
48,70,28,7.2206758797580015,banana
50,75,25,7.7,bhindi
51,66,32,7.398133629447423,bhindi
57,82,25,8.083436931984306,bhindi
50,75,25,7.7,brinjal
57,77,15,7.238826491478792,brinjal
52,75,26,7.212673694291124,brinjal
50,75,25,7.7,cabbage
46,74,25,7.867248135951004,cabbage
54,72,20,7.934332730809102,cabbage
50,75,25,7.7,carrot
54,82,35,7.598170054975403,carrot
46,68,29,8.086793178607243,carrot
50,75,25,7.7,cauliflower
58,72,16,8.068937250104506,cauliflower
48,80,20,7.493629082254696,cauliflower
50,75,25,7.7,citrus_fruit
59,70,29,7.692154285854574,citrus_fruit
46,66,30,7.609551966663067,citrus_fruit
50,75,25,7.7,jack_fruit
57,72,23,7.570675457057308,jack_fruit
59,83,32,7.345194757477333,jack_fruit
50,75,25,7.7,mango
59,75,18,7.644736640853188,mango
55,69,27,7.489852387908864,mango
50,75,25,7.7,papaya
52,69,27,7.585954594643072,papaya
45,80,35,7.766622539145974,papaya
50,75,25,7.7,pineapple
58,85,33,7.219828093589574,pineapple
52,66,25,7.413036613219599,pineapple
50,75,25,7.7,pome_fruit
48,69,30,7.764035367413469,pome_fruit
48,76,26,8.10669766428657,pome_fruit
50,75,25,7.7,redish
59,83,30,8.07469227679378,redish
50,72,20,7.523912580733301,redish
50,75,25,7.7,tapioca
50,72,35,7.967389948667556,tapioca
45,78,35,8.152571522522905,tapioca
50,75,25,7.7,tomato
40,85,26,7.5834914987089626,tomato
50,78,31,7.931356701589695,tomato
50,75,25,7.7,bitter_gourd
40,80,28,7.611194871722765,bitter_gourd
59,79,25,7.86275280413365,bitter_gourd
50,75,25,7.7,bottle_gourd
44,81,25,7.8114517545214985,bottle_gourd
46,72,35,7.2281834236252305,bottle_gourd
50,75,25,7.7,orange
58,84,28,7.27495061291232,orange
42,83,18,7.772842502277612,orange
50,75,25,7.7,wheat
44,78,21,7.9823007979704235,wheat
50,75,17,8.080445091599946,wheat
75,50,75,7.2,banana
68,55,70,7.491586903443562,banana
69,53,73,6.92716134143977,banana
75,50,75,7.2,dry_chillies
85,45,74,7.300810496156978,dry_chillies
70,52,79,7.53558615191934,dry_chillies
75,50,75,7.2,onion
83,41,70,6.77796665842455,onion
75,40,72,7.313736117011677,onion
75,50,75,7.2,potato
65,41,65,6.754979689479241,potato
83,53,75,7.164327116804784,potato
75,50,75,7.2,sugarcane
75,59,68,6.788986642164216,sugarcane
74,53,79,7.1812457674632855,sugarcane
75,50,75,7.2,tapioca
74,49,65,6.7125591156089595,tapioca
82,54,68,7.1839659709419355,tapioca
75,50,75,7.2,turmeric
73,52,71,7.4941460159771935,turmeric
68,49,69,7.224939544993233,turmeric
75,50,75,7.2,bhindi
76,53,70,7.038885353917608,bhindi
76,53,72,6.76388888285234,bhindi
75,50,75,7.2,brinjal
73,42,68,7.071213041278082,brinjal
81,50,80,6.778154196526028,brinjal
75,50,75,7.2,cabbage
84,48,81,7.624626002687753,cabbage
79,45,68,7.447012954004818,cabbage
75,50,75,7.2,carrot
80,47,84,7.434212026607138,carrot
84,53,84,7.452593076618602,carrot
75,50,75,7.2,cashewnut
66,51,66,7.362322859801205,cashewnut
70,60,68,7.3309662412854095,cashewnut
75,50,75,7.2,cauliflower
82,47,68,7.417955504215684,cauliflower
83,53,68,7.450105293723089,cauliflower
75,50,75,7.2,citrus_fruit
68,60,83,6.9746694305702555,citrus_fruit
81,50,81,6.927201183999463,citrus_fruit
75,50,75,7.2,jack_fruit
69,57,78,6.754705548664275,jack_fruit
82,42,79,7.170253533573899,jack_fruit
75,50,75,7.2,mango
82,47,67,6.829322195417956,mango
81,40,78,6.8440399600125685,mango
75,50,75,7.2,other_fresh_fruits
79,49,79,7.544957558418217,other_fresh_fruits
78,59,66,7.048909222558603,other_fresh_fruits
75,50,75,7.2,other_vegetables
72,54,82,6.881855262816412,other_vegetables
73,49,73,7.508207716733844,other_vegetables
75,50,75,7.2,papaya
69,53,67,6.7362252485004035,papaya
79,48,85,7.3714702636744205,papaya
75,50,75,7.2,pineapple
70,43,84,7.5233712102865375,pineapple
75,46,81,6.9325167442324735,pineapple
75,50,75,7.2,pome_fruit
77,60,79,6.959015465249784,pome_fruit
70,41,81,6.807857905652644,pome_fruit
75,50,75,7.2,redish
67,40,71,7.642862616562644,redish
78,48,73,6.851061028506145,redish
75,50,75,7.2,sweet_potato
76,51,73,7.193513453737859,sweet_potato
68,51,67,7.032227738377065,sweet_potato
75,50,75,7.2,tomato
75,47,83,7.650688846532695,tomato
82,44,81,7.116594822598308,tomato
75,50,75,7.2,bitter_gourd
76,56,84,7.106971924258219,bitter_gourd
76,52,76,7.20776010468801,bitter_gourd
75,50,75,7.2,bottle_gourd
67,43,72,7.33997088057618,bottle_gourd
79,55,73,6.752099600192702,bottle_gourd
75,50,75,7.2,orange
81,44,77,6.815165521282393,orange
67,53,74,6.8930314773271775,orange
75,50,75,7.2,wheat
75,47,73,7.6474230540515205,wheat
74,52,84,6.840318583662878,wheat
50,75,25,6.4,dry_chillies
55,70,18,6.487216547557406,dry_chillies
56,72,22,6.146255967242756,dry_chillies
50,75,25,6.4,banana
57,77,28,6.766366478403304,banana
45,70,15,6.292212689110691,banana
50,75,25,6.4,onion
41,66,27,6.42520344701076,onion
44,74,27,6.099175025371187,onion
50,75,25,6.4,potato
44,72,17,6.402124412648314,potato
51,73,29,5.965507739629402,potato
50,75,25,6.4,sugarcane
42,79,24,6.0536460795636255,sugarcane
42,71,15,5.929974661121923,sugarcane
50,75,25,6.4,turmeric
51,77,30,6.795059683285202,turmeric
40,73,19,6.373393008803027,turmeric
50,75,25,6.4,bhindi
45,69,35,6.610389089189467,bhindi
56,78,32,6.068832067367454,bhindi
50,75,25,6.4,brinjal
54,70,30,6.30267775383835,brinjal
50,67,19,6.680623892720351,brinjal
50,75,25,6.4,cabbage
58,73,20,6.607104633563973,cabbage
46,80,21,6.873218806388532,cabbage
50,75,25,6.4,carrot
40,69,33,6.792270397631043,carrot
58,70,17,6.849960477274382,carrot
50,75,25,6.4,cauliflower
53,84,24,6.0533411024547945,cauliflower
45,76,26,6.320291375451757,cauliflower
50,75,25,6.4,citrus_fruit
53,67,29,6.166735546421856,citrus_fruit
58,71,19,6.0993557073999884,citrus_fruit
50,75,25,6.4,jack_fruit
56,74,28,6.873142642965327,jack_fruit
44,72,22,6.654445403207992,jack_fruit
50,75,25,6.4,mango
51,67,22,6.409263539835965,mango
48,80,23,6.356510320854776,mango
50,75,25,6.4,other_fresh_fruits
56,75,34,6.8171143475067995,other_fresh_fruits
50,81,22,6.617154163434238,other_fresh_fruits
50,75,25,6.4,other_vegetables
41,67,28,6.757885975038721,other_vegetables
41,69,31,6.44954746039164,other_vegetables
50,75,25,6.4,papaya
54,80,32,6.065126995524217,papaya
53,68,33,6.266136341039948,papaya
50,75,25,6.4,pineapple
52,68,24,6.779641442785813,pineapple
51,73,19,5.966038241586896,pineapple
50,75,25,6.4,pome_fruit
60,72,34,6.516261908268422,pome_fruit
56,69,27,6.347034924937575,pome_fruit
50,75,25,6.4,redish
49,68,22,6.579981784758517,redish
57,68,29,6.6624670322411905,redish
50,75,25,6.4,sweet_potato
50,85,21,6.339621519574868,sweet_potato
49,79,21,6.434738892789893,sweet_potato
50,75,25,6.4,tapioca
55,67,33,6.889365181626824,tapioca
43,79,23,6.3920117987771725,tapioca
50,75,25,6.4,tomato
58,82,34,6.367799916893221,tomato
56,70,24,6.762297173254615,tomato
50,75,25,6.4,bitter_gourd
44,83,20,6.348131366375618,bitter_gourd
59,79,16,6.6799312227370296,bitter_gourd
50,75,25,6.4,bottle_gourd
43,83,20,6.31326204049371,bottle_gourd
54,71,27,6.092067287581737,bottle_gourd
50,75,25,6.4,orange
50,65,31,6.284886287818194,orange
55,69,28,6.024544516059999,orange
50,75,25,6.4,wheat
41,81,31,6.738742387286878,wheat
53,81,27,6.516247684902194,wheat
25,50,50,6.0,banana
28,59,56,6.29863805589277,banana
30,60,41,5.682459263317821,banana
25,50,50,6.0,dry_chillies
27,60,49,5.792088475391064,dry_chillies
19,57,43,5.554465584951225,dry_chillies
25,50,50,6.0,onion
23,55,60,6.084715830398188,onion
20,57,49,5.661301159588254,onion
25,50,50,6.0,potato
20,47,46,6.145470484913522,potato
20,56,48,5.53685850806604,potato
25,50,50,6.0,sugarcane
16,56,45,6.200325521800401,sugarcane
27,44,56,5.622139545063694,sugarcane
25,50,50,6.0,bhindi
21,50,45,5.824745287817505,bhindi
32,56,54,6.331063823821488,bhindi
25,50,50,6.0,bitter_gourd
16,44,58,6.488450899172334,bitter_gourd
32,40,59,5.9244941332379115,bitter_gourd
25,50,50,6.0,bottle_gourd
30,58,53,5.669741977133106,bottle_gourd
21,50,53,5.824086115727212,bottle_gourd
25,50,50,6.0,brinjal
18,44,47,6.490472543562142,brinjal
20,60,50,6.466607976820668,brinjal
25,50,50,6.0,cabbage
16,42,58,5.837919963141496,cabbage
23,41,46,5.702759682683292,cabbage
25,50,50,6.0,carrot
31,54,42,5.935797326639895,carrot
22,54,42,5.885635828890198,carrot
25,50,50,6.0,cashewnut
30,53,50,5.938893739469809,cashewnut
15,51,56,6.440209891016209,cashewnut
25,50,50,6.0,cauliflower
20,46,46,6.419401947983951,cauliflower
21,59,53,6.433250197256654,cauliflower
25,50,50,6.0,citrus_fruit
18,44,55,5.817066242817736,citrus_fruit
26,46,60,6.4517511118404665,citrus_fruit
25,50,50,6.0,jack_fruit
26,56,53,6.360272936573821,jack_fruit
25,43,41,6.492017341567375,jack_fruit
25,50,50,6.0,mango
27,42,40,6.396782774933625,mango
31,54,51,6.1502769230108365,mango
25,50,50,6.0,other_fresh_fruits
31,41,57,5.907966850093367,other_fresh_fruits
34,51,42,5.8077889516984325,other_fresh_fruits
25,50,50,6.0,other_vegetables
20,41,41,5.556762331201739,other_vegetables
20,45,45,5.885554874172836,other_vegetables
25,50,50,6.0,papaya
26,53,45,6.386190382070119,papaya
29,53,55,5.6647636942925175,papaya
25,50,50,6.0,pineapple
25,42,48,5.667950140215928,pineapple
28,52,60,6.4990922488344305,pineapple
25,50,50,6.0,redish
21,47,49,5.834089851353969,redish
21,55,50,6.244481691030979,redish
25,50,50,6.0,tomato
26,51,49,5.514570220872415,tomato
29,47,41,6.34588242599321,tomato
25,50,50,6.0,orange
22,59,58,5.606484354110024,orange
19,44,58,6.281302333650366,orange
25,50,50,6.0,pome_fruit
33,45,56,6.319248725296644,pome_fruit
31,53,43,5.605214343634416,pome_fruit
25,50,50,6.0,rubber
28,45,40,6.102757832966178,rubber
15,57,43,5.526365383413668,rubber
25,50,50,6.0,sweet_potato
34,40,52,5.646288858930832,sweet_potato
34,41,48,6.296924003843189,sweet_potato
25,50,50,6.0,tapioca
33,59,59,6.069848973945644,tapioca
16,47,47,6.020231472672309,tapioca
25,50,50,6.0,turmeric
28,44,45,6.196759924361513,turmeric
21,46,43,5.5204424593909724,turmeric
25,50,50,6.0,wheat
17,40,49,5.976136874145044,wheat
16,41,58,5.733163754690898,wheat
50,75,75,5.9,onion
57,68,76,5.481482298420982,onion
45,81,83,5.914888192362396,onion
50,75,75,5.9,turmeric
50,80,83,6.249030148397576,turmeric
46,65,84,5.491840055823454,turmeric
50,75,75,5.9,banana
57,76,65,5.594404136952939,banana
56,67,77,5.864135803254477,banana
50,75,75,5.9,sugarcane
48,73,79,5.5007059343715135,sugarcane
53,69,69,6.067940407668542,sugarcane
50,75,75,5.9,bhindi
47,74,76,6.35058797833706,bhindi
52,81,66,6.385869810315022,bhindi
50,75,75,5.9,bitter_gourd
56,71,65,6.037332867081635,bitter_gourd
51,70,75,5.8209805307010525,bitter_gourd
50,75,75,5.9,bottle_gourd
53,70,68,6.230090672141871,bottle_gourd
46,72,67,6.306659490925562,bottle_gourd
50,75,75,5.9,brinjal
56,67,65,6.189030650887983,brinjal
57,71,84,5.46147225000285,brinjal
50,75,75,5.9,cabbage
49,67,83,6.165742192089205,cabbage
43,80,68,5.796427619129018,cabbage
50,75,75,5.9,carrot
46,80,80,5.999941717505237,carrot
44,78,77,5.500217539250444,carrot
50,75,75,5.9,cauliflower
43,77,68,5.5923996267249,cauliflower
41,67,73,5.957905862176299,cauliflower
50,75,75,5.9,citrus_fruit
57,76,73,5.882853643140611,citrus_fruit
50,84,67,5.788511119302244,citrus_fruit
50,75,75,5.9,jack_fruit
40,82,65,5.835598564539953,jack_fruit
59,69,75,6.013272051796676,jack_fruit
50,75,75,5.9,mango
57,85,67,6.367315762316822,mango
43,72,78,5.500132850064118,mango
50,75,75,5.9,papaya
48,67,69,5.857189079635804,papaya
60,75,69,5.631350589557968,papaya
50,75,75,5.9,pineapple
55,84,65,5.63597812646797,pineapple
59,77,76,5.69005440254193,pineapple
50,75,75,5.9,redish
44,81,71,6.117746934709237,redish
53,71,68,6.298086261010451,redish
50,75,75,5.9,sweet_potato
42,67,82,5.40105841106292,sweet_potato
40,79,65,6.281523274921341,sweet_potato
50,75,75,5.9,tapioca
51,80,77,5.429200324818399,tapioca
49,76,72,5.762408311736249,tapioca
50,75,75,5.9,tomato
45,72,71,5.609864714267035,tomato
48,66,75,5.687503756356865,tomato
50,75,75,5.9,pome_fruit
54,82,69,6.025021898806647,pome_fruit
56,70,81,5.956102172516081,pome_fruit
50,75,75,5.9,wheat
59,76,77,6.3872642684208305,wheat
57,71,72,5.439973624039514,wheat
25,75,50,6.0,banana
19,72,49,6.446084748337298,banana
18,68,54,6.027599226169,banana
25,75,50,6.0,dry_chillies
30,66,55,6.250727473558242,dry_chillies
34,67,53,6.032449204026537,dry_chillies
25,75,50,6.0,onion
29,66,46,6.379276076520379,onion
32,80,43,6.026350512274323,onion
25,75,50,6.0,potato
34,71,42,6.3231626198915185,potato
33,79,53,5.761970843224239,potato
25,75,50,6.0,turmeric
31,66,57,6.495412141207523,turmeric
19,83,41,6.32836994482383,turmeric
25,75,50,6.0,sweet_potato
29,78,41,6.226096856231755,sweet_potato
29,83,54,6.359861269043008,sweet_potato
25,75,50,6.0,bhindi
24,77,60,6.406065817514815,bhindi
18,80,60,5.906529646786942,bhindi
25,75,50,6.0,brinjal
19,81,46,5.685903217397959,brinjal
21,82,49,5.721500687093675,brinjal
25,75,50,6.0,cabbage
21,74,55,6.162431747311835,cabbage
24,65,45,6.192967526635238,cabbage
25,75,50,6.0,carrot
17,66,56,5.9177463190544355,carrot
17,67,47,6.099200543787197,carrot
25,75,50,6.0,cauliflower
20,68,41,6.081214084261505,cauliflower
23,82,51,5.604432324571746,cauliflower
25,75,50,6.0,citrus_fruit
35,83,44,6.056103690036956,citrus_fruit
34,80,45,6.43546420985706,citrus_fruit
25,75,50,6.0,other_fresh_fruits
23,85,50,6.478967409616681,other_fresh_fruits
31,67,56,6.327388398722104,other_fresh_fruits
25,75,50,6.0,other_vegetables
27,81,56,6.176374174970343,other_vegetables
33,83,41,5.943470182084411,other_vegetables
25,75,50,6.0,papaya
33,82,48,5.5158916565944685,papaya
23,76,52,5.981484692427089,papaya
25,75,50,6.0,pineapple
28,78,57,5.728543509670681,pineapple
21,85,54,6.05914728690696,pineapple
25,75,50,6.0,pome_fruit
30,67,40,5.872875273777103,pome_fruit
21,81,40,5.620637029316768,pome_fruit
25,75,50,6.0,redish
20,81,56,5.962553711530509,redish
21,78,51,6.304084151840236,redish
25,75,50,6.0,tapioca
21,69,42,5.875710314343648,tapioca
25,74,59,6.2442874581403185,tapioca
25,75,50,6.0,tomato
32,68,43,6.28785903236813,tomato
16,78,43,6.000514747956774,tomato
25,75,50,6.0,bitter_gourd
31,66,41,6.477847121919109,bitter_gourd
15,78,46,5.721918633036155,bitter_gourd
25,75,50,6.0,bottle_gourd
33,73,56,6.333632808469769,bottle_gourd
35,75,55,6.232015470639202,bottle_gourd
25,75,50,6.0,jack_fruit
27,81,44,5.5698279544284555,jack_fruit
21,77,48,5.597303815602239,jack_fruit
25,75,50,6.0,mango
16,71,51,5.720147159692031,mango
35,75,48,5.752096571389638,mango
25,75,50,6.0,orange
22,81,46,6.07167832622448,orange
26,65,44,6.2576848481281475,orange
25,75,50,6.0,sugarcane
23,85,57,5.9751855593702725,sugarcane
25,77,60,5.848308811916629,sugarcane
25,75,50,6.0,wheat
20,80,49,6.294506687835814,wheat
15,83,45,5.5574201807982515,wheat
50,50,50,7.7,banana
53,52,56,8.048610664337396,banana
46,57,51,7.386923462218362,banana
50,50,50,7.7,dry_chillies
44,54,51,7.988848223934205,dry_chillies
52,43,44,7.991248524099149,dry_chillies
50,50,50,7.7,potato
47,56,48,7.72244319183441,potato
60,54,53,7.807406803742253,potato
50,50,50,7.7,sugarcane
60,52,49,7.485162292412876,sugarcane
58,49,40,7.6140948957132375,sugarcane
50,50,50,7.7,bhindi
60,49,41,7.685511488844666,bhindi
50,40,45,7.485246798094793,bhindi
50,50,50,7.7,brinjal
41,52,49,7.3171599522439355,brinjal
56,49,50,7.9036518193213325,brinjal
50,50,50,7.7,cabbage
44,40,40,7.610527087012454,cabbage
54,43,51,8.03530904368581,cabbage
50,50,50,7.7,carrot
58,53,55,7.338443928372663,carrot
43,43,59,7.717284629049069,carrot
50,50,50,7.7,cauliflower
44,47,50,7.83082210802573,cauliflower
60,44,58,7.924295040316915,cauliflower
50,50,50,7.7,citrus_fruit
55,53,47,7.293070318028844,citrus_fruit
53,55,41,8.071264730238981,citrus_fruit
50,50,50,7.7,mango
49,52,45,8.04421507816172,mango
51,49,40,7.893321276362887,mango
50,50,50,7.7,other_fresh_fruits
41,59,40,7.521272472402634,other_fresh_fruits
58,57,46,7.759167625243077,other_fresh_fruits
50,50,50,7.7,other_vegetables
53,52,58,8.142601855369158,other_vegetables
49,42,45,7.391639686617628,other_vegetables
50,50,50,7.7,papaya
55,55,57,8.163787857609224,papaya
53,59,60,7.5530384593313356,papaya
50,50,50,7.7,pineapple
50,59,46,7.831853041664154,pineapple
56,58,47,7.496521815305157,pineapple
50,50,50,7.7,pome_fruit
49,48,51,8.173156832212166,pome_fruit
60,47,53,7.512831347779703,pome_fruit
50,50,50,7.7,redish
40,60,55,7.656789315804945,redish
50,44,52,7.40916446867816,redish
50,50,50,7.7,tapioca
47,41,45,7.788941226455439,tapioca
51,44,53,7.5925153011790645,tapioca
50,50,50,7.7,tomato
42,48,55,8.025244286603051,tomato
59,51,56,7.25976537920015,tomato
50,50,50,7.7,bitter_gourd
55,40,40,7.769341069621148,bitter_gourd
53,51,49,7.687010284420316,bitter_gourd
50,50,50,7.7,bottle_gourd
53,44,54,7.2498435971012825,bottle_gourd
48,58,45,8.137755537614842,bottle_gourd
50,50,50,7.7,jack_fruit
48,40,56,7.786993045615449,jack_fruit
58,59,59,7.739293781558937,jack_fruit
50,50,50,7.7,orange
57,55,47,8.103425558026101,orange
56,40,59,7.789711256945762,orange
50,50,50,7.7,sweet_potato
58,60,59,7.761021330218916,sweet_potato
51,55,48,7.528424238216416,sweet_potato
50,50,50,7.7,turmeric
47,45,43,7.395271434444587,turmeric
54,49,51,7.972484065514017,turmeric
50,50,50,7.7,wheat
52,56,49,7.272583749573503,wheat
46,47,43,7.394331768120164,wheat
50,25,50,7.0,onion
52,26,46,7.1295718161244475,onion
56,19,58,6.958131807874138,onion
50,25,50,7.0,turmeric
53,21,54,6.841537846725405,turmeric
48,28,50,7.262944654950689,turmeric
50,25,50,7.0,sugarcane
57,26,51,7.184074395303504,sugarcane
44,20,57,7.1021561176387555,sugarcane
50,25,50,7.0,banana
56,20,59,6.5470353617004635,banana
48,23,53,6.773875964035998,banana
50,25,50,7.0,bhindi
49,18,58,6.6658899557789955,bhindi
59,30,48,7.485817885553995,bhindi
50,25,50,7.0,bottle_gourd
52,29,49,7.082509929963904,bottle_gourd
40,23,53,7.472526470912748,bottle_gourd
50,25,50,7.0,brinjal
49,35,42,6.615147672253437,brinjal
40,25,43,6.645958585041225,brinjal
50,25,50,7.0,cabbage
55,32,47,6.728356690140711,cabbage
60,19,53,7.413219708573683,cabbage
50,25,50,7.0,carrot
48,21,56,6.563297874524052,carrot
40,30,56,6.581946921252733,carrot
50,25,50,7.0,cauliflower
46,19,50,7.395166350817167,cauliflower
57,15,60,7.116027912952758,cauliflower
50,25,50,7.0,citrus_fruit
57,31,60,6.9593559048269835,citrus_fruit
50,22,55,7.033544476091981,citrus_fruit
50,25,50,7.0,jack_fruit
45,29,45,6.667490848516963,jack_fruit
46,22,50,7.044239708780669,jack_fruit
50,25,50,7.0,mango
52,16,57,7.46422651739596,mango
59,34,42,7.2295547348087545,mango
50,25,50,7.0,other_fresh_fruits
59,24,52,6.8648910883502925,other_fresh_fruits
57,22,48,6.645843478557185,other_fresh_fruits
50,25,50,7.0,other_vegetables
55,34,45,6.933256763505209,other_vegetables
60,22,50,7.050566383222575,other_vegetables
50,25,50,7.0,papaya
56,31,42,6.9960077937433365,papaya
40,28,60,7.387137557452889,papaya
50,25,50,7.0,pineapple
43,27,54,7.472277694746522,pineapple
51,18,60,7.433271804439335,pineapple
50,25,50,7.0,pome_fruit
49,28,44,6.727059101588393,pome_fruit
54,22,50,7.200573868223216,pome_fruit
50,25,50,7.0,redish
54,24,56,6.601091048174939,redish
41,30,55,7.086107028314164,redish
50,25,50,7.0,sweet_potato
60,35,46,7.212363217928505,sweet_potato
49,21,42,6.596778700159421,sweet_potato
50,25,50,7.0,tomato
57,24,52,7.063217610872113,tomato
57,25,56,6.909665180990458,tomato
50,25,50,7.0,bitter_gourd
56,32,40,6.823939579487259,bitter_gourd
42,23,51,6.946075407134968,bitter_gourd
50,25,50,7.0,tapioca
50,28,56,7.3716428100621645,tapioca
45,35,51,6.8044985426713875,tapioca
50,25,50,7.0,wheat
45,32,43,6.832136803699224,wheat
41,28,49,6.690186040765642,wheat
50,25,50,6.7,turmeric
56,21,57,6.644091136326083,turmeric
40,25,50,6.394723643667811,turmeric
50,25,50,6.7,banana
57,32,56,6.311898751125932,banana
46,18,45,6.290337234260186,banana
50,25,50,6.7,dry_chillies
57,29,59,6.720545420350248,dry_chillies
46,22,44,6.564078722624834,dry_chillies
50,25,50,6.7,potato
54,18,51,6.861689322820487,potato
51,35,55,6.657281320722852,potato
50,25,50,6.7,bhindi
59,25,56,7.052203337291655,bhindi
46,16,47,6.619586914792639,bhindi
50,25,50,6.7,brinjal
54,21,53,7.186690531633058,brinjal
51,19,49,6.390135195963654,brinjal
50,25,50,6.7,cabbage
51,30,60,6.79776815581386,cabbage
44,20,55,7.140278549972577,cabbage
50,25,50,6.7,carrot
60,27,42,6.686179519625875,carrot
56,34,47,6.217369238301572,carrot
50,25,50,6.7,cauliflower
43,17,51,6.5530239680070235,cauliflower
57,23,44,6.681000329664102,cauliflower
50,25,50,6.7,citrus_fruit
49,34,46,6.713185010780805,citrus_fruit
44,15,57,6.759232678421199,citrus_fruit
50,25,50,6.7,jack_fruit
43,32,44,6.900435932674807,jack_fruit
52,18,54,6.240007776527282,jack_fruit
50,25,50,6.7,onion
49,16,58,6.76634950347983,onion
52,17,43,7.045022244132852,onion
50,25,50,6.7,other_fresh_fruits
43,30,59,6.383205485017795,other_fresh_fruits
50,34,52,6.288061469581599,other_fresh_fruits
50,25,50,6.7,other_vegetables
45,25,50,6.382244990698387,other_vegetables
57,19,59,6.228143527971398,other_vegetables
50,25,50,6.7,papaya
41,20,52,6.457808765071967,papaya
60,35,57,6.628832698092215,papaya
50,25,50,6.7,pineapple
51,28,44,6.778528152351407,pineapple
51,17,41,7.036148873399016,pineapple
50,25,50,6.7,pome_fruit
54,21,52,7.1233305108859515,pome_fruit
46,27,43,6.2958652982686445,pome_fruit
50,25,50,6.7,redish
50,17,40,7.150581450503801,redish
46,35,57,7.175488001797969,redish
50,25,50,6.7,tapioca
40,33,59,6.34422202356569,tapioca
41,16,56,6.409877983458152,tapioca
50,25,50,6.7,tomato
59,26,51,6.5801822504941745,tomato
53,28,41,6.8602122623302995,tomato
50,25,50,6.7,bottle_gourd
40,25,45,6.503025284254991,bottle_gourd
42,23,40,7.083464021052157,bottle_gourd
50,25,50,6.7,mango
45,27,60,6.2524361178842955,mango
56,15,52,7.178215609533922,mango
50,25,50,6.7,orange
48,26,50,6.432936897808576,orange
49,16,52,6.4859452636197545,orange
50,25,50,6.7,sweet_potato
53,30,41,6.3174101905097775,sweet_potato
52,20,41,6.828773801905541,sweet_potato
50,25,50,6.7,sugarcane
44,32,58,6.755791029696171,sugarcane
54,23,60,6.652184206893393,sugarcane
50,25,50,6.7,cashewnut
53,31,55,6.859580476623853,cashewnut
42,16,50,6.3120061515811265,cashewnut
50,25,50,6.7,wheat
50,22,40,6.653283162447786,wheat
40,30,54,6.620967394705151,wheat
50,25,25,5.9,arecanut
40,29,32,5.531998674465625,arecanut
41,31,31,5.70322155645292,arecanut
50,25,25,5.9,banana
47,27,30,5.998394703459196,banana
49,15,26,5.455257771751808,banana
50,25,25,5.9,dry_chillies
53,22,23,6.3688505636208514,dry_chillies
59,22,29,5.78317850420204,dry_chillies
50,25,25,5.9,potato
47,29,23,6.340442107306636,potato
44,31,34,5.494606594555456,potato
50,25,25,5.9,sugarcane
41,23,25,6.373442207281424,sugarcane
52,20,30,5.691552753153727,sugarcane
50,25,25,5.9,sweet_potato
42,16,23,6.0557512510607765,sweet_potato
47,17,24,6.36631882841891,sweet_potato
50,25,25,5.9,tapioca
50,33,27,6.307545492085306,tapioca
51,19,32,5.549502358303524,tapioca
50,25,25,5.9,turmeric
48,17,27,5.711146161169139,turmeric
50,20,33,5.465346782946654,turmeric
50,25,25,5.9,tobacco
49,20,28,5.882828608510281,tobacco
44,35,21,5.859966279224917,tobacco
50,25,25,5.9,cashewnut
49,29,25,5.901667637027212,cashewnut
44,16,35,6.397830555646154,cashewnut
50,25,25,5.9,citrus_fruit
54,34,15,5.6584433621834425,citrus_fruit
56,30,29,6.0399390600365495,citrus_fruit
50,25,25,5.9,papaya
55,32,30,5.640279886285753,papaya
60,17,19,5.975739055627337,papaya
50,25,25,5.9,pineapple
41,31,24,5.8446546185886445,pineapple
57,16,21,5.40268782040271,pineapple
50,25,25,5.9,black_pepper
59,27,16,6.081874650047105,black_pepper
53,19,15,5.587305173466665,black_pepper
50,25,25,5.9,coriander
40,35,19,6.159690198961402,coriander
44,19,30,5.535368752315956,coriander
50,25,25,5.9,garlic
41,29,18,5.649487505518133,garlic
54,20,25,5.413751711143805,garlic
50,25,25,5.9,maize
57,25,18,5.847381559816388,maize
40,28,35,5.810399821865088,maize
50,25,25,5.9,onion
44,32,25,5.44723883898833,onion
53,18,35,5.975916873624911,onion
25,25,50,5.1,arecanut
30,35,49,5.41712986133907,arecanut
35,18,52,4.8642628988160075,arecanut
25,25,50,5.1,banana
16,30,52,4.735715074426179,banana
34,16,51,4.686260392130207,banana
25,25,50,5.1,oilseeds_total
34,35,51,4.94896293251257,oilseeds_total
29,28,48,4.895248883558672,oilseeds_total
25,25,50,5.1,tapioca
29,33,57,4.802527774161826,tapioca
22,26,47,5.069217850480729,tapioca
25,25,50,5.1,tobacco
22,16,59,4.702597134348129,tobacco
23,32,46,4.709925286891616,tobacco
25,25,50,5.1,citrus_fruit
26,21,53,5.2471269754611445,citrus_fruit
29,20,58,4.923434864245451,citrus_fruit
25,25,50,5.1,papaya
28,28,48,4.788117230068608,papaya
34,34,59,5.061486537810402,papaya
25,25,50,5.1,pineapple
35,21,56,4.928549530316438,pineapple
30,28,50,5.051554076997025,pineapple
25,25,50,5.1,black_pepper
34,16,44,5.130107606577329,black_pepper
16,32,43,4.943191971426881,black_pepper
25,25,50,5.1,maize
28,35,55,5.49561639655748,maize
30,31,56,5.441704515439458,maize
50,75,25,7.0,arecanut
58,77,18,7.240421452304748,arecanut
50,75,19,6.6340940618378585,arecanut
50,75,25,7.0,banana
54,72,18,7.453786306711821,banana
47,73,23,6.785912349646341,banana
50,75,25,7.0,dry_chillies
51,69,17,7.282753234363821,dry_chillies
50,66,27,7.279934225833464,dry_chillies
50,75,25,7.0,oilseeds_total
49,84,28,7.383602515041355,oilseeds_total
54,77,22,6.872745023091735,oilseeds_total
50,75,25,7.0,potato
41,71,26,6.89291910635606,potato
42,83,27,7.0943723983261595,potato
50,75,25,7.0,sweet_potato
58,79,19,7.3192385879178925,sweet_potato
44,67,17,7.1378324105091755,sweet_potato
50,75,25,7.0,tapioca
46,84,35,7.2365776849795145,tapioca
60,79,21,6.590341362106941,tapioca
50,75,25,7.0,turmeric
49,84,27,7.448912071830101,turmeric
43,68,33,6.711295437209366,turmeric
50,75,25,7.0,citrus_fruit
51,68,16,6.808043701076543,citrus_fruit
45,82,30,7.027353100601366,citrus_fruit
50,75,25,7.0,papaya
57,84,29,7.207448650110692,papaya
51,74,23,6.645010948088538,papaya
50,75,25,7.0,pineapple
44,75,15,7.478629431209834,pineapple
42,80,16,6.8057013055160915,pineapple
50,75,25,7.0,black_pepper
54,68,15,6.823743675317184,black_pepper
44,72,18,6.668047198623178,black_pepper
50,75,25,7.0,garlic
58,68,34,6.980408418753718,garlic
54,85,22,6.842483615416809,garlic
50,75,25,7.0,maize
46,80,32,6.623230959723228,maize
44,75,17,7.187833434397327,maize
50,75,25,7.0,coriander
55,76,29,7.385415262674085,coriander
56,73,28,6.8897910679483125,coriander
50,75,25,7.0,onion
50,75,27,7.187620650844284,onion
43,66,15,7.3516681159923,onion
50,75,25,6.8,arecanut
53,68,26,6.940275801185555,arecanut
45,82,33,6.735593940134454,arecanut
50,75,25,6.8,black_pepper
53,68,28,6.336464226222468,black_pepper
55,69,17,6.557592460889797,black_pepper
50,75,25,6.8,cashewnut
57,68,19,7.2099113216620925,cashewnut
55,68,16,6.740392163355686,cashewnut
50,75,25,6.8,dry_chillies
54,80,18,6.997183669597723,dry_chillies
44,75,27,6.664330585755791,dry_chillies
50,75,25,6.8,maize
58,70,15,6.37473154742248,maize
44,77,22,7.200094784185177,maize
50,75,25,6.8,potato
40,77,29,7.084821795675424,potato
41,66,33,7.209291424810945,potato
50,75,25,6.8,sugarcane
46,66,26,6.310423171771171,sugarcane
42,71,27,6.7808853244904,sugarcane
50,75,25,6.8,turmeric
43,84,29,6.433264776684565,turmeric
51,82,18,6.674040506584971,turmeric
50,75,25,6.8,coriander
57,69,20,6.366591347809732,coriander
54,77,24,6.757382397186632,coriander
50,75,25,6.8,onion
60,71,19,7.212065894340924,onion
47,80,16,7.092948005000137,onion
50,25,50,7.0,arecanut
44,18,55,6.788614114520848,arecanut
41,24,53,6.547578894211608,arecanut
50,25,50,7.0,oilseeds_total
51,24,58,7.419920171101915,oilseeds_total
47,33,49,7.04907285898605,oilseeds_total
50,25,50,7.0,black_pepper
48,34,50,7.42459545213061,black_pepper
55,17,51,6.791064486478389,black_pepper
50,25,50,7.0,maize
45,35,46,6.524559055356131,maize
60,30,57,6.648391309165618,maize
50,25,75,6.4,arecanut
49,19,78,6.108829490032649,arecanut
56,19,77,6.8279756622002274,arecanut
50,25,75,6.4,banana
43,23,70,6.137226754082388,banana
51,19,78,6.1316073101133135,banana
50,25,75,6.4,dry_chillies
46,28,77,6.211314452861162,dry_chillies
55,29,77,5.999980739391708,dry_chillies
50,25,75,6.4,potato
52,32,71,5.955607398341072,potato
58,32,70,6.513201599045832,potato
50,25,75,6.4,sugarcane
55,28,77,6.009956121694155,sugarcane
59,22,66,6.652735792722821,sugarcane
50,25,75,6.4,sweet_potato
57,28,70,6.414486875995641,sweet_potato
45,27,69,6.773973538336891,sweet_potato
50,25,75,6.4,tapioca
44,18,79,6.67666353516598,tapioca
42,33,66,5.995038836440974,tapioca
50,25,75,6.4,turmeric
53,27,75,6.277806827043271,turmeric
46,17,71,6.461056136977662,turmeric
50,25,75,6.4,tobacco
43,35,67,6.301919699477189,tobacco
55,20,73,6.212646971713329,tobacco
50,25,75,6.4,cashewnut
44,24,72,6.123782554595511,cashewnut
45,21,82,6.734849449186974,cashewnut
50,25,75,6.4,citrus_fruit
55,20,74,6.663078679031893,citrus_fruit
57,33,71,6.891159678404956,citrus_fruit
50,25,75,6.4,papaya
54,20,68,6.381055915363624,papaya
44,20,79,6.3075408717523,papaya
50,25,75,6.4,pineapple
56,25,80,6.154210841767362,pineapple
58,24,83,6.420152126268002,pineapple
50,25,75,6.4,black_pepper
47,17,82,6.284271314891486,black_pepper
56,30,72,5.9440541242417755,black_pepper
50,25,75,6.4,coriander
47,26,84,6.69220987408129,coriander
49,19,72,6.089432161855403,coriander
50,25,75,6.4,garlic
46,18,73,6.603214812451465,garlic
50,27,83,6.580420584405117,garlic
50,25,75,6.4,maize
44,34,77,6.850383352808283,maize
54,32,75,6.644508242717951,maize
50,25,75,6.4,onion
50,32,69,6.837442712740803,onion
54,35,69,5.977740341793138,onion
50,75,50,6.8,black_pepper
47,85,43,6.606687148719769,black_pepper
57,76,45,6.824361406394897,black_pepper
25,25,50,6.0,arecanut
21,15,52,5.57693041402348,arecanut
24,20,41,6.2855820330507415,arecanut
25,25,50,6.0,black_pepper
26,29,48,6.239637104070459,black_pepper
27,19,56,6.093127722078165,black_pepper
25,25,50,6.0,dry_chillies
21,24,42,6.193803593090623,dry_chillies
22,34,42,6.05357473550703,dry_chillies
25,25,50,6.0,maize
34,35,44,6.029780946197594,maize
35,22,53,5.877081840651054,maize
25,25,50,6.0,potato
33,26,43,5.8663047986252765,potato
33,31,60,5.783777024659718,potato
25,25,50,6.0,turmeric
30,33,52,5.534638901949121,turmeric
21,29,60,5.5896894607110506,turmeric
25,25,50,6.0,coriander
16,17,45,6.11782628387799,coriander
16,21,51,5.650897762555708,coriander
25,25,50,6.0,onion
17,16,42,5.538836476636125,onion
26,19,58,5.832020528953612,onion
75,50,25,7.1,arecanut
69,40,18,7.593808654008886,arecanut
70,60,35,7.36919073214014,arecanut
75,50,25,7.1,banana
68,47,17,7.448533704491512,banana
72,43,25,6.712190227985775,banana
75,50,25,7.1,dry_chillies
74,42,18,7.010669047168307,dry_chillies
66,43,17,7.192025761275554,dry_chillies
75,50,25,7.1,potato
73,44,28,7.4685898814016225,potato
76,46,22,7.400940452138408,potato
75,50,25,7.1,sugarcane
67,59,25,7.549308347509399,sugarcane
80,52,27,7.074623948170818,sugarcane
75,50,25,7.1,sweet_potato
79,60,18,7.1165210894239435,sweet_potato
76,48,16,6.637404244482285,sweet_potato
75,50,25,7.1,tapioca
71,51,25,6.996718146980563,tapioca
70,50,26,7.110553713205401,tapioca
75,50,25,7.1,turmeric
83,45,16,7.04497773645548,turmeric
85,59,25,6.835230720501429,turmeric
75,50,25,7.1,tobacco
70,54,27,6.736353900277061,tobacco
65,60,34,7.47720877439499,tobacco
75,50,25,7.1,cashewnut
77,59,23,7.581368047699568,cashewnut
73,44,17,7.47353038164365,cashewnut
75,50,25,7.1,citrus_fruit
83,55,28,7.533610980538481,citrus_fruit
70,51,19,7.520627963232415,citrus_fruit
75,50,25,7.1,papaya
71,41,20,6.8975021402224765,papaya
79,55,30,6.630443255134986,papaya
75,50,25,7.1,pineapple
67,56,17,6.802258301651258,pineapple
74,40,34,6.889502888557685,pineapple
75,50,25,7.1,black_pepper
71,47,19,6.692049785944388,black_pepper
69,54,17,6.791092129854848,black_pepper
75,50,25,7.1,coriander
84,41,30,6.720106473872335,coriander
65,43,32,6.802667727052164,coriander
75,50,25,7.1,garlic
79,49,21,6.807955562253131,garlic
81,42,28,7.2587440709291124,garlic
75,50,25,7.1,maize
80,55,27,7.560943269744769,maize
80,41,15,7.233122556121025,maize
75,50,25,7.1,onion
74,60,33,6.7538728630138785,onion
67,40,32,7.365821507054537,onion
50,50,75,7.1,arecanut
50,54,74,7.442256398696525,arecanut
42,41,78,6.6571537298047705,arecanut
50,50,75,7.1,black_pepper
47,44,74,6.768063585952943,black_pepper
40,46,67,6.700757360306768,black_pepper
50,50,75,7.1,dry_chillies
43,46,65,7.1591843133939745,dry_chillies
48,46,69,7.4038911282712165,dry_chillies
50,50,75,7.1,maize
43,53,73,7.495829651674226,maize
57,46,85,7.25426003461901,maize
50,50,75,7.1,potato
51,52,81,7.226003055043706,potato
46,47,66,6.640607431431729,potato
50,50,75,7.1,sugarcane
53,47,76,7.179848207224486,sugarcane
59,42,73,7.164678977231843,sugarcane
50,50,75,7.1,turmeric
59,51,76,7.423613050245717,turmeric
57,44,77,6.949745889814869,turmeric
50,50,75,7.1,coriander
44,47,65,6.897234185053566,coriander
55,60,75,7.029327074099858,coriander
50,50,75,7.1,onion
49,60,82,6.913568814101265,onion
59,42,75,7.217186508601383,onion
75,50,50,5.7,arecanut
79,40,54,6.098081502758767,arecanut
83,51,52,5.57676125006364,arecanut
75,50,50,5.7,banana
69,44,54,5.776218656366292,banana
65,55,43,6.039401598335946,banana
75,50,50,5.7,dry_chillies
65,57,54,5.54433889540829,dry_chillies
76,57,58,5.309624097019998,dry_chillies
75,50,50,5.7,oilseeds_total
71,57,52,5.31755940640314,oilseeds_total
76,56,58,6.020341245492043,oilseeds_total
75,50,50,5.7,potato
81,45,49,5.560987220569511,potato
68,48,59,5.447663528115549,potato
75,50,50,5.7,sugarcane
80,44,51,5.249080231561637,sugarcane
77,53,57,5.484686750781632,sugarcane
75,50,50,5.7,sweet_potato
70,59,52,5.998904158651076,sweet_potato
84,45,53,5.852728078186683,sweet_potato
75,50,50,5.7,tapioca
85,53,51,5.975540520094821,tapioca
75,42,42,5.980629115829323,tapioca
75,50,50,5.7,turmeric
82,52,59,5.994801053492668,turmeric
70,43,48,5.787044992958152,turmeric
75,50,50,5.7,tobacco
79,55,51,5.954384961577034,tobacco
67,50,51,5.55009108270864,tobacco
75,50,50,5.7,citrus_fruit
69,52,56,5.509855459718796,citrus_fruit
82,58,46,5.88081080499562,citrus_fruit
75,50,50,5.7,papaya
66,59,46,6.057797613990195,papaya
73,41,50,5.415905319013184,papaya
75,50,50,5.7,pineapple
84,55,42,5.318856110780315,pineapple
67,56,40,6.172260979413397,pineapple
75,50,50,5.7,black_pepper
79,55,42,5.318123065309772,black_pepper
76,41,54,5.9415611213081725,black_pepper
75,50,50,5.7,garlic
78,55,56,5.744921193693537,garlic
67,59,52,5.36763747604515,garlic
75,50,50,5.7,maize
77,57,40,5.8229300170903056,maize
75,52,60,6.160806567348351,maize
75,50,50,5.7,coriander
72,46,52,6.128501753637119,coriander
74,54,42,5.917289115609271,coriander
75,50,50,5.7,onion
84,56,40,5.625877423888504,onion
79,49,46,5.5129230857168015,onion
75,25,75,7.1,rice
67,34,84,6.913967285420632,rice
70,26,77,7.38028791596995,rice
75,25,75,7.1,sugarcane
75,35,83,7.540198262794446,sugarcane
73,16,69,7.414374274287257,sugarcane
75,25,75,7.1,tapioca
80,23,74,7.142534800526544,tapioca
85,35,67,7.165532876114205,tapioca
75,25,75,7.1,kapas
71,35,76,7.023784976865796,kapas
67,31,80,7.4663978033121605,kapas
75,25,75,7.1,tobacco
74,19,74,7.363015485582508,tobacco
73,23,74,6.6204048854331115,tobacco
75,25,75,7.1,potato
69,21,76,6.97938768568034,potato
80,25,84,6.87374550307271,potato
50,75,50,5.9,rice
59,81,53,6.00394080433735,rice
52,75,56,5.65351337531112,rice
50,75,50,5.9,sugarcane
46,74,42,5.61665847683414,sugarcane
44,77,44,5.654910169015075,sugarcane
50,75,50,5.9,tapioca
41,79,47,6.151912963766998,tapioca
55,68,58,6.353402916384477,tapioca
50,75,50,5.9,kapas
49,67,58,6.153852895204393,kapas
40,78,46,5.605240951325132,kapas
50,75,50,5.9,tobacco
59,80,48,5.5082297673071965,tobacco
49,65,60,5.904120835060247,tobacco
50,75,50,5.9,potato
47,73,47,5.910170300917143,potato
52,66,53,5.5540006341831365,potato
25,25,50,7.0,sugarcane
28,30,41,7.1483786511530365,sugarcane
35,31,51,6.956109744088928,sugarcane
50,50,75,6.8,sugarcane
52,56,83,6.5997767726520875,sugarcane
43,44,76,6.496600171926392,sugarcane
25,50,75,6.2,rice
17,51,77,5.822666828933186,rice
16,48,71,6.429432402321003,rice
25,50,75,6.2,sugarcane
17,43,66,5.9248384518349955,sugarcane
22,53,72,6.186374629039013,sugarcane
25,50,75,6.2,tapioca
17,55,65,5.949715695701435,tapioca
24,60,71,6.5658323820010605,tapioca
25,50,75,6.2,kapas
33,59,82,6.00437586635542,kapas
19,50,71,6.197950105326902,kapas
25,50,75,6.2,tobacco
33,56,69,6.455717351998697,tobacco
34,51,85,6.350580751620316,tobacco
25,50,75,6.2,potato
31,47,72,5.877491996907403,potato
17,56,75,5.830396386185193,potato
50,25,50,6.9,tobacco
50,21,57,7.288069203720614,tobacco
48,32,49,6.418995582892953,tobacco
50,25,50,6.9,rice
56,35,47,6.614813970419442,rice
44,23,57,6.940651308942837,rice
25,75,75,6.2,rice
24,82,70,6.490464779990829,rice
29,76,85,6.472723580935056,rice
25,75,75,6.2,sugarcane
25,69,84,5.81955845527318,sugarcane
23,68,68,6.103830110048186,sugarcane
25,75,75,6.2,tapioca
23,85,75,6.304759891288002,tapioca
32,69,78,6.156487256334116,tapioca
25,75,75,6.2,kapas
25,80,71,6.403328483396204,kapas
18,84,73,6.36174318772878,kapas
25,75,75,6.2,tobacco
33,75,72,6.601352777854839,tobacco
27,82,79,5.771876194962179,tobacco
25,75,75,6.2,potato
32,81,73,6.2733327091792,potato
32,65,68,5.807841697714259,potato
50,25,50,6.7,tobacco
40,17,50,6.7789904482587495,tobacco
60,16,49,6.5749509678738365,tobacco
50,25,50,6.7,rice
42,30,44,6.8142632596470305,rice
60,21,48,7.025592038845307,rice
50,50,75,6.9,potato
59,45,77,6.609598739150722,potato
56,60,85,6.935828209699127,potato
50,50,75,6.9,sugarcane
47,52,66,6.723513217142841,sugarcane
49,53,79,7.116722934695316,sugarcane
50,50,75,6.9,tobacco
44,51,67,6.972646904585757,tobacco
56,41,84,6.619016141742756,tobacco
50,50,75,6.9,rice
52,54,67,6.711739012277814,rice
42,41,71,6.498372837926707,rice
75,50,50,6.6,sugarcane
71,48,60,6.803695268521046,sugarcane
80,56,43,6.933238901799683,sugarcane
50,25,25,5.6,potato
52,30,24,5.23153482171785,potato
54,27,19,6.058980332696197,potato
50,25,25,5.6,rice
49,17,19,5.830349864480108,rice
43,34,32,5.186762024199685,rice
50,25,25,5.6,sugarcane
48,34,32,5.960687953924319,sugarcane
59,29,21,5.957194988767589,sugarcane
25,25,25,6.7,sugarcane
33,28,28,7.039092944788109,sugarcane
35,25,29,6.965545471458615,sugarcane
25,25,25,6.7,potato
30,24,23,6.900492348536339,potato
34,19,33,7.198946584436377,potato
25,25,25,6.7,tea
25,22,23,7.183198725689689,tea
29,15,18,7.075004519919677,tea
50,25,25,6.2,sugarcane
51,28,31,6.348192576272096,sugarcane
45,22,26,5.999786455340471,sugarcane
50,25,75,6.4,tea
58,34,80,6.1525067667319355,tea
43,26,66,6.129293577189356,tea
50,50,25,6.5,sugarcane
46,41,25,6.358455866710463,sugarcane
59,40,22,6.0302611382830955,sugarcane
50,25,25,6.5,potato
40,18,19,6.260661943125183,potato
57,18,20,6.656043707499883,potato
50,25,25,6.5,tea
48,17,19,6.119522846366792,tea
58,18,18,6.161718755961935,tea
50,25,25,6.5,sugarcane
59,31,18,6.511968438881052,sugarcane
45,33,31,6.782952605544553,sugarcane
75,50,25,5.9,tea
67,43,19,6.3262254514543965,tea
79,52,26,6.352549114814712,tea
25,25,25,6.6,sugarcane
32,18,15,6.689939099979787,sugarcane
29,23,16,6.857110313637161,sugarcane
50,50,50,6.4,potato
57,49,55,6.057700449050898,potato
45,49,51,6.621775408210993,potato
50,50,50,6.4,tea
58,44,60,6.158954856215169,tea
48,43,56,6.494665804293923,tea
50,25,75,6.7,sugarcane
54,15,66,7.007145171933464,sugarcane
51,33,76,6.8864366321924075,sugarcane
50,50,50,6.1,sugarcane
44,41,55,6.073721166386951,sugarcane
52,41,48,5.743786752627917,sugarcane
25,75,75,6.7,potato
30,77,65,6.805979038518831,potato
34,71,67,7.0645577026129125,potato
25,75,75,6.7,tea
23,70,76,6.266566778883964,tea
27,73,81,7.168208334549949,tea
25,75,75,6.7,sugarcane
23,70,70,6.469092431881657,sugarcane
32,66,66,7.122245830473724,sugarcane
75,50,50,5.9,potato
80,53,52,5.729632376960533,potato
74,49,52,5.462504164332548,potato
75,50,50,5.9,sugarcane
74,59,41,5.847958564737699,sugarcane
80,47,40,5.98048951737862,sugarcane
75,50,50,5.9,tea
81,56,59,6.187771513065845,tea
65,47,51,6.1153618289439375,tea
50,25,75,7.3,tea
40,31,85,7.368999959023325,tea
49,35,66,7.466271817576682,tea
50,50,75,7.3,potato
51,60,69,7.718367879129534,potato
47,58,83,7.76975832703014,potato
50,50,75,7.3,onion
60,57,68,6.8586835435333295,onion
51,40,70,7.0451213763326175,onion
50,50,75,7.3,sannhamp
60,47,66,7.3551723986570945,sannhamp
51,49,71,7.588819189215092,sannhamp
50,50,75,7.3,tobacco
55,50,66,7.211847997634815,tobacco
51,57,71,6.983143114685622,tobacco
50,50,75,7.3,coriander
54,53,74,7.072473848272492,coriander
48,54,69,7.4531304587731215,coriander
50,50,75,7.3,dry_chillies
43,58,77,7.631592207702574,dry_chillies
46,45,78,7.425441920645218,dry_chillies
50,50,75,7.3,garlic
60,49,66,7.075779944141554,garlic
51,56,69,7.400393324218126,garlic
50,50,75,7.3,sugarcane
57,40,80,7.674761857740482,sugarcane
46,48,76,7.033027126059434,sugarcane
50,50,75,7.3,sweet_potato
40,51,68,7.168828126101287,sweet_potato
52,43,77,7.266443838255573,sweet_potato
50,50,75,7.3,turmeric
49,56,70,7.412073255779228,turmeric
43,44,77,7.747004459755527,turmeric
75,50,75,6.5,potato
76,52,78,6.170154063797788,potato
71,46,72,6.883480893611427,potato
75,50,75,6.5,onion
67,59,73,6.871313158237836,onion
83,57,85,6.3405043904764975,onion
75,50,75,6.5,sannhamp
79,48,82,6.582870062470031,sannhamp
78,54,66,6.4927841366666685,sannhamp
75,50,75,6.5,coriander
76,55,75,6.6559390594556955,coriander
76,59,74,6.968743719123258,coriander
75,50,75,6.5,dry_chillies
73,44,77,6.103102934267877,dry_chillies
76,40,79,6.277762439062544,dry_chillies
75,50,75,6.5,garlic
78,49,70,6.916517670291711,garlic
71,45,71,6.789442982846909,garlic
75,50,75,6.5,sugarcane
72,44,85,6.424052313288678,sugarcane
75,51,74,6.427169145044093,sugarcane
75,50,75,6.5,sweet_potato
67,50,80,6.6202873316610145,sweet_potato
82,53,67,6.9550498809742045,sweet_potato
75,50,75,6.5,turmeric
82,48,68,6.8007507417787245,turmeric
74,49,82,6.16001909610847,turmeric
25,25,25,7.9,potato
22,20,29,7.469669007361109,potato
26,27,16,8.256541785547123,potato
25,25,25,7.9,onion
18,15,25,7.5365994282762205,onion
24,17,18,7.775052797802249,onion
25,25,25,7.9,sannhamp
19,30,25,8.075410966192994,sannhamp
29,17,29,7.622736394850222,sannhamp
25,25,25,7.9,coriander
17,32,34,8.382997222562333,coriander
17,21,29,7.898025705607495,coriander
25,25,25,7.9,dry_chillies
29,34,18,8.169828327313734,dry_chillies
16,20,21,7.698012401807045,dry_chillies
25,25,25,7.9,garlic
35,34,22,8.127069071004028,garlic
15,32,31,7.52717721030324,garlic
25,25,25,7.9,sugarcane
22,23,29,8.367892343334372,sugarcane
18,30,26,7.889627076761104,sugarcane
25,25,25,7.9,sweet_potato
24,32,29,7.588863661846706,sweet_potato
21,25,23,8.12261409785168,sweet_potato
25,25,25,7.9,turmeric
30,18,15,7.926265596644188,turmeric
25,32,25,7.975250216672987,turmeric
50,50,75,7.2,potato
40,52,76,6.905841433859855,potato
47,55,84,7.054418080361513,potato
50,50,75,7.2,onion
43,47,78,7.2633441038642,onion
52,50,73,7.057144134009325,onion
50,50,75,7.2,coriander
45,53,82,7.1938379230391885,coriander
54,51,77,6.749408004636514,coriander
50,50,75,7.2,dry_chillies
59,55,80,7.0395226031004965,dry_chillies
41,48,65,7.627180474793849,dry_chillies
50,50,75,7.2,garlic
44,45,75,6.9401297617811935,garlic
50,59,66,7.633561634145936,garlic
50,50,75,7.2,sugarcane
52,42,79,7.362905000552333,sugarcane
55,41,70,6.755155504375298,sugarcane
50,50,75,7.2,sweet_potato
41,40,81,7.442563909502327,sweet_potato
54,44,69,7.004623906846459,sweet_potato
50,50,75,7.2,tobacco
50,58,75,7.41147761428281,tobacco
48,54,77,6.90322364058859,tobacco
50,50,75,7.2,turmeric
56,41,65,7.558821784874512,turmeric
60,50,65,6.702183754120805,turmeric
25,25,50,7.7,potato
27,24,60,7.311321171031331,potato
31,22,59,7.9943841594104255,potato
25,25,50,7.7,onion
33,22,40,7.980629383941229,onion
30,28,57,8.122249168779252,onion
25,25,50,7.7,coriander
17,15,45,7.350016088122286,coriander
34,35,60,8.192668008494177,coriander
25,25,50,7.7,dry_chillies
20,33,54,7.4726555283255065,dry_chillies
31,28,58,7.74166167897586,dry_chillies
25,25,50,7.7,garlic
35,24,56,7.989162614501255,garlic
27,21,48,7.959463786398797,garlic
25,25,50,7.7,sugarcane
27,34,44,7.200328840256727,sugarcane
28,25,49,7.488045961988818,sugarcane
25,25,50,7.7,sweet_potato
24,31,57,7.312787691406838,sweet_potato
27,28,42,7.314668501778763,sweet_potato
25,25,50,7.7,turmeric
32,23,45,7.794481194234406,turmeric
23,15,55,7.4924475131484,turmeric
25,75,50,6.7,potato
27,76,52,7.163097438504349,potato
21,67,44,6.543102612840549,potato
25,75,50,6.7,garlic
24,75,54,6.805807556327395,garlic
24,66,44,6.419925881038549,garlic
50,50,50,7.7,onion
44,43,50,8.026656809384923,onion
56,46,43,8.079541893136117,onion
50,50,50,7.7,sannhamp
53,43,58,7.478655569942691,sannhamp
45,58,60,8.199457950215209,sannhamp
50,50,50,7.7,coriander
44,51,49,7.851214782711797,coriander
40,41,52,7.4217631082808655,coriander
50,50,50,7.7,garlic
59,54,52,8.062980348865358,garlic
59,41,50,7.983439304320217,garlic
75,50,75,6.9,potato
76,48,73,6.876301731443427,potato
67,49,67,7.11264985719021,potato
75,50,75,6.9,onion
80,58,77,6.525789416390409,onion
69,55,67,6.82253857900372,onion
75,50,75,6.9,sannhamp
69,49,76,6.7145080702295905,sannhamp
78,56,84,6.941779107794076,sannhamp
75,50,75,6.9,tobacco
66,50,66,7.033294605738951,tobacco
78,57,85,7.008009981726321,tobacco
75,50,75,6.9,coriander
70,55,70,7.377653457612207,coriander
80,44,72,6.991544858779654,coriander
75,50,75,6.9,dry_chillies
73,41,79,7.326632409673394,dry_chillies
65,41,85,7.128622188759832,dry_chillies
75,50,75,6.9,garlic
76,41,72,6.743656049899244,garlic
77,57,82,6.7597251122665885,garlic
75,50,75,6.9,sugarcane
76,48,70,7.017660987143458,sugarcane
73,55,65,6.7549374616569935,sugarcane
75,50,75,6.9,sweet_potato
79,46,77,7.2227368988598,sweet_potato
80,46,72,7.070387178203677,sweet_potato
75,50,75,6.9,turmeric
76,48,65,7.0082288578661505,turmeric
67,51,80,6.582989111583115,turmeric
25,50,75,6.4,onion
22,56,85,6.189330164671927,onion
15,42,68,6.7722611204724,onion
25,50,75,6.4,sannhamp
17,50,81,6.757766990566373,sannhamp
35,43,66,6.77911886260495,sannhamp
25,50,75,6.4,coriander
22,47,77,6.899182591507411,coriander
31,56,84,6.283222303538632,coriander
25,50,75,6.4,garlic
19,55,71,6.715787524007384,garlic
35,42,85,6.090352517328254,garlic
50,50,75,6.7,coriander
46,60,67,7.123070363721505,coriander
59,60,80,6.242841470796253,coriander
50,50,75,6.7,dry_chillies
51,59,71,6.465975050553862,dry_chillies
47,43,68,6.422830674490643,dry_chillies
50,50,75,6.7,garlic
42,59,69,7.093075701853801,garlic
56,60,67,6.833686792235643,garlic
50,50,75,6.7,sugarcane
45,45,72,6.86444985063226,sugarcane
54,57,70,6.736537603698389,sugarcane
50,50,75,6.7,sweet_potato
47,49,73,6.724830799615223,sweet_potato
43,55,77,7.098915899676882,sweet_potato
50,50,75,6.7,turmeric
49,42,73,6.525410407375707,turmeric
53,57,80,6.457327063630349,turmeric
25,75,75,6.6,sannhamp
23,74,70,6.651762947920192,sannhamp
17,75,77,6.25200327506144,sannhamp
25,75,75,6.6,coriander
34,75,76,6.1357775385084,coriander
17,76,83,6.430838138089147,coriander
25,75,75,6.6,garlic
17,71,66,6.690883528973684,garlic
22,67,81,6.422504862834405,garlic
25,50,50,6.5,sannhamp
29,50,45,6.566552656084609,sannhamp
21,54,45,6.637458961361177,sannhamp
25,50,50,6.5,tobacco
21,50,49,6.507728115567584,tobacco
33,57,53,6.34214478007971,tobacco
25,50,50,6.5,coriander
18,57,46,6.078710116764912,coriander
20,40,57,6.1832033200962515,coriander
25,50,50,6.5,dry_chillies
22,54,49,6.277271266304354,dry_chillies
27,60,48,6.195567300222568,dry_chillies
25,50,50,6.3,potato
23,55,57,6.556340447838449,potato
22,53,44,6.015304320363024,potato
25,50,50,6.3,onion
27,55,60,6.581006384507718,onion
21,55,53,5.821382576179853,onion
25,50,50,6.3,coriander
18,41,44,5.985919846459907,coriander
25,53,49,5.83367636419654,coriander
25,50,50,6.3,dry_chillies
15,59,41,5.969685462946693,dry_chillies
25,43,40,6.670820089821343,dry_chillies
25,50,50,6.3,garlic
34,60,58,5.975259677782624,garlic
20,45,50,6.704512519116516,garlic
25,50,50,6.3,sugarcane
20,52,44,6.155151252138835,sugarcane
16,45,59,5.86065718658088,sugarcane
25,50,50,6.3,sweet_potato
32,42,51,6.474963538504741,sweet_potato
18,55,42,5.957507304007104,sweet_potato
25,50,50,6.3,turmeric
17,59,54,6.3985713565133775,turmeric
30,46,44,6.765070584658108,turmeric
25,75,25,7.0,potato
24,65,34,7.453254908819184,potato
34,81,27,6.983568146706723,potato
25,75,25,7.0,onion
16,80,27,6.511775163393926,onion
18,76,29,7.211506448900608,onion
25,75,25,7.0,tobacco
18,70,15,7.101866011793182,tobacco
24,84,19,6.636471371294061,tobacco
25,75,25,7.0,dry_chillies
22,67,20,7.141508496962471,dry_chillies
30,71,27,7.363398549807244,dry_chillies
25,75,25,7.0,garlic
19,79,25,7.375144000513421,garlic
19,72,16,6.5312601434317745,garlic
25,75,25,7.0,sugarcane
29,76,25,6.699164221495248,sugarcane
20,67,16,6.804039280055203,sugarcane
25,75,25,7.0,sweet_potato
35,71,26,7.001088248913373,sweet_potato
30,83,15,6.982191971634096,sweet_potato
25,75,25,7.0,turmeric
27,83,25,7.460047252426073,turmeric
27,82,17,6.661062265321936,turmeric
25,75,25,7.0,coriander
25,67,30,7.236966760925368,coriander
24,81,25,6.583113430676251,coriander
25,50,25,6.0,tobacco
24,53,29,5.991570674496698,tobacco
35,44,32,6.003032417507569,tobacco
50,75,50,6.3,potato
59,71,55,5.928573669694545,potato
53,75,57,6.693114058432771,potato
50,75,50,6.3,onion
59,85,42,6.559084237603487,onion
55,71,51,5.831353801522322,onion
50,75,50,6.3,tobacco
56,81,44,6.51785203520515,tobacco
43,72,52,6.193037453327618,tobacco
50,75,50,6.3,dry_chillies
59,81,46,5.920642535717442,dry_chillies
55,71,49,6.6318711971194,dry_chillies
50,75,50,6.3,garlic
53,74,55,6.6022957112530145,garlic
43,85,49,6.659950140236581,garlic
50,75,50,6.3,sugarcane
50,71,51,5.836576507414413,sugarcane
56,65,45,6.260197235308567,sugarcane
50,75,50,6.3,sweet_potato
42,78,50,5.882133477174963,sweet_potato
57,65,45,6.158135176079256,sweet_potato
50,75,50,6.3,turmeric
46,69,44,6.594953068863147,turmeric
47,66,47,6.54657528835016,turmeric
50,75,50,6.3,coriander
51,70,54,6.416177536787406,coriander
44,68,46,5.942485816997751,coriander
50,75,50,6.1,potato
42,79,47,5.629013065785827,potato
53,75,46,6.035884732025435,potato
50,75,50,6.1,onion
59,67,51,6.242898048020285,onion
41,68,51,5.701929978000691,onion
50,75,50,6.1,sannhamp
45,78,46,5.968291224553899,sannhamp
43,83,40,6.140823402691273,sannhamp
50,75,50,6.1,coriander
43,81,56,6.313148855705243,coriander
49,68,42,6.322001104732098,coriander
50,75,50,6.1,dry_chillies
42,69,58,6.299244549668004,dry_chillies
52,83,55,6.3895973852983765,dry_chillies
50,75,50,6.1,garlic
42,85,49,5.899173506743999,garlic
54,71,41,6.593543333450314,garlic
50,75,50,6.1,sugarcane
40,74,48,6.286224518584267,sugarcane
46,77,57,6.3800618380059255,sugarcane
50,75,50,6.1,sweet_potato
55,70,53,5.748566827966638,sweet_potato
45,69,51,5.601846050605171,sweet_potato
50,75,50,6.1,turmeric
60,65,58,5.7566143777659615,turmeric
57,76,51,5.611297288843551,turmeric
25,25,50,6.6,potato
35,35,41,6.148137958536448,potato
32,17,42,6.93869257832333,potato
25,25,50,6.6,onion
26,19,40,6.394088713053378,onion
25,15,51,6.865759283029106,onion
25,25,50,6.6,sannhamp
32,35,59,6.472179429003986,sannhamp
34,21,44,6.1276250714940605,sannhamp
25,25,50,6.6,tobacco
31,21,41,6.369175933580087,tobacco
20,25,56,6.981529184355303,tobacco
25,25,50,6.6,coriander
28,28,43,6.5037936906172185,coriander
35,26,48,6.963460356686362,coriander
25,25,50,6.6,dry_chillies
28,18,42,6.3385547998593035,dry_chillies
16,31,40,6.697020384212749,dry_chillies
25,25,50,6.6,garlic
25,18,55,6.9485108080868825,garlic
33,34,51,6.819599394294176,garlic
25,25,50,6.6,sugarcane
19,16,53,6.605477270144153,sugarcane
25,33,52,6.569824495985395,sugarcane
25,25,50,6.6,sweet_potato
32,27,42,7.005569879089082,sweet_potato
35,16,42,6.160809757872052,sweet_potato
25,25,50,6.6,turmeric
31,34,41,6.617494447849521,turmeric
16,33,49,6.117245741227026,turmeric
25,25,75,5.4,potato
32,17,68,5.44857835256247,potato
22,35,80,5.866103912718481,potato
25,25,75,5.4,onion
27,27,77,5.4879258863099745,onion
22,32,69,5.8631908705119224,onion
25,25,75,5.4,sannhamp
34,20,69,5.290845563787726,sannhamp
16,16,67,5.356251358928823,sannhamp
25,25,75,5.4,tobacco
17,15,82,5.66271736123172,tobacco
17,25,78,5.2093949759906355,tobacco
25,25,75,5.4,coriander
27,15,72,5.401783577171888,coriander
27,21,72,5.834351479424526,coriander
25,25,75,5.4,dry_chillies
18,19,84,5.894798441899282,dry_chillies
20,27,81,5.051530618392163,dry_chillies
25,25,75,5.4,garlic
20,25,83,5.537874003514533,garlic
23,34,78,5.8542936066325835,garlic
25,25,75,5.4,sugarcane
27,19,72,5.332296036250251,sugarcane
27,15,83,5.145557500891358,sugarcane
25,25,75,5.4,sweet_potato
15,17,79,5.443427947793373,sweet_potato
34,15,75,5.287638044881786,sweet_potato
25,25,75,5.4,turmeric
24,17,80,4.96712374826544,turmeric
32,31,68,5.865587670175863,turmeric
50,25,25,7.0,potato
43,23,34,7.215739241063384,potato
57,26,28,7.3575440943289365,potato
50,25,25,7.0,onion
49,23,22,7.09492086477571,onion
40,27,16,6.589977028373969,onion
50,25,25,7.0,coriander
41,28,16,7.22401718761295,coriander
56,30,21,7.376540099514669,coriander
50,25,25,7.0,dry_chillies
52,28,34,6.735292882751971,dry_chillies
53,31,22,6.635432376984647,dry_chillies
50,25,25,7.0,garlic
52,34,32,6.613785898955789,garlic
41,27,16,7.394820130572713,garlic
50,25,25,7.0,sugarcane
59,22,29,6.553951973434369,sugarcane
55,35,16,6.618554802480041,sugarcane
50,25,25,7.0,sweet_potato
59,26,34,7.017574344462745,sweet_potato
52,35,34,6.921176197365979,sweet_potato
50,25,25,7.0,turmeric
48,22,34,7.290667039349932,turmeric
60,30,17,6.5251699491514,turmeric
50,25,50,6.1,potato
52,19,56,5.628904296279151,potato
52,16,59,6.493513335504723,potato
50,25,50,6.1,tobacco
59,27,46,6.542251923002653,tobacco
54,28,41,6.518035502012316,tobacco
50,25,50,6.1,garlic
44,28,56,5.632876993232141,garlic
56,30,57,6.442859593674141,garlic
25,50,25,6.2,potato
34,45,31,6.48710814355113,potato
30,53,21,6.072924621259111,potato
25,50,25,6.2,onion
19,40,34,6.587090467226939,onion
29,59,26,5.752124141114209,onion
25,50,25,6.2,sannhamp
26,44,24,5.859387093743408,sannhamp
15,43,23,6.615742163214867,sannhamp
25,50,25,6.2,coriander
21,56,35,6.387829079827634,coriander
21,40,30,6.47347826410949,coriander
25,50,25,6.2,dry_chillies
28,46,17,5.939923462161801,dry_chillies
29,49,27,5.838182903476511,dry_chillies
25,50,25,6.2,garlic
25,52,16,5.978767055604524,garlic
23,54,21,6.0944406532022875,garlic
25,50,25,6.2,sugarcane
19,41,19,6.086284009022704,sugarcane
23,43,19,6.677646347033584,sugarcane
25,50,25,6.2,sweet_potato
22,49,29,6.474837201130579,sweet_potato
23,43,20,6.634088846707178,sweet_potato
25,50,25,6.2,turmeric
23,54,33,6.35577902697632,turmeric
28,47,23,5.990927105228533,turmeric
50,25,75,7.2,potato
58,22,68,7.070178514994939,potato
57,27,77,7.254799254247687,potato
50,25,75,7.2,onion
45,23,67,7.523807714521875,onion
49,16,65,7.588603412375998,onion
50,25,75,7.2,sannhamp
57,21,82,7.325156503972989,sannhamp
55,20,75,7.022506303434682,sannhamp
50,25,75,7.2,coriander
48,26,74,7.049679626901526,coriander
57,35,71,7.357049485136591,coriander
50,25,75,7.2,dry_chillies
42,26,78,6.989808011082706,dry_chillies
54,17,84,7.450233033577997,dry_chillies
50,25,75,7.2,garlic
42,18,74,7.378654576831742,garlic
44,15,81,7.434005562008778,garlic
50,25,75,7.2,sugarcane
56,18,71,6.763045244283193,sugarcane
40,30,66,7.4076770116736546,sugarcane
50,25,75,7.2,sweet_potato
47,16,72,7.493009126368571,sweet_potato
43,32,72,7.497618539200048,sweet_potato
50,25,75,7.2,turmeric
55,25,72,7.2217121045613295,turmeric
41,15,79,7.568052038833088,turmeric
25,25,50,7.0,banana
31,28,54,6.969498925695767,banana
22,31,42,6.768846405801629,banana
25,25,50,7.0,cashewnut
29,31,41,7.2202142640906075,cashewnut
26,15,49,7.313102150217455,cashewnut
25,25,50,7.0,dry_chillies
28,30,49,7.220416274458057,dry_chillies
29,31,42,7.484543159173889,dry_chillies
25,25,50,7.0,tapioca
15,24,56,6.6757049638042965,tapioca
24,24,51,6.843234072976187,tapioca
25,25,50,7.0,brinjal
29,31,47,7.243389229105306,brinjal
24,16,45,7.201472697145435,brinjal
25,25,50,7.0,mango
24,35,40,6.51500066026666,mango
15,26,55,7.032777969355952,mango
75,25,75,7.8,arecanut
67,25,74,7.468265784239556,arecanut
66,23,66,7.506593289440281,arecanut
75,25,75,7.8,banana
67,22,69,7.6325080354805275,banana
76,20,70,7.317139610105378,banana
75,25,75,7.8,black_pepper
85,34,74,7.932873661665908,black_pepper
78,22,68,8.226020822090351,black_pepper
75,25,75,7.8,cashewnut
73,19,67,7.901593458340024,cashewnut
78,28,76,8.166455550811436,cashewnut
75,25,75,7.8,tapioca
82,34,69,7.654984320700034,tapioca
72,27,76,7.7055024884870535,tapioca
75,25,75,7.8,dry_chillies
84,19,68,7.906458988489957,dry_chillies
85,25,79,7.4248326181831175,dry_chillies
75,25,75,7.8,mango
76,19,71,7.4504201126453555,mango
74,18,75,7.682083963461657,mango
50,50,25,6.7,banana
49,52,17,6.385168948414096,banana
58,41,18,6.558219535631783,banana
50,50,25,6.7,coriander
46,59,18,6.616008980529173,coriander
48,59,15,6.712042979761366,coriander
50,50,25,6.7,dry_chillies
55,50,19,6.864076049586801,dry_chillies
53,43,34,6.498341502607134,dry_chillies
50,50,25,6.7,mango
58,57,32,6.669021139086551,mango
45,53,25,6.747119224242292,mango
50,50,25,6.7,onion
42,53,19,7.1972299741286765,onion
56,48,34,6.770533175279866,onion
25,50,75,7.6,moonggreen_gram
16,43,75,7.191188862519662,moonggreen_gram
27,43,81,7.638241990011339,moonggreen_gram
50,50,50,7.3,cottonlint
52,49,42,7.31456021152776,cottonlint
56,46,50,7.065897586477117,cottonlint
50,50,50,7.3,moonggreen_gram
60,46,56,7.044795019598604,moonggreen_gram
45,54,40,7.043751467240513,moonggreen_gram
50,50,50,7.3,sugarcane
47,51,44,7.377099382278668,sugarcane
40,51,55,7.120728962305376,sugarcane
50,50,50,7.3,guar_seed
44,46,46,6.991997789449206,guar_seed
46,52,46,7.049297610730889,guar_seed
50,75,25,7.8,cottonlint
46,67,23,8.234881756064786,cottonlint
58,80,20,8.172869113474643,cottonlint
50,75,25,7.8,moonggreen_gram
49,78,26,8.132083165069602,moonggreen_gram
60,78,16,7.640549374901356,moonggreen_gram
50,75,25,7.8,sugarcane
41,71,24,8.156287410928755,sugarcane
52,75,26,8.158403827010503,sugarcane
50,75,25,7.8,guar_seed
52,73,21,7.462589253232354,guar_seed
44,83,18,7.33143139763157,guar_seed
25,50,25,7.2,sugarcane
32,46,18,6.918842367889995,sugarcane
19,60,28,7.06026139627237,sugarcane
75,25,25,7.4,sugarcane
73,24,22,6.982860241637019,sugarcane
83,19,27,7.305801580017093,sugarcane
75,25,75,6.7,sugarcane
81,32,79,6.509999675351614,sugarcane
70,28,79,7.17977906880743,sugarcane
75,50,50,7.6,sugarcane
66,50,55,7.649791295691254,sugarcane
74,48,54,7.704397088915128,sugarcane
25,50,50,7.3,moonggreen_gram
30,57,46,7.778607088999837,moonggreen_gram
35,43,48,7.234957393749004,moonggreen_gram
50,75,50,7.5,moonggreen_gram
55,65,45,7.2522593238137265,moonggreen_gram
40,66,40,7.389281659803626,moonggreen_gram
50,75,50,7.5,sugarcane
51,80,58,7.613902682849078,sugarcane
49,84,40,7.264899688863995,sugarcane
50,75,25,6.6,cottonlint
47,66,34,6.1774459774852994,cottonlint
55,77,27,6.5729816651875455,cottonlint
50,75,25,6.6,moonggreen_gram
42,65,31,6.2120939718762616,moonggreen_gram
56,77,21,6.107785866646248,moonggreen_gram
50,75,25,6.6,sugarcane
51,76,24,7.001122309173556,sugarcane
52,74,28,6.81342705324207,sugarcane
25,25,50,7.4,cottonlint
34,18,57,7.653516446582481,cottonlint
30,19,47,7.588277649267228,cottonlint
25,25,50,7.4,moonggreen_gram
30,28,51,6.972940375515144,moonggreen_gram
28,19,48,7.1547906952498375,moonggreen_gram
25,25,50,7.4,sugarcane
17,20,43,7.884454532084122,sugarcane
24,15,60,7.881079508651804,sugarcane
25,25,50,7.4,guar_seed
34,30,55,7.566679031784892,guar_seed
26,23,51,7.374133859267309,guar_seed
75,25,50,6.6,cottonlint
79,31,60,6.657959485637525,cottonlint
72,19,48,6.165233130958379,cottonlint
75,25,50,6.6,moonggreen_gram
78,29,56,6.4322544989499635,moonggreen_gram
78,24,59,7.066208458678515,moonggreen_gram
75,25,50,6.6,sugarcane
78,19,56,6.216904625918672,sugarcane
77,26,60,6.39709669977628,sugarcane
75,25,50,6.6,guar_seed
77,20,42,7.034198028629248,guar_seed
77,17,56,6.106338622731782,guar_seed
50,75,50,7.2,coriander
47,74,58,7.0817392428011035,coriander
45,76,49,7.093309181679601,coriander
50,75,50,7.2,dry_chillies
42,73,47,6.966053160387099,dry_chillies
53,65,55,7.633078134543145,dry_chillies
50,75,50,7.2,garlic
40,79,54,6.877899610461545,garlic
40,82,56,7.628661187012192,garlic
50,75,50,7.2,onion
42,78,45,6.72986732655427,onion
44,83,52,6.777387206043238,onion
50,75,50,7.2,potato
47,83,50,7.642282026165412,potato
48,84,45,7.651067015446216,potato
50,75,50,7.2,sugarcane
57,83,42,7.160252197061643,sugarcane
42,70,58,7.6058380533924606,sugarcane
50,75,50,7.2,sweet_potato
46,76,41,7.483321397739437,sweet_potato
60,67,51,7.613497345957493,sweet_potato
50,75,50,7.2,guar_seed
40,66,43,7.028613174040769,guar_seed
60,73,56,6.889301142133011,guar_seed
50,75,50,7.2,sannhamp
43,67,46,7.511174499846373,sannhamp
46,67,52,7.523494145143677,sannhamp
50,75,50,7.2,tapioca
50,78,42,7.384597174565612,tapioca
42,75,52,7.002666987161027,tapioca
50,75,50,7.2,citrus_fruit
60,83,40,7.277520399292888,citrus_fruit
60,81,47,7.086657054242739,citrus_fruit
50,75,50,7.2,mango
53,78,51,6.938602574801691,mango
43,82,48,7.631746312687379,mango
50,75,50,7.2,other_fresh_fruits
44,68,40,6.868490616973462,other_fresh_fruits
50,75,51,7.337497039714054,other_fresh_fruits
50,75,50,7.2,other_vegetables
41,77,47,7.598646344238226,other_vegetables
57,84,60,6.7509495082254976,other_vegetables
50,75,50,7.2,pome_fruit
43,80,42,7.174099304787059,pome_fruit
48,67,53,7.38032080822348,pome_fruit
50,75,50,7.2,other_oilseeds
42,67,45,7.604365439890411,other_oilseeds
51,85,54,6.792069178619776,other_oilseeds
50,75,50,7.2,ginger
43,77,47,6.955649601565729,ginger
52,70,59,7.196168159873951,ginger
50,25,25,7.2,potato
52,30,15,7.263350160649908,potato
54,33,15,7.463631029187867,potato
50,25,25,7.2,coriander
47,24,15,7.52752332316579,coriander
45,16,29,6.791109706843559,coriander
50,25,25,7.2,dry_chillies
48,24,23,7.491408954580064,dry_chillies
55,27,24,7.276751438180806,dry_chillies
50,25,25,7.2,garlic
58,20,16,7.631448147372932,garlic
49,23,15,7.045733981241881,garlic
50,25,25,7.2,onion
45,19,26,7.061949808094266,onion
54,17,33,6.79719258262392,onion
50,25,25,7.2,sugarcane
54,26,28,7.0635954826303,sugarcane
49,25,16,6.77567430246708,sugarcane
50,25,25,7.2,sweet_potato
52,27,35,7.6123201104796845,sweet_potato
58,29,32,6.837578968112422,sweet_potato
50,25,25,7.2,banana
53,29,25,7.35051145406619,banana
58,30,35,7.004960492780761,banana
50,25,25,7.2,guar_seed
59,35,32,6.990593915932641,guar_seed
40,30,21,7.4258281671867445,guar_seed
50,25,25,7.2,sannhamp
42,22,29,6.903175325310961,sannhamp
51,18,20,7.352749569074641,sannhamp
50,25,25,7.2,tapioca
44,35,26,7.0162091531524755,tapioca
40,25,17,7.596018575177798,tapioca
50,25,25,7.2,tobacco
49,26,27,7.211691429826165,tobacco
59,21,22,6.721613138204006,tobacco
50,25,25,7.2,citrus_fruit
49,16,22,6.766595890925803,citrus_fruit
59,21,26,7.082747421837392,citrus_fruit
50,25,25,7.2,mango
51,24,17,7.031476896273572,mango
47,34,17,7.305913453146704,mango
50,25,25,7.2,other_fresh_fruits
42,32,26,7.383544642707252,other_fresh_fruits
41,27,26,7.329356598145857,other_fresh_fruits
50,25,25,7.2,other_vegetables
56,34,31,7.229297199236795,other_vegetables
60,19,35,6.935897523194237,other_vegetables
50,25,25,7.2,papaya
44,35,16,7.211130281780649,papaya
47,30,28,7.103528643123323,papaya
50,25,25,7.2,pome_fruit
60,21,35,7.064035081091056,pome_fruit
60,34,15,7.649505698179172,pome_fruit
50,25,25,7.2,water_melon
43,31,35,7.385214444305116,water_melon
48,25,17,7.032650514176083,water_melon
50,25,25,7.2,oilseeds_total
42,33,21,7.52990475976356,oilseeds_total
43,22,26,7.450047969382982,oilseeds_total
50,25,25,7.2,other_oilseeds
49,34,26,7.035433051925801,other_oilseeds
43,34,23,6.957422403446521,other_oilseeds
50,25,25,7.2,ginger
53,34,18,7.356276646548253,ginger
55,20,27,6.828006396509721,ginger
50,25,25,7.2,turmeric
41,20,17,6.814599325293753,turmeric
58,19,32,7.675058287543209,turmeric
50,50,50,6.2,dry_chillies
51,59,40,6.169210788459056,dry_chillies
52,50,50,6.382150020876269,dry_chillies
50,50,50,6.2,garlic
43,51,40,6.668610388953955,garlic
59,58,60,5.834937315432626,garlic
50,50,50,6.2,onion
60,57,41,5.8861898037005105,onion
60,48,52,5.772007620663797,onion
50,50,50,6.2,sugarcane
53,59,57,5.981574516424945,sugarcane
57,46,58,5.752010452476162,sugarcane
50,50,50,6.2,sweet_potato
54,55,49,5.702703180718279,sweet_potato
49,46,51,6.086510814064933,sweet_potato
50,50,50,6.2,banana
40,59,49,5.838080103111251,banana
60,51,52,5.8525422838176215,banana
50,50,50,6.2,coriander
47,59,53,5.804665474773599,coriander
45,55,41,6.062020048120845,coriander
50,50,50,6.2,guar_seed
46,57,42,6.562245805144613,guar_seed
53,53,46,6.606647435385456,guar_seed
50,50,50,6.2,potato
44,52,55,6.4281172214310205,potato
50,46,54,6.554371236195954,potato
50,50,50,6.2,sannhamp
49,40,55,6.666505186786689,sannhamp
46,40,57,6.310324446778521,sannhamp
50,50,50,6.2,grapes
46,51,60,5.884596735564474,grapes
56,58,50,6.497976543200284,grapes
50,50,50,6.2,other_fresh_fruits
53,44,56,5.783492454850756,other_fresh_fruits
45,42,42,5.707396104967296,other_fresh_fruits
50,50,50,6.2,other_vegetables
55,52,45,5.8146357859105064,other_vegetables
45,43,51,5.780321621392374,other_vegetables
50,50,50,6.2,papaya
51,45,60,6.041541500625277,papaya
47,40,55,6.341312146658146,papaya
50,50,50,6.2,other_oilseeds
60,53,43,5.772277649150845,other_oilseeds
55,55,55,6.012941668136404,other_oilseeds
50,50,50,6.2,tobacco
48,51,44,6.656222380784055,tobacco
44,40,47,6.076878597070682,tobacco
50,50,50,6.2,ginger
58,48,43,6.197281837554514,ginger
45,45,59,6.649145732261192,ginger
25,75,25,8.4,potato
23,66,27,8.483322273292409,potato
22,69,20,8.479888578357643,potato
25,75,25,8.4,coriander
25,83,29,8.589665546712078,coriander
27,71,35,8.323998179670003,coriander
25,75,25,8.4,dry_chillies
33,69,35,8.248901504034949,dry_chillies
20,65,26,8.4419986502385,dry_chillies
25,75,25,8.4,garlic
19,67,23,8.725501105509124,garlic
27,65,15,8.092131951434114,garlic
25,75,25,8.4,onion
30,81,23,8.212356069290438,onion
21,82,16,8.11180643539585,onion
25,75,25,8.4,sugarcane
20,81,32,8.680863157103731,sugarcane
24,85,17,8.600291148625725,sugarcane
25,75,25,8.4,sweet_potato
26,80,28,7.9033101999550155,sweet_potato
18,69,34,7.916451913853677,sweet_potato
25,75,25,8.4,sannhamp
22,83,23,8.420565114731893,sannhamp
29,68,23,8.333721781699925,sannhamp
25,75,25,8.4,tapioca
18,83,29,8.850466412395798,tapioca
23,78,15,8.623923558082932,tapioca
25,75,25,8.4,banana
25,67,30,8.244204369474856,banana
19,75,30,8.393804179257776,banana
25,75,25,8.4,citrus_fruit
34,80,31,8.721733929588137,citrus_fruit
24,65,28,8.224474473091712,citrus_fruit
25,75,25,8.4,mango
33,75,21,7.984610368393587,mango
21,73,23,8.23746991964977,mango
25,75,25,8.4,other_fresh_fruits
31,73,29,8.049806222030561,other_fresh_fruits
20,77,33,8.282635640283207,other_fresh_fruits
25,75,25,8.4,other_vegetables
26,68,34,7.926947969967089,other_vegetables
23,68,33,8.85426995101114,other_vegetables
25,75,25,8.4,papaya
28,85,19,8.193513266553227,papaya
15,85,27,8.643220336115672,papaya
25,75,25,8.4,pome_fruit
22,84,30,8.16323677134278,pome_fruit
25,69,35,7.953855826634076,pome_fruit
25,75,25,8.4,guar_seed
16,83,18,7.96067510856494,guar_seed
34,80,16,8.444682185992608,guar_seed
25,75,25,8.4,water_melon
23,80,15,8.781468805973772,water_melon
26,71,20,7.914002193048625,water_melon
25,75,25,8.4,other_oilseeds
18,85,27,8.06895049218353,other_oilseeds
35,66,22,8.54151791803082,other_oilseeds
25,75,25,8.4,turmeric
25,85,18,8.810845336579582,turmeric
35,85,28,8.898898572645729,turmeric
25,75,25,8.4,ginger
17,66,35,7.929864130724185,ginger
17,82,17,7.94641298375519,ginger
50,75,50,8.4,coriander
41,67,57,8.278128957264633,coriander
52,78,56,8.628062749571654,coriander
50,75,50,8.4,dry_chillies
46,74,55,8.068814560600877,dry_chillies
52,84,53,8.266358844792792,dry_chillies
50,75,50,8.4,onion
49,78,45,8.84490722616963,onion
60,83,57,8.887648471026292,onion
50,75,50,8.4,sweet_potato
52,73,47,8.235258433933149,sweet_potato
49,65,58,8.136799071547225,sweet_potato
50,75,50,8.4,guar_seed
44,74,55,8.696451676411955,guar_seed
45,68,42,8.599478852978855,guar_seed
50,75,50,8.4,potato
60,82,43,8.521285081545386,potato
56,83,52,7.921141150396725,potato
50,75,50,8.4,garlic
47,75,45,8.583850501369199,garlic
44,70,49,8.855082380432956,garlic
50,75,50,8.4,other_fresh_fruits
55,65,53,8.597803770572257,other_fresh_fruits
55,76,40,8.848094749978584,other_fresh_fruits
50,75,50,8.4,other_vegetables
57,83,52,8.310592099299182,other_vegetables
56,67,45,8.824064754078876,other_vegetables
50,75,50,8.4,citrus_fruit
48,79,47,8.372147723135788,citrus_fruit
45,74,44,8.284958278772205,citrus_fruit
50,75,50,8.4,other_oilseeds
47,76,41,8.237426014855332,other_oilseeds
43,75,50,8.080266590899011,other_oilseeds
50,50,75,6.3,potato
40,55,79,6.439789252655094,potato
56,46,80,5.92754023601391,potato
50,50,75,6.3,coriander
52,57,72,5.928029904023193,coriander
58,55,67,6.027348112523335,coriander
50,50,75,6.3,dry_chillies
45,43,84,5.801965552648788,dry_chillies
42,44,85,6.229371386372418,dry_chillies
50,50,75,6.3,garlic
58,51,70,6.609175629896445,garlic
52,54,67,6.116444731855183,garlic
50,50,75,6.3,onion
54,59,68,6.149036206296871,onion
40,45,77,6.647653819845291,onion
50,50,75,6.3,sugarcane
54,43,68,6.427030914231184,sugarcane
55,47,65,6.000892362673364,sugarcane
50,50,75,6.3,sweet_potato
60,52,71,6.187241823412448,sweet_potato
41,48,71,6.746221916946013,sweet_potato
50,50,75,6.3,guar_seed
44,56,76,6.48427270592833,guar_seed
60,60,84,5.942849481894552,guar_seed
50,50,75,6.3,sannhamp
43,50,73,6.653000243993387,sannhamp
46,48,69,6.4965973125806125,sannhamp
50,50,75,6.3,tapioca
42,49,65,6.051520606176785,tapioca
48,43,79,6.706777290510116,tapioca
50,50,75,6.3,tobacco
59,43,70,6.254294927620163,tobacco
52,55,80,5.851718573575528,tobacco
50,50,75,6.3,citrus_fruit
43,45,81,5.9054574352072216,citrus_fruit
46,45,70,6.129547757495701,citrus_fruit
50,50,75,6.3,mango
47,60,65,6.468624910727655,mango
45,42,81,6.50241964015203,mango
50,50,75,6.3,other_fresh_fruits
44,56,66,6.796172813057015,other_fresh_fruits
60,49,79,6.246726491765001,other_fresh_fruits
50,50,75,6.3,other_vegetables
49,49,77,6.383128886615993,other_vegetables
40,58,84,5.870075768450229,other_vegetables
50,50,75,6.3,papaya
60,41,70,6.345370780806113,papaya
58,58,85,5.92942948923857,papaya
50,50,75,6.3,pome_fruit
49,56,72,6.048330556240748,pome_fruit
50,42,77,5.856879355523856,pome_fruit
50,50,75,6.3,water_melon
45,44,68,6.013991649734226,water_melon
47,41,74,6.3724010280645755,water_melon
50,50,75,6.3,other_oilseeds
50,54,78,6.224432407206235,other_oilseeds
53,50,81,5.816761987334001,other_oilseeds
50,50,75,6.3,turmeric
40,51,77,5.994382829156178,turmeric
43,56,75,5.907615762707792,turmeric
50,75,25,5.9,coriander
59,83,16,5.802381209062986,coriander
47,70,35,5.847377617839683,coriander
50,75,25,5.9,dry_chillies
58,80,18,5.431983744657111,dry_chillies
55,68,30,6.3895255556076656,dry_chillies
50,75,25,5.9,garlic
45,82,22,5.967856288928687,garlic
55,68,34,5.697345627921426,garlic
50,75,25,5.9,onion
47,73,31,5.472863856442862,onion
60,85,15,5.872032591091022,onion
50,75,25,5.9,potato
54,78,26,5.6452592789651765,potato
54,78,22,5.732120485123333,potato
50,75,25,5.9,sugarcane
56,71,34,5.89086736099515,sugarcane
52,76,22,6.034885123184589,sugarcane
50,75,25,5.9,sweet_potato
56,70,33,5.605836644691416,sweet_potato
58,78,22,6.161193298696168,sweet_potato
50,75,25,5.9,turmeric
41,67,31,5.797759731112985,turmeric
52,81,21,6.277511741402321,turmeric
50,75,25,5.9,guar_seed
60,75,30,5.794357282016991,guar_seed
49,68,15,6.074778976242379,guar_seed
50,75,25,5.9,sannhamp
60,69,27,5.7423714019112735,sannhamp
47,79,29,5.78089618112385,sannhamp
50,75,25,5.9,tapioca
48,70,16,5.770464625427012,tapioca
55,80,34,5.576723846608781,tapioca
50,75,25,5.9,tobacco
52,75,28,6.384071588854595,tobacco
53,72,20,5.812852607889107,tobacco
50,75,25,5.9,citrus_fruit
53,78,17,6.368661643824372,citrus_fruit
48,65,17,5.733378027150172,citrus_fruit
50,75,25,5.9,mango
44,82,28,6.324304478783527,mango
45,67,30,5.47152474157987,mango
50,75,25,5.9,other_fresh_fruits
41,65,28,5.998188036454571,other_fresh_fruits
57,78,18,5.701441434685642,other_fresh_fruits
50,75,25,5.9,other_vegetables
55,69,17,5.572057815446797,other_vegetables
59,84,23,6.336961141958363,other_vegetables
50,75,25,5.9,papaya
55,74,34,6.288987226118056,papaya
41,80,16,5.883661608378186,papaya
50,75,25,5.9,pome_fruit
43,85,25,5.733472523370029,pome_fruit
49,79,22,5.6638745676165545,pome_fruit
50,75,25,5.9,water_melon
48,70,23,5.718190978361985,water_melon
59,80,25,6.21969060138225,water_melon
50,75,25,5.9,oilseeds_total
51,79,32,5.841068370634765,oilseeds_total
55,79,16,6.247083570574095,oilseeds_total
50,75,25,5.9,other_oilseeds
52,67,15,6.04166909204117,other_oilseeds
48,83,33,5.6023707524861575,other_oilseeds
50,75,25,5.9,banana
52,85,25,5.914785274227106,banana
48,82,17,6.004683374734945,banana
50,75,75,7.0,coriander
44,75,76,7.335789234217622,coriander
40,81,72,7.13331535664268,coriander
50,75,75,7.0,garlic
56,66,72,7.12215902930925,garlic
58,68,85,7.432762167113504,garlic
50,75,75,7.0,onion
54,85,74,6.670892728423803,onion
59,66,66,7.415365644755557,onion
50,75,75,7.0,potato
59,82,76,6.623042112307868,potato
52,74,83,6.758547306828709,potato
50,75,75,7.0,sugarcane
55,68,72,6.55562266470302,sugarcane
42,69,73,6.8346476803021625,sugarcane
50,75,75,7.0,guar_seed
54,66,68,7.31775132019368,guar_seed
46,72,85,6.576137195946653,guar_seed
50,75,75,7.0,sweet_potato
48,82,69,7.195522350700991,sweet_potato
59,82,84,6.517213940122661,sweet_potato
50,75,75,7.0,dry_chillies
55,85,81,6.987200335671285,dry_chillies
47,68,80,7.418596090311953,dry_chillies
50,75,75,7.0,citrus_fruit
41,84,77,6.9436320377114535,citrus_fruit
56,83,73,7.039906018642669,citrus_fruit
50,75,75,7.0,other_fresh_fruits
41,65,69,7.276369675855305,other_fresh_fruits
60,82,84,6.6501575966313675,other_fresh_fruits
50,75,75,7.0,other_vegetables
46,77,72,6.85515013054653,other_vegetables
45,73,81,6.766634924673605,other_vegetables
50,75,75,7.0,oilseeds_total
59,69,78,6.919233461801909,oilseeds_total
40,83,77,7.151667319578103,oilseeds_total
50,75,75,7.0,pome_fruit
55,72,81,7.071744137025426,pome_fruit
42,83,70,6.7422732182495135,pome_fruit
50,75,75,7.0,other_oilseeds
46,81,66,6.654326296995043,other_oilseeds
46,85,70,6.873439099588244,other_oilseeds
50,75,75,7.0,banana
54,75,71,6.81733333269593,banana
43,75,78,7.141741601459949,banana
50,75,75,7.0,sannhamp
58,80,66,6.689450278196731,sannhamp
50,74,85,6.6513745991132645,sannhamp
50,75,75,7.0,turmeric
49,66,73,7.4145843916239675,turmeric
53,85,76,7.14654792539392,turmeric
50,50,75,7.2,guar_seed
50,40,72,6.793574386220442,guar_seed
55,46,67,7.663169635123179,guar_seed
50,50,75,7.2,sannhamp
53,60,81,7.593963053318296,sannhamp
54,47,77,7.139137953884248,sannhamp
50,50,75,7.2,tapioca
40,40,65,7.4947934159807295,tapioca
41,42,82,6.954996444336662,tapioca
50,50,75,7.2,citrus_fruit
55,40,68,7.255576795252143,citrus_fruit
46,40,82,6.836285875154739,citrus_fruit
50,50,75,7.2,other_fresh_fruits
58,56,82,7.1806927266607055,other_fresh_fruits
58,59,69,6.937594737592956,other_fresh_fruits
50,50,75,7.2,other_vegetables
49,59,72,6.8487427736840605,other_vegetables
40,40,82,7.142705935358442,other_vegetables
50,50,75,7.2,papaya
57,42,74,6.9830184853187856,papaya
57,48,74,7.621676537036273,papaya
50,50,75,7.2,pome_fruit
60,60,76,7.345199900271163,pome_fruit
59,44,82,6.995347612580698,pome_fruit
50,50,75,7.2,water_melon
49,55,66,7.216133689754213,water_melon
57,59,74,6.769292697088597,water_melon
50,50,75,7.2,other_oilseeds
50,52,75,6.852834270890132,other_oilseeds
47,48,65,6.909562995148918,other_oilseeds
50,25,50,8.1,coriander
60,30,49,8.203106861626733,coriander
56,32,49,8.071069693861219,coriander
50,25,50,8.1,dry_chillies
58,16,46,8.23404805908538,dry_chillies
41,33,49,8.022900492723686,dry_chillies
50,25,50,8.1,garlic
50,29,53,8.164036705655207,garlic
55,34,47,7.941260530971964,garlic
50,25,50,8.1,onion
48,20,55,7.710102664241987,onion
57,27,60,8.506868359086232,onion
50,25,50,8.1,potato
53,25,51,8.516856942055771,potato
58,19,52,7.973668715666932,potato
50,25,50,8.1,sugarcane
53,26,57,7.727059609059308,sugarcane
56,27,60,8.331185953371548,sugarcane
50,25,50,8.1,sweet_potato
54,27,51,7.811540851565089,sweet_potato
47,32,57,8.10613332053306,sweet_potato
50,25,50,8.1,turmeric
43,15,51,7.856867272843743,turmeric
54,17,53,8.53877345686613,turmeric
50,25,50,8.1,guar_seed
43,21,49,8.259522258221471,guar_seed
52,25,59,8.209146747859375,guar_seed
50,25,50,8.1,sannhamp
44,15,49,7.828859754611957,sannhamp
40,28,50,7.677599866520817,sannhamp
50,25,50,8.1,tapioca
59,35,50,8.532730171027337,tapioca
44,24,52,8.277006891628007,tapioca
50,25,50,8.1,tobacco
59,23,54,7.714164828553511,tobacco
44,29,46,8.573148921696802,tobacco
50,25,50,8.1,banana
58,26,58,8.163034019332635,banana
42,17,44,8.400467218784602,banana
50,25,50,8.1,citrus_fruit
53,24,52,8.14961516453537,citrus_fruit
40,18,54,8.502442868077157,citrus_fruit
50,25,50,8.1,other_fresh_fruits
45,30,50,8.05092368313467,other_fresh_fruits
44,19,47,7.675602042516156,other_fresh_fruits
50,25,50,8.1,other_vegetables
50,21,42,8.416916108347761,other_vegetables
43,18,45,7.601072205534791,other_vegetables
50,25,50,8.1,papaya
46,26,56,7.786428944590179,papaya
41,15,47,8.080971852079808,papaya
50,25,50,8.1,pome_fruit
57,35,50,7.995572763867486,pome_fruit
45,15,57,7.965977709560649,pome_fruit
50,25,50,8.1,water_melon
42,27,40,7.718019121348136,water_melon
52,34,60,7.858536328813764,water_melon
50,25,50,8.1,other_oilseeds
43,17,55,8.447324713529758,other_oilseeds
53,20,45,8.541532436746413,other_oilseeds
50,25,50,8.1,ginger
53,16,40,7.962655879444442,ginger
57,16,56,8.344062814271968,ginger
25,50,50,7.0,coriander
20,43,43,6.709828652757631,coriander
22,53,59,6.5274691559099125,coriander
25,50,50,7.0,dry_chillies
26,59,60,7.2513337895402445,dry_chillies
28,58,47,6.99227400860929,dry_chillies
25,50,50,7.0,garlic
18,51,41,6.683713042409178,garlic
17,49,55,7.111977699852363,garlic
25,50,50,7.0,onion
27,54,54,7.237859748673546,onion
23,44,43,7.143828508552044,onion
25,50,50,7.0,sweet_potato
33,53,49,7.042434185328669,sweet_potato
22,47,51,6.731141705503642,sweet_potato
25,50,50,7.0,guar_seed
19,56,60,6.619634927994026,guar_seed
19,47,56,7.211654846137746,guar_seed
25,50,50,7.0,tobacco
29,52,41,6.561249792669534,tobacco
26,44,47,7.297947060193651,tobacco
50,75,75,7.0,total_foodgrain
43,76,66,6.625330800269127,total_foodgrain
53,76,83,7.401756072474833,total_foodgrain
50,75,75,7.0,pulses_total
58,74,67,6.541611973323939,pulses_total
46,79,69,7.271427790329265,pulses_total
75,50,75,6.3,oilseeds_total
83,41,70,6.20072590052583,oilseeds_total
82,56,74,5.907913139224043,oilseeds_total
75,50,75,6.3,total_foodgrain
76,60,84,6.324446671577646,total_foodgrain
78,56,70,6.212487490608315,total_foodgrain
75,50,75,6.3,pulses_total
84,57,66,6.207202298998036,pulses_total
78,59,84,5.830155769834095,pulses_total
75,50,75,6.3,other_fresh_fruits
81,47,85,5.995500965350588,other_fresh_fruits
82,45,67,6.5510405711414785,other_fresh_fruits
75,50,75,6.3,other_vegetables
82,49,76,6.5197655540976545,other_vegetables
71,58,82,5.857885596850657,other_vegetables
75,50,75,6.3,potato
85,60,85,5.89090439254055,potato
70,58,74,6.123469719855761,potato
25,50,50,5.9,oilseeds_total
16,59,43,5.863993610529353,oilseeds_total
29,41,56,6.041475286275972,oilseeds_total
25,50,50,5.9,total_foodgrain
16,58,58,6.384601293579033,total_foodgrain
35,56,60,5.461003408027075,total_foodgrain
25,50,50,5.9,pulses_total
22,41,42,6.32307319201226,pulses_total
18,51,54,6.251634395105871,pulses_total
25,50,50,5.9,other_oilseeds
30,59,58,6.257315783873052,other_oilseeds
22,60,52,6.390873813519723,other_oilseeds
75,50,50,7.2,arhartur
67,60,41,7.553924750965226,arhartur
77,47,41,7.4736743605554885,arhartur
75,50,50,7.2,bajra
76,59,55,7.196888376260516,bajra
80,42,54,7.677082630812038,bajra
75,50,50,7.2,banana
83,47,40,7.512327064990318,banana
84,42,55,7.519805673382597,banana
75,50,50,7.2,cashewnut
75,42,46,6.721198706624687,cashewnut
71,47,44,7.492615256589495,cashewnut
75,50,50,7.2,castor_seed
70,58,60,6.764351427701943,castor_seed
76,42,57,7.3831484463605195,castor_seed
75,50,50,7.2,coconut
76,53,53,6.835905753809058,coconut
71,50,56,7.555268556161931,coconut
75,50,50,7.2,coriander
77,40,45,6.95708035475695,coriander
67,57,47,6.991375050837552,coriander
75,50,50,7.2,cottonlint
74,53,45,6.732573910214196,cottonlint
67,50,58,7.236497362904294,cottonlint
75,50,50,7.2,dry_chillies
66,49,48,7.48466826976737,dry_chillies
71,45,50,6.774100649856513,dry_chillies
75,50,50,7.2,groundnut
73,47,55,7.584111783593289,groundnut
73,50,45,7.001028167669091,groundnut
75,50,50,7.2,jowar
73,41,56,7.647014546291931,jowar
72,54,40,7.022463463570558,jowar
75,50,50,7.2,maize
69,46,42,7.122399174907525,maize
75,53,40,6.76323921169151,maize
75,50,50,7.2,moonggreen_gram
68,47,48,6.927168442422923,moonggreen_gram
72,49,44,6.715794094565399,moonggreen_gram
75,50,50,7.2,onion
79,44,54,7.692294391192664,onion
81,41,54,6.918189802099807,onion
75,50,50,7.2,ragi
70,46,41,7.254025388858005,ragi
73,45,52,7.078255821746141,ragi
75,50,50,7.2,sugarcane
69,52,50,7.653008660783484,sugarcane
68,46,49,7.4085705727647735,sugarcane
75,50,50,7.2,sunflower
68,44,59,7.121302640351626,sunflower
73,51,40,7.23068226935429,sunflower
75,50,50,7.2,sweet_potato
65,50,45,7.293475260370034,sweet_potato
83,49,41,6.910527896063108,sweet_potato
75,50,50,7.2,tapioca
71,52,57,7.689120994249118,tapioca
68,49,50,7.2745920433178295,tapioca
75,50,50,7.2,turmeric
78,50,57,7.544113997829897,turmeric
85,58,60,7.448067583589088,turmeric
75,50,50,7.2,urad
65,46,44,6.835985371767128,urad
77,48,44,7.533534224680547,urad
75,50,50,7.2,sesamum
85,44,41,6.859411956617248,sesamum
71,44,40,6.8914680239009725,sesamum
75,50,50,7.2,small_millets
80,46,54,6.867222457199622,small_millets
67,40,45,6.892687454280272,small_millets
75,50,50,7.2,tobacco
72,54,45,6.854815482930254,tobacco
66,58,55,7.004386923169225,tobacco
75,50,50,7.2,arecanut
71,41,56,6.781257116117364,arecanut
83,43,48,7.540047988836964,arecanut
25,25,25,6.8,banana
16,29,19,6.513567579161851,banana
31,26,17,6.688755068330279,banana
25,25,25,6.8,cashewnut
30,18,29,6.940546328922751,cashewnut
17,20,15,6.737566942482381,cashewnut
25,25,25,6.8,dry_chillies
16,24,19,7.011721626150917,dry_chillies
31,18,28,6.5957663256104535,dry_chillies
25,25,25,6.8,sugarcane
20,32,22,7.181072847969065,sugarcane
21,35,23,6.883016570551178,sugarcane
25,25,25,6.8,sweet_potato
32,24,16,6.437272532221487,sweet_potato
16,33,24,6.570346698861589,sweet_potato
25,25,25,6.8,tapioca
33,21,35,6.334838569342631,tapioca
24,20,35,6.465812707920774,tapioca
25,25,25,6.8,turmeric
19,30,35,7.085513977021709,turmeric
17,21,32,6.405401896625072,turmeric
25,25,25,6.8,ginger
27,17,26,6.506360838276727,ginger
33,31,20,7.116232419131542,ginger
25,25,25,6.8,coriander
28,26,17,7.202247793962832,coriander
16,16,21,6.9741233198991255,coriander
25,50,50,5.5,banana
17,52,46,5.966981878765779,banana
35,46,60,5.854251153965484,banana
25,50,50,5.5,coconut
17,44,54,5.7262835769532385,coconut
34,59,57,5.352163987473667,coconut
25,50,50,5.5,dry_chillies
17,56,52,5.026251293015699,dry_chillies
18,49,58,5.206359525477535,dry_chillies
25,50,50,5.5,cashewnut
24,57,57,5.511240488646904,cashewnut
21,52,54,5.701993672600529,cashewnut
50,75,50,7.6,arhartur
53,81,48,7.672471195331879,arhartur
59,71,42,7.229611238407174,arhartur
50,75,50,7.6,bajra
49,68,46,7.380579548660897,bajra
56,76,47,7.175184848188239,bajra
50,75,50,7.6,banana
59,71,56,7.916855018392215,banana
56,79,43,7.550319186632164,banana
50,75,50,7.6,black_pepper
48,73,49,7.144710103629382,black_pepper
40,82,54,7.783822939517023,black_pepper
50,75,50,7.6,cardamom
60,72,42,7.2157634633237375,cardamom
48,78,40,7.579876594276626,cardamom
50,75,50,7.6,cashewnut
53,77,42,7.927760795368838,cashewnut
53,77,45,7.957211515818583,cashewnut
50,75,50,7.6,castor_seed
50,84,48,7.85992059619123,castor_seed
60,79,57,7.601080371512191,castor_seed
50,75,50,7.6,coriander
53,78,41,7.7420744653435705,coriander
53,67,57,8.056457876836719,coriander
50,75,50,7.6,cottonlint
46,82,50,7.140636371999416,cottonlint
51,70,45,7.298659515264346,cottonlint
50,75,50,7.6,dry_chillies
57,84,45,7.873754372559786,dry_chillies
59,83,49,7.436616648100159,dry_chillies
50,75,50,7.6,gram
56,66,51,8.095190722251562,gram
59,76,60,7.824770140480366,gram
50,75,50,7.6,groundnut
58,66,54,7.692950923728557,groundnut
58,79,55,7.821205971690957,groundnut
50,75,50,7.6,jowar
43,82,56,7.98171632290834,jowar
57,77,50,7.298063699281408,jowar
50,75,50,7.6,maize
57,66,44,7.941785394168799,maize
56,78,58,7.710657077474513,maize
50,75,50,7.6,moonggreen_gram
45,70,47,7.823893193894509,moonggreen_gram
59,83,45,7.378922926383676,moonggreen_gram
50,75,50,7.6,onion
55,77,45,7.916823580653944,onion
48,66,54,7.767871618240989,onion
50,75,50,7.6,pulses_total
41,80,55,7.4304151782486,pulses_total
54,84,59,7.389393203142674,pulses_total
50,75,50,7.6,ragi
49,85,44,7.715451916363638,ragi
46,85,60,7.657437055623139,ragi
50,75,50,7.6,rice
60,84,50,7.339022859548308,rice
50,70,41,7.570324823877069,rice
50,75,50,7.6,sunflower
54,80,59,7.3019790162333855,sunflower
49,73,49,7.6539023227017005,sunflower
50,75,50,7.6,tapioca
57,71,54,8.052916318783412,tapioca
45,70,44,7.693791768800351,tapioca
50,75,50,7.6,tobacco
46,80,53,7.827616329141561,tobacco
60,75,58,7.7041234513009265,tobacco
50,75,50,7.6,total_foodgrain
53,70,60,7.888804743891117,total_foodgrain
60,75,43,7.377090656471111,total_foodgrain
50,75,50,7.6,turmeric
51,70,50,7.775235306814618,turmeric
47,65,52,7.792333058001896,turmeric
50,75,50,7.6,urad
45,77,60,7.6565173379238765,urad
60,76,43,8.088588358725879,urad
50,75,50,7.6,sannhamp
44,85,52,7.570685306098156,sannhamp
57,67,47,7.533734978485996,sannhamp
50,75,50,7.6,sugarcane
50,72,58,8.059225249665339,sugarcane
40,78,44,7.986843819659814,sugarcane
50,75,50,7.6,guar_seed
54,80,45,7.981317495168905,guar_seed
44,81,41,7.9984959042836055,guar_seed
50,75,50,7.6,sweet_potato
52,71,58,7.992253625400382,sweet_potato
54,77,52,7.283623826953489,sweet_potato
50,75,50,7.6,arecanut
44,84,45,7.601737543764957,arecanut
49,66,57,7.639891892220077,arecanut
50,75,50,7.6,ash_gourd
53,75,51,7.563316026542778,ash_gourd
54,79,51,7.903866876912298,ash_gourd
50,75,50,7.6,beet_root
41,74,40,7.57876452198656,beet_root
40,73,54,7.610520236744265,beet_root
50,75,50,7.6,bhindi
50,75,46,7.853532287601569,bhindi
46,80,47,7.35730878935132,bhindi
50,75,50,7.6,bitter_gourd
40,78,60,7.270842462855816,bitter_gourd
52,76,58,7.969342314213349,bitter_gourd
50,75,50,7.6,bottle_gourd
47,71,54,7.449253281269432,bottle_gourd
42,82,54,7.561442334569355,bottle_gourd
50,75,50,7.6,brinjal
40,79,42,7.964702767987391,brinjal
52,71,48,7.605968283922428,brinjal
50,75,50,7.6,cauliflower
56,66,43,7.220172176604045,cauliflower
52,77,50,7.14040405820503,cauliflower
50,75,50,7.6,citrus_fruit
54,84,41,8.061900529192197,citrus_fruit
44,72,43,7.395976974782988,citrus_fruit
50,75,50,7.6,cucumber
54,67,41,7.832489712738794,cucumber
46,79,44,7.1551787900723856,cucumber
50,75,50,7.6,drum_stick
53,73,49,7.284984507521162,drum_stick
57,85,47,7.7988697405487954,drum_stick
50,75,50,7.6,garlic
42,67,41,7.285081205020358,garlic
55,75,56,7.704704044573419,garlic
50,75,50,7.6,grapes
48,66,56,7.247603876691636,grapes
51,85,54,7.277752208218736,grapes
50,75,50,7.6,jack_fruit
44,78,60,7.576239948342621,jack_fruit
50,77,44,7.111174155633183,jack_fruit
50,75,50,7.6,lablab
48,71,60,7.637446062461358,lablab
47,77,44,7.247618564861819,lablab
50,75,50,7.6,mango
46,80,51,7.951415990779971,mango
58,75,58,7.566862931581928,mango
50,75,50,7.6,orange
49,73,46,7.1183112496105165,orange
42,80,57,7.172848046007382,orange
50,75,50,7.6,other_citrus_fruit
60,81,46,7.976255840135064,other_citrus_fruit
52,75,50,7.764564378149158,other_citrus_fruit
50,75,50,7.6,other_fresh_fruits
45,77,43,7.216802658682285,other_fresh_fruits
60,71,45,7.75625600824757,other_fresh_fruits
50,75,50,7.6,other_vegetables
58,80,43,7.3354028369294575,other_vegetables
40,69,58,7.236519689209737,other_vegetables
50,75,50,7.6,papaya
51,75,45,7.41774988791486,papaya
59,75,56,7.151343619648812,papaya
50,75,50,7.6,pome_fruit
42,67,59,7.852656475913858,pome_fruit
50,70,57,7.6836280273010535,pome_fruit
50,75,50,7.6,pome_granet
41,73,56,7.225199893505482,pome_granet
44,70,44,7.729526445059184,pome_granet
50,75,50,7.6,redish
49,81,50,7.481279891676777,redish
45,85,59,7.765283677770526,redish
50,75,50,7.6,ribed_guard
56,85,58,7.929417469466309,ribed_guard
55,75,47,7.4637615061378355,ribed_guard
50,75,50,7.6,snak_guard
40,77,46,7.244615983624822,snak_guard
54,85,60,7.563920071131251,snak_guard
50,75,50,7.6,tomato
54,78,41,7.664557929944094,tomato
54,78,57,7.450850010085801,tomato
50,75,50,7.6,water_melon
50,82,57,7.331236458192624,water_melon
58,77,41,7.127396212707042,water_melon
50,75,50,7.6,yam
44,65,43,7.830223598451246,yam
40,77,52,7.637601604407667,yam
50,75,50,7.6,cabbage
43,82,52,7.605148944712699,cabbage
53,73,56,7.926316974616361,cabbage
50,75,50,7.6,horsegram
59,84,51,7.838630597453463,horsegram
54,83,57,7.699867937248085,horsegram
50,75,50,7.6,rapeseed_mustard
57,68,47,7.636280457944176,rapeseed_mustard
44,73,53,8.038599720979608,rapeseed_mustard
50,75,50,7.6,sesamum
44,70,45,7.350414709953277,sesamum
49,81,50,7.512306833423695,sesamum
50,75,50,7.6,ginger
51,73,57,7.45276269121309,ginger
49,76,48,7.633713308367542,ginger
50,75,50,7.6,small_millets
50,67,49,7.4054271571184325,small_millets
52,69,49,7.433436688309823,small_millets
75,25,50,6.8,arhartur
76,21,52,7.068607404943567,arhartur
65,16,59,6.323162871864835,arhartur
75,25,50,6.8,bajra
79,24,42,6.871781739466871,bajra
66,23,44,6.995901185463946,bajra
75,25,50,6.8,banana
79,25,49,6.880478110235416,banana
73,31,43,6.470537764529206,banana
75,25,50,6.8,cashewnut
80,35,40,7.294485066332236,cashewnut
67,19,44,6.359668484250706,cashewnut
75,25,50,6.8,castor_seed
76,25,44,6.412213610477256,castor_seed
78,22,56,6.329548185344758,castor_seed
75,25,50,6.8,coriander
67,31,47,7.180512222949371,coriander
68,31,59,7.123728336187689,coriander
75,25,50,6.8,cottonlint
67,18,56,6.983438997541057,cottonlint
71,15,55,7.1090060567781945,cottonlint
75,25,50,6.8,dry_chillies
81,22,54,6.5911899883454526,dry_chillies
84,27,46,6.7400231092158425,dry_chillies
75,25,50,6.8,groundnut
70,19,46,7.09803605212054,groundnut
82,19,50,6.872138645948544,groundnut
75,25,50,6.8,jowar
68,31,43,6.746521023918147,jowar
72,26,49,6.554494597033414,jowar
75,25,50,6.8,maize
80,27,43,6.469867824069473,maize
79,27,40,7.188799285716029,maize
75,25,50,6.8,moonggreen_gram
83,27,48,6.761281638661627,moonggreen_gram
73,23,60,7.197225177965033,moonggreen_gram
75,25,50,6.8,onion
84,27,43,7.2703082642695644,onion
79,29,59,6.518613997599109,onion
75,25,50,6.8,pulses_total
81,17,50,7.181623865271326,pulses_total
65,23,44,6.602346557026457,pulses_total
75,25,50,6.8,ragi
78,23,51,6.802709803978216,ragi
78,15,60,7.1619517609589325,ragi
75,25,50,6.8,rapeseed_mustard
80,22,51,6.989712442469086,rapeseed_mustard
82,31,58,6.39814491050457,rapeseed_mustard
75,25,50,6.8,rice
67,21,52,7.295639641132745,rice
67,24,58,6.691247127909794,rice
75,25,50,6.8,sunflower
65,30,44,6.547042940628497,sunflower
65,19,52,6.838549481974992,sunflower
75,25,50,6.8,sweet_potato
66,26,41,6.451237894139075,sweet_potato
69,21,60,6.5542349243700615,sweet_potato
75,25,50,6.8,tapioca
83,30,54,6.556047425667734,tapioca
85,22,44,6.697592301815206,tapioca
75,25,50,6.8,tobacco
82,21,52,6.858320775885064,tobacco
78,32,52,6.421980138715096,tobacco
75,25,50,6.8,total_foodgrain
85,18,43,7.008178318552844,total_foodgrain
72,21,51,6.63675921766133,total_foodgrain
75,25,50,6.8,turmeric
78,27,52,6.894847183613565,turmeric
66,16,48,6.511249071079774,turmeric
75,25,50,6.8,urad
68,25,45,7.268172737857895,urad
81,28,46,6.339114328280914,urad
75,25,50,6.8,sugarcane
79,33,58,6.316143715209933,sugarcane
83,22,41,6.488101644062966,sugarcane
75,25,50,6.8,guar_seed
75,24,47,6.429800125207571,guar_seed
68,23,59,6.617211417719916,guar_seed
75,25,50,6.8,sannhamp
85,15,44,6.6638391219487,sannhamp
72,28,53,6.772877529832027,sannhamp
75,25,50,6.8,ash_gourd
69,21,60,6.8805461124764165,ash_gourd
80,20,52,7.257191877394395,ash_gourd
75,25,50,6.8,bhindi
81,28,57,7.068442781701695,bhindi
66,16,41,6.661038734573039,bhindi
75,25,50,6.8,bitter_gourd
75,23,47,6.516252767266163,bitter_gourd
82,28,60,6.36887075253025,bitter_gourd
75,25,50,6.8,bottle_gourd
66,27,43,6.734054601005573,bottle_gourd
82,27,40,7.06066934357863,bottle_gourd
75,25,50,6.8,brinjal
78,19,50,6.7456168260060245,brinjal
70,25,49,6.497485343307508,brinjal
75,25,50,6.8,citrus_fruit
74,24,48,7.208179928075837,citrus_fruit
65,15,48,6.9247214990211425,citrus_fruit
75,25,50,6.8,cucumber
66,20,49,6.646084258671561,cucumber
81,32,45,7.217738083275913,cucumber
75,25,50,6.8,drum_stick
70,30,46,6.580992558684481,drum_stick
68,35,54,7.213873917136248,drum_stick
75,25,50,6.8,jack_fruit
69,32,59,7.25288221134646,jack_fruit
68,29,54,6.795752653269835,jack_fruit
75,25,50,6.8,lablab
79,19,44,7.224781918098611,lablab
79,19,48,6.39879432392024,lablab
75,25,50,6.8,mango
79,20,58,7.034876372517535,mango
83,16,54,6.47953851540251,mango
75,25,50,6.8,other_fresh_fruits
83,28,52,6.776288061661156,other_fresh_fruits
70,15,47,7.026952289429234,other_fresh_fruits
75,25,50,6.8,other_vegetables
65,29,47,7.184220660765526,other_vegetables
69,22,40,6.900709267726435,other_vegetables
75,25,50,6.8,pome_fruit
74,28,56,6.41405627899106,pome_fruit
81,31,51,6.306073694757628,pome_fruit
75,25,50,6.8,redish
85,22,51,6.500355109953483,redish
68,24,55,7.198177595283167,redish
75,25,50,6.8,ribed_guard
82,25,57,6.375432929998647,ribed_guard
83,29,45,6.85326806515871,ribed_guard
75,25,50,6.8,snak_guard
71,29,47,7.097465003406473,snak_guard
69,30,41,6.574564565780201,snak_guard
75,25,50,6.8,tomato
77,25,48,7.136137101054911,tomato
83,31,60,6.421006475880679,tomato
75,25,50,6.8,other_citrus_fruit
73,26,59,7.1887597252455855,other_citrus_fruit
68,17,58,7.051821857636894,other_citrus_fruit
75,25,50,6.8,water_melon
66,19,40,6.837560964979917,water_melon
75,28,56,6.337954704151701,water_melon
75,25,50,6.8,arecanut
79,29,55,6.473416960126897,arecanut
77,26,45,7.176999819318255,arecanut
75,25,50,6.8,garlic
69,31,59,7.165732317655572,garlic
80,15,59,6.832228846681344,garlic
75,25,50,6.8,horsegram
78,34,40,6.407920051507523,horsegram
85,27,55,7.075467042615067,horsegram
75,25,50,6.8,sesamum
75,19,46,7.222324950332671,sesamum
79,24,52,6.599851643696558,sesamum
75,25,50,6.8,potato
79,16,51,7.091697144162529,potato
71,16,49,6.542136166544789,potato
75,25,50,6.8,small_millets
77,19,59,6.545796972127268,small_millets
72,26,48,6.504210578311785,small_millets
75,25,50,6.8,black_pepper
71,35,59,6.5168481390015565,black_pepper
85,31,54,6.395756259182775,black_pepper
25,50,25,6.4,arhartur
24,42,25,6.193967645220531,arhartur
17,42,20,6.032201836047917,arhartur
25,50,25,6.4,bajra
29,47,24,6.195916959760584,bajra
24,50,29,5.911001831689651,bajra
25,50,25,6.4,banana
16,57,20,6.748703751156426,banana
20,50,23,6.892971176340256,banana
25,50,25,6.4,cashewnut
28,46,28,6.552731288986392,cashewnut
16,50,21,6.5025796699730165,cashewnut
25,50,25,6.4,castor_seed
22,55,23,6.40867408794575,castor_seed
29,57,35,6.45032225324661,castor_seed
25,50,25,6.4,coriander
15,45,27,6.815013949000305,coriander
25,42,16,6.343074256277375,coriander
25,50,25,6.4,cottonlint
18,40,24,6.181071044839037,cottonlint
33,52,30,6.126320138235492,cottonlint
25,50,25,6.4,dry_chillies
17,43,27,6.077537667116829,dry_chillies
27,54,15,6.444417906656228,dry_chillies
25,50,25,6.4,garlic
18,55,16,5.955439910256222,garlic
31,47,25,6.350929090793769,garlic
25,50,25,6.4,ginger
34,58,26,5.96532032040046,ginger
19,54,23,6.126628795278148,ginger
25,50,25,6.4,gram
17,48,34,6.698348524322266,gram
18,45,20,6.8861370831653534,gram
25,50,25,6.4,groundnut
20,45,32,6.2247979500915624,groundnut
35,59,30,6.581937254607221,groundnut
25,50,25,6.4,jowar
33,46,22,6.720042347445526,jowar
34,52,18,6.4813217540803185,jowar
25,50,25,6.4,maize
32,53,32,6.257831034914019,maize
21,53,26,6.064729191828988,maize
25,50,25,6.4,moonggreen_gram
29,40,19,6.419460841306073,moonggreen_gram
23,54,24,6.241848970999265,moonggreen_gram
25,50,25,6.4,onion
17,45,24,6.122498365073577,onion
16,42,15,6.373527710221894,onion
25,50,25,6.4,potato
27,53,25,6.4492718843115835,potato
23,42,29,6.191073542014988,potato
25,50,25,6.4,pulses_total
30,58,32,6.573576543717166,pulses_total
15,57,25,6.218987505663071,pulses_total
25,50,25,6.4,ragi
28,51,22,6.859532826465469,ragi
27,52,16,5.908549194084072,ragi
25,50,25,6.4,rapeseed_mustard
28,49,18,6.10681830907909,rapeseed_mustard
26,50,21,6.437122442750834,rapeseed_mustard
25,50,25,6.4,rice
20,42,15,6.2522889729269115,rice
17,54,29,6.6282027827850865,rice
25,50,25,6.4,small_millets
27,40,16,6.71086116328651,small_millets
26,60,28,6.416219409793183,small_millets
25,50,25,6.4,sunflower
27,56,35,6.889676019865066,sunflower
26,51,27,6.5360241062249,sunflower
25,50,25,6.4,tapioca
25,59,31,6.857740566311424,tapioca
28,49,18,6.385592046172008,tapioca
25,50,25,6.4,tobacco
23,49,27,6.390486274735864,tobacco
15,43,17,6.587022530081038,tobacco
25,50,25,6.4,total_foodgrain
19,58,27,6.617773446944192,total_foodgrain
26,55,33,6.841887017628036,total_foodgrain
25,50,25,6.4,turmeric
30,53,21,6.419125000940174,turmeric
15,45,17,6.558333972483707,turmeric
25,50,25,6.4,urad
25,49,15,6.145991274907038,urad
20,41,28,6.6004623998971015,urad
25,50,25,6.4,black_pepper
20,50,19,6.531601414697241,black_pepper
23,50,29,6.19739640208412,black_pepper
25,50,25,6.4,cardamom
29,52,25,6.036190914037048,cardamom
25,56,30,6.170962850899272,cardamom
25,50,25,6.4,sannhamp
35,59,34,6.096756793118991,sannhamp
20,41,15,6.160800712382454,sannhamp
25,50,25,6.4,sugarcane
25,46,33,6.697523381100721,sugarcane
28,40,20,6.660388268558184,sugarcane
25,50,25,6.4,sweet_potato
26,52,18,6.262170914356037,sweet_potato
15,41,20,6.257785889540109,sweet_potato
25,50,25,6.4,guar_seed
17,46,20,6.190357253475884,guar_seed
27,57,16,6.103125164776991,guar_seed
25,50,25,6.4,arecanut
34,53,16,6.533134635130176,arecanut
35,59,20,6.605784782051326,arecanut
25,50,25,6.4,ash_gourd
26,40,29,6.167156541812133,ash_gourd
24,51,26,6.365570380143337,ash_gourd
25,50,25,6.4,beet_root
19,57,20,6.728009443265671,beet_root
32,54,16,6.618369071898966,beet_root
25,50,25,6.4,bhindi
21,57,26,6.0559155079719265,bhindi
28,45,22,6.361374126425764,bhindi
25,50,25,6.4,bitter_gourd
29,60,28,5.987120647443616,bitter_gourd
32,52,23,5.92211929472442,bitter_gourd
25,50,25,6.4,bottle_gourd
16,46,15,6.656044877722879,bottle_gourd
30,46,29,6.698871850727482,bottle_gourd
25,50,25,6.4,brinjal
32,48,33,6.419861408877842,brinjal
17,40,35,6.828837914005637,brinjal
25,50,25,6.4,cabbage
30,47,15,6.35855007607744,cabbage
17,50,32,6.280041347075799,cabbage
25,50,25,6.4,carrot
27,47,22,6.825737476090888,carrot
29,58,32,6.292362339568079,carrot
25,50,25,6.4,cauliflower
35,43,30,6.440688988144485,cauliflower
29,42,20,6.054263247942699,cauliflower
25,50,25,6.4,citrus_fruit
17,41,29,5.943217420490382,citrus_fruit
35,59,19,6.303743538960271,citrus_fruit
25,50,25,6.4,cucumber
35,41,28,6.552941631469344,cucumber
30,47,17,6.640837111542559,cucumber
25,50,25,6.4,drum_stick
20,50,32,5.9028148662810205,drum_stick
27,60,15,6.060184352734157,drum_stick
25,50,25,6.4,grapes
31,55,32,6.597619373314974,grapes
25,51,25,6.787268206491216,grapes
25,50,25,6.4,jack_fruit
18,59,15,5.996630298388839,jack_fruit
18,44,32,6.737305017822349,jack_fruit
25,50,25,6.4,lablab
20,53,27,6.348389520616727,lablab
20,54,32,6.8347831573463225,lablab
25,50,25,6.4,mango
31,53,22,6.18844771550426,mango
20,57,20,6.422201578067188,mango
25,50,25,6.4,orange
21,41,18,6.322718110073095,orange
29,54,31,5.988687290775445,orange
25,50,25,6.4,other_citrus_fruit
33,51,22,6.462505766672461,other_citrus_fruit
32,51,22,6.275684869878846,other_citrus_fruit
25,50,25,6.4,other_fresh_fruits
22,40,18,6.775913375399529,other_fresh_fruits
18,48,26,6.370966100297808,other_fresh_fruits
25,50,25,6.4,other_vegetables
19,59,16,6.656568675566753,other_vegetables
22,44,31,6.781745277289364,other_vegetables
25,50,25,6.4,papaya
31,44,33,5.980507941462942,papaya
25,52,22,6.481115365363465,papaya
25,50,25,6.4,pineapple
22,46,26,5.9666948527829105,pineapple
25,42,17,6.54218903009887,pineapple
25,50,25,6.4,pome_fruit
24,45,33,5.931024610605151,pome_fruit
18,55,17,6.720434812760357,pome_fruit
25,50,25,6.4,pome_granet
19,40,33,6.586863099157675,pome_granet
34,60,21,6.050175574871037,pome_granet
25,50,25,6.4,redish
26,55,21,6.70965846424716,redish
34,40,30,6.899688874817794,redish
25,50,25,6.4,ribed_guard
15,48,34,6.631383410328597,ribed_guard
17,55,35,5.916188713203372,ribed_guard
25,50,25,6.4,snak_guard
30,45,20,6.163740611303993,snak_guard
34,44,16,6.273099659554578,snak_guard
25,50,25,6.4,tomato
15,51,20,6.3468541663948415,tomato
33,53,29,6.8877003790075495,tomato
25,50,25,6.4,water_melon
23,47,33,6.864088975212281,water_melon
34,42,27,6.718968188001762,water_melon
25,50,25,6.4,yam
19,57,31,6.322211383583466,yam
16,53,32,5.971579808613328,yam
25,50,25,6.4,horsegram
26,47,15,6.6779952406600245,horsegram
31,58,30,6.8810026663789445,horsegram
25,50,25,6.4,sesamum
27,48,25,6.8407063752513215,sesamum
35,44,29,6.337633078138298,sesamum
25,75,50,7.1,arhartur
34,75,49,7.233537686854732,arhartur
19,83,46,6.7317275603237645,arhartur
25,75,50,7.1,bajra
16,85,42,7.553740961823734,bajra
15,65,48,6.937186281352044,bajra
25,75,50,7.1,banana
27,79,57,7.481099836813688,banana
17,74,57,6.648622235488529,banana
25,75,50,7.1,black_pepper
15,70,58,7.370833721941343,black_pepper
19,68,45,6.782750789302201,black_pepper
25,75,50,7.1,cardamom
21,67,44,7.420086186643023,cardamom
31,74,60,7.449604247753213,cardamom
25,75,50,7.1,cashewnut
22,85,44,7.285217922969153,cashewnut
17,82,44,7.292322969893798,cashewnut
25,75,50,7.1,castor_seed
32,82,54,6.97415893701454,castor_seed
28,73,60,6.6221102956470155,castor_seed
25,75,50,7.1,coriander
31,79,59,6.95559105025912,coriander
26,85,51,6.989891070475949,coriander
25,75,50,7.1,cottonlint
22,67,59,7.031690784090078,cottonlint
20,67,44,7.516392825107687,cottonlint
25,75,50,7.1,dry_chillies
19,82,51,7.33176616725235,dry_chillies
19,79,45,7.464581276351302,dry_chillies
25,75,50,7.1,garlic
32,76,60,7.059513261433263,garlic
19,79,50,6.667972914581203,garlic
25,75,50,7.1,ginger
34,82,54,6.896324044002326,ginger
26,73,60,6.673944028093082,ginger
25,75,50,7.1,gram
19,85,52,6.698889571730816,gram
34,80,51,6.8613803372867235,gram
25,75,50,7.1,groundnut
21,72,42,6.974180194497999,groundnut
25,70,53,7.579963521948534,groundnut
25,75,50,7.1,jowar
35,79,46,7.170589441916462,jowar
15,76,45,6.933221548280299,jowar
25,75,50,7.1,maize
20,66,41,7.35428044642631,maize
21,85,46,7.150664477178777,maize
25,75,50,7.1,moonggreen_gram
30,78,52,6.869305041853263,moonggreen_gram
27,81,42,6.8657209185652235,moonggreen_gram
25,75,50,7.1,onion
23,80,50,6.7607373077608734,onion
21,77,44,6.797502407909908,onion
25,75,50,7.1,potato
31,68,59,6.6147554138167015,potato
33,78,46,6.680789076856917,potato
25,75,50,7.1,pulses_total
21,72,51,7.090721590023406,pulses_total
29,85,42,7.306543530747046,pulses_total
25,75,50,7.1,ragi
16,69,45,7.565444515636126,ragi
34,85,49,7.255481045018889,ragi
25,75,50,7.1,rice
15,78,42,7.208025649044256,rice
26,73,53,7.305614862168199,rice
25,75,50,7.1,small_millets
20,81,47,7.188425097631187,small_millets
18,71,53,7.580564509301446,small_millets
25,75,50,7.1,sunflower
22,66,52,6.682372556582555,sunflower
16,74,51,6.881581365389915,sunflower
25,75,50,7.1,sweet_potato
31,67,46,7.237601897131419,sweet_potato
20,83,47,7.254605171659257,sweet_potato
25,75,50,7.1,tapioca
22,66,57,6.69145372105121,tapioca
16,77,52,7.264357453985968,tapioca
25,75,50,7.1,tobacco
34,65,49,6.809327228745515,tobacco
19,68,60,7.150371629698359,tobacco
25,75,50,7.1,total_foodgrain
19,83,51,6.701623742406932,total_foodgrain
18,72,50,6.823893118039319,total_foodgrain
25,75,50,7.1,turmeric
23,83,59,6.912832957838162,turmeric
27,69,43,7.339399194132691,turmeric
25,75,50,7.1,urad
21,76,52,7.115661085172051,urad
31,76,60,7.1302542433725815,urad
25,75,50,7.1,sugarcane
24,72,55,7.489742619972004,sugarcane
35,76,50,7.442823849218094,sugarcane
25,75,50,7.1,guar_seed
33,67,51,6.889896545305822,guar_seed
34,73,51,7.4522167780429145,guar_seed
25,75,50,7.1,sannhamp
24,79,43,6.81325265762219,sannhamp
31,83,60,6.659512451752576,sannhamp
25,75,50,7.1,apple
15,81,56,6.811831522583643,apple
24,81,54,7.435930316406908,apple
25,75,50,7.1,arecanut
19,70,56,6.79995430186806,arecanut
32,68,50,7.454791385262989,arecanut
25,75,50,7.1,beet_root
25,78,60,6.697410056565491,beet_root
27,73,43,6.895290810173871,beet_root
25,75,50,7.1,bhindi
22,74,48,6.693964523928303,bhindi
31,66,42,6.691690663375904,bhindi
25,75,50,7.1,bitter_gourd
15,74,51,7.284956137935647,bitter_gourd
27,72,46,6.753043794542247,bitter_gourd
25,75,50,7.1,bottle_gourd
24,77,53,7.460665926255232,bottle_gourd
25,70,47,6.6320822534243975,bottle_gourd
25,75,50,7.1,brinjal
19,75,59,6.963390007166519,brinjal
35,83,43,7.456507706302881,brinjal
25,75,50,7.1,cabbage
29,76,55,7.2157356704944755,cabbage
18,81,60,7.309906353280742,cabbage
25,75,50,7.1,carrot
30,68,54,7.3803147865830026,carrot
27,83,54,6.680846322682679,carrot
25,75,50,7.1,cauliflower
33,85,48,7.504854902496711,cauliflower
32,82,43,7.499326048345321,cauliflower
25,75,50,7.1,citrus_fruit
31,73,42,7.24329677630707,citrus_fruit
29,84,53,6.7759385417029465,citrus_fruit
25,75,50,7.1,cucumber
16,65,60,7.52404362780329,cucumber
18,80,51,6.747562957850242,cucumber
25,75,50,7.1,drum_stick
31,85,50,7.10717641594488,drum_stick
25,66,49,7.46083104570382,drum_stick
25,75,50,7.1,grapes
25,68,45,7.036667151162912,grapes
34,79,58,6.6172397186959175,grapes
25,75,50,7.1,jack_fruit
20,80,45,7.306695482738451,jack_fruit
15,71,58,7.406031482006944,jack_fruit
25,75,50,7.1,lablab
34,72,51,7.182497282759437,lablab
32,69,44,7.075675636143358,lablab
25,75,50,7.1,mango
18,83,45,6.889574715444863,mango
17,84,51,6.622609952947805,mango
25,75,50,7.1,orange
27,67,46,7.185678025764527,orange
25,74,42,7.473702714308351,orange
25,75,50,7.1,other_citrus_fruit
34,79,52,7.388580172993743,other_citrus_fruit
20,83,50,7.150329581007363,other_citrus_fruit
25,75,50,7.1,other_fresh_fruits
15,73,57,7.269334885369894,other_fresh_fruits
17,73,58,7.125965316646454,other_fresh_fruits
25,75,50,7.1,other_vegetables
25,74,46,7.334405950905623,other_vegetables
19,78,42,6.731407746052971,other_vegetables
25,75,50,7.1,papaya
34,77,60,7.232157736318099,papaya
17,85,42,6.85778474309711,papaya
25,75,50,7.1,peach
35,76,50,7.00097211594036,peach
34,72,56,7.049140425022982,peach
25,75,50,7.1,pear
35,80,43,6.696049187279518,pear
17,73,58,7.541430366505603,pear
25,75,50,7.1,pineapple
26,83,57,6.607091287922835,pineapple
18,71,55,6.885328783986908,pineapple
25,75,50,7.1,plums
27,76,52,6.784978491798496,plums
27,81,42,6.824813723621517,plums
25,75,50,7.1,pome_fruit
22,73,47,7.286402242573092,pome_fruit
17,78,48,6.627943470582951,pome_fruit
25,75,50,7.1,pome_granet
35,80,48,7.257167868024084,pome_granet
24,76,59,6.721674680785022,pome_granet
25,75,50,7.1,redish
21,69,56,6.82971098691461,redish
31,73,41,7.146187042177712,redish
25,75,50,7.1,snak_guard
26,80,51,7.177567623597573,snak_guard
29,84,53,6.890184676371075,snak_guard
25,75,50,7.1,tomato
16,67,43,7.106482578748108,tomato
27,71,42,7.572276484325805,tomato
25,75,50,7.1,turnip
18,67,54,6.976868232832329,turnip
18,69,49,7.392695952470149,turnip
25,75,50,7.1,water_melon
27,67,57,6.9960821512975855,water_melon
23,67,54,7.144133579506574,water_melon
25,75,50,7.1,ash_gourd
25,84,51,6.910180181302474,ash_gourd
30,75,41,7.466679059615341,ash_gourd
25,75,50,7.1,ribed_guard
35,83,56,6.647913297082512,ribed_guard
28,75,60,7.441835738403318,ribed_guard
25,75,50,7.1,horsegram
27,75,55,7.073104648582211,horsegram
23,83,48,7.2595194899233,horsegram
25,75,50,7.1,rapeseed_mustard
25,69,47,7.555026577944541,rapeseed_mustard
21,85,49,7.453066392188521,rapeseed_mustard
25,75,50,7.1,sesamum
32,75,43,6.687598093912299,sesamum
25,85,45,7.213065250063273,sesamum
50,50,25,7.6,arhartur
52,55,15,7.7575946792537875,arhartur
44,50,21,7.787063001438109,arhartur
50,50,25,7.6,bajra
47,42,15,7.614408084242495,bajra
44,52,20,7.247890131347525,bajra
50,50,25,7.6,banana
55,50,17,8.092519254226309,banana
59,40,18,7.274321949431494,banana
50,50,25,7.6,cashewnut
44,52,20,8.083754211105685,cashewnut
50,49,20,7.884209547447265,cashewnut
50,50,25,7.6,castor_seed
49,57,22,7.678869649570957,castor_seed
53,52,15,7.643995473370017,castor_seed
50,50,25,7.6,coriander
53,48,22,7.2392936826425025,coriander
56,54,23,7.515908536278288,coriander
50,50,25,7.6,cottonlint
48,45,23,7.50983666171633,cottonlint
48,55,20,7.6610746305691455,cottonlint
50,50,25,7.6,dry_chillies
43,59,33,7.7561336658142475,dry_chillies
56,42,28,7.130228820080566,dry_chillies
50,50,25,7.6,garlic
52,58,25,7.270815950013881,garlic
54,55,33,8.062343229091574,garlic
50,50,25,7.6,ginger
60,42,26,7.756382262323282,ginger
42,40,24,7.5857910972758695,ginger
50,50,25,7.6,groundnut
60,51,19,7.181169127461627,groundnut
53,40,34,7.53848935203307,groundnut
50,50,25,7.6,jowar
53,59,24,7.397638127382849,jowar
50,44,23,7.468138353607793,jowar
50,50,25,7.6,maize
55,42,35,7.633210231591484,maize
57,58,21,7.452049983776135,maize
50,50,25,7.6,moonggreen_gram
54,59,20,7.317885755193299,moonggreen_gram
58,52,21,7.438790509119289,moonggreen_gram
50,50,25,7.6,onion
45,53,27,7.267701614775732,onion
42,57,25,8.041106045065096,onion
50,50,25,7.6,potato
58,57,28,7.1219960310669155,potato
44,54,35,7.739432818735557,potato
50,50,25,7.6,pulses_total
59,48,32,7.143536759525911,pulses_total
53,41,19,7.757042785563565,pulses_total
50,50,25,7.6,ragi
45,59,32,7.48423754552865,ragi
49,49,22,7.1791298544794255,ragi
50,50,25,7.6,rapeseed_mustard
57,51,24,7.511729714451327,rapeseed_mustard
41,45,26,8.060004316219317,rapeseed_mustard
50,50,25,7.6,rice
41,59,32,7.116165136975475,rice
44,54,19,7.5002320843247565,rice
50,50,25,7.6,small_millets
41,45,18,8.043738478740522,small_millets
44,44,22,7.493535457055975,small_millets
50,50,25,7.6,sunflower
55,58,20,7.415620705496886,sunflower
48,54,20,7.7131957617402085,sunflower
50,50,25,7.6,sweet_potato
43,58,16,7.695585510079365,sweet_potato
50,48,34,7.748644069448751,sweet_potato
50,50,25,7.6,tapioca
49,46,18,7.342880580889155,tapioca
42,56,22,7.311024519407085,tapioca
50,50,25,7.6,tobacco
51,60,29,7.582227151504371,tobacco
43,43,29,7.407649666136316,tobacco
50,50,25,7.6,total_foodgrain
59,43,34,7.109925642827392,total_foodgrain
56,54,19,7.208936300985852,total_foodgrain
50,50,25,7.6,turmeric
44,55,16,7.441880432231826,turmeric
47,58,29,8.019273069791353,turmeric
50,50,25,7.6,urad
42,48,26,7.3116814950334685,urad
46,43,20,7.1713744127117875,urad
50,50,25,7.6,black_pepper
43,57,21,7.34424324576134,black_pepper
48,53,32,7.672183935567023,black_pepper
50,50,25,7.6,cardamom
42,45,33,7.969142780079741,cardamom
56,56,34,7.47669523407048,cardamom
50,50,25,7.6,sannhamp
59,40,20,7.130602565977933,sannhamp
42,54,19,7.4946601428676844,sannhamp
50,50,25,7.6,guar_seed
52,58,27,7.965370111783415,guar_seed
48,51,34,7.543548678817545,guar_seed
50,50,25,7.6,arecanut
48,57,34,7.1710811189361054,arecanut
40,55,27,7.388898814454921,arecanut
50,50,25,7.6,ash_gourd
51,44,15,7.734541968919346,ash_gourd
47,41,23,7.319746257581518,ash_gourd
50,50,25,7.6,beet_root
50,41,35,7.895513607310181,beet_root
43,53,24,8.056055543114867,beet_root
50,50,25,7.6,bhindi
56,42,17,7.195287430613509,bhindi
52,49,17,7.225181572297781,bhindi
50,50,25,7.6,bitter_gourd
53,42,24,7.736999552855731,bitter_gourd
42,46,27,7.768130033053772,bitter_gourd
50,50,25,7.6,bottle_gourd
50,41,23,7.595732349740987,bottle_gourd
42,47,33,7.592188588078321,bottle_gourd
50,50,25,7.6,brinjal
40,59,22,7.174399664503939,brinjal
42,46,27,7.354733808727349,brinjal
50,50,25,7.6,cabbage
50,48,17,7.958192874484489,cabbage
47,53,25,7.335772403746467,cabbage
50,50,25,7.6,cauliflower
47,40,34,7.610779060508002,cauliflower
46,49,31,7.65583317258019,cauliflower
50,50,25,7.6,citrus_fruit
50,42,27,7.482891932007348,citrus_fruit
56,48,34,7.4924667785493115,citrus_fruit
50,50,25,7.6,cucumber
44,45,17,7.935976197410396,cucumber
52,50,16,7.4479951945023295,cucumber
50,50,25,7.6,drum_stick
53,49,27,7.540361790577318,drum_stick
55,47,35,7.383122786382549,drum_stick
50,50,25,7.6,grapes
48,49,29,7.66084962309432,grapes
42,44,31,7.395409967710792,grapes
50,50,25,7.6,jack_fruit
57,58,24,8.066763498469728,jack_fruit
41,41,27,7.73113511101383,jack_fruit
50,50,25,7.6,lablab
55,54,18,7.828687850827577,lablab
54,51,33,7.915185494081646,lablab
50,50,25,7.6,mango
42,59,23,8.00068313814951,mango
59,56,31,7.744917809720396,mango
50,50,25,7.6,orange
58,40,25,7.378283426769535,orange
59,45,21,7.1189644154793,orange
50,50,25,7.6,other_citrus_fruit
60,43,16,7.297224366404894,other_citrus_fruit
55,55,16,7.302174018351576,other_citrus_fruit
50,50,25,7.6,other_fresh_fruits
50,55,31,7.123276982067205,other_fresh_fruits
51,49,29,7.172264852096549,other_fresh_fruits
50,50,25,7.6,other_vegetables
48,57,23,8.084337029534314,other_vegetables
47,57,30,7.52660622450922,other_vegetables
50,50,25,7.6,papaya
59,50,27,7.262344626286555,papaya
50,57,33,7.888059802243099,papaya
50,50,25,7.6,pome_fruit
42,60,17,8.016298118457343,pome_fruit
52,54,24,7.267542115970746,pome_fruit
50,50,25,7.6,pome_granet
46,57,27,7.845575165572808,pome_granet
57,50,24,7.895453158464713,pome_granet
50,50,25,7.6,ribed_guard
58,54,29,7.176146214755956,ribed_guard
50,55,35,7.28101166820722,ribed_guard
50,50,25,7.6,snak_guard
50,41,26,8.024443497612681,snak_guard
60,58,30,7.982529502449038,snak_guard
50,50,25,7.6,tomato
48,53,18,7.890059524224865,tomato
49,43,29,7.226549980780907,tomato
50,50,25,7.6,water_melon
41,56,22,7.5070896333397785,water_melon
55,60,15,7.8924068586164555,water_melon
50,50,25,7.6,yam
54,42,19,7.426745638472654,yam
51,56,27,7.607387500347832,yam
50,50,25,7.6,carrot
49,58,28,7.297336563099338,carrot
54,43,25,8.003356866293544,carrot
50,50,25,7.6,plums
42,50,34,7.800472182649123,plums
49,46,15,7.631654018627908,plums
50,50,25,7.6,gram
57,50,28,7.451934823383427,gram
46,49,27,7.517484547969714,gram
50,50,25,7.6,horsegram
41,58,32,7.898796150030876,horsegram
60,51,29,7.8848515169198174,horsegram
50,50,25,7.6,sesamum
46,45,32,7.852003421634087,sesamum
42,44,33,7.936655742662409,sesamum
50,50,50,6.9,arecanut
44,57,43,6.461989689491211,arecanut
42,56,50,7.153477444965909,arecanut
50,50,50,6.9,banana
46,52,57,7.194749552525333,banana
42,50,50,6.6804738483179955,banana
50,50,50,6.9,black_pepper
43,51,50,7.137344384897923,black_pepper
45,55,51,7.053283562430159,black_pepper
50,50,50,6.9,cashewnut
45,43,55,6.936026117725352,cashewnut
51,46,42,7.282877886734153,cashewnut
50,50,50,6.9,sweet_potato
57,47,42,6.501838237370593,sweet_potato
42,46,42,6.9790103946051865,sweet_potato
50,50,50,6.9,tapioca
52,50,47,6.765926792474405,tapioca
59,58,57,6.525762328962822,tapioca
25,75,50,7.8,arhartur
35,79,54,7.317096481025539,arhartur
19,85,52,7.937182561317873,arhartur
25,75,50,7.8,bajra
31,82,50,8.120398151418174,bajra
21,70,55,7.558516273229993,bajra
25,75,50,7.8,cottonlint
24,78,60,7.531368585394719,cottonlint
27,74,40,8.117677126057782,cottonlint
25,75,50,7.8,groundnut
32,82,54,7.726792281594276,groundnut
28,77,51,7.462775893245365,groundnut
25,75,50,7.8,jowar
28,66,59,7.408676541027345,jowar
35,76,48,7.607001206678829,jowar
25,75,50,7.8,onion
23,73,52,8.045351287006277,onion
22,75,54,8.158139157015786,onion
25,75,50,7.8,pulses_total
16,70,51,7.487707474677758,pulses_total
17,70,59,7.329777141718353,pulses_total
25,75,50,7.8,ragi
20,85,47,7.573620395102301,ragi
19,72,56,7.3319271429258865,ragi
25,75,50,7.8,rice
34,68,41,7.947410698807917,rice
20,77,41,7.451964091800383,rice
25,75,50,7.8,sunflower
16,67,54,7.7319081505070555,sunflower
18,83,47,7.598350558021334,sunflower
25,75,50,7.8,total_foodgrain
21,79,49,7.562139121137623,total_foodgrain
23,75,53,7.334674503968498,total_foodgrain
25,75,50,7.8,castor_seed
33,85,57,8.152068078652372,castor_seed
33,72,48,8.271949317505248,castor_seed
25,75,50,7.8,coriander
32,66,44,7.537307328127919,coriander
34,74,54,7.630395697597075,coriander
25,75,50,7.8,garlic
30,73,41,8.044129732731927,garlic
27,81,46,7.858483393809792,garlic
25,75,50,7.8,tobacco
25,74,46,7.826091067727727,tobacco
17,85,56,7.329523174761042,tobacco
25,75,50,7.8,guar_seed
30,70,54,8.194868117927301,guar_seed
16,73,57,7.870682308479559,guar_seed
25,75,50,7.8,sannhamp
35,70,50,7.457881118328139,sannhamp
33,80,59,7.431467836760151,sannhamp
25,75,50,7.8,ash_gourd
22,69,53,7.992846776384014,ash_gourd
22,66,44,8.081405700060063,ash_gourd
25,75,50,7.8,citrus_fruit
17,74,56,7.521454291423395,citrus_fruit
33,78,49,7.827007805682518,citrus_fruit
25,75,50,7.8,cucumber
30,68,42,7.637287611316228,cucumber
25,74,42,7.378967304149816,cucumber
25,75,50,7.8,lablab
31,82,60,7.72678865603233,lablab
19,67,49,7.69552046010877,lablab
25,75,50,7.8,orange
22,77,56,7.76922929639186,orange
21,75,41,7.9211454890075705,orange
25,75,50,7.8,other_citrus_fruit
19,81,44,7.546222235820772,other_citrus_fruit
18,82,59,7.339061025036249,other_citrus_fruit
25,75,50,7.8,pome_fruit
22,66,56,7.306587041992533,pome_fruit
22,66,56,7.6666631896089505,pome_fruit
25,75,50,7.8,pome_granet
15,69,57,8.142293361452197,pome_granet
22,76,50,7.332808761115508,pome_granet
25,75,50,7.8,redish
21,70,45,8.110368833621369,redish
26,85,40,8.14552045789453,redish
25,75,50,7.8,tomato
26,67,54,8.182152434950995,tomato
22,78,54,8.057417276557901,tomato
25,75,50,7.8,yam
28,68,58,7.440868426205945,yam
34,73,60,7.755229923910825,yam
25,75,50,7.8,grapes
31,69,44,7.708539152887326,grapes
23,75,47,7.408058203190782,grapes
25,75,50,7.8,ribed_guard
27,70,55,7.639539309139496,ribed_guard
28,68,41,7.434742576919353,ribed_guard
25,75,50,7.8,horsegram
32,66,50,8.040730379655457,horsegram
21,79,42,7.332954936771904,horsegram
25,75,50,7.8,maize
21,65,52,8.281291775470766,maize
15,80,53,7.953004108674936,maize
25,75,50,7.8,small_millets
29,68,54,7.5372131325334975,small_millets
23,71,51,7.304065990792473,small_millets
50,25,75,6.6,black_pepper
50,20,70,6.697852005179973,black_pepper
52,26,82,6.33105846128027,black_pepper
50,25,75,6.6,ginger
46,22,83,6.389932806840719,ginger
47,18,77,6.721240204957517,ginger
50,25,75,6.6,tobacco
51,25,75,6.221996739564898,tobacco
45,18,73,6.626978632597744,tobacco
50,25,75,6.6,arecanut
53,25,75,6.764079968400851,arecanut
45,15,73,6.294309570895883,arecanut
50,25,75,6.6,ash_gourd
60,23,79,6.836466159060289,ash_gourd
40,29,65,6.144211119054891,ash_gourd
50,25,75,6.6,banana
54,25,66,6.9016156591035855,banana
44,32,66,6.798794220859404,banana
50,25,75,6.6,beet_root
55,15,81,6.63161339408132,beet_root
51,30,65,6.740431059572253,beet_root
50,25,75,6.6,bhindi
55,34,70,6.745208404424177,bhindi
49,34,79,6.763094032994433,bhindi
50,25,75,6.6,bitter_gourd
58,31,77,6.336768801916148,bitter_gourd
59,33,80,6.950348977277451,bitter_gourd
50,25,75,6.6,bottle_gourd
47,25,66,6.530794727392748,bottle_gourd
54,16,76,6.120495214477661,bottle_gourd
50,25,75,6.6,brinjal
43,18,82,7.026933657593249,brinjal
40,25,67,6.210166230347325,brinjal
50,25,75,6.6,cabbage
58,29,84,6.799948822472666,cabbage
44,17,68,6.360545087846999,cabbage
50,25,75,6.6,carrot
59,30,66,6.5582409584505195,carrot
41,29,66,6.876336257495813,carrot
50,25,75,6.6,cashewnut
45,28,66,6.881030449601405,cashewnut
52,35,70,6.405217227375581,cashewnut
50,25,75,6.6,cauliflower
54,29,84,6.515997260854325,cauliflower
57,25,69,6.8905160960570155,cauliflower
50,25,75,6.6,citrus_fruit
45,17,79,6.271832444361664,citrus_fruit
43,23,80,6.427518750152059,citrus_fruit
50,25,75,6.6,coriander
46,34,84,6.841119945758608,coriander
58,22,77,6.438741213132654,coriander
50,25,75,6.6,cucumber
40,20,72,7.089578854973311,cucumber
41,28,83,6.287511011969281,cucumber
50,25,75,6.6,drum_stick
42,30,70,6.214504470718501,drum_stick
40,18,68,6.4010909160156135,drum_stick
50,25,75,6.6,dry_chillies
49,19,69,6.755126128072065,dry_chillies
41,29,68,6.473923103055953,dry_chillies
50,25,75,6.6,garlic
43,29,85,6.549854786578307,garlic
58,18,77,7.056595482419521,garlic
50,25,75,6.6,grapes
57,27,65,6.65073834419574,grapes
58,35,69,6.866218716804207,grapes
50,25,75,6.6,jack_fruit
46,35,82,6.35034400820542,jack_fruit
60,31,70,7.006271950374744,jack_fruit
50,25,75,6.6,lablab
58,18,85,6.46353893251013,lablab
57,28,80,6.8246117825739745,lablab
50,25,75,6.6,litchi
60,25,75,6.322768223516274,litchi
41,34,84,6.935063894377233,litchi
50,25,75,6.6,mango
49,27,81,6.446779067548307,mango
48,35,83,6.585692670518201,mango
50,25,75,6.6,onion
51,33,85,6.69922941631407,onion
53,23,73,7.0315014033060566,onion
50,25,75,6.6,orange
48,28,67,6.114473135994336,orange
49,20,77,6.176661655424299,orange
50,25,75,6.6,other_citrus_fruit
53,20,83,6.672411421412026,other_citrus_fruit
47,26,78,7.038941899191107,other_citrus_fruit
50,25,75,6.6,other_fresh_fruits
44,32,83,6.227450519243004,other_fresh_fruits
40,30,78,6.267150699181949,other_fresh_fruits
50,25,75,6.6,other_vegetables
49,30,84,6.651241522468999,other_vegetables
53,20,68,6.841265768347155,other_vegetables
50,25,75,6.6,papaya
48,25,71,6.4973786007903325,papaya
44,20,79,6.6208589937952675,papaya
50,25,75,6.6,pineapple
50,29,78,6.316795534653526,pineapple
46,22,70,6.950674017077705,pineapple
50,25,75,6.6,pome_fruit
48,22,69,6.892458717749007,pome_fruit
43,35,80,6.290894196927049,pome_fruit
50,25,75,6.6,pome_granet
54,17,65,6.775428821492024,pome_granet
56,34,85,6.706276634167002,pome_granet
50,25,75,6.6,potato
45,29,76,6.514052739334918,potato
57,15,85,6.436748074385929,potato
50,25,75,6.6,redish
52,20,80,6.975809719387718,redish
51,26,80,6.258293979366499,redish
50,25,75,6.6,ribed_guard
52,19,82,6.8048851304627345,ribed_guard
52,34,80,6.628784436553626,ribed_guard
50,25,75,6.6,snak_guard
48,26,76,6.7166448528195755,snak_guard
50,34,70,6.754146100783915,snak_guard
50,25,75,6.6,sweet_potato
50,29,70,6.3291660865841655,sweet_potato
55,24,68,6.433953574847219,sweet_potato
50,25,75,6.6,tapioca
42,22,70,6.453896050179868,tapioca
55,22,67,6.5548669966514,tapioca
50,25,75,6.6,tomato
55,22,72,7.0254816821636,tomato
57,23,76,6.961965207723076,tomato
50,25,75,6.6,turmeric
60,19,77,6.588697632566381,turmeric
60,25,85,6.468531573578774,turmeric
50,25,75,6.6,water_melon
51,18,79,6.309546798265658,water_melon
50,35,67,6.546394721843293,water_melon
50,25,75,6.6,sugarcane
44,19,78,6.980491862460346,sugarcane
46,27,68,6.7521516527084655,sugarcane
50,25,75,6.6,arhartur
41,17,66,6.77149283293848,arhartur
60,19,74,6.709780042419881,arhartur
50,25,75,6.6,bajra
46,25,82,6.839566353985368,bajra
59,35,70,6.613807687064605,bajra
50,25,75,6.6,castor_seed
42,31,74,7.04548983897017,castor_seed
44,26,69,6.972924380354726,castor_seed
50,25,75,6.6,cottonlint
58,18,78,6.365703249719219,cottonlint
41,24,78,6.136960296627113,cottonlint
50,25,75,6.6,gram
44,27,81,6.25362187179774,gram
47,34,77,6.999242910245694,gram
50,25,75,6.6,groundnut
47,31,82,6.420387169711743,groundnut
58,26,68,6.213873304987066,groundnut
50,25,75,6.6,horsegram
55,16,69,7.01372301347145,horsegram
59,33,83,6.905002576678117,horsegram
50,25,75,6.6,jowar
55,19,67,6.137030905451515,jowar
51,22,67,6.959472367757879,jowar
50,25,75,6.6,maize
55,28,85,7.097766223594429,maize
58,33,72,6.783393058214524,maize
50,25,75,6.6,moonggreen_gram
59,29,66,6.709827008976699,moonggreen_gram
54,16,68,6.235820239221253,moonggreen_gram
50,25,75,6.6,ragi
44,31,74,7.0732333414471285,ragi
41,18,77,6.286423367423507,ragi
50,25,75,6.6,rapeseed_mustard
43,31,79,6.7266861290161994,rapeseed_mustard
46,31,69,6.379665573826953,rapeseed_mustard
50,25,75,6.6,sesamum
45,35,81,6.584020674041865,sesamum
48,28,79,6.707501360657344,sesamum
50,25,75,6.6,sunflower
60,19,81,6.750113326636272,sunflower
51,20,73,6.467681116387646,sunflower
50,25,75,6.6,urad
56,34,72,6.1828942108584535,urad
56,21,79,6.894370011440658,urad
50,25,75,6.6,cardamom
45,29,84,6.723604031090579,cardamom
50,17,83,6.60099207243767,cardamom
50,25,75,6.6,small_millets
49,17,74,6.141237704599365,small_millets
46,30,84,6.948724406038494,small_millets
50,25,75,8.0,sugarcane
42,32,67,8.21117203102678,sugarcane
53,28,80,8.131843258836923,sugarcane
50,25,75,8.0,tobacco
42,16,66,7.52652789352655,tobacco
52,20,67,8.379074093484071,tobacco
50,25,75,8.0,dry_chillies
56,16,84,8.169923457204018,dry_chillies
46,19,81,7.798401698222806,dry_chillies
50,25,75,8.0,onion
59,26,70,7.926576972864748,onion
57,18,69,8.440049471980146,onion
50,25,75,8.0,banana
53,28,81,8.006261426868887,banana
56,28,73,7.985243606151623,banana
50,25,75,8.0,cashewnut
44,31,77,8.065979653067188,cashewnut
54,24,68,8.417475485957915,cashewnut
50,25,75,8.0,coriander
59,25,65,7.53606506323279,coriander
60,31,83,7.676053218133832,coriander
50,25,75,8.0,potato
57,18,82,7.908465555291619,potato
44,24,80,7.560195257410513,potato
50,25,75,8.0,sweet_potato
41,23,85,8.217904252780473,sweet_potato
57,23,75,8.256728013868207,sweet_potato
50,25,75,8.0,turmeric
55,27,68,7.799092297269303,turmeric
59,20,80,8.27785390186341,turmeric
50,25,75,8.0,bhindi
58,16,72,7.983205028339247,bhindi
43,16,78,8.30925351375854,bhindi
50,25,75,8.0,bottle_gourd
44,27,82,8.296513676048903,bottle_gourd
60,26,68,8.053535447575914,bottle_gourd
50,25,75,8.0,brinjal
42,17,71,7.986762247965974,brinjal
59,32,76,7.754286504979615,brinjal
50,25,75,8.0,cabbage
45,31,81,8.11315079154813,cabbage
49,33,76,7.857641063448052,cabbage
50,25,75,8.0,citrus_fruit
51,25,76,8.340299990424361,citrus_fruit
56,15,69,8.120082220499134,citrus_fruit
50,25,75,8.0,cucumber
46,24,77,7.923708056540484,cucumber
49,19,66,7.684264681166746,cucumber
50,25,75,8.0,mango
49,19,74,8.375620675368557,mango
45,16,77,8.038538563403575,mango
50,25,75,8.0,orange
45,30,69,8.23772957305722,orange
48,25,74,8.329056175945142,orange
50,25,75,8.0,other_fresh_fruits
57,24,66,7.8418322181758935,other_fresh_fruits
57,24,74,7.595498198065977,other_fresh_fruits
50,25,75,8.0,other_vegetables
57,34,85,8.132821026112834,other_vegetables
45,20,82,7.758589067984325,other_vegetables
50,25,75,8.0,pome_fruit
44,23,76,8.176101690297152,pome_fruit
45,21,77,7.743230097199981,pome_fruit
50,25,75,8.0,tomato
55,18,82,8.466100463515295,tomato
55,34,65,7.9425989057702395,tomato
50,25,75,8.0,garlic
54,25,84,7.926168055415951,garlic
52,34,75,7.786882991745276,garlic
50,25,75,8.0,sunflower
52,17,84,7.670957808002305,sunflower
59,27,85,7.935388190083598,sunflower
25,25,75,5.7,sugarcane
32,17,74,5.559661320137659,sugarcane
23,21,82,6.07696584724993,sugarcane
25,25,75,5.7,tobacco
15,26,80,5.404983358038067,tobacco
35,31,77,5.660396237125959,tobacco
25,25,75,5.7,dry_chillies
21,25,76,5.507908500307637,dry_chillies
24,16,80,5.364970124900695,dry_chillies
25,25,75,5.7,onion
26,32,85,5.536640913925953,onion
22,35,84,5.402261299905945,onion
25,25,75,5.7,banana
31,19,81,5.259355658088511,banana
27,19,82,5.3145063926040645,banana
25,25,75,5.7,coriander
19,33,83,5.9715797274623705,coriander
24,25,84,5.767951274862131,coriander
25,25,75,5.7,ginger
19,18,83,6.030737755013781,ginger
26,18,73,6.142024903534545,ginger
25,25,75,5.7,sweet_potato
30,31,65,5.836955230834311,sweet_potato
31,27,85,5.372059770322748,sweet_potato
25,25,75,5.7,turmeric
26,18,75,6.166463340451758,turmeric
21,22,70,6.178322135638456,turmeric
25,25,75,5.7,bhindi
35,31,70,5.6664854714101764,bhindi
30,28,71,5.561250351383469,bhindi
25,25,75,5.7,bottle_gourd
29,22,71,5.320707655843049,bottle_gourd
33,26,73,5.661140286236688,bottle_gourd
25,25,75,5.7,brinjal
21,26,68,5.847483692956416,brinjal
22,28,85,5.928633738145367,brinjal
25,25,75,5.7,cabbage
24,15,78,5.431947431926097,cabbage
31,32,78,5.778361942911538,cabbage
25,25,75,5.7,citrus_fruit
15,27,84,5.371498705877759,citrus_fruit
20,25,81,6.185821949708183,citrus_fruit
25,25,75,5.7,cucumber
18,16,84,5.353569540719322,cucumber
18,32,69,5.6906732144194825,cucumber
25,25,75,5.7,grapes
33,25,84,5.52477122648801,grapes
18,33,73,5.6873776217753775,grapes
25,25,75,5.7,mango
24,16,81,5.353324281012239,mango
28,24,76,5.504647001617121,mango
25,25,75,5.7,orange
23,22,82,5.749401400942222,orange
24,32,82,6.010380787370761,orange
25,25,75,5.7,other_fresh_fruits
22,32,66,6.004251258777937,other_fresh_fruits
29,23,79,5.970699524067796,other_fresh_fruits
25,25,75,5.7,other_vegetables
29,15,67,6.002950003588598,other_vegetables
30,20,80,5.252518625507053,other_vegetables
25,25,75,5.7,pome_fruit
19,17,84,5.839609247589673,pome_fruit
28,29,81,6.02592665227931,pome_fruit
25,25,75,5.7,tomato
19,18,75,5.626070866544746,tomato
35,29,85,5.410858781481702,tomato
25,25,75,5.7,garlic
24,34,73,5.972766122278014,garlic
25,25,84,5.849749954523387,garlic
25,25,75,5.7,sunflower
18,20,78,5.657834083883386,sunflower
30,22,79,6.011258281942847,sunflower
50,25,75,5.6,sugarcane
42,19,75,5.151163777276625,sugarcane
52,23,71,5.735018208431372,sugarcane
50,25,75,5.6,tobacco
41,31,73,5.382043770756172,tobacco
55,26,66,5.89251420290359,tobacco
50,25,75,5.6,dry_chillies
55,16,73,5.804059856460083,dry_chillies
46,15,72,5.912828487179397,dry_chillies
50,25,75,5.6,banana
57,30,76,5.912370535057454,banana
58,18,79,5.993186860606796,banana
50,25,75,5.6,cashewnut
57,16,81,5.171559652107629,cashewnut
57,26,83,5.109419276679651,cashewnut
50,25,75,5.6,sweet_potato
40,20,71,5.362415674270026,sweet_potato
52,15,82,5.398002028837385,sweet_potato
50,25,75,5.6,turmeric
48,31,77,5.601786318856035,turmeric
53,26,71,5.775883516628276,turmeric
50,25,75,5.6,bhindi
46,32,78,6.094901174264878,bhindi
60,30,80,5.262780200478911,bhindi
50,25,75,5.6,bottle_gourd
46,15,68,5.164136090866331,bottle_gourd
54,30,72,5.6196120288242435,bottle_gourd
50,25,75,5.6,brinjal
43,17,78,5.293400672176572,brinjal
56,31,68,6.0762258511168765,brinjal
50,25,75,5.6,cabbage
44,15,70,5.394341671354633,cabbage
58,20,77,5.393241254810749,cabbage
50,25,75,5.6,citrus_fruit
58,32,84,5.726214013236558,citrus_fruit
44,32,74,5.5761063995418665,citrus_fruit
50,25,75,5.6,cucumber
58,35,85,5.478839696965186,cucumber
48,24,82,6.022611643768223,cucumber
50,25,75,5.6,mango
49,24,72,5.819041599645422,mango
60,30,66,5.6350931503975845,mango
50,25,75,5.6,orange
40,22,78,5.143016883374292,orange
55,19,77,5.846016955873525,orange
50,25,75,5.6,other_fresh_fruits
49,24,81,5.8791377293233085,other_fresh_fruits
60,34,82,5.4385652376998035,other_fresh_fruits
50,25,75,5.6,other_vegetables
40,32,83,5.2122231910822565,other_vegetables
44,21,85,5.47294665431521,other_vegetables
50,25,75,5.6,papaya
59,19,85,5.438872775871436,papaya
59,15,71,5.2416966371117555,papaya
50,25,75,5.6,pome_fruit
43,18,80,5.379697069779315,pome_fruit
55,22,77,5.7508513165465,pome_fruit
50,25,75,5.6,tomato
49,21,72,5.895459888084065,tomato
58,34,70,5.712854577773898,tomato
50,25,75,5.6,coriander
57,28,76,5.141171036913724,coriander
55,25,75,5.837732106489749,coriander
50,25,75,5.6,sunflower
57,22,78,5.90813847096647,sunflower
57,29,80,6.034677177416785,sunflower
50,25,75,5.6,tapioca
42,18,70,5.244756774238447,tapioca
55,17,84,5.4754841885756145,tapioca
75,75,75,7.2,sugarcane
77,71,81,6.986519436891865,sugarcane
72,78,80,6.881361891151445,sugarcane
75,75,75,7.2,tobacco
79,69,77,7.24204466725337,tobacco
79,85,71,6.744896180509332,tobacco
75,75,75,7.2,dry_chillies
69,81,79,6.987006193946057,dry_chillies
83,66,68,6.96616404215773,dry_chillies
75,75,75,7.2,onion
69,76,79,6.747512128943788,onion
71,68,85,7.410721125764703,onion
75,75,75,7.2,banana
73,71,72,7.153015779224493,banana
70,67,80,7.452749745723544,banana
75,75,75,7.2,cashewnut
74,65,65,6.791369975755461,cashewnut
69,74,80,6.761298271463545,cashewnut
75,75,75,7.2,coriander
82,75,71,7.092494298917594,coriander
65,69,67,7.333689022556221,coriander
75,75,75,7.2,ginger
74,75,67,7.423129619557805,ginger
70,72,79,7.081040911824567,ginger
75,75,75,7.2,potato
79,66,85,6.743980259346245,potato
85,80,72,6.758130128281356,potato
75,75,75,7.2,turmeric
73,83,72,6.7266887230181265,turmeric
75,85,82,6.885894543809076,turmeric
75,75,75,7.2,bhindi
70,83,78,6.78705058317111,bhindi
85,76,81,7.086960593151067,bhindi
75,75,75,7.2,bottle_gourd
82,74,77,7.684925122279331,bottle_gourd
77,83,72,6.830621665564,bottle_gourd
75,75,75,7.2,brinjal
83,71,84,7.351025712833591,brinjal
74,79,73,7.381432322403151,brinjal
75,75,75,7.2,cabbage
83,78,82,7.536275930617881,cabbage
68,75,85,6.784169181569738,cabbage
75,75,75,7.2,citrus_fruit
85,79,83,7.023529649637828,citrus_fruit
67,79,73,6.741768804388162,citrus_fruit
75,75,75,7.2,cucumber
67,78,71,7.057816970995953,cucumber
73,74,69,6.830269445796283,cucumber
75,75,75,7.2,grapes
71,83,66,7.4811131091303995,grapes
85,84,73,7.546353472559685,grapes
75,75,75,7.2,mango
68,75,83,7.67798009459772,mango
71,65,85,7.132941276881413,mango
75,75,75,7.2,orange
65,81,66,7.478034267487045,orange
83,75,75,6.998391789245037,orange
75,75,75,7.2,other_fresh_fruits
74,79,73,7.551787568424766,other_fresh_fruits
67,78,84,7.025059466123288,other_fresh_fruits
75,75,75,7.2,other_vegetables
65,76,71,6.785119691794091,other_vegetables
76,82,67,7.112506762364627,other_vegetables
75,75,75,7.2,papaya
72,70,69,6.9055258501214345,papaya
80,65,82,6.778674475486405,papaya
75,75,75,7.2,peas_vegetable
82,78,80,6.928459741155364,peas_vegetable
74,79,76,7.4708255658476785,peas_vegetable
75,75,75,7.2,pome_fruit
82,73,75,6.857952482410587,pome_fruit
80,68,77,7.232741787826586,pome_fruit
75,75,75,7.2,tomato
68,65,68,7.666704812720253,tomato
65,68,80,7.159880402912922,tomato
75,75,75,7.2,garlic
71,79,79,7.347401014067357,garlic
83,75,77,7.10042042959505,garlic
75,75,75,7.2,sunflower
68,65,74,7.244447546432046,sunflower
70,73,76,6.715992883296644,sunflower
75,75,75,6.6,sugarcane
85,71,73,6.9449703145296295,sugarcane
75,81,72,6.719538592518124,sugarcane
75,75,75,6.6,tobacco
75,65,71,6.3564263179724625,tobacco
77,85,84,6.978373201801843,tobacco
75,75,75,6.6,dry_chillies
77,75,74,6.898124596031078,dry_chillies
84,69,82,6.9566538442041725,dry_chillies
75,75,75,6.6,banana
80,65,72,7.087734543246193,banana
78,81,73,7.005487525819157,banana
75,75,75,6.6,coriander
67,84,82,6.57724517601441,coriander
65,80,85,6.333014120902849,coriander
75,75,75,6.6,turmeric
85,81,77,6.677893340711706,turmeric
67,65,81,6.750076206278441,turmeric
75,75,75,6.6,bhindi
81,79,68,6.519896242921779,bhindi
69,70,77,6.55797983876133,bhindi
75,75,75,6.6,bottle_gourd
78,75,77,7.052510400695264,bottle_gourd
72,82,72,6.536336377857118,bottle_gourd
75,75,75,6.6,brinjal
70,76,77,6.826293573022626,brinjal
83,71,80,7.032639573221696,brinjal
75,75,75,6.6,citrus_fruit
82,68,66,6.7297686271869415,citrus_fruit
84,84,78,6.703617100877981,citrus_fruit
75,75,75,6.6,cucumber
81,75,75,6.44131269427948,cucumber
85,75,74,6.685784857528892,cucumber
75,75,75,6.6,mango
67,79,83,7.068501161128187,mango
81,68,77,7.019867696598073,mango
75,75,75,6.6,orange
80,76,84,6.793631687679819,orange
67,66,68,6.53693251550013,orange
75,75,75,6.6,other_fresh_fruits
78,69,75,6.7616670616933,other_fresh_fruits
76,67,77,6.279881690808322,other_fresh_fruits
75,75,75,6.6,other_vegetables
81,80,71,6.290410560389994,other_vegetables
71,83,66,6.978969602717069,other_vegetables
75,75,75,6.6,papaya
74,80,70,7.093332094643423,papaya
75,72,68,6.114330587212056,papaya
75,75,75,6.6,pome_fruit
67,78,78,6.949107377739727,pome_fruit
76,84,74,6.521948017250296,pome_fruit
75,75,75,6.6,tomato
69,67,77,6.728892217385061,tomato
78,71,76,6.974678760812927,tomato
75,75,75,6.6,grapes
68,78,85,6.670804735744072,grapes
83,75,79,6.553991026293369,grapes
75,75,75,6.6,cashewnut
67,72,72,6.154856681687099,cashewnut
82,66,74,6.932273924538696,cashewnut
75,75,75,6.6,sunflower
65,66,67,6.799172471836066,sunflower
82,81,72,6.559583411352364,sunflower
50,50,25,6.6,sugarcane
47,45,23,6.979765896116742,sugarcane
43,45,31,6.492425589839311,sugarcane
50,50,25,6.6,tobacco
41,42,26,6.171329622168931,tobacco
46,50,26,6.786798956881295,tobacco
50,50,25,6.6,dry_chillies
45,43,28,6.429011737302626,dry_chillies
50,43,23,6.823344178244757,dry_chillies
50,50,25,6.6,onion
41,57,31,6.411235105779639,onion
45,60,25,6.8606306548352745,onion
50,50,25,6.6,banana
46,60,33,6.46629936228983,banana
57,55,26,6.883079398387652,banana
50,50,25,6.6,coriander
60,59,17,6.193470124953516,coriander
51,55,27,6.314613115048474,coriander
50,50,25,6.6,ginger
49,43,31,6.449492335321015,ginger
50,47,30,6.14159454819138,ginger
50,50,25,6.6,potato
51,56,30,7.050847045563616,potato
54,46,27,6.395558324902806,potato
50,50,25,6.6,turmeric
56,48,18,6.7947322041498435,turmeric
54,41,24,6.62219792414666,turmeric
50,50,25,6.6,bhindi
47,47,19,6.664404826172024,bhindi
56,50,28,6.44637005645629,bhindi
50,50,25,6.6,bottle_gourd
51,52,27,6.456489600658438,bottle_gourd
46,44,29,6.920926287228615,bottle_gourd
50,50,25,6.6,brinjal
51,45,16,7.038876241186605,brinjal
42,43,31,6.623725032271331,brinjal
50,50,25,6.6,cabbage
49,53,20,7.085208850871395,cabbage
48,47,16,6.216982149788513,cabbage
50,50,25,6.6,citrus_fruit
59,56,26,7.033776774947802,citrus_fruit
50,48,19,6.9974603707938074,citrus_fruit
50,50,25,6.6,cucumber
40,44,33,6.624735138930389,cucumber
41,43,21,6.596363183605734,cucumber
50,50,25,6.6,grapes
40,47,21,6.112930295349903,grapes
42,52,30,6.110285647545952,grapes
50,50,25,6.6,mango
60,40,16,7.062786286213518,mango
41,56,35,6.644371870226813,mango
50,50,25,6.6,orange
52,58,20,6.255072566272156,orange
50,45,18,6.404186314714319,orange
50,50,25,6.6,other_fresh_fruits
54,46,17,6.268854980630815,other_fresh_fruits
55,59,26,6.201327156415103,other_fresh_fruits
50,50,25,6.6,other_vegetables
52,43,20,7.057371268897833,other_vegetables
60,60,28,6.587680257051988,other_vegetables
50,50,25,6.6,papaya
50,53,33,6.710473924917524,papaya
60,49,26,6.909275068290359,papaya
50,50,25,6.6,peas_vegetable
51,45,23,6.4235949512996395,peas_vegetable
41,46,20,6.140913781653235,peas_vegetable
50,50,25,6.6,pome_fruit
59,41,26,6.259565822634809,pome_fruit
60,54,22,6.663092782644844,pome_fruit
50,50,25,6.6,tomato
50,60,26,7.032674821056662,tomato
42,50,20,6.364767207342565,tomato
50,50,25,6.6,garlic
49,60,29,6.104889480545687,garlic
57,56,32,6.6278745296749975,garlic
50,50,25,6.6,sunflower
45,53,27,6.414642618253732,sunflower
59,48,34,7.058260397717606,sunflower
50,50,50,6.7,sugarcane
56,58,54,6.390851928945374,sugarcane
60,46,50,6.268625217889422,sugarcane
50,50,50,6.7,oilseeds_total
47,43,42,6.3108567348280085,oilseeds_total
44,45,47,6.991455242671249,oilseeds_total
50,50,50,6.7,jute_mesta
46,51,57,6.416634560507718,jute_mesta
60,57,54,6.780835460360564,jute_mesta
50,50,50,6.7,other_oilseeds
45,46,57,6.863519212591654,other_oilseeds
46,48,45,6.7076097652981,other_oilseeds
25,25,75,6.2,sugarcane
31,33,67,5.990239468420964,sugarcane
19,29,66,6.208238650535613,sugarcane
50,75,75,6.7,sugarcane
59,67,68,6.677388071352019,sugarcane
58,79,75,6.665900443691892,sugarcane
50,75,25,5.7,sugarcane
49,81,32,5.706786500264841,sugarcane
50,74,33,5.2498952029753605,sugarcane
50,75,25,5.7,oilseeds_total
51,74,31,6.128681539697809,oilseeds_total
46,80,27,5.911631523230438,oilseeds_total
50,75,25,5.7,potato
48,66,25,5.769353362940296,potato
41,66,33,5.866903669352335,potato
50,75,25,5.7,jute_mesta
41,72,17,5.932151869313699,jute_mesta
44,68,28,6.0861435245586515,jute_mesta
50,75,25,5.7,other_oilseeds
47,73,31,5.830386018011053,other_oilseeds
45,82,31,6.195196837776038,other_oilseeds
50,25,75,6.3,oilseeds_total
60,23,81,5.8564749062765085,oilseeds_total
52,31,66,5.849471796745455,oilseeds_total
50,25,75,6.3,potato
42,33,80,6.207437204320128,potato
60,18,67,6.23541601327136,potato
50,25,75,6.3,jute_mesta
46,23,68,6.04746054652503,jute_mesta
42,27,70,6.647089107867128,jute_mesta
50,25,75,6.3,other_oilseeds
50,33,71,5.953839947670566,other_oilseeds
55,20,66,6.024730544580126,other_oilseeds
50,25,50,6.7,oilseeds_total
47,30,47,7.024294957174496,oilseeds_total
59,24,45,7.026004373992439,oilseeds_total
50,25,50,6.7,jute_mesta
59,20,45,6.641890149916349,jute_mesta
59,22,47,6.392351169516693,jute_mesta
50,25,50,6.7,other_oilseeds
44,22,44,7.009593798171891,other_oilseeds
40,17,57,6.958378635911991,other_oilseeds
25,75,50,7.0,potato
32,85,49,7.389578321963048,potato
32,68,46,7.378101838564113,potato
25,75,50,7.0,sugarcane
27,77,47,7.189540825128084,sugarcane
35,73,53,7.359689381695933,sugarcane
25,75,50,7.0,onion
20,79,50,6.769148357492097,onion
19,74,49,7.212552317331175,onion
25,75,50,7.0,sannhamp
29,74,55,6.808073681080628,sannhamp
21,71,41,6.83945320201603,sannhamp
25,75,50,7.0,moth
22,66,48,6.780609670075991,moth
33,65,43,6.685666098502005,moth
25,75,50,7.0,peas_beans_pulses
22,68,46,6.565605592575551,peas_beans_pulses
26,79,59,7.158850165551273,peas_beans_pulses
25,75,50,7.0,dry_chillies
34,72,49,6.6619936109315665,dry_chillies
34,68,53,7.342123376541032,dry_chillies
25,75,50,7.0,garlic
26,72,40,7.255713755519271,garlic
16,80,49,7.2487017917928975,garlic
25,75,50,7.0,guar_seed
21,70,56,6.702229509313829,guar_seed
23,85,56,7.105217653407462,guar_seed
25,75,50,7.0,sweet_potato
32,71,55,7.317818754690426,sweet_potato
24,73,44,7.456647750566691,sweet_potato
25,75,50,7.0,coriander
16,76,47,6.746900295737176,coriander
15,82,50,7.339881087639249,coriander
50,50,25,6.9,potato
52,48,16,7.180385444792272,potato
50,40,22,6.552620835002039,potato
50,50,25,6.9,sugarcane
47,41,25,6.933721494715856,sugarcane
59,42,34,6.513038000934911,sugarcane
50,50,25,6.9,onion
43,50,33,6.910407624148906,onion
44,43,29,7.249016693865169,onion
50,50,25,6.9,tobacco
57,55,22,7.336452711639629,tobacco
42,41,33,7.164545643632408,tobacco
50,50,25,6.9,peas_beans_pulses
49,42,33,6.441716312211193,peas_beans_pulses
47,41,35,7.248203542575409,peas_beans_pulses
50,50,25,6.9,dry_chillies
51,56,15,7.144347461084134,dry_chillies
50,57,20,6.6665777473051016,dry_chillies
50,50,25,6.9,garlic
58,40,30,6.974766287269028,garlic
43,41,23,6.465609710314501,garlic
50,50,25,6.9,guar_seed
52,50,26,6.800721801403678,guar_seed
42,60,27,7.165553709999752,guar_seed
50,50,25,6.9,sweet_potato
48,42,22,7.14125495164389,sweet_potato
40,45,33,6.820673870429359,sweet_potato
50,50,25,6.9,banana
43,45,33,6.813653064373736,banana
46,41,16,6.6753906770645575,banana
50,50,25,6.9,coriander
48,54,26,6.518824357386803,coriander
47,56,22,6.532286058232012,coriander
50,75,75,6.9,potato
43,78,83,6.431680600807555,potato
58,76,66,6.965351774764357,potato
50,75,75,6.9,sugarcane
46,77,65,7.089980783792497,sugarcane
53,69,72,6.573722108965758,sugarcane
50,75,75,6.9,onion
53,74,79,7.353407611249914,onion
41,79,75,6.872749106263462,onion
50,75,75,6.9,sannhamp
58,76,68,6.937794390829758,sannhamp
41,75,74,6.6362976442454435,sannhamp
50,75,75,6.9,tobacco
46,83,72,7.062118286375602,tobacco
55,73,65,7.055584241221043,tobacco
50,75,75,6.9,peas_beans_pulses
43,69,82,7.0495336836804885,peas_beans_pulses
53,77,83,7.119913226564542,peas_beans_pulses
50,75,75,6.9,turmeric
60,69,75,7.083625766531923,turmeric
48,79,84,7.245719813634159,turmeric
50,75,75,6.9,dry_chillies
51,85,84,6.731945831867939,dry_chillies
42,69,74,7.240984159905098,dry_chillies
50,75,75,6.9,garlic
55,78,85,6.502139198618604,garlic
41,84,84,6.802894991740315,garlic
50,75,75,6.9,guar_seed
57,84,70,6.915793767084484,guar_seed
48,67,74,6.892832720673619,guar_seed
50,75,75,6.9,sweet_potato
57,77,80,6.557097938552926,sweet_potato
45,73,85,7.209839152959254,sweet_potato
50,75,75,6.9,coriander
41,78,75,6.957324963433603,coriander
40,65,79,7.022629888872784,coriander
50,75,50,6.6,potato
60,75,55,6.240431967687912,potato
45,82,60,6.527072039453616,potato
50,75,50,6.6,sugarcane
45,69,60,6.3819769777560165,sugarcane
50,81,59,6.5711838267130105,sugarcane
50,75,50,6.6,onion
52,73,49,6.775925179670436,onion
53,79,43,6.80774009427711,onion
50,75,50,6.6,tobacco
45,65,49,6.862149477557785,tobacco
51,77,50,6.239502309436589,tobacco
50,75,50,6.6,peas_beans_pulses
60,71,59,7.020074160311018,peas_beans_pulses
57,84,45,6.388960012949588,peas_beans_pulses
50,75,50,6.6,turmeric
47,73,56,6.890543373289881,turmeric
42,66,40,6.893767553405895,turmeric
50,75,50,6.6,sannhamp
57,67,54,6.105752484683152,sannhamp
40,66,55,6.236314463566804,sannhamp
50,75,50,6.6,dry_chillies
59,85,60,6.482887092867685,dry_chillies
53,65,58,6.403693303864737,dry_chillies
50,75,50,6.6,sweet_potato
56,66,42,6.741875056071389,sweet_potato
50,68,47,6.543536672166631,sweet_potato
50,50,75,7.0,potato
58,44,74,6.878603566193545,potato
53,41,71,7.21208803971824,potato
50,50,75,7.0,sugarcane
60,60,71,6.674673920892049,sugarcane
47,59,84,7.454209577542538,sugarcane
50,50,75,7.0,onion
50,42,70,7.464819412935425,onion
47,57,70,6.712889802669203,onion
50,50,75,7.0,sannhamp
53,46,85,7.244995485775657,sannhamp
54,52,76,6.7157406395841885,sannhamp
50,50,75,7.0,tobacco
59,59,80,7.101608414680065,tobacco
53,53,78,6.62804255572108,tobacco
50,50,75,7.0,peas_beans_pulses
51,41,68,7.240124655621487,peas_beans_pulses
58,51,83,6.857094198588454,peas_beans_pulses
50,50,75,7.0,turmeric
51,52,78,6.659755093505825,turmeric
56,56,73,7.331926723690891,turmeric
50,50,75,7.0,dry_chillies
44,55,75,6.739506654721945,dry_chillies
41,42,83,6.9630594370715535,dry_chillies
50,50,75,7.0,garlic
45,42,82,7.069406436351265,garlic
56,46,66,7.197480744569897,garlic
50,50,75,7.0,guar_seed
46,45,67,7.493560688540372,guar_seed
42,47,84,7.429468276349931,guar_seed
50,50,75,7.0,sweet_potato
53,42,83,7.469055256005712,sweet_potato
46,54,85,7.135953193935473,sweet_potato
50,50,75,7.0,banana
58,41,70,6.632563565153708,banana
43,43,76,6.919601191766219,banana
50,50,75,7.0,coriander
45,60,71,6.9901734835857985,coriander
45,52,68,6.928373702398107,coriander
50,50,50,7.5,onion
41,41,53,7.624195262135763,onion
41,44,48,7.5216104442959875,onion
50,50,50,7.5,sannhamp
44,55,55,7.065784675886504,sannhamp
54,49,47,7.408250434100601,sannhamp
50,50,50,7.5,tobacco
40,49,42,7.438477905246245,tobacco
59,50,47,7.659660323553842,tobacco
50,50,50,7.5,peas_beans_pulses
55,48,45,7.284962038972328,peas_beans_pulses
41,52,60,7.1906544671882315,peas_beans_pulses
50,50,50,7.5,banana
46,43,43,7.844350615790509,banana
56,43,59,7.222595937068591,banana
50,50,50,7.5,garlic
41,54,45,7.647086981674187,garlic
55,56,54,7.455454857450906,garlic
50,50,50,7.5,guar_seed
43,50,40,7.000345111870205,guar_seed
48,54,42,7.924999080172849,guar_seed
50,50,50,7.5,sweet_potato
60,47,52,7.342354116439587,sweet_potato
51,43,53,7.795259809352218,sweet_potato
50,50,50,7.5,coriander
58,45,57,7.57648483939066,coriander
49,48,57,7.720834893998523,coriander
50,75,75,7.9,potato
52,74,69,7.8885678776649515,potato
50,80,70,7.7112843932392465,potato
50,75,75,7.9,sugarcane
51,85,74,7.6672690069517655,sugarcane
47,80,66,7.573128960912282,sugarcane
50,75,75,7.9,onion
50,82,76,7.8356594314121235,onion
47,72,65,7.654655336442183,onion
50,75,75,7.9,tobacco
44,71,82,7.715799376569634,tobacco
52,66,84,7.737734809258481,tobacco
50,75,75,7.9,peas_beans_pulses
40,76,69,8.315287303565698,peas_beans_pulses
42,67,77,8.17336986577171,peas_beans_pulses
50,75,75,7.9,turmeric
49,81,75,8.33935444633301,turmeric
48,67,66,7.48265875666649,turmeric
50,75,75,7.9,sannhamp
54,70,71,8.251540895933399,sannhamp
49,80,85,7.806635402641429,sannhamp
50,75,75,7.9,dry_chillies
42,70,84,7.740037538265623,dry_chillies
51,77,83,7.777569683411128,dry_chillies
50,75,75,7.9,sweet_potato
60,81,65,7.4663707877401935,sweet_potato
50,83,70,8.269275712718,sweet_potato
25,75,25,6.7,potato
27,77,20,6.794437707117454,potato
22,79,16,7.13073420820795,potato
25,75,25,6.7,sugarcane
26,76,30,6.935251782333274,sugarcane
20,69,17,6.850259220550473,sugarcane
25,75,25,6.7,onion
17,75,19,6.892881174655326,onion
28,77,28,7.103963762826431,onion
25,75,25,6.7,sannhamp
23,75,35,6.47791681049285,sannhamp
28,77,35,6.904460830601484,sannhamp
25,75,25,6.7,tobacco
21,84,24,6.313256748305787,tobacco
21,84,30,7.127789683055146,tobacco
25,75,25,6.7,turmeric
19,82,27,6.214486000540374,turmeric
27,76,34,6.610548713987595,turmeric
25,75,25,6.7,peas_beans_pulses
34,81,25,6.524013845150159,peas_beans_pulses
19,80,26,6.510315856591492,peas_beans_pulses
25,75,25,6.7,banana
24,66,25,6.64901570368845,banana
28,69,17,6.219653183519976,banana
25,75,25,6.7,dry_chillies
18,84,35,6.655026074230674,dry_chillies
29,68,25,6.4824785454556,dry_chillies
25,75,25,6.7,garlic
16,66,16,6.560077784793632,garlic
21,68,19,7.035993630210319,garlic
25,75,25,6.7,guar_seed
33,84,29,7.199959087780474,guar_seed
31,67,16,6.644208564130661,guar_seed
25,75,25,6.7,sweet_potato
28,75,15,6.559789088416137,sweet_potato
15,66,19,6.990074737655543,sweet_potato
25,75,25,6.7,coriander
20,76,20,6.690529629700793,coriander
34,67,26,6.767372084577859,coriander
25,50,50,7.4,potato
18,52,48,7.005476798595711,potato
30,55,58,7.885263834014743,potato
25,50,50,7.4,sugarcane
19,57,51,7.660250767003666,sugarcane
28,52,56,7.837249627824465,sugarcane
25,50,50,7.4,onion
15,60,45,7.822222801976151,onion
30,50,42,7.878707112052081,onion
25,50,50,7.4,tobacco
23,43,43,7.3233136326093495,tobacco
24,50,43,7.504821119188826,tobacco
25,50,50,7.4,peas_beans_pulses
23,57,52,7.453385128191428,peas_beans_pulses
23,41,56,7.152703875619001,peas_beans_pulses
25,50,50,7.4,turmeric
26,42,54,7.559191152050718,turmeric
21,44,54,7.340705344110232,turmeric
25,50,50,7.4,dry_chillies
31,60,49,7.2832792986369075,dry_chillies
32,51,54,7.390282497513965,dry_chillies
25,50,50,7.4,garlic
30,42,45,7.617190274281765,garlic
32,42,55,7.439659863013283,garlic
25,50,50,7.4,guar_seed
16,51,59,7.831972867124789,guar_seed
22,54,51,7.891533560930909,guar_seed
25,50,50,7.4,sweet_potato
33,47,42,7.593489717173822,sweet_potato
27,46,54,7.183245628991184,sweet_potato
25,50,50,7.4,coriander
25,58,40,7.272063408434333,coriander
31,56,54,7.346550607631843,coriander
75,25,50,7.4,potato
71,16,42,7.495483718734469,potato
83,31,50,7.513377178340054,potato
75,25,50,7.4,sugarcane
66,33,49,7.766833234248924,sugarcane
80,17,42,7.825462714517093,sugarcane
75,25,50,7.4,onion
65,18,47,7.827662088159112,onion
85,22,60,7.691045942323188,onion
75,25,50,7.4,tobacco
70,25,52,7.2420417234793195,tobacco
76,27,60,7.816046816786376,tobacco
75,25,50,7.4,turmeric
69,19,50,7.87668607883068,turmeric
73,33,58,7.746971811211547,turmeric
75,25,50,7.4,peas_beans_pulses
73,16,41,7.547469591093035,peas_beans_pulses
70,20,46,6.933824469936287,peas_beans_pulses
75,25,50,7.4,dry_chillies
67,34,53,7.028163233249706,dry_chillies
81,22,51,7.7758257698018065,dry_chillies
75,25,50,7.4,garlic
85,23,48,7.62995242138109,garlic
65,23,43,7.671197498010661,garlic
75,25,50,7.4,sweet_potato
68,28,52,7.351523962027965,sweet_potato
75,17,55,7.545213965494286,sweet_potato
75,25,50,7.4,coriander
69,29,60,7.3031366413079555,coriander
78,16,40,7.099675763902136,coriander
75,25,50,7.4,guar_seed
73,15,49,7.350201833730109,guar_seed
65,23,54,7.650703784178307,guar_seed
75,25,50,7.4,banana
85,16,59,7.063295799416138,banana
67,25,52,7.65103102723461,banana
25,75,25,7.1,potato
32,83,19,7.1918250411960765,potato
33,79,27,7.378806058336022,potato
25,75,25,7.1,sugarcane
26,85,35,6.922626216393413,sugarcane
21,70,19,7.484427582820992,sugarcane
25,75,25,7.1,onion
22,71,17,6.980967411493353,onion
26,81,17,7.115766330199387,onion
25,75,25,7.1,sannhamp
25,84,27,7.248831336552979,sannhamp
28,71,27,6.789032446721921,sannhamp
25,75,25,7.1,tobacco
27,72,20,6.910302719952959,tobacco
33,76,34,7.581393902988274,tobacco
25,75,25,7.1,peas_beans_pulses
31,74,15,7.3147341554029195,peas_beans_pulses
15,69,33,7.394250961768175,peas_beans_pulses
25,75,25,7.1,dry_chillies
16,72,27,7.4920977494567085,dry_chillies
35,80,29,6.857041094717976,dry_chillies
25,75,25,7.1,guar_seed
19,85,22,7.33153114681797,guar_seed
34,78,24,6.931585708828243,guar_seed
25,75,25,7.1,sweet_potato
19,79,20,6.77436918809109,sweet_potato
23,65,16,7.490970898494179,sweet_potato
25,75,25,7.1,coriander
35,77,22,7.022431825717842,coriander
17,68,31,7.58502679711185,coriander
25,75,25,7.1,garlic
16,68,27,7.373820475632188,garlic
27,82,33,6.974725098501907,garlic
75,25,50,7.9,potato
73,27,59,8.050005994510634,potato
78,21,47,7.492189505392723,potato
75,25,50,7.9,sugarcane
77,22,43,8.386643789986948,sugarcane
67,33,47,7.404004214095586,sugarcane
75,25,50,7.9,onion
73,32,44,7.873960569871128,onion
81,32,59,7.662057181361498,onion
75,25,50,7.9,tobacco
82,16,60,8.244456162076206,tobacco
82,29,55,7.819727689068476,tobacco
75,25,50,7.9,turmeric
70,18,59,7.456650700844852,turmeric
65,17,55,8.044960067807613,turmeric
75,25,50,7.9,moth
68,32,40,7.6172108034976995,moth
84,21,57,7.90264586613972,moth
75,25,50,7.9,peas_beans_pulses
75,26,50,8.318613203790107,peas_beans_pulses
70,15,58,8.266279778117294,peas_beans_pulses
75,25,50,7.9,sannhamp
69,33,59,7.972738793487458,sannhamp
67,22,52,7.825156694894301,sannhamp
75,25,50,7.9,banana
71,15,47,7.910271217331385,banana
81,23,50,7.987492204004111,banana
75,25,50,7.9,dry_chillies
72,23,58,7.637619351992663,dry_chillies
80,27,47,7.971184539636701,dry_chillies
75,25,50,7.9,garlic
81,22,48,8.077657087076913,garlic
65,15,56,7.698814879318378,garlic
75,25,50,7.9,sweet_potato
78,34,58,7.945621290285871,sweet_potato
65,33,58,8.26010859850246,sweet_potato
75,25,50,7.9,coriander
72,27,60,7.7774473840047635,coriander
70,15,48,8.295627171836193,coriander
75,25,50,7.9,guar_seed
65,27,54,7.9949322765480675,guar_seed
76,33,59,8.28463576458988,guar_seed
50,25,50,8.4,potato
56,18,51,8.03577848072299,potato
45,34,47,8.01852202125626,potato
50,25,50,8.4,sugarcane
52,27,46,8.248665367734631,sugarcane
43,32,54,8.769259003391019,sugarcane
50,25,50,8.4,onion
43,27,42,8.323082840249084,onion
50,32,45,8.325212459010453,onion
50,25,50,8.4,sannhamp
60,23,55,8.83551870204511,sannhamp
46,33,42,8.379678051500266,sannhamp
50,25,50,8.4,turmeric
56,24,55,7.969048570681451,turmeric
56,22,49,8.448178231512843,turmeric
50,25,50,8.4,moth
41,32,49,8.439282037459753,moth
54,28,50,7.932292224311732,moth
50,25,50,8.4,peas_beans_pulses
60,21,51,8.72715277528705,peas_beans_pulses
43,27,55,8.593757649773321,peas_beans_pulses
50,25,50,8.4,tobacco
41,15,60,7.948971988365911,tobacco
47,29,41,8.28827901790333,tobacco
50,25,50,8.4,dry_chillies
52,35,54,8.14319927211674,dry_chillies
49,33,58,8.033603962136079,dry_chillies
50,25,50,8.4,garlic
49,23,51,8.428934503599812,garlic
59,15,50,8.008055935662656,garlic
50,25,50,8.4,guar_seed
57,33,44,7.962477771536385,guar_seed
50,23,48,8.38208400053368,guar_seed
50,25,50,8.4,sweet_potato
49,34,50,8.171560130882638,sweet_potato
55,31,60,8.46244973293673,sweet_potato
50,25,50,8.4,coriander
44,20,40,8.632091180331537,coriander
55,34,48,8.479122965954321,coriander
50,50,50,6.8,potato
55,50,40,6.76214767260183,potato
45,53,52,6.549173085175069,potato
50,50,50,6.8,sugarcane
56,57,53,6.841431320574494,sugarcane
44,55,42,6.805033957195629,sugarcane
50,50,50,6.8,onion
52,59,48,6.534325584448181,onion
53,47,45,6.939095838655165,onion
50,50,50,6.8,tobacco
40,45,53,6.351083070065249,tobacco
49,59,46,7.217815836936619,tobacco
50,50,50,6.8,peas_beans_pulses
51,41,50,6.537173204157845,peas_beans_pulses
43,44,55,6.994041225191525,peas_beans_pulses
50,50,50,6.8,banana
55,58,60,6.302486520112296,banana
56,50,59,6.625171160026878,banana
50,50,50,6.8,garlic
51,46,54,6.391561315923727,garlic
51,48,42,6.407031113786999,garlic
50,50,50,6.8,guar_seed
48,58,52,6.593305214241254,guar_seed
58,60,54,6.779413000793069,guar_seed
50,50,50,6.8,sweet_potato
46,48,60,7.1742411765247445,sweet_potato
51,56,59,7.114040562286894,sweet_potato
50,50,50,6.8,coriander
40,50,50,6.412549244729498,coriander
50,55,59,6.670623085641474,coriander
50,25,50,7.1,guar_seed
54,24,42,6.983341845975847,guar_seed
49,22,44,7.045958176292304,guar_seed
25,25,50,7.2,potato
25,31,48,7.5155524792676465,potato
22,32,40,7.424159587223835,potato
25,25,50,7.2,sugarcane
25,16,57,7.183684492575912,sugarcane
32,18,53,7.284797290857891,sugarcane
25,25,50,7.2,onion
23,32,51,7.341966146991872,onion
32,33,41,6.924910206947483,onion
25,25,50,7.2,sannhamp
20,20,49,7.285949716238842,sannhamp
30,19,52,6.8516681027278565,sannhamp
25,25,50,7.2,tobacco
23,17,58,6.939161291327898,tobacco
30,18,51,7.125830851538364,tobacco
25,25,50,7.2,turmeric
28,23,59,6.797827049450528,turmeric
23,29,59,7.219978498155918,turmeric
25,25,50,7.2,moth
30,19,51,7.5790229252151615,moth
28,17,56,7.1759815826689,moth
25,25,50,7.2,peas_beans_pulses
22,26,44,6.7877460506153335,peas_beans_pulses
15,21,55,7.570076604802123,peas_beans_pulses
25,25,50,7.2,banana
33,29,58,7.677044400910141,banana
24,32,40,7.132921019922837,banana
25,25,50,7.2,dry_chillies
34,27,57,6.850387568776328,dry_chillies
33,19,54,7.213004846517961,dry_chillies
25,25,50,7.2,garlic
23,34,50,7.624808303084861,garlic
26,29,56,6.994087649756904,garlic
25,25,50,7.2,guar_seed
18,25,52,7.287185999663012,guar_seed
25,31,46,7.636477810907049,guar_seed
25,25,50,7.2,sweet_potato
35,29,55,7.469367968495436,sweet_potato
34,17,41,6.714876161088184,sweet_potato
25,25,50,7.2,coriander
18,16,42,7.632350135317553,coriander
23,29,44,7.568149112732632,coriander
25,50,50,7.4,sannhamp
25,48,49,7.447297265631109,sannhamp
26,46,48,7.607068586210411,sannhamp
50,25,50,7.7,moth
43,31,45,8.146698690132531,moth
60,17,40,7.501615494198079,moth
50,25,50,7.7,guar_seed
58,31,41,7.316315181026769,guar_seed
42,32,54,7.469372011855601,guar_seed
25,25,25,8.4,potato
21,18,24,8.170262663106964,potato
32,27,29,8.46870937468543,potato
25,25,25,8.4,sugarcane
22,31,32,8.089776988858091,sugarcane
21,19,24,8.136420693079819,sugarcane
25,25,25,8.4,onion
31,21,27,8.430700089509573,onion
25,33,30,8.819975016468968,onion
25,25,25,8.4,sannhamp
32,29,15,8.599377691065147,sannhamp
15,29,17,8.360945354150765,sannhamp
25,25,25,8.4,peas_beans_pulses
26,16,34,8.409450857486425,peas_beans_pulses
16,35,21,8.841817404022509,peas_beans_pulses
25,25,25,8.4,dry_chillies
24,25,25,8.096455136939845,dry_chillies
29,23,24,8.33573862778221,dry_chillies
25,25,25,8.4,guar_seed
19,21,19,8.058081599269542,guar_seed
15,22,23,7.922226398322217,guar_seed
25,25,25,8.4,sweet_potato
34,35,21,7.983876458241682,sweet_potato
16,28,35,8.498673060817111,sweet_potato
25,25,25,8.4,coriander
28,35,21,7.978902856861325,coriander
15,19,30,8.076360332806411,coriander
50,25,50,7.3,sugarcane
59,18,56,7.198108328879483,sugarcane
54,24,51,7.036838474146999,sugarcane
50,25,50,7.3,turmeric
53,22,40,7.625745758158342,turmeric
59,21,55,7.340679472078641,turmeric
50,25,50,7.3,peas_beans_pulses
42,26,60,7.133176819234723,peas_beans_pulses
56,22,45,7.05525643812106,peas_beans_pulses
50,25,50,7.3,sannhamp
41,27,48,7.545309395987516,sannhamp
42,33,48,7.522354029391439,sannhamp
50,25,50,7.3,dry_chillies
51,28,53,7.692738661024376,dry_chillies
40,16,56,6.993485835805541,dry_chillies
50,25,50,7.3,guar_seed
59,24,46,7.4139021553919395,guar_seed
52,29,41,7.030685625130427,guar_seed
50,25,50,7.3,sweet_potato
53,16,43,6.814995408761773,sweet_potato
52,34,41,7.1621282795167085,sweet_potato
50,25,50,7.3,coriander
58,23,42,7.46996525702706,coriander
49,19,57,7.301530029614437,coriander
50,50,25,7.7,potato
52,60,27,7.936542621369506,potato
43,48,21,8.139931706929163,potato
50,50,25,7.7,sugarcane
55,42,23,7.754093336523207,sugarcane
42,41,17,7.439136883838185,sugarcane
50,50,25,7.7,onion
54,47,20,8.193862833601042,onion
55,43,18,7.482829407845214,onion
50,50,25,7.7,sannhamp
55,57,25,7.305533550419438,sannhamp
41,40,23,7.735461803456439,sannhamp
50,50,25,7.7,tobacco
53,50,32,7.960315163024311,tobacco
59,53,35,7.308767612628826,tobacco
50,50,25,7.7,turmeric
53,41,29,7.338530679040535,turmeric
42,55,30,7.660068074705856,turmeric
50,50,25,7.7,moth
56,48,28,7.398641559074661,moth
56,41,24,7.711221641995263,moth
50,50,25,7.7,peas_beans_pulses
41,46,32,7.889386184735247,peas_beans_pulses
44,42,27,7.54936322329953,peas_beans_pulses
50,50,25,7.7,banana
41,45,27,7.292717130288199,banana
57,58,25,7.831002027600892,banana
50,50,25,7.7,dry_chillies
46,40,25,7.49217042029051,dry_chillies
44,60,26,7.475830407359858,dry_chillies
50,50,25,7.7,garlic
56,47,31,7.903136450590505,garlic
43,56,31,7.346958930690564,garlic
50,50,25,7.7,guar_seed
49,44,29,7.814949825253559,guar_seed
41,56,22,7.476237273200909,guar_seed
50,50,25,7.7,sweet_potato
45,47,20,7.415491076142867,sweet_potato
42,54,15,7.723303178863771,sweet_potato
50,50,25,7.7,coriander
57,50,22,7.303522686948996,coriander
47,47,30,7.4999894142347046,coriander
50,25,75,7.4,potato
57,15,79,7.4898416572405635,potato
44,31,73,7.485671109304753,potato
50,25,75,7.4,sugarcane
49,31,81,7.889491271649102,sugarcane
42,30,66,7.380972214046071,sugarcane
50,25,75,7.4,onion
43,25,81,7.291951426740876,onion
42,35,82,7.784879769416473,onion
50,25,75,7.4,sannhamp
59,34,78,7.360451951445871,sannhamp
56,23,85,7.047395563763519,sannhamp
50,25,75,7.4,tobacco
42,30,68,7.885426231841629,tobacco
41,33,71,7.7201559426811155,tobacco
50,25,75,7.4,turmeric
60,23,75,7.341443985509787,turmeric
41,21,74,7.895359729710535,turmeric
50,25,75,7.4,moth
51,34,76,7.190648388470952,moth
57,15,82,7.186211883908464,moth
50,25,75,7.4,peas_beans_pulses
60,34,66,7.326750213925575,peas_beans_pulses
59,25,65,7.5474371377866305,peas_beans_pulses
50,25,75,7.4,banana
53,31,67,7.208922332753397,banana
43,23,80,7.100527072623667,banana
50,25,75,7.4,dry_chillies
60,21,84,7.7345309211151205,dry_chillies
53,31,67,7.723917937490982,dry_chillies
50,25,75,7.4,garlic
40,21,78,7.785955368384666,garlic
58,27,75,7.151918302630584,garlic
50,25,75,7.4,guar_seed
58,24,77,7.440020718617914,guar_seed
47,16,69,7.231471449656168,guar_seed
50,25,75,7.4,sweet_potato
49,22,70,7.347364832574904,sweet_potato
54,35,71,7.675054162885169,sweet_potato
50,25,75,7.4,coriander
56,29,74,6.940933674223834,coriander
51,23,65,7.12744359086875,coriander
50,25,75,7.1,potato
54,29,74,7.1771175549823685,potato
56,28,67,6.800812124557548,potato
50,25,75,7.1,sugarcane
44,32,65,7.031767316272318,sugarcane
45,29,71,7.372815180709748,sugarcane
50,25,75,7.1,onion
43,33,80,7.106348871084001,onion
45,34,71,6.934278120383502,onion
50,25,75,7.1,sannhamp
52,18,74,7.31867259737925,sannhamp
54,25,79,7.129693127596466,sannhamp
50,25,75,7.1,tobacco
44,25,69,7.144957204982521,tobacco
53,35,66,7.448541315690921,tobacco
50,25,75,7.1,turmeric
53,34,82,6.610869755149246,turmeric
47,21,85,7.122997954459165,turmeric
50,25,75,7.1,peas_beans_pulses
53,16,71,6.920483561618128,peas_beans_pulses
45,27,85,7.199025467472606,peas_beans_pulses
75,50,50,6.0,potato
68,43,60,5.756742702852794,potato
66,55,51,5.552837192402271,potato
75,50,50,6.0,onion
72,41,47,6.1844976153703195,onion
79,49,59,5.588464852691546,onion
75,50,50,6.0,tobacco
66,41,50,5.6489763563122715,tobacco
73,44,53,5.895018233795082,tobacco
75,50,50,6.0,peas_beans_pulses
71,55,55,5.597035883773852,peas_beans_pulses
68,50,60,6.233223268820563,peas_beans_pulses
75,50,50,6.0,garlic
69,40,47,5.649639348135631,garlic
65,53,52,6.336514867042796,garlic
75,50,50,6.0,ginger
78,43,50,5.858027002373959,ginger
80,52,40,5.865372612764243,ginger
75,50,50,6.0,turmeric
70,50,41,5.520388952101723,turmeric
81,56,47,5.549462077482372,turmeric
75,50,50,6.0,pulses_total
80,57,45,6.256775369293214,pulses_total
83,59,47,5.704736622760944,pulses_total
75,50,50,6.0,total_foodgrain
73,41,58,5.660101547367285,total_foodgrain
71,54,54,5.639713701448054,total_foodgrain
50,75,50,7.5,onion
55,83,51,7.157418431430855,onion
56,67,44,7.837496536521979,onion
50,75,50,7.5,peas_beans_pulses
52,66,41,7.641739585464477,peas_beans_pulses
50,71,43,7.758953903024993,peas_beans_pulses
50,75,50,7.5,potato
52,76,49,7.518205495862717,potato
47,81,51,7.973939848829698,potato
50,75,50,7.5,garlic
53,77,40,7.380098304704714,garlic
47,65,44,7.318552048731743,garlic
50,75,50,7.5,ginger
53,68,40,7.428298964923917,ginger
59,81,60,7.928969666839905,ginger
50,75,50,7.5,turmeric
57,85,51,7.431278680173526,turmeric
49,69,58,7.93845369462923,turmeric
50,75,50,7.5,tobacco
56,84,54,7.5980904313021735,tobacco
48,65,42,7.7887909250612175,tobacco
50,75,50,7.5,pulses_total
50,80,56,7.3148829333318615,pulses_total
44,73,51,7.529427667055106,pulses_total
50,75,50,7.5,total_foodgrain
57,78,49,7.884922578393481,total_foodgrain
46,73,42,7.481759316525747,total_foodgrain
75,25,50,7.0,potato
68,22,46,6.885157216212888,potato
67,17,57,7.41224400132938,potato
75,25,50,7.0,onion
80,20,54,6.7219642897160625,onion
74,27,56,7.124691431633102,onion
75,25,50,7.0,tobacco
80,27,42,7.157140117826207,tobacco
71,34,47,6.880864955527993,tobacco
75,25,50,7.0,peas_beans_pulses
69,35,42,6.816740093219249,peas_beans_pulses
82,19,51,6.880804138990618,peas_beans_pulses
75,25,50,7.0,garlic
74,26,42,6.866240737824618,garlic
75,30,40,7.369017635406499,garlic
75,25,50,7.0,ginger
82,34,43,7.210305466829146,ginger
79,33,59,6.635771250515697,ginger
75,25,50,7.0,sugarcane
72,22,57,7.389282710691971,sugarcane
82,27,58,6.8514971312729545,sugarcane
75,25,50,7.0,turmeric
77,21,56,6.513471041043008,turmeric
77,18,51,7.418428349535888,turmeric
75,25,50,7.0,pulses_total
82,33,55,6.766823957889348,pulses_total
72,28,52,6.562839168931568,pulses_total
75,25,50,7.0,total_foodgrain
71,26,50,6.55556068637633,total_foodgrain
65,35,51,6.6106952825147545,total_foodgrain
75,50,75,7.3,onion
80,47,66,7.625957458901613,onion
74,48,75,7.329736410089054,onion
75,50,75,7.3,peas_beans_pulses
67,56,71,7.390437683983315,peas_beans_pulses
76,47,80,7.711523957561745,peas_beans_pulses
75,50,75,7.3,potato
85,49,77,7.770913600886059,potato
72,47,73,7.1046604424074085,potato
75,50,75,7.3,ginger
75,54,76,7.226438901993818,ginger
77,40,76,6.836849268999323,ginger
75,50,75,7.3,tobacco
74,46,73,7.469193891206121,tobacco
78,56,75,7.607578030849265,tobacco
75,50,75,7.3,turmeric
72,48,85,7.735630067574043,turmeric
83,55,69,6.90671363440781,turmeric
75,50,75,7.3,garlic
79,40,84,7.466828048161818,garlic
83,42,81,6.933862804297012,garlic
75,50,75,7.3,sugarcane
77,56,67,7.6940197179119885,sugarcane
66,55,81,7.747868733984431,sugarcane
75,50,75,7.3,pulses_total
76,47,69,7.513337396102602,pulses_total
83,59,82,7.73725930412928,pulses_total
75,50,75,7.3,total_foodgrain
75,51,81,7.6200445235982714,total_foodgrain
75,40,82,7.076760257804813,total_foodgrain
50,50,75,6.5,potato
46,43,69,6.836687939920762,potato
49,58,69,6.3631808412490205,potato
50,50,75,6.5,onion
42,45,73,6.793102007491784,onion
44,40,69,6.976027829451078,onion
50,50,75,6.5,tobacco
56,41,68,6.211142326430879,tobacco
43,40,82,6.228902790829943,tobacco
50,50,75,6.5,turmeric
46,53,71,6.705586557324203,turmeric
58,46,65,6.528046348271493,turmeric
50,50,75,6.5,moth
43,41,70,6.4472282537189205,moth
44,56,84,6.449618401342855,moth
50,50,75,6.5,peas_beans_pulses
53,47,79,6.99897115506241,peas_beans_pulses
50,40,81,6.987077897985496,peas_beans_pulses
50,50,75,6.5,garlic
50,45,76,6.422519248558704,garlic
56,53,67,6.3861196096976,garlic
50,50,75,6.5,ginger
40,49,80,6.645900563560553,ginger
55,48,73,6.1604888055680584,ginger
50,50,75,6.5,pulses_total
42,45,82,6.456865195016749,pulses_total
46,51,85,6.297425274910538,pulses_total
50,50,75,6.5,sunflower
60,50,70,6.795221041270905,sunflower
59,55,70,6.579107785999389,sunflower
50,50,75,6.5,total_foodgrain
42,59,67,6.9196997496769495,total_foodgrain
50,43,69,6.621266584915694,total_foodgrain
50,25,75,6.4,peas_beans_pulses
56,32,84,5.963941296033417,peas_beans_pulses
49,27,84,6.534063272652005,peas_beans_pulses
50,25,75,6.4,ginger
54,34,80,5.976603129510909,ginger
45,20,74,6.243305523274018,ginger
50,25,75,6.4,pulses_total
42,27,80,6.008559332870794,pulses_total
47,17,82,6.014696891170837,pulses_total
50,25,75,6.4,total_foodgrain
52,29,81,6.0425013579131095,total_foodgrain
56,23,67,5.9094108517044805,total_foodgrain
25,75,50,7.5,potato
27,77,52,7.690805293473845,potato
21,67,53,7.566132504338304,potato
25,75,50,7.5,sugarcane
24,68,48,7.769726174925234,sugarcane
33,71,59,7.669975977860034,sugarcane
25,75,50,7.5,onion
34,79,48,7.981062275855979,onion
33,81,40,7.676976632281631,onion
25,75,50,7.5,turmeric
35,66,56,7.499484932832603,turmeric
24,75,60,7.402385074351319,turmeric
25,75,50,7.5,peas_beans_pulses
21,75,59,7.333354189867196,peas_beans_pulses
22,65,44,7.936331575217522,peas_beans_pulses
25,75,50,7.5,garlic
25,71,46,7.938991813729948,garlic
27,68,40,7.870303546195753,garlic
25,75,50,7.5,ginger
29,80,58,7.995187592374861,ginger
28,71,56,7.737265390548757,ginger
25,75,50,7.5,tobacco
35,67,41,7.695920436429213,tobacco
35,78,42,7.350582857632307,tobacco
25,75,50,7.5,pulses_total
21,70,52,7.039576770306139,pulses_total
19,71,46,7.175610692356436,pulses_total
25,75,50,7.5,total_foodgrain
15,79,42,7.73029337155217,total_foodgrain
23,77,41,7.4801219061343325,total_foodgrain
75,50,50,6.6,potato
68,54,40,6.379827525708954,potato
84,51,57,7.076433830978937,potato
75,50,50,6.6,onion
73,58,48,6.249355578093327,onion
82,45,57,6.156732188179532,onion
75,50,50,6.6,tobacco
68,47,45,6.86098383524379,tobacco
80,43,47,6.882128892109255,tobacco
75,50,50,6.6,peas_beans_pulses
65,56,40,6.267126100249099,peas_beans_pulses
69,57,52,6.220949020087183,peas_beans_pulses
75,50,50,6.6,garlic
84,52,51,6.260879959962602,garlic
67,42,50,7.0208194177310626,garlic
75,50,50,6.6,ginger
72,54,50,6.876655080713782,ginger
78,58,57,6.146730006801229,ginger
75,50,50,6.6,turmeric
76,51,53,6.493892104554286,turmeric
83,40,50,6.941759904104566,turmeric
75,50,50,6.6,pulses_total
85,53,50,6.985057799723929,pulses_total
69,60,54,6.49925643572103,pulses_total
75,50,50,6.6,sunflower
67,55,40,6.79268037020646,sunflower
70,56,53,6.775509591505994,sunflower
75,50,50,6.6,total_foodgrain
83,58,53,6.105730972796106,total_foodgrain
80,48,59,6.452799696256175,total_foodgrain
50,50,75,6.4,tobacco
59,56,72,6.788231866030679,tobacco
54,51,79,6.290347252504723,tobacco
50,50,75,6.4,peas_beans_pulses
59,40,84,5.918627255668422,peas_beans_pulses
46,52,68,6.688078146702452,peas_beans_pulses
50,50,75,6.4,garlic
42,48,67,6.5780205082189775,garlic
42,47,69,6.107605223963608,garlic
50,50,75,6.4,ginger
59,45,68,6.696718637874767,ginger
49,47,65,6.375777916067406,ginger
50,50,75,6.4,turmeric
50,58,79,6.0030548834941175,turmeric
59,48,69,6.167417725046087,turmeric
50,50,75,6.4,pulses_total
45,50,78,6.89747571800184,pulses_total
51,43,65,5.921836987948813,pulses_total
50,50,75,6.4,total_foodgrain
50,60,69,6.125146522645361,total_foodgrain
60,41,67,6.008298937660903,total_foodgrain
75,50,50,6.8,tobacco
70,41,44,7.192028825651589,tobacco
65,55,52,6.3936621283605275,tobacco
50,25,50,7.3,arecanut
47,23,42,7.221124758788508,arecanut
45,29,45,7.621274887033156,arecanut
50,25,50,7.3,arhartur
56,28,57,7.131526923409391,arhartur
49,26,41,7.323153770752947,arhartur
50,25,50,7.3,groundnut
40,34,41,7.738450210986909,groundnut
44,31,54,7.231609404259422,groundnut
50,25,50,7.3,jowar
52,34,56,6.9032860987019316,jowar
59,29,46,7.3100607476773805,jowar
50,25,50,7.3,linseed
47,21,48,7.6050819120137065,linseed
48,20,41,7.546847540416627,linseed
50,25,50,7.3,maize
58,27,56,7.756754368539036,maize
52,29,40,7.751126723245634,maize
50,25,50,7.3,niger_seed
40,32,45,7.187632917604317,niger_seed
59,25,50,7.029129804009787,niger_seed
50,25,50,7.3,pulses_total
49,31,48,7.5574416408373235,pulses_total
55,22,48,6.809534048162449,pulses_total
50,25,50,7.3,rapeseed_mustard
48,26,51,7.793387122188515,rapeseed_mustard
42,24,50,7.758091746131848,rapeseed_mustard
50,25,50,7.3,safflower
54,18,49,7.622018384816893,safflower
47,28,45,7.720842202934479,safflower
50,25,50,7.3,sesamum
46,23,56,7.116682745339397,sesamum
54,27,48,7.147312646275444,sesamum
50,25,50,7.3,small_millets
55,25,43,7.596433216905826,small_millets
55,33,51,7.355625415162333,small_millets
50,25,50,7.3,tobacco
54,29,57,7.55641413508194,tobacco
59,29,57,7.514580575529083,tobacco
50,75,50,6.5,arhartur
58,84,49,6.715414629413948,arhartur
47,66,51,6.714482124322476,arhartur
50,75,50,6.5,barley
58,67,56,6.8836449351177444,barley
47,70,53,6.584688939204409,barley
50,75,50,6.5,groundnut
56,66,47,6.159169923700349,groundnut
60,76,49,6.822360214500386,groundnut
50,75,50,6.5,jowar
55,65,55,6.0153777424643105,jowar
50,75,49,6.906932637002419,jowar
50,75,50,6.5,linseed
48,67,48,6.144827676642804,linseed
44,65,54,6.862581764033194,linseed
50,75,50,6.5,maize
40,80,40,6.374122128573023,maize
55,66,58,6.945944572120519,maize
50,75,50,6.5,pulses_total
54,76,48,6.014373025181231,pulses_total
41,85,55,6.694232868796603,pulses_total
50,75,50,6.5,rapeseed_mustard
53,66,40,6.695675223886757,rapeseed_mustard
47,75,45,6.331561490236453,rapeseed_mustard
50,75,50,6.5,safflower
42,67,44,6.004491998770849,safflower
46,72,44,6.335005182361204,safflower
50,75,50,6.5,sannhamp
43,71,60,6.977498909654738,sannhamp
58,71,48,6.456953351513257,sannhamp
50,50,75,5.9,arecanut
40,53,66,5.480909718030631,arecanut
59,51,77,6.056808406593712,arecanut
50,50,75,5.9,cardamom
51,49,65,5.769436729745341,cardamom
49,46,76,6.190898598646785,cardamom
50,50,75,5.9,dry_chillies
44,40,67,5.74499430357619,dry_chillies
52,54,71,5.484522116144798,dry_chillies
50,50,75,5.9,linseed
60,60,76,5.6315354160891875,linseed
56,43,73,6.301388125936557,linseed
50,50,75,5.9,maize
59,45,65,5.446101458483129,maize
44,54,65,5.96416788545002,maize
50,50,75,5.9,potato
55,48,69,6.2344849666179645,potato
45,48,79,5.680498813534966,potato
50,50,75,5.9,pulses_total
55,57,67,5.604224052670376,pulses_total
51,56,81,6.160474433581954,pulses_total
50,50,75,5.9,rapeseed_mustard
46,46,81,5.402543392787389,rapeseed_mustard
40,49,76,5.932553625784618,rapeseed_mustard
50,50,75,5.9,sesamum
57,53,83,6.118404534095894,sesamum
44,60,70,6.112682724692288,sesamum
50,50,75,5.9,small_millets
50,57,82,5.837506094524775,small_millets
55,44,81,5.419570605219925,small_millets
50,50,75,5.9,turmeric
59,41,82,5.647039006917621,turmeric
45,56,84,5.415789585646062,turmeric
50,50,75,5.9,groundnut
60,59,68,5.525772586520593,groundnut
40,49,82,5.754109607358668,groundnut
50,50,75,5.9,sugarcane
58,41,84,5.604940907286662,sugarcane
57,58,66,6.313677945269528,sugarcane
75,50,75,7.3,arecanut
76,46,84,7.527949295466428,arecanut
78,55,78,7.611738156328519,arecanut
75,50,75,7.3,dry_chillies
74,55,74,7.3755707295310335,dry_chillies
68,55,77,6.977933625204646,dry_chillies
75,50,75,7.3,groundnut
78,57,85,7.609314324076633,groundnut
73,40,80,6.897094582881222,groundnut
75,50,75,7.3,rapeseed_mustard
79,54,72,7.062753774244889,rapeseed_mustard
65,50,71,7.33212011924296,rapeseed_mustard
75,50,75,7.3,sannhamp
71,52,75,7.478823305402107,sannhamp
83,49,81,7.372175572475411,sannhamp
75,50,75,7.3,sesamum
81,41,74,7.446385840663186,sesamum
73,47,70,7.065692444281709,sesamum
50,25,25,6.1,arecanut
54,17,22,6.122934591827159,arecanut
42,16,26,6.5421587004150545,arecanut
50,25,25,6.1,dry_chillies
41,21,30,5.876307068970265,dry_chillies
57,31,32,5.934191342712178,dry_chillies
50,25,25,6.1,groundnut
57,29,24,6.4869406571518295,groundnut
55,20,32,5.73016161267468,groundnut
50,25,25,6.1,potato
48,18,34,5.6055193209349365,potato
54,18,31,6.114400958810183,potato
50,25,25,6.1,pulses_total
58,17,17,6.0738895736282945,pulses_total
58,24,28,6.574598329386058,pulses_total
50,25,25,6.1,rapeseed_mustard
59,35,19,5.904229999255671,rapeseed_mustard
59,20,18,5.642876234912974,rapeseed_mustard
50,25,25,6.1,sesamum
43,25,31,5.859640037975896,sesamum
49,23,34,6.109609765359464,sesamum
50,25,25,6.1,sugarcane
50,24,27,6.290908465283153,sugarcane
52,23,21,5.8466723024741505,sugarcane
50,25,25,6.1,turmeric
48,16,34,6.055979143549047,turmeric
46,20,27,6.236027854349101,turmeric
